query,title,link,comment
숏드라마,🔥그녀는 한 달 후 차버릴 남자를 골랐다. 그런데 그 남자가 바로 자기 약혼자였다. #cdrama #kdrama,https://www.youtube.com/watch?v=xei_ufYgrQQ,잘봤어요.
숏드라마,🔥그녀는 한 달 후 차버릴 남자를 골랐다. 그런데 그 남자가 바로 자기 약혼자였다. #cdrama #kdrama,https://www.youtube.com/watch?v=xei_ufYgrQQ,왠일로 저남주 최고부자도련님으로 나왔나싶었는데 결론은 계속 빌런들한테 욕졸라처먹네 ㅋ 난 정체밣히면  빌런들이 끝까지쫒아다니며 용서를 구하는 내용인줄알았는데..ㅋㅋ
숏드라마,🔥그녀는 한 달 후 차버릴 남자를 골랐다. 그런데 그 남자가 바로 자기 약혼자였다. #cdrama #kdrama,https://www.youtube.com/watch?v=xei_ufYgrQQ,여주이름뭐임
숏드라마,🔥그녀는 한 달 후 차버릴 남자를 골랐다. 그런데 그 남자가 바로 자기 약혼자였다. #cdrama #kdrama,https://www.youtube.com/watch?v=xei_ufYgrQQ,저 이소라같이 생긴 육덕녀 우와~~~~
숏드라마,🔥그녀는 한 달 후 차버릴 남자를 골랐다. 그런데 그 남자가 바로 자기 약혼자였다. #cdrama #kdrama,https://www.youtube.com/watch?v=xei_ufYgrQQ,저색퀴 남주로 쓰지마<br>혼자 씨익웃고 혼자말하고<br>끝나도 찝찝해
숏드라마,🔥그녀는 한 달 후 차버릴 남자를 골랐다. 그런데 그 남자가 바로 자기 약혼자였다. #cdrama #kdrama,https://www.youtube.com/watch?v=xei_ufYgrQQ,사람 은 말 이 아냐 지들 이.뭐길레 사람 들 을 게임 으로봐 제정신 도 아니네 귀족 웃기네
숏드라마,🔥그녀는 한 달 후 차버릴 남자를 골랐다. 그런데 그 남자가 바로 자기 약혼자였다. #cdrama #kdrama,https://www.youtube.com/watch?v=xei_ufYgrQQ,뭐여ㅋ 저 덩어리는ㅋㅋ
숏드라마,[놀면 뭐하니] 동생이 훔친 내 여자를 다시 뺏기로 했다 | 숏드라마 FULL버전,https://www.youtube.com/watch?v=hPqvQkiEjzg,밥줘~! 가 진짜 대박이다 ㅋㅋㅋㅋ
숏드라마,[놀면 뭐하니] 동생이 훔친 내 여자를 다시 뺏기로 했다 | 숏드라마 FULL버전,https://www.youtube.com/watch?v=hPqvQkiEjzg,5회 언제 낋이오나요?
숏드라마,[놀면 뭐하니] 동생이 훔친 내 여자를 다시 뺏기로 했다 | 숏드라마 FULL버전,https://www.youtube.com/watch?v=hPqvQkiEjzg,아닠 김성균 왜 잘생겨졌냐?! ㅋㅋ
숏드라마,[놀면 뭐하니] 동생이 훔친 내 여자를 다시 뺏기로 했다 | 숏드라마 FULL버전,https://www.youtube.com/watch?v=hPqvQkiEjzg,ㅋㅋㅋㅋㅋㅋ진짜 배우들 너무 잘 뽑음!다른장르 한개만 더 찍어주면 안됨?ㅋㅋㅋㅋ너무 웃긴데 재밌어
숏드라마,[놀면 뭐하니] 동생이 훔친 내 여자를 다시 뺏기로 했다 | 숏드라마 FULL버전,https://www.youtube.com/watch?v=hPqvQkiEjzg,허인옥 너무 웃겨ㅋㅋ
숏드라마,[놀면 뭐하니] 동생이 훔친 내 여자를 다시 뺏기로 했다 | 숏드라마 FULL버전,https://www.youtube.com/watch?v=hPqvQkiEjzg,역시 둘이 나오니 연기 몰입 ㅋㅋ
숏드라마,[놀면 뭐하니] 동생이 훔친 내 여자를 다시 뺏기로 했다 | 숏드라마 FULL버전,https://www.youtube.com/watch?v=hPqvQkiEjzg,잼있는데요 ㅎㅎㅎ 또찍어유 ㅋㅋ
숏드라마,[놀면 뭐하니] 동생이 훔친 내 여자를 다시 뺏기로 했다 | 숏드라마 FULL버전,https://www.youtube.com/watch?v=hPqvQkiEjzg,황정민 저 영상 그대로 갖다쓴게 개웃기네ㅋㅋㅋㅋ 농담인 줄 알았더니
숏드라마,[놀면 뭐하니] 동생이 훔친 내 여자를 다시 뺏기로 했다 | 숏드라마 FULL버전,https://www.youtube.com/watch?v=hPqvQkiEjzg,하하 졸라 나대서 보기힘들엇음
숏드라마,[놀면 뭐하니] 동생이 훔친 내 여자를 다시 뺏기로 했다 | 숏드라마 FULL버전,https://www.youtube.com/watch?v=hPqvQkiEjzg,이한심한것들아 주접좀그만떨어라 안부끄럽니 이러고맨날!!
숏드라마,[놀면 뭐하니] 동생이 훔친 내 여자를 다시 뺏기로 했다 | 숏드라마 FULL버전,https://www.youtube.com/watch?v=hPqvQkiEjzg,"I forgot they were gonna put Jung-Min in it 🤣. <br>This show reminded me of those low-budget, low-sense productions you could see in the 80&#39;s 😄,I was so embarrassed and I so loved it !"
숏드라마,[놀면 뭐하니] 동생이 훔친 내 여자를 다시 뺏기로 했다 | 숏드라마 FULL버전,https://www.youtube.com/watch?v=hPqvQkiEjzg,Whatever this is but it&#39;s so ㅋㅋㅋㅋㅋㅋㅋㅋㅋㅋㅋㅋㅋㅋㅋㅋㅋ
숏드라마,[놀면 뭐하니] 동생이 훔친 내 여자를 다시 뺏기로 했다 | 숏드라마 FULL버전,https://www.youtube.com/watch?v=hPqvQkiEjzg,제작지원 왜 아정당하나임????????? 성균이형은???? 300은돈도아거냐ㅋㅋㅋㅋㅋㅋㅋ아정당제작지원은어디다씀?? ㅋㅋㅋㅋㅋㅋㅋ
숏드라마,[놀면 뭐하니] 동생이 훔친 내 여자를 다시 뺏기로 했다 | 숏드라마 FULL버전,https://www.youtube.com/watch?v=hPqvQkiEjzg,다잘하는데 배우는 배우구나...딕션딕션뭔가했는데 ..진짜다르다;;;
숏드라마,[놀면 뭐하니] 동생이 훔친 내 여자를 다시 뺏기로 했다 | 숏드라마 FULL버전,https://www.youtube.com/watch?v=hPqvQkiEjzg,A급 배우 갈아만든 F급 드라마ㅋㅋㅋㅋㅋㅋㅋㅋㅋㅋㅋ
숏드라마,[놀면 뭐하니] 동생이 훔친 내 여자를 다시 뺏기로 했다 | 숏드라마 FULL버전,https://www.youtube.com/watch?v=hPqvQkiEjzg,저 웃긴연기하면서 본인들은안웃겼나 ㅋㅋㅋㅋㅋ 개웃기네ㅋㅋㅋ웃참했을듯
숏드라마,[놀면 뭐하니] 동생이 훔친 내 여자를 다시 뺏기로 했다 | 숏드라마 FULL버전,https://www.youtube.com/watch?v=hPqvQkiEjzg,은근 괜찮은데.......?ㅋㅋㅋㅋㅋㅋㅋㅋㅋㅋㅋㅋㅋㅋㅋㅋㅋㅋㅋㅋ
숏드라마,[놀면 뭐하니] 동생이 훔친 내 여자를 다시 뺏기로 했다 | 숏드라마 FULL버전,https://www.youtube.com/watch?v=hPqvQkiEjzg,3회인데 수염올라와 있는데~~~
숏드라마,[놀면 뭐하니] 동생이 훔친 내 여자를 다시 뺏기로 했다 | 숏드라마 FULL버전,https://www.youtube.com/watch?v=hPqvQkiEjzg,"<a href=""https://www.youtube.com/watch?v=hPqvQkiEjzg&amp;t=525"">8:45</a> 😭😭😭😭😭😭??? too much exaggerated"
숏드라마,[놀면 뭐하니] 동생이 훔친 내 여자를 다시 뺏기로 했다 | 숏드라마 FULL버전,https://www.youtube.com/watch?v=hPqvQkiEjzg,"<a href=""https://www.youtube.com/watch?v=hPqvQkiEjzg&amp;t=397"">6:37</a> ai bethol hahahshdhfd"
숏드라마,[놀면 뭐하니] 동생이 훔친 내 여자를 다시 뺏기로 했다 | 숏드라마 FULL버전,https://www.youtube.com/watch?v=hPqvQkiEjzg,"<a href=""https://www.youtube.com/watch?v=hPqvQkiEjzg&amp;t=179"">2:59</a> 😭😭😭😭😭this was not the actual scene???!!!!😭😭😭😭"
숏드라마,[놀면 뭐하니] 동생이 훔친 내 여자를 다시 뺏기로 했다 | 숏드라마 FULL버전,https://www.youtube.com/watch?v=hPqvQkiEjzg,"<a href=""https://www.youtube.com/watch?v=hPqvQkiEjzg&amp;t=41"">0:41</a> whats with the tongue twister😭😭😭😭😭😭😭they nailed it"
숏드라마,[놀면 뭐하니] 동생이 훔친 내 여자를 다시 뺏기로 했다 | 숏드라마 FULL버전,https://www.youtube.com/watch?v=hPqvQkiEjzg,Bongoklaaaa and now im invested 😭😭
숏드라마,[놀면 뭐하니] 동생이 훔친 내 여자를 다시 뺏기로 했다 | 숏드라마 FULL버전,https://www.youtube.com/watch?v=hPqvQkiEjzg,정준하 분장이 옛날만큼 재밌지도 않고 이젠 거부감이 드네 예전엔 재밌었는데
숏드라마,[놀면 뭐하니] 동생이 훔친 내 여자를 다시 뺏기로 했다 | 숏드라마 FULL버전,https://www.youtube.com/watch?v=hPqvQkiEjzg,정준하 배우님🫶🏻 너무 웃겨요!!!! 밥줘어어어어어어😫ㅋㅋㅋㅋㅋㅋ
숏드라마,[놀면 뭐하니] 동생이 훔친 내 여자를 다시 뺏기로 했다 | 숏드라마 FULL버전,https://www.youtube.com/watch?v=hPqvQkiEjzg,이거 찍는 과정에서 허경환 연기 미쳤어 웃기는데 지는 웃지도 않고 대단해
숏드라마,[놀면 뭐하니] 동생이 훔친 내 여자를 다시 뺏기로 했다 | 숏드라마 FULL버전,https://www.youtube.com/watch?v=hPqvQkiEjzg,아 너무 재밌어요 ㅋㅋㅋ
숏드라마,[놀면 뭐하니] 동생이 훔친 내 여자를 다시 뺏기로 했다 | 숏드라마 FULL버전,https://www.youtube.com/watch?v=hPqvQkiEjzg,Funny😂
숏드라마,[놀면 뭐하니] 동생이 훔친 내 여자를 다시 뺏기로 했다 | 숏드라마 FULL버전,https://www.youtube.com/watch?v=hPqvQkiEjzg,Hahahaha
숏드라마,[놀면 뭐하니] 동생이 훔친 내 여자를 다시 뺏기로 했다 | 숏드라마 FULL버전,https://www.youtube.com/watch?v=hPqvQkiEjzg,허경환이랑 김성균 절절하고 애절한 드라마로 다시 한번 해줬으면 좋겠네
숏드라마,[놀면 뭐하니] 동생이 훔친 내 여자를 다시 뺏기로 했다 | 숏드라마 FULL버전,https://www.youtube.com/watch?v=hPqvQkiEjzg,근데 제작진놈들 캐스팅 대체 어떻게 한거 ㅋㅋㅋㅋㅋㅋㅋㅋㅋㅋㅋㅋㅋㅋㅋㅋㅋㅋㅋㅋ
숏드라마,[놀면 뭐하니] 동생이 훔친 내 여자를 다시 뺏기로 했다 | 숏드라마 FULL버전,https://www.youtube.com/watch?v=hPqvQkiEjzg,이런 정신나간 드라마 너무 좋아 ㅋㅋㅋㅋㅋㅋㅋㅋㅋㅋㅋㅋㅋㅋㅋㅋㅋㅋㅋㅋㅋㅋㅋㅋㅋㅋㅋㅋㅋㅋ
숏드라마,[놀면 뭐하니] 동생이 훔친 내 여자를 다시 뺏기로 했다 | 숏드라마 FULL버전,https://www.youtube.com/watch?v=hPqvQkiEjzg,스의스 수의사 스미스씨 사촌 ㅋㅋㅋ<br>스위스 스페셜 ㅋㅋㅋ<br>배꼽 빠지는줄 ㅋㅋㅋㅋㅋ
숏드라마,[놀면 뭐하니] 동생이 훔친 내 여자를 다시 뺏기로 했다 | 숏드라마 FULL버전,https://www.youtube.com/watch?v=hPqvQkiEjzg,Poor kyeong hwan.. 😅 his face is blurred so much but he&#39;s still doing a good job!!
숏드라마,[놀면 뭐하니] 동생이 훔친 내 여자를 다시 뺏기로 했다 | 숏드라마 FULL버전,https://www.youtube.com/watch?v=hPqvQkiEjzg,I just finished watching this episode on viu about making this short drama.. and directly search YouTube for the full drama ❤😍😍😍
숏드라마,[놀면 뭐하니] 동생이 훔친 내 여자를 다시 뺏기로 했다 | 숏드라마 FULL버전,https://www.youtube.com/watch?v=hPqvQkiEjzg,ㅋㅋㅋㅋㅋㅋㅋㅋㅋㅋㅋㅋㅋㅋㅋㅋㅋㅋㅋㅋㅋㅋㅋㅋㅋㅋㅋㅋㅋㅋㅋㅋㅋㅋㅋㅋㅋㅋㅋㅋㅋㅋㅋㅋㅋㅋㅋㅋㅋㅋㅋ 아오랜만에 너무 웃었다
숏드라마,[놀면 뭐하니] 동생이 훔친 내 여자를 다시 뺏기로 했다 | 숏드라마 FULL버전,https://www.youtube.com/watch?v=hPqvQkiEjzg,HAHAHAHHAHAA
숏드라마,[놀면 뭐하니] 동생이 훔친 내 여자를 다시 뺏기로 했다 | 숏드라마 FULL버전,https://www.youtube.com/watch?v=hPqvQkiEjzg,마치 레토르트 음식을 후추가루 조금쳤다고 내가만든 음식이 간이됐다는 그런 느낌적인 느낌…이 아니라 그냥 그런 얼렁뚱땅 느낌..
숏드라마,[놀면 뭐하니] 동생이 훔친 내 여자를 다시 뺏기로 했다 | 숏드라마 FULL버전,https://www.youtube.com/watch?v=hPqvQkiEjzg,아무리 봐도 배우들이 연기를 넘 잘해ㅋㅋㅋ김성균님 연기 너무 잘하는 거 여기서 드러나..ㅋㅋㅋ
숏드라마,[놀면 뭐하니] 동생이 훔친 내 여자를 다시 뺏기로 했다 | 숏드라마 FULL버전,https://www.youtube.com/watch?v=hPqvQkiEjzg,I really hope Kim Sung-kyun knows just how far his investment has reached. Watching this from Indonesia lmao. 😁✨
숏드라마,[놀면 뭐하니] 동생이 훔친 내 여자를 다시 뺏기로 했다 | 숏드라마 FULL버전,https://www.youtube.com/watch?v=hPqvQkiEjzg,How can they not laugh ? 😂😂😂😂😂
숏드라마,[놀면 뭐하니] 동생이 훔친 내 여자를 다시 뺏기로 했다 | 숏드라마 FULL버전,https://www.youtube.com/watch?v=hPqvQkiEjzg,로맨스는 없었다 와우 음색이 최고
숏드라마,[놀면 뭐하니] 동생이 훔친 내 여자를 다시 뺏기로 했다 | 숏드라마 FULL버전,https://www.youtube.com/watch?v=hPqvQkiEjzg,10분 순삭;;
숏드라마,[놀면 뭐하니] 동생이 훔친 내 여자를 다시 뺏기로 했다 | 숏드라마 FULL버전,https://www.youtube.com/watch?v=hPqvQkiEjzg,허경환 연기 너무 뻔뻔하게 진지하게 해서 너무 웃김. 그리고 솔직히 화장해 놓으니깐 얼굴이 너무 이쁜데..ㅡ!!
숏드라마,[놀면 뭐하니] 동생이 훔친 내 여자를 다시 뺏기로 했다 | 숏드라마 FULL버전,https://www.youtube.com/watch?v=hPqvQkiEjzg,被許卿煥笑死🤣😂🤣
숏드라마,[놀면 뭐하니] 동생이 훔친 내 여자를 다시 뺏기로 했다 | 숏드라마 FULL버전,https://www.youtube.com/watch?v=hPqvQkiEjzg,인옥씨 얼굴 보고싶어
숏드라마,[놀면 뭐하니] 동생이 훔친 내 여자를 다시 뺏기로 했다 | 숏드라마 FULL버전,https://www.youtube.com/watch?v=hPqvQkiEjzg,황정민ㅋㅋㅋㅋㅋㅋㅋ
숏드라마,[놀면 뭐하니] 동생이 훔친 내 여자를 다시 뺏기로 했다 | 숏드라마 FULL버전,https://www.youtube.com/watch?v=hPqvQkiEjzg,아 물먹다사례걸려죽을뻔했네 개웃겨
숏드라마,[놀면 뭐하니] 동생이 훔친 내 여자를 다시 뺏기로 했다 | 숏드라마 FULL버전,https://www.youtube.com/watch?v=hPqvQkiEjzg,Why are they not showing heo kyung hwan&#39;s face??
숏드라마,[놀면 뭐하니] 동생이 훔친 내 여자를 다시 뺏기로 했다 | 숏드라마 FULL버전,https://www.youtube.com/watch?v=hPqvQkiEjzg,허인옥 아웃포커씽 ㅋㅋㅋ
숏드라마,[놀면 뭐하니] 동생이 훔친 내 여자를 다시 뺏기로 했다 | 숏드라마 FULL버전,https://www.youtube.com/watch?v=hPqvQkiEjzg,황정민 ㅋㅋㅋㅋㅋㅋㅋㅋㅋㅋㅋㅋㅋㅋㅋㅋ
숏드라마,[놀면 뭐하니] 동생이 훔친 내 여자를 다시 뺏기로 했다 | 숏드라마 FULL버전,https://www.youtube.com/watch?v=hPqvQkiEjzg,ㅋㅋㅋㅋㅋㅋ 이거 정준하가 주연 아니야? ㅋㅋㅋㅋㅋ
숏드라마,[놀면 뭐하니] 동생이 훔친 내 여자를 다시 뺏기로 했다 | 숏드라마 FULL버전,https://www.youtube.com/watch?v=hPqvQkiEjzg,쩐의 전쟁이나 하자
숏드라마,[놀면 뭐하니] 동생이 훔친 내 여자를 다시 뺏기로 했다 | 숏드라마 FULL버전,https://www.youtube.com/watch?v=hPqvQkiEjzg,너무 재미있어😂❤🎉
숏드라마,[놀면 뭐하니] 동생이 훔친 내 여자를 다시 뺏기로 했다 | 숏드라마 FULL버전,https://www.youtube.com/watch?v=hPqvQkiEjzg,약간 중국 드라마 광고 같애..ㅋㅌㅋㅋ
숏드라마,[놀면 뭐하니] 동생이 훔친 내 여자를 다시 뺏기로 했다 | 숏드라마 FULL버전,https://www.youtube.com/watch?v=hPqvQkiEjzg,허경환 캐리하네 ...ㅋㅋㅋㅋㅋㅋㅋㅋㅋㅋㅋㅋㅋㅋㅋㅋㅋㅋㅋㅋㅋㅋㅋㅋㅋㅋㅋㅋㅋㅋㅋㅋ
숏드라마,[놀면 뭐하니] 동생이 훔친 내 여자를 다시 뺏기로 했다 | 숏드라마 FULL버전,https://www.youtube.com/watch?v=hPqvQkiEjzg,ㅋㅋㅌㅌㅌㅋㅌㅌㅌㅌㅌㅌㅌ
숏드라마,[놀면 뭐하니] 동생이 훔친 내 여자를 다시 뺏기로 했다 | 숏드라마 FULL버전,https://www.youtube.com/watch?v=hPqvQkiEjzg,ㅋㅋㅋ율도 활빈 <br>김석훈님이 홍길동 출신이었어서 이름<br>이케 지은것도 위트 넘친다<br>무도 아니 놀뭐 사릉해<br>💙💙💙💙💙
숏드라마,[놀면 뭐하니] 동생이 훔친 내 여자를 다시 뺏기로 했다 | 숏드라마 FULL버전,https://www.youtube.com/watch?v=hPqvQkiEjzg,허경환 이쁨
숏드라마,[놀면 뭐하니] 동생이 훔친 내 여자를 다시 뺏기로 했다 | 숏드라마 FULL버전,https://www.youtube.com/watch?v=hPqvQkiEjzg,😅😅😅😅😅😅😅😅😅😅
숏드라마,[놀면 뭐하니] 동생이 훔친 내 여자를 다시 뺏기로 했다 | 숏드라마 FULL버전,https://www.youtube.com/watch?v=hPqvQkiEjzg,역시 대배우 정준하 ... 맡은 연기 마다 완벽하게 소화하는구나 ㅋㅋㅋ
숏드라마,[놀면 뭐하니] 동생이 훔친 내 여자를 다시 뺏기로 했다 | 숏드라마 FULL버전,https://www.youtube.com/watch?v=hPqvQkiEjzg,진짜 놀뭐의 숏폼드라마 촬영에 오래 익숙해지면... 다른 드라마는 못찍겠다ㅎㅎㅎ
숏드라마,[놀면 뭐하니] 동생이 훔친 내 여자를 다시 뺏기로 했다 | 숏드라마 FULL버전,https://www.youtube.com/watch?v=hPqvQkiEjzg,와 !!!  방송에서봤을땐  노래만좋다했는데  완성본보니 완전 초대박!!!!!
숏드라마,[놀면 뭐하니] 동생이 훔친 내 여자를 다시 뺏기로 했다 | 숏드라마 FULL버전,https://www.youtube.com/watch?v=hPqvQkiEjzg,드라마찍을때 허경환 정준하땜 얼굴아파 죽는 줄 알았어요<br>왜케우껴~죽는줄
숏드라마,[놀면 뭐하니] 동생이 훔친 내 여자를 다시 뺏기로 했다 | 숏드라마 FULL버전,https://www.youtube.com/watch?v=hPqvQkiEjzg,황정민 ㅋㅋㅋㅋㅋㅋㅋ
숏드라마,[놀면 뭐하니] 동생이 훔친 내 여자를 다시 뺏기로 했다 | 숏드라마 FULL버전,https://www.youtube.com/watch?v=hPqvQkiEjzg,몰입해서 입꼬리올라가고 보고있는 내가 짜증난닼ㅋㅋㅋㅋㅋㅋㅋㅋㅋ왜 쓸데없이 재밋냐
숏드라마,[놀면 뭐하니] 동생이 훔친 내 여자를 다시 뺏기로 했다 | 숏드라마 FULL버전,https://www.youtube.com/watch?v=hPqvQkiEjzg,It&#39;s like the web dramas 😂.kudos to you all
숏드라마,[놀면 뭐하니] 동생이 훔친 내 여자를 다시 뺏기로 했다 | 숏드라마 FULL버전,https://www.youtube.com/watch?v=hPqvQkiEjzg,허경환이 이쁜거 왜 잘 안보여주노ㅠ 뒷모습 흐린모습 짤린모습 멀게 찍은 모습..  우잉ㅠ
숏드라마,[놀면 뭐하니] 동생이 훔친 내 여자를 다시 뺏기로 했다 | 숏드라마 FULL버전,https://www.youtube.com/watch?v=hPqvQkiEjzg,Hwang Jungmin ahjusshi forced cameo 😂 goodness gracious. Jung Junha’s drama or how? the number of his roles. The serious is epic 😂 AI house and car accident is dope too.
숏드라마,[놀면 뭐하니] 동생이 훔친 내 여자를 다시 뺏기로 했다 | 숏드라마 FULL버전,https://www.youtube.com/watch?v=hPqvQkiEjzg,김길돔 죽이고 율도그룹 먹는거부터 시작해서 서서히 무너져야지.. 이거 너무 잘랐다..
숏드라마,[놀면 뭐하니] 동생이 훔친 내 여자를 다시 뺏기로 했다 | 숏드라마 FULL버전,https://www.youtube.com/watch?v=hPqvQkiEjzg,그와중에 주우재 너무 잘생김. ㅋㅋ. 빛난다 빛나.
숏드라마,[놀면 뭐하니] 동생이 훔친 내 여자를 다시 뺏기로 했다 | 숏드라마 FULL버전,https://www.youtube.com/watch?v=hPqvQkiEjzg,정주나안정주나요형이 증말 예능치트키임 ㅠㅠ 젤바쁘게 하드캐리햇다봄
숏드라마,[놀면 뭐하니] 동생이 훔친 내 여자를 다시 뺏기로 했다 | 숏드라마 FULL버전,https://www.youtube.com/watch?v=hPqvQkiEjzg,이게 뭐임 대체 ㅋㅋㅋㅋㅋ개웃기네
숏드라마,[놀면 뭐하니] 동생이 훔친 내 여자를 다시 뺏기로 했다 | 숏드라마 FULL버전,https://www.youtube.com/watch?v=hPqvQkiEjzg,퀄리티 왜이리 좋냐고 ㅋㅋㅋㅋㅋㅋ 중간에 허경환님 노래까지 나오고 .. 좋다..
숏드라마,[놀면 뭐하니] 동생이 훔친 내 여자를 다시 뺏기로 했다 | 숏드라마 FULL버전,https://www.youtube.com/watch?v=hPqvQkiEjzg,정준하는 역시 여장이 참 잘어울림ㅋㅋ<br>석훈님 연기에 또 설랬네~~ㅎㅎ <br>놀뭐 아니면 석훈님 성균님 이런 연기 어디서 봄ㅋㅋㅋ
숏드라마,[놀면 뭐하니] 동생이 훔친 내 여자를 다시 뺏기로 했다 | 숏드라마 FULL버전,https://www.youtube.com/watch?v=hPqvQkiEjzg,아 중국드라마보다 낫다 ㅋㅋㅋㅋㅋㅋㅋㅋㅋㅋㅋㅋㅋㅋㅋㅋㅋㅋㅋㅋㅋㅋ
숏드라마,[놀면 뭐하니] 동생이 훔친 내 여자를 다시 뺏기로 했다 | 숏드라마 FULL버전,https://www.youtube.com/watch?v=hPqvQkiEjzg,웃긴다😂😂😂😂😂
숏드라마,[놀면 뭐하니] 동생이 훔친 내 여자를 다시 뺏기로 했다 | 숏드라마 FULL버전,https://www.youtube.com/watch?v=hPqvQkiEjzg,ㅋㅋㅋㅋㅋㅋ
숏드라마,[놀면 뭐하니] 동생이 훔친 내 여자를 다시 뺏기로 했다 | 숏드라마 FULL버전,https://www.youtube.com/watch?v=hPqvQkiEjzg,허경환 나올때 젤 웃겨 ㅋㅋㅋㅋ ㅋㅋㅋㅋ ㅋㅋㅋㅋ   정준하도 웃겨
숏드라마,[놀면 뭐하니] 동생이 훔친 내 여자를 다시 뺏기로 했다 | 숏드라마 FULL버전,https://www.youtube.com/watch?v=hPqvQkiEjzg,아니왜 우리 허경환이는 얼굴을 자꾸안보여주는거야ㅜㅜ
숏드라마,[놀면 뭐하니] 동생이 훔친 내 여자를 다시 뺏기로 했다 | 숏드라마 FULL버전,https://www.youtube.com/watch?v=hPqvQkiEjzg,"I have to say thank you for this incredible drama. I had so much fun watching it, but the behind-the-scenes footage was even more amazing. ❤"
숏드라마,[놀면 뭐하니] 동생이 훔친 내 여자를 다시 뺏기로 했다 | 숏드라마 FULL버전,https://www.youtube.com/watch?v=hPqvQkiEjzg,백지영 OST 미쳤네
숏드라마,[놀면 뭐하니] 동생이 훔친 내 여자를 다시 뺏기로 했다 | 숏드라마 FULL버전,https://www.youtube.com/watch?v=hPqvQkiEjzg,허닥스..ㅋㅋㅋ
숏드라마,[놀면 뭐하니] 동생이 훔친 내 여자를 다시 뺏기로 했다 | 숏드라마 FULL버전,https://www.youtube.com/watch?v=hPqvQkiEjzg,정준하1인2역ㅋㅋㅋㅋ
숏드라마,[놀면 뭐하니] 동생이 훔친 내 여자를 다시 뺏기로 했다 | 숏드라마 FULL버전,https://www.youtube.com/watch?v=hPqvQkiEjzg,"<a href=""https://www.youtube.com/watch?v=hPqvQkiEjzg&amp;t=400"">6:40</a> ai너무 웃기네!!!"
숏드라마,[놀면 뭐하니] 동생이 훔친 내 여자를 다시 뺏기로 했다 | 숏드라마 FULL버전,https://www.youtube.com/watch?v=hPqvQkiEjzg,ost까지 찰떡 가글하는걸 너무 웃겨 호랑이 팩돜ㅋㅋ
숏드라마,[놀면 뭐하니] 동생이 훔친 내 여자를 다시 뺏기로 했다 | 숏드라마 FULL버전,https://www.youtube.com/watch?v=hPqvQkiEjzg,아 사모님이 허경환ㅋㅋㅋㅋ
숏드라마,[놀면 뭐하니] 동생이 훔친 내 여자를 다시 뺏기로 했다 | 숏드라마 FULL버전,https://www.youtube.com/watch?v=hPqvQkiEjzg,🔥 🔥 🔥 🔥 ❤️‍🔥❤️‍🔥❤️‍🔥
숏드라마,[놀면 뭐하니] 동생이 훔친 내 여자를 다시 뺏기로 했다 | 숏드라마 FULL버전,https://www.youtube.com/watch?v=hPqvQkiEjzg,ㅋㅋㅋ
숏드라마,[놀면 뭐하니] 동생이 훔친 내 여자를 다시 뺏기로 했다 | 숏드라마 FULL버전,https://www.youtube.com/watch?v=hPqvQkiEjzg,아 넘 웃겨요😊😊😊
숏드라마,[놀면 뭐하니] 동생이 훔친 내 여자를 다시 뺏기로 했다 | 숏드라마 FULL버전,https://www.youtube.com/watch?v=hPqvQkiEjzg,아정당과 황정민만 기억에 남네
숏드라마,[놀면 뭐하니] 동생이 훔친 내 여자를 다시 뺏기로 했다 | 숏드라마 FULL버전,https://www.youtube.com/watch?v=hPqvQkiEjzg,모자 날아가니까 눈 감고있엌 ㅋㅋ
숏드라마,[놀면 뭐하니] 동생이 훔친 내 여자를 다시 뺏기로 했다 | 숏드라마 FULL버전,https://www.youtube.com/watch?v=hPqvQkiEjzg,진짜 시선회피하고 찍었넼 ㅋㅋ
숏드라마,[놀면 뭐하니] 동생이 훔친 내 여자를 다시 뺏기로 했다 | 숏드라마 FULL버전,https://www.youtube.com/watch?v=hPqvQkiEjzg,?ㅋㅋ 김성균 정준하 겁나 잘하넼
숏드라마,[놀면 뭐하니] 동생이 훔친 내 여자를 다시 뺏기로 했다 | 숏드라마 FULL버전,https://www.youtube.com/watch?v=hPqvQkiEjzg,다들 짱.
숏드라마,[놀면 뭐하니] 동생이 훔친 내 여자를 다시 뺏기로 했다 | 숏드라마 FULL버전,https://www.youtube.com/watch?v=hPqvQkiEjzg,테무 광고 느낌임ㅋㅋㅋㅋ
숏드라마,[놀면 뭐하니] 동생이 훔친 내 여자를 다시 뺏기로 했다 | 숏드라마 FULL버전,https://www.youtube.com/watch?v=hPqvQkiEjzg,여자가 무슨 물건도 아니고 뺏다 줬다 ㅇㅈㄹ
숏드라마,[놀면 뭐하니] 동생이 훔친 내 여자를 다시 뺏기로 했다 | 숏드라마 FULL버전,https://www.youtube.com/watch?v=hPqvQkiEjzg,진짜 너무 웃겼어요 이거 찍는 편 ㅜㅜ 놀뭐중에서 진심 레전드... 특히 김성균 배우 너무 나이스하게 신인처럼 진지하고 코믹하게 잘 살려줘서 보기 편했어요 진짜 ㅜㅜㅜ 빌런 캐릭터 아무도 없고 순한 느낌으로 넘 잼썼던 편 ㅜㅜ !! 몇 번 빵터졌어요 ㅜ
숏드라마,[놀면 뭐하니] 동생이 훔친 내 여자를 다시 뺏기로 했다 | 숏드라마 FULL버전,https://www.youtube.com/watch?v=hPqvQkiEjzg,이거 완전 개판이구만 ㅋㅋ
숏드라마,[놀면 뭐하니] 동생이 훔친 내 여자를 다시 뺏기로 했다 | 숏드라마 FULL버전,https://www.youtube.com/watch?v=hPqvQkiEjzg,너무 재미있게 봤어요. 또 만들어 주세요~~ㅎㅎㅎㅎ
숏드라마,[놀면 뭐하니] 동생이 훔친 내 여자를 다시 뺏기로 했다 | 숏드라마 FULL버전,https://www.youtube.com/watch?v=hPqvQkiEjzg,아넘우껴ㅎㅎ
숏드라마,[놀면 뭐하니] 동생이 훔친 내 여자를 다시 뺏기로 했다 | 숏드라마 FULL버전,https://www.youtube.com/watch?v=hPqvQkiEjzg,준하형 밥줘 는 왜한거임?
숏드라마,[놀면 뭐하니] 동생이 훔친 내 여자를 다시 뺏기로 했다 | 숏드라마 FULL버전,https://www.youtube.com/watch?v=hPqvQkiEjzg,중드 느낌 개 낭낭하다 ㅌㅋㅋㅋㅋ
숏드라마,[놀면 뭐하니] 동생이 훔친 내 여자를 다시 뺏기로 했다 | 숏드라마 FULL버전,https://www.youtube.com/watch?v=hPqvQkiEjzg,너무 웃겨서 허인옥 나올때마다 엄청 웃음ㅋㅋ기ㅋ
숏드라마,[놀면 뭐하니] 동생이 훔친 내 여자를 다시 뺏기로 했다 | 숏드라마 FULL버전,https://www.youtube.com/watch?v=hPqvQkiEjzg,정신없이 휘몰아치네 ㅋㅋㅋ
숏드라마,[놀면 뭐하니] 동생이 훔친 내 여자를 다시 뺏기로 했다 | 숏드라마 FULL버전,https://www.youtube.com/watch?v=hPqvQkiEjzg,허경환 얼굴좀 보여주지.. 너무 안보여주니깐 웃긴게 아니라 답답함
숏드라마,[놀면 뭐하니] 동생이 훔친 내 여자를 다시 뺏기로 했다 | 숏드라마 FULL버전,https://www.youtube.com/watch?v=hPqvQkiEjzg,하하형도 얘기해줘<br>여러가지역 맡았네<br>배송기사님 또 있나?
숏드라마,[놀면 뭐하니] 동생이 훔친 내 여자를 다시 뺏기로 했다 | 숏드라마 FULL버전,https://www.youtube.com/watch?v=hPqvQkiEjzg,와인을 ㅋㅋ 누가 그렇게 먹고 ㅋㅋㅋ 인옥이는 끝까지 블러라니요 ㅋㅋㅋ
숏드라마,[놀면 뭐하니] 동생이 훔친 내 여자를 다시 뺏기로 했다 | 숏드라마 FULL버전,https://www.youtube.com/watch?v=hPqvQkiEjzg,ㅋㅋ정준하 처럼 예능은ㅋㅋ
숏드라마,[놀면 뭐하니] 동생이 훔친 내 여자를 다시 뺏기로 했다 | 숏드라마 FULL버전,https://www.youtube.com/watch?v=hPqvQkiEjzg,와 디테일 검나 잘 살렸네 ㅋㅋㅋㅋ
숏드라마,[놀면 뭐하니] 동생이 훔친 내 여자를 다시 뺏기로 했다 | 숏드라마 FULL버전,https://www.youtube.com/watch?v=hPqvQkiEjzg,ㅋㅋㅋㅋㅋ 300 만원 투자금 꼭  회수해야됌~ㅋㅋㅋㅋㅋ
숏드라마,[놀면 뭐하니] 동생이 훔친 내 여자를 다시 뺏기로 했다 | 숏드라마 FULL버전,https://www.youtube.com/watch?v=hPqvQkiEjzg,수고 많이 <br>하셨습니다 <br>재미있게<br>잘~ 보고 갑니다~🍀🎶
숏드라마,[놀면 뭐하니] 동생이 훔친 내 여자를 다시 뺏기로 했다 | 숏드라마 FULL버전,https://www.youtube.com/watch?v=hPqvQkiEjzg,연기자는 역시<br>엄청 연기를 잘하네요^^
숏드라마,[놀면 뭐하니] 동생이 훔친 내 여자를 다시 뺏기로 했다 | 숏드라마 FULL버전,https://www.youtube.com/watch?v=hPqvQkiEjzg,ㅋㅋㅋㅋ
숏드라마,[놀면 뭐하니] 동생이 훔친 내 여자를 다시 뺏기로 했다 | 숏드라마 FULL버전,https://www.youtube.com/watch?v=hPqvQkiEjzg,"<a href=""https://www.youtube.com/watch?v=hPqvQkiEjzg&amp;t=124"">2:04</a> 아 테무 광고같아요 ㅋㅋㅋㅋㅋㅋㅋㅋㅋㅋㅋㅋㅋㅋㅋ ㅋㅋㅋㅋㅋㅋㅋㅋㅋㅋㅋㅋㅋㅋㅋ ㅋㅋㅋㅋㅋㅋㅋㅋㅋㅋㅋㅋㅋㅋㅋ"
숏드라마,[놀면 뭐하니] 동생이 훔친 내 여자를 다시 뺏기로 했다 | 숏드라마 FULL버전,https://www.youtube.com/watch?v=hPqvQkiEjzg,너무 재미있게봤어요 ㅎ 결국승자는 허인옥씨 ㅋㅋ
숏드라마,[놀면 뭐하니] 동생이 훔친 내 여자를 다시 뺏기로 했다 | 숏드라마 FULL버전,https://www.youtube.com/watch?v=hPqvQkiEjzg,허경환 연기 왜케 잘함?😂
숏드라마,[놀면 뭐하니] 동생이 훔친 내 여자를 다시 뺏기로 했다 | 숏드라마 FULL버전,https://www.youtube.com/watch?v=hPqvQkiEjzg,정민이형 옥상에 빨리내려가셨네요~ ㅋㅋ
숏드라마,[놀면 뭐하니] 동생이 훔친 내 여자를 다시 뺏기로 했다 | 숏드라마 FULL버전,https://www.youtube.com/watch?v=hPqvQkiEjzg,자객이 안나오네
숏드라마,[놀면 뭐하니] 동생이 훔친 내 여자를 다시 뺏기로 했다 | 숏드라마 FULL버전,https://www.youtube.com/watch?v=hPqvQkiEjzg,경환. 홧팅
숏드라마,[놀면 뭐하니] 동생이 훔친 내 여자를 다시 뺏기로 했다 | 숏드라마 FULL버전,https://www.youtube.com/watch?v=hPqvQkiEjzg,다좋았는데 ㅋㅋㅋ하작가 너무 수준이 하…..
숏드라마,[놀면 뭐하니] 동생이 훔친 내 여자를 다시 뺏기로 했다 | 숏드라마 FULL버전,https://www.youtube.com/watch?v=hPqvQkiEjzg,종아리 뽀샵좀.... ㅋㅋ
숏드라마,[놀면 뭐하니] 동생이 훔친 내 여자를 다시 뺏기로 했다 | 숏드라마 FULL버전,https://www.youtube.com/watch?v=hPqvQkiEjzg,황정민.... ㄹ ㅇ?????
숏드라마,[놀면 뭐하니] 동생이 훔친 내 여자를 다시 뺏기로 했다 | 숏드라마 FULL버전,https://www.youtube.com/watch?v=hPqvQkiEjzg,후레쉬맨 sf액션 이런거 어때요?ㅋㅋㅋ
숏드라마,[놀면 뭐하니] 동생이 훔친 내 여자를 다시 뺏기로 했다 | 숏드라마 FULL버전,https://www.youtube.com/watch?v=hPqvQkiEjzg,ㅋㅋㅋㅋㅋㅋㅋㅋㅋㅋㅋㅋㅋ급속전개 뭐냐고
숏드라마,[놀면 뭐하니] 동생이 훔친 내 여자를 다시 뺏기로 했다 | 숏드라마 FULL버전,https://www.youtube.com/watch?v=hPqvQkiEjzg,준하님 진짜 여기저기 출현하시면서 감초/ glue 역할 잘하심 ㅋ 옛날 그.. 문희아들 일때 생각나네요 한의원집
숏드라마,[놀면 뭐하니] 동생이 훔친 내 여자를 다시 뺏기로 했다 | 숏드라마 FULL버전,https://www.youtube.com/watch?v=hPqvQkiEjzg,무슨 시나리오가 쓰레기인가요
숏드라마,[놀면 뭐하니] 동생이 훔친 내 여자를 다시 뺏기로 했다 | 숏드라마 FULL버전,https://www.youtube.com/watch?v=hPqvQkiEjzg,HAHAHHAHAA... thank you for the English subtittles 😂😂
숏드라마,[놀면 뭐하니] 동생이 훔친 내 여자를 다시 뺏기로 했다 | 숏드라마 FULL버전,https://www.youtube.com/watch?v=hPqvQkiEjzg,마지막에 나온 유재석의 별이 쏟아진 밤 미쳤다!!!👍👍👍
숏드라마,[놀면 뭐하니] 동생이 훔친 내 여자를 다시 뺏기로 했다 | 숏드라마 FULL버전,https://www.youtube.com/watch?v=hPqvQkiEjzg,성균찌는 발성이 다르다 대사가 너무 잘들료~
숏드라마,[놀면 뭐하니] 동생이 훔친 내 여자를 다시 뺏기로 했다 | 숏드라마 FULL버전,https://www.youtube.com/watch?v=hPqvQkiEjzg,다음편이~~기대되요~~~♡♡^^
숏드라마,[놀면 뭐하니] 동생이 훔친 내 여자를 다시 뺏기로 했다 | 숏드라마 FULL버전,https://www.youtube.com/watch?v=hPqvQkiEjzg,♡황정민이 게스트로 나오다니;;ㅎㅎㅎㅎ그리고 정준하씨 연기가~~~역시 👍
숏드라마,[놀면 뭐하니] 동생이 훔친 내 여자를 다시 뺏기로 했다 | 숏드라마 FULL버전,https://www.youtube.com/watch?v=hPqvQkiEjzg,아 근데 허인옥 너무 예뻨ㅋ
숏드라마,[놀면 뭐하니] 동생이 훔친 내 여자를 다시 뺏기로 했다 | 숏드라마 FULL버전,https://www.youtube.com/watch?v=hPqvQkiEjzg,잼없다 ㅋㅋㅋㅋㅋㅋㅋ
숏드라마,[놀면 뭐하니] 동생이 훔친 내 여자를 다시 뺏기로 했다 | 숏드라마 FULL버전,https://www.youtube.com/watch?v=hPqvQkiEjzg,와 ㅋㅋ퀄리티
숏드라마,[놀면 뭐하니] 동생이 훔친 내 여자를 다시 뺏기로 했다 | 숏드라마 FULL버전,https://www.youtube.com/watch?v=hPqvQkiEjzg,😂😂
숏드라마,[놀면 뭐하니] 동생이 훔친 내 여자를 다시 뺏기로 했다 | 숏드라마 FULL버전,https://www.youtube.com/watch?v=hPqvQkiEjzg,주나형 왜 고정 아니냐
숏드라마,[놀면 뭐하니] 동생이 훔친 내 여자를 다시 뺏기로 했다 | 숏드라마 FULL버전,https://www.youtube.com/watch?v=hPqvQkiEjzg,석훈네집 ai로 지은 집인가요?
숏드라마,[놀면 뭐하니] 동생이 훔친 내 여자를 다시 뺏기로 했다 | 숏드라마 FULL버전,https://www.youtube.com/watch?v=hPqvQkiEjzg,황정민씨 저런것도 출연료 나가나요?
숏드라마,[놀면 뭐하니] 동생이 훔친 내 여자를 다시 뺏기로 했다 | 숏드라마 FULL버전,https://www.youtube.com/watch?v=hPqvQkiEjzg,땅시니..땅시니!
숏드라마,[놀면 뭐하니] 동생이 훔친 내 여자를 다시 뺏기로 했다 | 숏드라마 FULL버전,https://www.youtube.com/watch?v=hPqvQkiEjzg,ㅋㅋㅋ 황정민 진짜로 낑겨넣었네
숏드라마,[놀면 뭐하니] 동생이 훔친 내 여자를 다시 뺏기로 했다 | 숏드라마 FULL버전,https://www.youtube.com/watch?v=hPqvQkiEjzg,"<a href=""https://www.youtube.com/watch?v=hPqvQkiEjzg&amp;t=100"">1:40</a> 아들보다 엄마 덩치가 더 좋아. ㅋㅋㅋㅋ"
숏드라마,[놀면 뭐하니] 동생이 훔친 내 여자를 다시 뺏기로 했다 | 숏드라마 FULL버전,https://www.youtube.com/watch?v=hPqvQkiEjzg,ㅋㅋㅋㅋㅋㅋㅋㅋㅋㅋㅋㅋㅋㅋㅋㅋㅋ 발음 차력쑈네
숏드라마,[놀면 뭐하니] 동생이 훔친 내 여자를 다시 뺏기로 했다 | 숏드라마 FULL버전,https://www.youtube.com/watch?v=hPqvQkiEjzg,Tidak expect semua OST-nya kepakai wkwkwkwk
숏드라마,[놀면 뭐하니] 동생이 훔친 내 여자를 다시 뺏기로 했다 | 숏드라마 FULL버전,https://www.youtube.com/watch?v=hPqvQkiEjzg,이게 뭔 내용이야?ㅋㅋ 자객은 ost실패인가?
숏드라마,[놀면 뭐하니] 동생이 훔친 내 여자를 다시 뺏기로 했다 | 숏드라마 FULL버전,https://www.youtube.com/watch?v=hPqvQkiEjzg,당신은 미친놈이야 미친놈 왜 편집해써욬ㅋㅋㅋㅋㅋㅋㅋㅋㅋㅋㅋㅋㅋㅋㅋㅋㅋㅋㅋㅋㅋㅋㅋㅋㅋㅋㅋㅋㅋㅋㅋㅋㅋㅋㅋㅋㅋㅋ
숏드라마,[놀면 뭐하니] 동생이 훔친 내 여자를 다시 뺏기로 했다 | 숏드라마 FULL버전,https://www.youtube.com/watch?v=hPqvQkiEjzg,❤
숏드라마,[놀면 뭐하니] 동생이 훔친 내 여자를 다시 뺏기로 했다 | 숏드라마 FULL버전,https://www.youtube.com/watch?v=hPqvQkiEjzg,"진짜 넘 웃겨~ <br>석훈, 성균 명품 배우님들, 재능기부 하신 거죠? ㅋㅋㅋㅋㅋ<br>정준하님, 1인4역 진짜 잘하시네~~"
숏드라마,[놀면 뭐하니] 동생이 훔친 내 여자를 다시 뺏기로 했다 | 숏드라마 FULL버전,https://www.youtube.com/watch?v=hPqvQkiEjzg,너무 재밌네요 ㅎㅎㅎㅎㅎㅎ
숏드라마,[놀면 뭐하니] 동생이 훔친 내 여자를 다시 뺏기로 했다 | 숏드라마 FULL버전,https://www.youtube.com/watch?v=hPqvQkiEjzg,여러분!!!!!우리 힘을 모아 이영상 더 올라갈수있게 합시다!!!!!!!!!!!!
숏드라마,[놀면 뭐하니] 동생이 훔친 내 여자를 다시 뺏기로 했다 | 숏드라마 FULL버전,https://www.youtube.com/watch?v=hPqvQkiEjzg,아 재밌네요 ㅋㅋㅋ  예고편 보거 중에 예고편에 안나오는게 여기 있어어 재밌고 웃겨요ㅋㅋ 많이 봐주세요❤😂😂
숏드라마,[놀면 뭐하니] 동생이 훔친 내 여자를 다시 뺏기로 했다 | 숏드라마 FULL버전,https://www.youtube.com/watch?v=hPqvQkiEjzg,아 웃겨 ㅋㅋㅋ 😂
숏드라마,[놀면 뭐하니] 동생이 훔친 내 여자를 다시 뺏기로 했다 | 숏드라마 FULL버전,https://www.youtube.com/watch?v=hPqvQkiEjzg,정준하는 혼자 뷰티인사이드 찍는거임?
숏드라마,[놀면 뭐하니] 동생이 훔친 내 여자를 다시 뺏기로 했다 | 숏드라마 FULL버전,https://www.youtube.com/watch?v=hPqvQkiEjzg,와 미쳤다 ㅋㅋㅋㅋㅋ
숏드라마,[놀면 뭐하니] 동생이 훔친 내 여자를 다시 뺏기로 했다 | 숏드라마 FULL버전,https://www.youtube.com/watch?v=hPqvQkiEjzg,허경환 연기 미쳤나밬ㅋㄲㅋㅋㅋㅋㅋㅋㅋㅋㅋㅋㅋ😂😂😂
숏드라마,[놀면 뭐하니] 동생이 훔친 내 여자를 다시 뺏기로 했다 | 숏드라마 FULL버전,https://www.youtube.com/watch?v=hPqvQkiEjzg,"지방선거의, 지방선거에 의한, 지방선거를 위한 쇼츠 드라마 같아요 😅😅😅"
숏드라마,[놀면 뭐하니] 동생이 훔친 내 여자를 다시 뺏기로 했다 | 숏드라마 FULL버전,https://www.youtube.com/watch?v=hPqvQkiEjzg,아 진짜 너무 웃긴다ㅋㅋㅋㅋㅋㅋㅋㅋ
숏드라마,[놀면 뭐하니] 동생이 훔친 내 여자를 다시 뺏기로 했다 | 숏드라마 FULL버전,https://www.youtube.com/watch?v=hPqvQkiEjzg,아~허닥스 분량좀 더 주세요오~~~
숏드라마,[놀면 뭐하니] 동생이 훔친 내 여자를 다시 뺏기로 했다 | 숏드라마 FULL버전,https://www.youtube.com/watch?v=hPqvQkiEjzg,웃겨서 쓰러지는줄ㅋㅋ
숏드라마,[놀면 뭐하니] 동생이 훔친 내 여자를 다시 뺏기로 했다 | 숏드라마 FULL버전,https://www.youtube.com/watch?v=hPqvQkiEjzg,잼있고 웃긴다 ㅋㅋㅋ
숏드라마,[놀면 뭐하니] 동생이 훔친 내 여자를 다시 뺏기로 했다 | 숏드라마 FULL버전,https://www.youtube.com/watch?v=hPqvQkiEjzg,이거 뭔데ㅋㅋㅋ골때리네
숏드라마,[놀면 뭐하니] 동생이 훔친 내 여자를 다시 뺏기로 했다 | 숏드라마 FULL버전,https://www.youtube.com/watch?v=hPqvQkiEjzg,정준하님이 다 했네요❤
숏드라마,[놀면 뭐하니] 동생이 훔친 내 여자를 다시 뺏기로 했다 | 숏드라마 FULL버전,https://www.youtube.com/watch?v=hPqvQkiEjzg,재미드릅게읎따
숏드라마,[놀면 뭐하니] 동생이 훔친 내 여자를 다시 뺏기로 했다 | 숏드라마 FULL버전,https://www.youtube.com/watch?v=hPqvQkiEjzg,정준하 왜 혼자 바쁜겨~~ㅋㅋㅋㅋㅋㅋㅋㅋ
숏드라마,[놀면 뭐하니] 동생이 훔친 내 여자를 다시 뺏기로 했다 | 숏드라마 FULL버전,https://www.youtube.com/watch?v=hPqvQkiEjzg,역시 배우는 배우다  정준하님도  잘해요🎉😊
숏드라마,[놀면 뭐하니] 동생이 훔친 내 여자를 다시 뺏기로 했다 | 숏드라마 FULL버전,https://www.youtube.com/watch?v=hPqvQkiEjzg,왜 여주 얼굴 한번도 안나와요 ㅋㅋㅋㅋㅋㅋㅋ  허경환님은 본인한번도 안나오는거 아시는지 ㅋㅋㅋㅋㅋ
숏드라마,[놀면 뭐하니] 동생이 훔친 내 여자를 다시 뺏기로 했다 | 숏드라마 FULL버전,https://www.youtube.com/watch?v=hPqvQkiEjzg,정준하씨 옆에 있으니까 김성균씨 얼굴 되게 작아요 ...
숏드라마,[놀면 뭐하니] 동생이 훔친 내 여자를 다시 뺏기로 했다 | 숏드라마 FULL버전,https://www.youtube.com/watch?v=hPqvQkiEjzg,"<a href=""https://www.youtube.com/watch?v=hPqvQkiEjzg&amp;t=194"">3:14</a> 궁금한이야기 와이 보는 듯한 ㅋㅋㅋㅋㅋㅋㅋ"
숏드라마,[놀면 뭐하니] 동생이 훔친 내 여자를 다시 뺏기로 했다 | 숏드라마 FULL버전,https://www.youtube.com/watch?v=hPqvQkiEjzg,너무 재미있게 봤어요 ㅋㅋㅋㅋ
숏드라마,[놀면 뭐하니] 동생이 훔친 내 여자를 다시 뺏기로 했다 | 숏드라마 FULL버전,https://www.youtube.com/watch?v=hPqvQkiEjzg,😂😂😂😂💜💜💜💜💜💜
숏드라마,[놀면 뭐하니] 동생이 훔친 내 여자를 다시 뺏기로 했다 | 숏드라마 FULL버전,https://www.youtube.com/watch?v=hPqvQkiEjzg,인옥이 내친구 이름인데.... 연기를 잘하네 ㅋㅋㅋㅋㅋㅋㅋ
숏드라마,[놀면 뭐하니] 동생이 훔친 내 여자를 다시 뺏기로 했다 | 숏드라마 FULL버전,https://www.youtube.com/watch?v=hPqvQkiEjzg,근데 특별출연 황정민한테 허락은 받은건가여?ㅋ
숏드라마,[놀면 뭐하니] 동생이 훔친 내 여자를 다시 뺏기로 했다 | 숏드라마 FULL버전,https://www.youtube.com/watch?v=hPqvQkiEjzg,제목만 봐서는 그여자가 엄마일수도 있겠다 했어요^^
숏드라마,[놀면 뭐하니] 동생이 훔친 내 여자를 다시 뺏기로 했다 | 숏드라마 FULL버전,https://www.youtube.com/watch?v=hPqvQkiEjzg,ㅋㅋㅋㅋ 웃김 잼씀
숏드라마,[놀면 뭐하니] 동생이 훔친 내 여자를 다시 뺏기로 했다 | 숏드라마 FULL버전,https://www.youtube.com/watch?v=hPqvQkiEjzg,허경환 얼굴은 왜 안 보여주는 거에요?
숏드라마,[놀면 뭐하니] 동생이 훔친 내 여자를 다시 뺏기로 했다 | 숏드라마 FULL버전,https://www.youtube.com/watch?v=hPqvQkiEjzg,😂😂😂😂 OMG .. i&#39;m peeing myself!!
숏드라마,[놀면 뭐하니] 동생이 훔친 내 여자를 다시 뺏기로 했다 | 숏드라마 FULL버전,https://www.youtube.com/watch?v=hPqvQkiEjzg,퀄리티 뭐임 기대안하고 봤는데 너무 잘 나왔네요ㅋㅋㅋ
숏드라마,[놀면 뭐하니] 동생이 훔친 내 여자를 다시 뺏기로 했다 | 숏드라마 FULL버전,https://www.youtube.com/watch?v=hPqvQkiEjzg,ㅋㅋㅋㅋㅋ ㅋㅋㅋㅋㅋ ㅋㅋㅋㅋ ㅋㅋㅋㅋ  허경환 정준하 땜시 빵 터졌네
숏드라마,[놀면 뭐하니] 동생이 훔친 내 여자를 다시 뺏기로 했다 | 숏드라마 FULL버전,https://www.youtube.com/watch?v=hPqvQkiEjzg,"신화 너의결혼식 노래 같다 ㅋㅋㅋ <br><br>난 너를 처음 본 순간부터<br>움직일 수 없었어 숨을 쉴 수 조차 없었어 <br>왜 너를 이제야 만난건지<br>하필 내동생의 결혼식에서 신부가 된 너를<br>이제 나는 어떡해야 하나<br>내가 찾던 꿈의 이상형을 난 이제 보고 말았어<br>난 그저 바라볼 수밖에 없겠지 아냐 만족해<br>안 돼 모든 순간 그녈 보는 게 내겐 악몽일거야<br>하지만 피할 수도 없는걸 내겐 첫사랑인걸"
숏드라마,[놀면 뭐하니] 동생이 훔친 내 여자를 다시 뺏기로 했다 | 숏드라마 FULL버전,https://www.youtube.com/watch?v=hPqvQkiEjzg,허경환 얼굴 블렄ㅋㅋㅋㅋㅋㅋ
숏드라마,[놀면 뭐하니] 동생이 훔친 내 여자를 다시 뺏기로 했다 | 숏드라마 FULL버전,https://www.youtube.com/watch?v=hPqvQkiEjzg,김석훈 씬 나올 때마다 흠칫흠칫 놀란다 이런 삐끕 드라마에서 초초정극연기라니
숏드라마,[놀면 뭐하니] 동생이 훔친 내 여자를 다시 뺏기로 했다 | 숏드라마 FULL버전,https://www.youtube.com/watch?v=hPqvQkiEjzg,냅다 황정민 꽂아버리깈ㅋㅋㅋㅋㅋㅋㅋㅋㅋㅋㅋㅋㅌㅌㅌㅌ
숏드라마,[놀면 뭐하니] 동생이 훔친 내 여자를 다시 뺏기로 했다 | 숏드라마 FULL버전,https://www.youtube.com/watch?v=hPqvQkiEjzg,댓글 반응이 더 잼있어요. 다들 개그감이 대단하셔요.
숏드라마,[놀면 뭐하니] 동생이 훔친 내 여자를 다시 뺏기로 했다 | 숏드라마 FULL버전,https://www.youtube.com/watch?v=hPqvQkiEjzg,"<a href=""https://www.youtube.com/watch?v=hPqvQkiEjzg&amp;t=171"">2:51</a> hey brotherrrrr 😂😂😂😂🤣🤣🤣🤣🤣🤣🤣🤣"
숏드라마,[놀면 뭐하니] 동생이 훔친 내 여자를 다시 뺏기로 했다 | 숏드라마 FULL버전,https://www.youtube.com/watch?v=hPqvQkiEjzg,ㅋㅋ 김성균 흥해라
숏드라마,[놀면 뭐하니] 동생이 훔친 내 여자를 다시 뺏기로 했다 | 숏드라마 FULL버전,https://www.youtube.com/watch?v=hPqvQkiEjzg,허경환이 김성균 들어올리는 장면에서 빵터짐😂
숏드라마,[놀면 뭐하니] 동생이 훔친 내 여자를 다시 뺏기로 했다 | 숏드라마 FULL버전,https://www.youtube.com/watch?v=hPqvQkiEjzg,시즌2 가자💪💪💪
숏드라마,[놀면 뭐하니] 동생이 훔친 내 여자를 다시 뺏기로 했다 | 숏드라마 FULL버전,https://www.youtube.com/watch?v=hPqvQkiEjzg,와인 가글 ㅋㅋㅋ 미쳤나봐 ㅋㅋㅋㅋㅋㅋㅋㅋ
숏드라마,[놀면 뭐하니] 동생이 훔친 내 여자를 다시 뺏기로 했다 | 숏드라마 FULL버전,https://www.youtube.com/watch?v=hPqvQkiEjzg,허경환 왜케 웃겨ㅋㅋㅋㅋㅋㅋㅋ
숏드라마,[놀면 뭐하니] 동생이 훔친 내 여자를 다시 뺏기로 했다 | 숏드라마 FULL버전,https://www.youtube.com/watch?v=hPqvQkiEjzg,진짜 숏폼처럼 재밌는게 더웃겨요 ㅋㅋㅋㅋㅋ
숏드라마,[놀면 뭐하니] 동생이 훔친 내 여자를 다시 뺏기로 했다 | 숏드라마 FULL버전,https://www.youtube.com/watch?v=hPqvQkiEjzg,왜찍은거임? 웃기지도않은디
숏드라마,[놀면 뭐하니] 동생이 훔친 내 여자를 다시 뺏기로 했다 | 숏드라마 FULL버전,https://www.youtube.com/watch?v=hPqvQkiEjzg,어질하다 ㅋㅋㅋㅋㅋㅋ
숏드라마,[놀면 뭐하니] 동생이 훔친 내 여자를 다시 뺏기로 했다 | 숏드라마 FULL버전,https://www.youtube.com/watch?v=hPqvQkiEjzg,어느 숏폼보다 개웃깁ㅋㅋㅋㅋㅋㅋㅋㅋㅋㅋㅋㅋㅋㅋㅋㅋㅋㅋㅋㅋㅋㅋㅋㅋㅋㅋㅋㅋㅋㅋㅋㅋ
숏드라마,[놀면 뭐하니] 동생이 훔친 내 여자를 다시 뺏기로 했다 | 숏드라마 FULL버전,https://www.youtube.com/watch?v=hPqvQkiEjzg,"김석훈 배우님, 김성균 배우님 슈트핏이 너무 멋있어요.<br>그리고 역시 연기도 리얼하게 하시고요."
숏드라마,[놀면 뭐하니] 동생이 훔친 내 여자를 다시 뺏기로 했다 | 숏드라마 FULL버전,https://www.youtube.com/watch?v=hPqvQkiEjzg,꽁트 정극 꽁트 정극 꽁트 정극
숏드라마,[놀면 뭐하니] 동생이 훔친 내 여자를 다시 뺏기로 했다 | 숏드라마 FULL버전,https://www.youtube.com/watch?v=hPqvQkiEjzg,재미 짱
숏드라마,[놀면 뭐하니] 동생이 훔친 내 여자를 다시 뺏기로 했다 | 숏드라마 FULL버전,https://www.youtube.com/watch?v=hPqvQkiEjzg,아 ㅈㄴ웃기넼ㅋㅋㅋㅋㅋㅋㅋㅋ 황정민 나오는걸 이렇게 썻구나 ㅠㅋㅋㅋㅋㅋㅋ하 배아파앀ㅋㅋㅋ
숏드라마,[놀면 뭐하니] 동생이 훔친 내 여자를 다시 뺏기로 했다 | 숏드라마 FULL버전,https://www.youtube.com/watch?v=hPqvQkiEjzg,황정민ㅋㅋㅋㅋㅋㅋㅋㅋㅋㅋㅋㅋㅋ
숏드라마,[놀면 뭐하니] 동생이 훔친 내 여자를 다시 뺏기로 했다 | 숏드라마 FULL버전,https://www.youtube.com/watch?v=hPqvQkiEjzg,허경환 열연에 감탄스럽다 <br>분노할땐 마치 전기뱀장어를 보는듯하다
숏드라마,[놀면 뭐하니] 동생이 훔친 내 여자를 다시 뺏기로 했다 | 숏드라마 FULL버전,https://www.youtube.com/watch?v=hPqvQkiEjzg,Fe15
숏드라마,💥백화점에서 따귀 맞은 임산부… 남편 정체 공개되자 모두 무릎 꿇었다😱 #cdrama #드라마 #kdrama,https://www.youtube.com/watch?v=xCUE7XMBcsg,같은 얘기를 30분 동안 하네 미친거
숏드라마,💥백화점에서 따귀 맞은 임산부… 남편 정체 공개되자 모두 무릎 꿇었다😱 #cdrama #드라마 #kdrama,https://www.youtube.com/watch?v=xCUE7XMBcsg,감시카메라 없는 허접한 쇼핑몰 😮
숏드라마,💥백화점에서 따귀 맞은 임산부… 남편 정체 공개되자 모두 무릎 꿇었다😱 #cdrama #드라마 #kdrama,https://www.youtube.com/watch?v=xCUE7XMBcsg,なんで警備員はたまに手を外すんだよ意味わからん😂ショートドラマでビンタの回数は多分トップだろう…
숏드라마,💥백화점에서 따귀 맞은 임산부… 남편 정체 공개되자 모두 무릎 꿇었다😱 #cdrama #드라마 #kdrama,https://www.youtube.com/watch?v=xCUE7XMBcsg,잘봤어요.
숏드라마,💥백화점에서 따귀 맞은 임산부… 남편 정체 공개되자 모두 무릎 꿇었다😱 #cdrama #드라마 #kdrama,https://www.youtube.com/watch?v=xCUE7XMBcsg,시간이 아깝다! 중국문화가 이정도 밖에 안된다니 ~
숏드라마,💥백화점에서 따귀 맞은 임산부… 남편 정체 공개되자 모두 무릎 꿇었다😱 #cdrama #드라마 #kdrama,https://www.youtube.com/watch?v=xCUE7XMBcsg,따귀 시원하네
숏드라마,💥백화점에서 따귀 맞은 임산부… 남편 정체 공개되자 모두 무릎 꿇었다😱 #cdrama #드라마 #kdrama,https://www.youtube.com/watch?v=xCUE7XMBcsg,아주 일관성있게 개겨주니까 좋으네<br>죽기직전까지 개기네!!
숏드라마,💥백화점에서 따귀 맞은 임산부… 남편 정체 공개되자 모두 무릎 꿇었다😱 #cdrama #드라마 #kdrama,https://www.youtube.com/watch?v=xCUE7XMBcsg,아무리 그래도 닝닝 뺨을 좀 조금은  남게 때려라
숏드라마,💥백화점에서 따귀 맞은 임산부… 남편 정체 공개되자 모두 무릎 꿇었다😱 #cdrama #드라마 #kdrama,https://www.youtube.com/watch?v=xCUE7XMBcsg,중국인들의 현실적인 형태가 그대로 있는 숏츠네~
숏드라마,💥백화점에서 따귀 맞은 임산부… 남편 정체 공개되자 모두 무릎 꿇었다😱 #cdrama #드라마 #kdrama,https://www.youtube.com/watch?v=xCUE7XMBcsg,진짜 드라마 만드는수준이 중국이 원래 저러니깐. 그러겠지?
숏드라마,💥백화점에서 따귀 맞은 임산부… 남편 정체 공개되자 모두 무릎 꿇었다😱 #cdrama #드라마 #kdrama,https://www.youtube.com/watch?v=xCUE7XMBcsg,첨에 왜케 당했능고 저마이 잘때리는데 ㅋㅋㅋㅋ
숏드라마,💥백화점에서 따귀 맞은 임산부… 남편 정체 공개되자 모두 무릎 꿇었다😱 #cdrama #드라마 #kdrama,https://www.youtube.com/watch?v=xCUE7XMBcsg,앞에 칼이 있다. 다음 장면은
숏드라마,💥백화점에서 따귀 맞은 임산부… 남편 정체 공개되자 모두 무릎 꿇었다😱 #cdrama #드라마 #kdrama,https://www.youtube.com/watch?v=xCUE7XMBcsg,그거 때리는거냐  참 우습다
숏드라마,💥백화점에서 따귀 맞은 임산부… 남편 정체 공개되자 모두 무릎 꿇었다😱 #cdrama #드라마 #kdrama,https://www.youtube.com/watch?v=xCUE7XMBcsg,나쁜짓을 해놓고 용서 해달라고
숏드라마,💥백화점에서 따귀 맞은 임산부… 남편 정체 공개되자 모두 무릎 꿇었다😱 #cdrama #드라마 #kdrama,https://www.youtube.com/watch?v=xCUE7XMBcsg,Who is Actress ?
숏드라마,💥백화점에서 따귀 맞은 임산부… 남편 정체 공개되자 모두 무릎 꿇었다😱 #cdrama #드라마 #kdrama,https://www.youtube.com/watch?v=xCUE7XMBcsg,"일단 <a href=""https://www.youtube.com/watch?v=xCUE7XMBcsg&amp;t=1650"">27:30</a>까지는 어이없고 말도 안되는 무자비한 폭력을 도배하므로 참고 바랍니다<br><br>이렇게 댓글 달려다가 이어 쭉ㅡ 봤는데 노다지 폭력으로 도배하다시피  되어있네요<br><br>이런 드라마 안보는 게 낫다는"
숏드라마,💥백화점에서 따귀 맞은 임산부… 남편 정체 공개되자 모두 무릎 꿇었다😱 #cdrama #드라마 #kdrama,https://www.youtube.com/watch?v=xCUE7XMBcsg,결혼식인데 뭔 장례식을 치르냐 개억지 스토리 존나게 끼워넣었네
숏드라마,💥백화점에서 따귀 맞은 임산부… 남편 정체 공개되자 모두 무릎 꿇었다😱 #cdrama #드라마 #kdrama,https://www.youtube.com/watch?v=xCUE7XMBcsg,그놈의 씨씨티비는 맨날 고장나네 중드는 중국산이라서 고장나는건가
숏드라마,💥백화점에서 따귀 맞은 임산부… 남편 정체 공개되자 모두 무릎 꿇었다😱 #cdrama #드라마 #kdrama,https://www.youtube.com/watch?v=xCUE7XMBcsg,최고 부자라면서 애미가 얻어터졌는데 cctv 고장이라고 어물쩡 넘어가네 ㅋㅋ
숏드라마,💥백화점에서 따귀 맞은 임산부… 남편 정체 공개되자 모두 무릎 꿇었다😱 #cdrama #드라마 #kdrama,https://www.youtube.com/watch?v=xCUE7XMBcsg,ㅋㅋㅋㅋㅋ 푸가 큰사모님 얼굴을 모른다는게 코미디다 게다가 남주 형제는 맨날 어디로 내빼네
숏드라마,💥백화점에서 따귀 맞은 임산부… 남편 정체 공개되자 모두 무릎 꿇었다😱 #cdrama #드라마 #kdrama,https://www.youtube.com/watch?v=xCUE7XMBcsg,중국은 결혼식전에 제사지내는구나..ㅎㅎ 이상한 문화군
숏드라마,요즘 난리난 숏폼드라마 폭풍같은 결혼생활 숏츠 119편 계약 결혼 하고 보니 세계 10대 재벌 외동딸 #korea #drama #shortvideo #드라마 #kdrama,https://www.youtube.com/watch?v=izJqXpI4gy4,유치를 넘어 역겹다
숏드라마,요즘 난리난 숏폼드라마 폭풍같은 결혼생활 숏츠 119편 계약 결혼 하고 보니 세계 10대 재벌 외동딸 #korea #drama #shortvideo #드라마 #kdrama,https://www.youtube.com/watch?v=izJqXpI4gy4,이상엽이 어찌이리 누추한 드라마에..  나 유튭 광고에 이상엽 나오는거 보느라 건너띄기 안하고 끝까지봄ㅋㅋㄱㅋㅋ앱다운받았는데 계속볼지 고민된다<br>이상엽ㅜㅡㅜ
숏드라마,요즘 난리난 숏폼드라마 폭풍같은 결혼생활 숏츠 119편 계약 결혼 하고 보니 세계 10대 재벌 외동딸 #korea #drama #shortvideo #드라마 #kdrama,https://www.youtube.com/watch?v=izJqXpI4gy4,중국꺼를 한국애들이 찍는 경우가 많아유~~
숏드라마,요즘 난리난 숏폼드라마 폭풍같은 결혼생활 숏츠 119편 계약 결혼 하고 보니 세계 10대 재벌 외동딸 #korea #drama #shortvideo #드라마 #kdrama,https://www.youtube.com/watch?v=izJqXpI4gy4,이거 얼마전 본 중국드라마랑 내용 똑같은데?
숏드라마,요즘 난리난 숏폼드라마 폭풍같은 결혼생활 숏츠 119편 계약 결혼 하고 보니 세계 10대 재벌 외동딸 #korea #drama #shortvideo #드라마 #kdrama,https://www.youtube.com/watch?v=izJqXpI4gy4,이상엽 땜에 본다ㅋ
숏드라마,요즘 난리난 숏폼드라마 폭풍같은 결혼생활 숏츠 119편 계약 결혼 하고 보니 세계 10대 재벌 외동딸 #korea #drama #shortvideo #드라마 #kdrama,https://www.youtube.com/watch?v=izJqXpI4gy4,이거 중국 드라마인가요?<br>너무 유치찬란한대 왜 한국어로?<br>왜 이상엽이?
숏드라마,요즘 난리난 숏폼드라마 폭풍같은 결혼생활 숏츠 119편 계약 결혼 하고 보니 세계 10대 재벌 외동딸 #korea #drama #shortvideo #드라마 #kdrama,https://www.youtube.com/watch?v=izJqXpI4gy4,저거 이지체크카드단말기<br>역겹다 역겨워
숏드라마,요즘 난리난 숏폼드라마 폭풍같은 결혼생활 숏츠 119편 계약 결혼 하고 보니 세계 10대 재벌 외동딸 #korea #drama #shortvideo #드라마 #kdrama,https://www.youtube.com/watch?v=izJqXpI4gy4,대사 연출 이거 실화냐? ㅋㅋㅋ 일부러 이런 병맛 만들기도 어렵겠다
숏드라마,요즘 난리난 숏폼드라마 폭풍같은 결혼생활 숏츠 119편 계약 결혼 하고 보니 세계 10대 재벌 외동딸 #korea #drama #shortvideo #드라마 #kdrama,https://www.youtube.com/watch?v=izJqXpI4gy4,배달 단말기의 기술력이 이토록 엄청났다!!
숏드라마,요즘 난리난 숏폼드라마 폭풍같은 결혼생활 숏츠 119편 계약 결혼 하고 보니 세계 10대 재벌 외동딸 #korea #drama #shortvideo #드라마 #kdrama,https://www.youtube.com/watch?v=izJqXpI4gy4,유치를 넘어서 역겨움 ㅠ
숏드라마,요즘 난리난 숏폼드라마 폭풍같은 결혼생활 숏츠 119편 계약 결혼 하고 보니 세계 10대 재벌 외동딸 #korea #drama #shortvideo #드라마 #kdrama,https://www.youtube.com/watch?v=izJqXpI4gy4,강남 여짜!
숏드라마,요즘 난리난 숏폼드라마 폭풍같은 결혼생활 숏츠 119편 계약 결혼 하고 보니 세계 10대 재벌 외동딸 #korea #drama #shortvideo #드라마 #kdrama,https://www.youtube.com/watch?v=izJqXpI4gy4,우리나라 배우들 같은데 중국 드라마중 막장드라마 수준이네..
숏드라마,요즘 난리난 숏폼드라마 폭풍같은 결혼생활 숏츠 119편 계약 결혼 하고 보니 세계 10대 재벌 외동딸 #korea #drama #shortvideo #드라마 #kdrama,https://www.youtube.com/watch?v=izJqXpI4gy4,근데 너무 중국 드라마같음... 퀄리티가 너무 저급해..
숏드라마,요즘 난리난 숏폼드라마 폭풍같은 결혼생활 숏츠 119편 계약 결혼 하고 보니 세계 10대 재벌 외동딸 #korea #drama #shortvideo #드라마 #kdrama,https://www.youtube.com/watch?v=izJqXpI4gy4,배달단말기 ㅋㅋ
숏드라마,요즘 난리난 숏폼드라마 폭풍같은 결혼생활 숏츠 119편 계약 결혼 하고 보니 세계 10대 재벌 외동딸 #korea #drama #shortvideo #드라마 #kdrama,https://www.youtube.com/watch?v=izJqXpI4gy4,중국화 세뇌 시작<br>가려서들 보고 정신들 차려라
숏드라마,요즘 난리난 숏폼드라마 폭풍같은 결혼생활 숏츠 119편 계약 결혼 하고 보니 세계 10대 재벌 외동딸 #korea #drama #shortvideo #드라마 #kdrama,https://www.youtube.com/watch?v=izJqXpI4gy4,ㅋㅋㅋ잼있네요
숏드라마,요즘 난리난 숏폼드라마 폭풍같은 결혼생활 숏츠 119편 계약 결혼 하고 보니 세계 10대 재벌 외동딸 #korea #drama #shortvideo #드라마 #kdrama,https://www.youtube.com/watch?v=izJqXpI4gy4,이건 유튜브용 드라마야? 드라마가 어찌 중국식 드라마 같냐?
숏드라마,요즘 난리난 숏폼드라마 폭풍같은 결혼생활 숏츠 119편 계약 결혼 하고 보니 세계 10대 재벌 외동딸 #korea #drama #shortvideo #드라마 #kdrama,https://www.youtube.com/watch?v=izJqXpI4gy4,역시 이상엽 잘생기고 연기도 잘하누
숏드라마,요즘 난리난 숏폼드라마 폭풍같은 결혼생활 숏츠 119편 계약 결혼 하고 보니 세계 10대 재벌 외동딸 #korea #drama #shortvideo #드라마 #kdrama,https://www.youtube.com/watch?v=izJqXpI4gy4,ㅋㅋㅋ 똥맛카레네
숏드라마,요즘 난리난 숏폼드라마 폭풍같은 결혼생활 숏츠 119편 계약 결혼 하고 보니 세계 10대 재벌 외동딸 #korea #drama #shortvideo #드라마 #kdrama,https://www.youtube.com/watch?v=izJqXpI4gy4,노잼
숏드라마,요즘 난리난 숏폼드라마 폭풍같은 결혼생활 숏츠 119편 계약 결혼 하고 보니 세계 10대 재벌 외동딸 #korea #drama #shortvideo #드라마 #kdrama,https://www.youtube.com/watch?v=izJqXpI4gy4,저많은 회차중 계속 지가 회장딸인거 감추다 마지막에 뭐꼬?ㅋ환장해..앱깔지 마쇼..20편쯤 보고나연 한회차보는데도 광고가 몇개인지..이런 악습은 없어저야함..
숏드라마,요즘 난리난 숏폼드라마 폭풍같은 결혼생활 숏츠 119편 계약 결혼 하고 보니 세계 10대 재벌 외동딸 #korea #drama #shortvideo #드라마 #kdrama,https://www.youtube.com/watch?v=izJqXpI4gy4,아 똥싸구인는대<br>인나지를 모타갣내
숏드라마,요즘 난리난 숏폼드라마 폭풍같은 결혼생활 숏츠 119편 계약 결혼 하고 보니 세계 10대 재벌 외동딸 #korea #drama #shortvideo #드라마 #kdrama,https://www.youtube.com/watch?v=izJqXpI4gy4,결제 가 되어야지
숏드라마,미친ㅋㅋ 극한직업 팀이 다시 뭉쳐 숏 드라마를 만들면 벌어지는 일 ㅋㅋㅋ 개웃김,https://www.youtube.com/watch?v=a_dMmhu8b8Q,"*🎬현대차 숏 드라마 ≪큐피드의 애로사항≫입니다.<br>📌 ≪큐피드의 애로사항≫ 풀버전 바로 보러 가기<br>🔗 <a href=""http://bit.ly/hdshorts"">bit.ly/hdshorts</a>"
숏드라마,미친ㅋㅋ 극한직업 팀이 다시 뭉쳐 숏 드라마를 만들면 벌어지는 일 ㅋㅋㅋ 개웃김,https://www.youtube.com/watch?v=a_dMmhu8b8Q,망작 현대도 망작 😢
숏드라마,미친ㅋㅋ 극한직업 팀이 다시 뭉쳐 숏 드라마를 만들면 벌어지는 일 ㅋㅋㅋ 개웃김,https://www.youtube.com/watch?v=a_dMmhu8b8Q,"할당채워야 가브리엘,미카엘로 승진하는데  할당이 기는 수준이라  실적을 채울수없다.<br>그런데 한국에선 활당기는 양궁 이건 실적채우기쉬워 큐피트로 승진하기가 쉽다."
숏드라마,미친ㅋㅋ 극한직업 팀이 다시 뭉쳐 숏 드라마를 만들면 벌어지는 일 ㅋㅋㅋ 개웃김,https://www.youtube.com/watch?v=a_dMmhu8b8Q,야이씨!!!!  뭐야이거!!! <br>아이씨~~ 존나 웃기네..!!!😂
숏드라마,미친ㅋㅋ 극한직업 팀이 다시 뭉쳐 숏 드라마를 만들면 벌어지는 일 ㅋㅋㅋ 개웃김,https://www.youtube.com/watch?v=a_dMmhu8b8Q,실적쌓기힘드네ㅋ
숏드라마,미친ㅋㅋ 극한직업 팀이 다시 뭉쳐 숏 드라마를 만들면 벌어지는 일 ㅋㅋㅋ 개웃김,https://www.youtube.com/watch?v=a_dMmhu8b8Q,귀엽닼ㅋㅋㅋㅋ
숏드라마,미친ㅋㅋ 극한직업 팀이 다시 뭉쳐 숏 드라마를 만들면 벌어지는 일 ㅋㅋㅋ 개웃김,https://www.youtube.com/watch?v=a_dMmhu8b8Q,아앜ㅋㅋㅋㅋㅋㅋㅋㅋㅋㅋㅋㅋ
숏드라마,미친ㅋㅋ 극한직업 팀이 다시 뭉쳐 숏 드라마를 만들면 벌어지는 일 ㅋㅋㅋ 개웃김,https://www.youtube.com/watch?v=a_dMmhu8b8Q,아니 이게 모야ㅋㅋㅋㅋㅋㅋㅋㅋㅋㅋ
숏드라마,미친ㅋㅋ 극한직업 팀이 다시 뭉쳐 숏 드라마를 만들면 벌어지는 일 ㅋㅋㅋ 개웃김,https://www.youtube.com/watch?v=a_dMmhu8b8Q,쿠피드도 극한직업 이구나 ㅋㅋㅋ
숏드라마,미친ㅋㅋ 극한직업 팀이 다시 뭉쳐 숏 드라마를 만들면 벌어지는 일 ㅋㅋㅋ 개웃김,https://www.youtube.com/watch?v=a_dMmhu8b8Q,아 귀여워 진짜 귀여워죽게쓰ㅏ...이건 미쳐써!!!!
숏드라마,미친ㅋㅋ 극한직업 팀이 다시 뭉쳐 숏 드라마를 만들면 벌어지는 일 ㅋㅋㅋ 개웃김,https://www.youtube.com/watch?v=a_dMmhu8b8Q,아마존활명수는 재밌어요?
숏드라마,미친ㅋㅋ 극한직업 팀이 다시 뭉쳐 숏 드라마를 만들면 벌어지는 일 ㅋㅋㅋ 개웃김,https://www.youtube.com/watch?v=a_dMmhu8b8Q,아니 ㅁㅊㅋㅋㅋㅋㅋㅋㅋㅋㅋㅋㅋㅋㅋㅋㅋㅋㅋㅋㅋㅋㅋㅋㅋㅋㅋㅋㅋㅋㅋ
숏드라마,미친ㅋㅋ 극한직업 팀이 다시 뭉쳐 숏 드라마를 만들면 벌어지는 일 ㅋㅋㅋ 개웃김,https://www.youtube.com/watch?v=a_dMmhu8b8Q,ㅋㅋㅋㅋㅋㅋㅋㅋㅋㅋㅋㅋㅋㅋㅋ😂😂미쳤다
숏드라마,미친ㅋㅋ 극한직업 팀이 다시 뭉쳐 숏 드라마를 만들면 벌어지는 일 ㅋㅋㅋ 개웃김,https://www.youtube.com/watch?v=a_dMmhu8b8Q,뇌절그잡채인데 빠져드네..😂
숏드라마,미친ㅋㅋ 극한직업 팀이 다시 뭉쳐 숏 드라마를 만들면 벌어지는 일 ㅋㅋㅋ 개웃김,https://www.youtube.com/watch?v=a_dMmhu8b8Q,진선큐!
숏드라마,미친ㅋㅋ 극한직업 팀이 다시 뭉쳐 숏 드라마를 만들면 벌어지는 일 ㅋㅋㅋ 개웃김,https://www.youtube.com/watch?v=a_dMmhu8b8Q,아흥진짜..  이조합은 완벽
숏드라마,미친ㅋㅋ 극한직업 팀이 다시 뭉쳐 숏 드라마를 만들면 벌어지는 일 ㅋㅋㅋ 개웃김,https://www.youtube.com/watch?v=a_dMmhu8b8Q,루시퍼(진)
숏드라마,미친ㅋㅋ 극한직업 팀이 다시 뭉쳐 숏 드라마를 만들면 벌어지는 일 ㅋㅋㅋ 개웃김,https://www.youtube.com/watch?v=a_dMmhu8b8Q,중간에 외모 췍 효과음이 ㅈㄴ 웃기네 ㅋㅋㅋㅋㅋㅋ
숏드라마,미친ㅋㅋ 극한직업 팀이 다시 뭉쳐 숏 드라마를 만들면 벌어지는 일 ㅋㅋㅋ 개웃김,https://www.youtube.com/watch?v=a_dMmhu8b8Q,ㅋㅋㅋㅋㅋㅋㅋㅋㅋㅋㅋㅋㅋㅋㅋㅋㅋㅋㅋㅋㅋㅋㅋㅋㅋㅋㅋ
숏드라마,미친ㅋㅋ 극한직업 팀이 다시 뭉쳐 숏 드라마를 만들면 벌어지는 일 ㅋㅋㅋ 개웃김,https://www.youtube.com/watch?v=a_dMmhu8b8Q,미쳐 ㅋㅋㅋㅋㅋㅋ
숏드라마,미친ㅋㅋ 극한직업 팀이 다시 뭉쳐 숏 드라마를 만들면 벌어지는 일 ㅋㅋㅋ 개웃김,https://www.youtube.com/watch?v=a_dMmhu8b8Q,와씨 ㅋㅋㅋㅋㅋ <br>아니 이 짧은 쇼츠안에 너무 내용이 풍성한거 아니냐 ㅋㅋㅋ <br>한 5분짜리 영상 본 느낌이네 ㅋㅋ
숏드라마,미친ㅋㅋ 극한직업 팀이 다시 뭉쳐 숏 드라마를 만들면 벌어지는 일 ㅋㅋㅋ 개웃김,https://www.youtube.com/watch?v=a_dMmhu8b8Q,58000퍼센트 아저씨가 왜 여기서 나와 ㅋㅋㅋㅋㅋㅋ
숏드라마,미친ㅋㅋ 극한직업 팀이 다시 뭉쳐 숏 드라마를 만들면 벌어지는 일 ㅋㅋㅋ 개웃김,https://www.youtube.com/watch?v=a_dMmhu8b8Q,더티섹시의 지존 류성룡
숏드라마,미친ㅋㅋ 극한직업 팀이 다시 뭉쳐 숏 드라마를 만들면 벌어지는 일 ㅋㅋㅋ 개웃김,https://www.youtube.com/watch?v=a_dMmhu8b8Q,파니팡 조준 실패로 엄한 애가 하트눈 된 시리즈 보는거같네 ㅋㅋㅋㅋㅋㅋㅋㅋㅋㅋㅋㅋㅋㅋㅋㅋㅋㅋ
숏드라마,미친ㅋㅋ 극한직업 팀이 다시 뭉쳐 숏 드라마를 만들면 벌어지는 일 ㅋㅋㅋ 개웃김,https://www.youtube.com/watch?v=a_dMmhu8b8Q,이런 배우는 돈 좀 많이 줘라 ㅋㅋㅋㅋ
숏드라마,미친ㅋㅋ 극한직업 팀이 다시 뭉쳐 숏 드라마를 만들면 벌어지는 일 ㅋㅋㅋ 개웃김,https://www.youtube.com/watch?v=a_dMmhu8b8Q,😂😂😂
숏드라마,미친ㅋㅋ 극한직업 팀이 다시 뭉쳐 숏 드라마를 만들면 벌어지는 일 ㅋㅋㅋ 개웃김,https://www.youtube.com/watch?v=a_dMmhu8b8Q,리얼 드라마 찍으면 졸 잼 있을듯
숏드라마,미친ㅋㅋ 극한직업 팀이 다시 뭉쳐 숏 드라마를 만들면 벌어지는 일 ㅋㅋㅋ 개웃김,https://www.youtube.com/watch?v=a_dMmhu8b8Q,진선규 엄청 내성적이던데 어떻게 저런거만하냐고ㅋㅋㅋㅋㅋ<br>본캐 성격 알고보면 미치겠다 진짜
숏드라마,미친ㅋㅋ 극한직업 팀이 다시 뭉쳐 숏 드라마를 만들면 벌어지는 일 ㅋㅋㅋ 개웃김,https://www.youtube.com/watch?v=a_dMmhu8b8Q,"돌, 돌고래?"
숏드라마,미친ㅋㅋ 극한직업 팀이 다시 뭉쳐 숏 드라마를 만들면 벌어지는 일 ㅋㅋㅋ 개웃김,https://www.youtube.com/watch?v=a_dMmhu8b8Q,정말 이런걸 만들다니 극한직업팀 극한직업군 이시네 ㅋㅋㅋㅋㅋ
숏드라마,미친ㅋㅋ 극한직업 팀이 다시 뭉쳐 숏 드라마를 만들면 벌어지는 일 ㅋㅋㅋ 개웃김,https://www.youtube.com/watch?v=a_dMmhu8b8Q,진선규 현타 왔을거 같은데 ㅋㅋㅋ
숏드라마,미친ㅋㅋ 극한직업 팀이 다시 뭉쳐 숏 드라마를 만들면 벌어지는 일 ㅋㅋㅋ 개웃김,https://www.youtube.com/watch?v=a_dMmhu8b8Q,조또 노잼
숏드라마,미친ㅋㅋ 극한직업 팀이 다시 뭉쳐 숏 드라마를 만들면 벌어지는 일 ㅋㅋㅋ 개웃김,https://www.youtube.com/watch?v=a_dMmhu8b8Q,ㅋㅋㅋㄱㄱㅋ아ㅈㄴ웃기네ㅋㅋㄱㄱㅋ
숏드라마,미친ㅋㅋ 극한직업 팀이 다시 뭉쳐 숏 드라마를 만들면 벌어지는 일 ㅋㅋㅋ 개웃김,https://www.youtube.com/watch?v=a_dMmhu8b8Q,무슨 내용인지 감도 안잡히네 ㅋㅋㅋ
숏드라마,미친ㅋㅋ 극한직업 팀이 다시 뭉쳐 숏 드라마를 만들면 벌어지는 일 ㅋㅋㅋ 개웃김,https://www.youtube.com/watch?v=a_dMmhu8b8Q,아니 ㅋㅋㅋㅋ 새로운 영화인줄 ㅋㅋㅋ 전에 봤던거잖아
숏드라마,미친ㅋㅋ 극한직업 팀이 다시 뭉쳐 숏 드라마를 만들면 벌어지는 일 ㅋㅋㅋ 개웃김,https://www.youtube.com/watch?v=a_dMmhu8b8Q,"근데 진짜 잘만들었다ㅋㅋㅋㅋㅋㅋㅋ 정신줄 다 놓고 봤는데 현대, 양궁은 기억에 남음ㅋㅋㅋㅋㅋㅋ"
숏드라마,미친ㅋㅋ 극한직업 팀이 다시 뭉쳐 숏 드라마를 만들면 벌어지는 일 ㅋㅋㅋ 개웃김,https://www.youtube.com/watch?v=a_dMmhu8b8Q,지리네 진짜......
숏드라마,미친ㅋㅋ 극한직업 팀이 다시 뭉쳐 숏 드라마를 만들면 벌어지는 일 ㅋㅋㅋ 개웃김,https://www.youtube.com/watch?v=a_dMmhu8b8Q,아씨... 끝까지 봐버렸다.
숏드라마,미친ㅋㅋ 극한직업 팀이 다시 뭉쳐 숏 드라마를 만들면 벌어지는 일 ㅋㅋㅋ 개웃김,https://www.youtube.com/watch?v=a_dMmhu8b8Q,진선큐피틐ㅋㅋㅋㅋㅋㅋㅋㅋㅋㅋㅋㅋ❤ㅋㅋㅋㅋㅋㅋㅋ
숏드라마,미친ㅋㅋ 극한직업 팀이 다시 뭉쳐 숏 드라마를 만들면 벌어지는 일 ㅋㅋㅋ 개웃김,https://www.youtube.com/watch?v=a_dMmhu8b8Q,와 미친 피피엘
숏드라마,미친ㅋㅋ 극한직업 팀이 다시 뭉쳐 숏 드라마를 만들면 벌어지는 일 ㅋㅋㅋ 개웃김,https://www.youtube.com/watch?v=a_dMmhu8b8Q,돌고래가 광고계 독을 풀었다~
숏드라마,미친ㅋㅋ 극한직업 팀이 다시 뭉쳐 숏 드라마를 만들면 벌어지는 일 ㅋㅋㅋ 개웃김,https://www.youtube.com/watch?v=a_dMmhu8b8Q,그러니까 쏴야지 콩깍지 씌워야 결혼시킨다.<br>반반일때 뽕 쏴주라 제발
숏드라마,미친ㅋㅋ 극한직업 팀이 다시 뭉쳐 숏 드라마를 만들면 벌어지는 일 ㅋㅋㅋ 개웃김,https://www.youtube.com/watch?v=a_dMmhu8b8Q,아니 이게뭐야...ㅋㅋㅋ
숏드라마,미친ㅋㅋ 극한직업 팀이 다시 뭉쳐 숏 드라마를 만들면 벌어지는 일 ㅋㅋㅋ 개웃김,https://www.youtube.com/watch?v=a_dMmhu8b8Q,이게 극한직업이었네ㅋㅋㅋㅋㅋㅋ
숏드라마,미친ㅋㅋ 극한직업 팀이 다시 뭉쳐 숏 드라마를 만들면 벌어지는 일 ㅋㅋㅋ 개웃김,https://www.youtube.com/watch?v=a_dMmhu8b8Q,ㅋㅋㅋㅋㅋ 진선규 약빨았나봐 ㅋㅋ
숏드라마,미친ㅋㅋ 극한직업 팀이 다시 뭉쳐 숏 드라마를 만들면 벌어지는 일 ㅋㅋㅋ 개웃김,https://www.youtube.com/watch?v=a_dMmhu8b8Q,젠장....극한직업새로운시즌으로돌아온줄알았잖아!!!!!!
숏드라마,미친ㅋㅋ 극한직업 팀이 다시 뭉쳐 숏 드라마를 만들면 벌어지는 일 ㅋㅋㅋ 개웃김,https://www.youtube.com/watch?v=a_dMmhu8b8Q,영어 억양 완벽해!!!
숏드라마,미친ㅋㅋ 극한직업 팀이 다시 뭉쳐 숏 드라마를 만들면 벌어지는 일 ㅋㅋㅋ 개웃김,https://www.youtube.com/watch?v=a_dMmhu8b8Q,아미존 활명수 비행기에서 봤는데 재미있었음요ㅋㅋㅋㅋㅋ
숏드라마,미친ㅋㅋ 극한직업 팀이 다시 뭉쳐 숏 드라마를 만들면 벌어지는 일 ㅋㅋㅋ 개웃김,https://www.youtube.com/watch?v=a_dMmhu8b8Q,쇼츠 왜케기냐
숏드라마,미친ㅋㅋ 극한직업 팀이 다시 뭉쳐 숏 드라마를 만들면 벌어지는 일 ㅋㅋㅋ 개웃김,https://www.youtube.com/watch?v=a_dMmhu8b8Q,아무리 개그가...좋아도...선규야...이렇게 소비되는건...후...
숏드라마,미친ㅋㅋ 극한직업 팀이 다시 뭉쳐 숏 드라마를 만들면 벌어지는 일 ㅋㅋㅋ 개웃김,https://www.youtube.com/watch?v=a_dMmhu8b8Q,엔줼 할때 뿜었다 ㅋ ㅋ ㅋ ㅋ ㅋ ㅋ
숏드라마,미친ㅋㅋ 극한직업 팀이 다시 뭉쳐 숏 드라마를 만들면 벌어지는 일 ㅋㅋㅋ 개웃김,https://www.youtube.com/watch?v=a_dMmhu8b8Q,미쳤나봐ㅋㅋㅋㄱ왤케잘해 선규님 ㅋㅋㅋ
숏드라마,미친ㅋㅋ 극한직업 팀이 다시 뭉쳐 숏 드라마를 만들면 벌어지는 일 ㅋㅋㅋ 개웃김,https://www.youtube.com/watch?v=a_dMmhu8b8Q,쇼츠가 원래 1분이 넘어도 됐어...?
숏드라마,미친ㅋㅋ 극한직업 팀이 다시 뭉쳐 숏 드라마를 만들면 벌어지는 일 ㅋㅋㅋ 개웃김,https://www.youtube.com/watch?v=a_dMmhu8b8Q,진선규 연기  잘하네 ㅋㅋ
숏드라마,미친ㅋㅋ 극한직업 팀이 다시 뭉쳐 숏 드라마를 만들면 벌어지는 일 ㅋㅋㅋ 개웃김,https://www.youtube.com/watch?v=a_dMmhu8b8Q,서프라이즈  외국인 역할 하는 느낌의 규피트
숏드라마,미친ㅋㅋ 극한직업 팀이 다시 뭉쳐 숏 드라마를 만들면 벌어지는 일 ㅋㅋㅋ 개웃김,https://www.youtube.com/watch?v=a_dMmhu8b8Q,큐피트가 교포예요? ㅋㅋ 😂
숏드라마,미친ㅋㅋ 극한직업 팀이 다시 뭉쳐 숏 드라마를 만들면 벌어지는 일 ㅋㅋㅋ 개웃김,https://www.youtube.com/watch?v=a_dMmhu8b8Q,기획자 약빨았나ㅋㅋㅋㅋㅋㅋㅋㅋㅋㅋ
숏드라마,미친ㅋㅋ 극한직업 팀이 다시 뭉쳐 숏 드라마를 만들면 벌어지는 일 ㅋㅋㅋ 개웃김,https://www.youtube.com/watch?v=a_dMmhu8b8Q,아 개웃기네 진짜ㅋㅋㅋㅋㅋㅋㅋㅋㅋㅋ
숏드라마,미친ㅋㅋ 극한직업 팀이 다시 뭉쳐 숏 드라마를 만들면 벌어지는 일 ㅋㅋㅋ 개웃김,https://www.youtube.com/watch?v=a_dMmhu8b8Q,진선규님 류승룡님<br>이 영화는 심심해서 찍은거죠?
숏드라마,미친ㅋㅋ 극한직업 팀이 다시 뭉쳐 숏 드라마를 만들면 벌어지는 일 ㅋㅋㅋ 개웃김,https://www.youtube.com/watch?v=a_dMmhu8b8Q,큐피드는 그리스로마신환데 개신교 등급이 올라간다고?
숏드라마,미친ㅋㅋ 극한직업 팀이 다시 뭉쳐 숏 드라마를 만들면 벌어지는 일 ㅋㅋㅋ 개웃김,https://www.youtube.com/watch?v=a_dMmhu8b8Q,내가 뭘본거지 .. ㅋㅋ
숏드라마,미친ㅋㅋ 극한직업 팀이 다시 뭉쳐 숏 드라마를 만들면 벌어지는 일 ㅋㅋㅋ 개웃김,https://www.youtube.com/watch?v=a_dMmhu8b8Q,이 많은 게 1분이라는 게 믿기지가 않네
숏드라마,미친ㅋㅋ 극한직업 팀이 다시 뭉쳐 숏 드라마를 만들면 벌어지는 일 ㅋㅋㅋ 개웃김,https://www.youtube.com/watch?v=a_dMmhu8b8Q,ㅋㅋㅋㅋㅋ 큐피트 ㅋㅋㅋ
숏드라마,미친ㅋㅋ 극한직업 팀이 다시 뭉쳐 숏 드라마를 만들면 벌어지는 일 ㅋㅋㅋ 개웃김,https://www.youtube.com/watch?v=a_dMmhu8b8Q,진선규 폼 미쳤네 ㅋㅋㅋㅋㅋㅋㅋㅋㅋㅋ
숏드라마,미친ㅋㅋ 극한직업 팀이 다시 뭉쳐 숏 드라마를 만들면 벌어지는 일 ㅋㅋㅋ 개웃김,https://www.youtube.com/watch?v=a_dMmhu8b8Q,Wow…..-.-;;;;
숏드라마,미친ㅋㅋ 극한직업 팀이 다시 뭉쳐 숏 드라마를 만들면 벌어지는 일 ㅋㅋㅋ 개웃김,https://www.youtube.com/watch?v=a_dMmhu8b8Q,뭘본거야 내가...
숏드라마,미친ㅋㅋ 극한직업 팀이 다시 뭉쳐 숏 드라마를 만들면 벌어지는 일 ㅋㅋㅋ 개웃김,https://www.youtube.com/watch?v=a_dMmhu8b8Q,이라면 안데.<br>시청자를 막 농락하고 막 우롱하고 막<br>그카면 안데. ㅋㅋㅋㅋ 😅
숏드라마,미친ㅋㅋ 극한직업 팀이 다시 뭉쳐 숏 드라마를 만들면 벌어지는 일 ㅋㅋㅋ 개웃김,https://www.youtube.com/watch?v=a_dMmhu8b8Q,미쳤어!!!! 그냥 미쳤어!!!!
숏드라마,미친ㅋㅋ 극한직업 팀이 다시 뭉쳐 숏 드라마를 만들면 벌어지는 일 ㅋㅋㅋ 개웃김,https://www.youtube.com/watch?v=a_dMmhu8b8Q,아놔~~~ 사무실서 뭔가 열었다가 웃음 참다가 기절할뻔
숏드라마,미친ㅋㅋ 극한직업 팀이 다시 뭉쳐 숏 드라마를 만들면 벌어지는 일 ㅋㅋㅋ 개웃김,https://www.youtube.com/watch?v=a_dMmhu8b8Q,뭐야.  넘넘 야하잖아.❤❤❤
숏드라마,미친ㅋㅋ 극한직업 팀이 다시 뭉쳐 숏 드라마를 만들면 벌어지는 일 ㅋㅋㅋ 개웃김,https://www.youtube.com/watch?v=a_dMmhu8b8Q,한국 양궁은 짱이지<br>애국가에서부터 이미 나와있던 얘기<br>하느님이 Bow 하사
숏드라마,미친ㅋㅋ 극한직업 팀이 다시 뭉쳐 숏 드라마를 만들면 벌어지는 일 ㅋㅋㅋ 개웃김,https://www.youtube.com/watch?v=a_dMmhu8b8Q,광고 절대 안보는데 진선규 류승룡이 다했네요 홀린듯 끝까지 봤어요! 두분 다 완전 최고👍
숏드라마,미친ㅋㅋ 극한직업 팀이 다시 뭉쳐 숏 드라마를 만들면 벌어지는 일 ㅋㅋㅋ 개웃김,https://www.youtube.com/watch?v=a_dMmhu8b8Q,내가 지금 뭘 본거야
숏드라마,미친ㅋㅋ 극한직업 팀이 다시 뭉쳐 숏 드라마를 만들면 벌어지는 일 ㅋㅋㅋ 개웃김,https://www.youtube.com/watch?v=a_dMmhu8b8Q,내가 방금 대체 뭘 본 것이여.....
숏드라마,미친ㅋㅋ 극한직업 팀이 다시 뭉쳐 숏 드라마를 만들면 벌어지는 일 ㅋㅋㅋ 개웃김,https://www.youtube.com/watch?v=a_dMmhu8b8Q,이거 광고이구나  정말 잘 만들었다. ㅎㅎ
숏드라마,미친ㅋㅋ 극한직업 팀이 다시 뭉쳐 숏 드라마를 만들면 벌어지는 일 ㅋㅋㅋ 개웃김,https://www.youtube.com/watch?v=a_dMmhu8b8Q,전란에 나온 사람 맞냐? ㅋㅋㅋㅋㅋㅋㅋ
숏드라마,미친ㅋㅋ 극한직업 팀이 다시 뭉쳐 숏 드라마를 만들면 벌어지는 일 ㅋㅋㅋ 개웃김,https://www.youtube.com/watch?v=a_dMmhu8b8Q,졸라 치명적이다 ㅋㅋㅋㅋㅋㅋㅋㅋ
숏드라마,미친ㅋㅋ 극한직업 팀이 다시 뭉쳐 숏 드라마를 만들면 벌어지는 일 ㅋㅋㅋ 개웃김,https://www.youtube.com/watch?v=a_dMmhu8b8Q,ㅋㅋㅋㅋㅋㅋㅋㅋㅋㅋㅋㅋㅋㅋㅋㅋㅋㅋㅋㅋㅋㅋㅋㅋㅋ 아웃겨
숏드라마,미친ㅋㅋ 극한직업 팀이 다시 뭉쳐 숏 드라마를 만들면 벌어지는 일 ㅋㅋㅋ 개웃김,https://www.youtube.com/watch?v=a_dMmhu8b8Q,현대는 여러모로 미쳤구나~
숏드라마,미친ㅋㅋ 극한직업 팀이 다시 뭉쳐 숏 드라마를 만들면 벌어지는 일 ㅋㅋㅋ 개웃김,https://www.youtube.com/watch?v=a_dMmhu8b8Q,ㅋㅋㅋㅋㅋㅋㅋㅋㅋㅋㅋㅋㅋㅋㅋ
숏드라마,미친ㅋㅋ 극한직업 팀이 다시 뭉쳐 숏 드라마를 만들면 벌어지는 일 ㅋㅋㅋ 개웃김,https://www.youtube.com/watch?v=a_dMmhu8b8Q,아마존 활명수네..ㅎ 재밌게 잘 봤어요 ㅎ
숏드라마,미친ㅋㅋ 극한직업 팀이 다시 뭉쳐 숏 드라마를 만들면 벌어지는 일 ㅋㅋㅋ 개웃김,https://www.youtube.com/watch?v=a_dMmhu8b8Q,미쳤나봐 ㅋㅋㅋㅋㅋㅋㅋㅋㅋㅋㅋㅋㅋㅋㅋㅋㅋㅋㅋㅋㅋ<br>아 극한직업 진짜 ㅋㅋㅋㅋㅋㅋㅋㅋㅋㅋㅋㅋㅋㅋㅋㅋㅋㅋ
숏드라마,미친ㅋㅋ 극한직업 팀이 다시 뭉쳐 숏 드라마를 만들면 벌어지는 일 ㅋㅋㅋ 개웃김,https://www.youtube.com/watch?v=a_dMmhu8b8Q,큐피트 효과 확실하네. ㅎㅎ
숏드라마,미친ㅋㅋ 극한직업 팀이 다시 뭉쳐 숏 드라마를 만들면 벌어지는 일 ㅋㅋㅋ 개웃김,https://www.youtube.com/watch?v=a_dMmhu8b8Q,아니 ㅆㅂ 내가 지금 뭘 본거지?
숏드라마,미친ㅋㅋ 극한직업 팀이 다시 뭉쳐 숏 드라마를 만들면 벌어지는 일 ㅋㅋㅋ 개웃김,https://www.youtube.com/watch?v=a_dMmhu8b8Q,ㅌㅌㅌㅌㅌㅌㅌㅌㅋㅋㅋㅋㅋㅋㅋㅋㅋㅋㅋㅋㅋㅋㅋㅋㅋㅋㅋㅋㅋ
숏드라마,미친ㅋㅋ 극한직업 팀이 다시 뭉쳐 숏 드라마를 만들면 벌어지는 일 ㅋㅋㅋ 개웃김,https://www.youtube.com/watch?v=a_dMmhu8b8Q,ㅋㅋㅋ 미쳤어..진짜!!!
숏드라마,미친ㅋㅋ 극한직업 팀이 다시 뭉쳐 숏 드라마를 만들면 벌어지는 일 ㅋㅋㅋ 개웃김,https://www.youtube.com/watch?v=a_dMmhu8b8Q,마지막에 몽규정 나와서 은팔찌 차는 모습 나왔으면 완벽했겠다!
숏드라마,미친ㅋㅋ 극한직업 팀이 다시 뭉쳐 숏 드라마를 만들면 벌어지는 일 ㅋㅋㅋ 개웃김,https://www.youtube.com/watch?v=a_dMmhu8b8Q,지극히 정상적인 커플이구만
숏드라마,미친ㅋㅋ 극한직업 팀이 다시 뭉쳐 숏 드라마를 만들면 벌어지는 일 ㅋㅋㅋ 개웃김,https://www.youtube.com/watch?v=a_dMmhu8b8Q,미치것네...ㅋㅋㅋㅋㅋㅋㅋㅋㅋㅋㅋㅋㅋㅋㅋㅋㅋㅋㅋㅋ
숏드라마,미친ㅋㅋ 극한직업 팀이 다시 뭉쳐 숏 드라마를 만들면 벌어지는 일 ㅋㅋㅋ 개웃김,https://www.youtube.com/watch?v=a_dMmhu8b8Q,알았어여 극장가서 봐줄께요.
숏드라마,미친ㅋㅋ 극한직업 팀이 다시 뭉쳐 숏 드라마를 만들면 벌어지는 일 ㅋㅋㅋ 개웃김,https://www.youtube.com/watch?v=a_dMmhu8b8Q,눈빛 왜 저래.ㅋㅋㅋㅋ chu~~ 나의 엔줼ㅋㅋㅋㅋ 미쳤다. ㅋㅋㅋ🤣😂🤣😂
숏드라마,미친ㅋㅋ 극한직업 팀이 다시 뭉쳐 숏 드라마를 만들면 벌어지는 일 ㅋㅋㅋ 개웃김,https://www.youtube.com/watch?v=a_dMmhu8b8Q,내가 뭘 본거지
숏드라마,미친ㅋㅋ 극한직업 팀이 다시 뭉쳐 숏 드라마를 만들면 벌어지는 일 ㅋㅋㅋ 개웃김,https://www.youtube.com/watch?v=a_dMmhu8b8Q,대박.. ㅋㅋㅋ
숏드라마,미친ㅋㅋ 극한직업 팀이 다시 뭉쳐 숏 드라마를 만들면 벌어지는 일 ㅋㅋㅋ 개웃김,https://www.youtube.com/watch?v=a_dMmhu8b8Q,뭐야 이게 ㅋㅋㅋㅋㅋ ㅋㅋㅋㅋㅋ ㅋㅋㅋㅋㅋ
숏드라마,미친ㅋㅋ 극한직업 팀이 다시 뭉쳐 숏 드라마를 만들면 벌어지는 일 ㅋㅋㅋ 개웃김,https://www.youtube.com/watch?v=a_dMmhu8b8Q,지무비님 이거 돈내고 극장가서 보셨나요? ㅋ 개재미없어요ㅋㅋㅋ
숏드라마,미친ㅋㅋ 극한직업 팀이 다시 뭉쳐 숏 드라마를 만들면 벌어지는 일 ㅋㅋㅋ 개웃김,https://www.youtube.com/watch?v=a_dMmhu8b8Q,진선규 치트키..
숏드라마,미친ㅋㅋ 극한직업 팀이 다시 뭉쳐 숏 드라마를 만들면 벌어지는 일 ㅋㅋㅋ 개웃김,https://www.youtube.com/watch?v=a_dMmhu8b8Q,진짜 담당자 다 빠따치자 뭐냐 이게?
숏드라마,미친ㅋㅋ 극한직업 팀이 다시 뭉쳐 숏 드라마를 만들면 벌어지는 일 ㅋㅋㅋ 개웃김,https://www.youtube.com/watch?v=a_dMmhu8b8Q,"참고로 신화에 보면 큐피드는 잘생겼음,,, 사람이 볼 때는 아가 모습임 그래서 아내한테 처음에 모습을 안보여줌,,,"
숏드라마,미친ㅋㅋ 극한직업 팀이 다시 뭉쳐 숏 드라마를 만들면 벌어지는 일 ㅋㅋㅋ 개웃김,https://www.youtube.com/watch?v=a_dMmhu8b8Q,양궁 이야기 하다가 현대 이야기하니까... 정몽주 생각 나잖아 축구협회 = 양궁협회 이걸 주장하는건가?
숏드라마,미친ㅋㅋ 극한직업 팀이 다시 뭉쳐 숏 드라마를 만들면 벌어지는 일 ㅋㅋㅋ 개웃김,https://www.youtube.com/watch?v=a_dMmhu8b8Q,저 큐피드 배우 <br>경이로운 소문의 마주석<br>범죄도시 이름 까먹음
숏드라마,미친ㅋㅋ 극한직업 팀이 다시 뭉쳐 숏 드라마를 만들면 벌어지는 일 ㅋㅋㅋ 개웃김,https://www.youtube.com/watch?v=a_dMmhu8b8Q,ㅋㅋㅋㅋㅋㅋㅋ진짜웃기네
숏드라마,미친ㅋㅋ 극한직업 팀이 다시 뭉쳐 숏 드라마를 만들면 벌어지는 일 ㅋㅋㅋ 개웃김,https://www.youtube.com/watch?v=a_dMmhu8b8Q,선우엄마 남자버전같노😂😂
숏드라마,미친ㅋㅋ 극한직업 팀이 다시 뭉쳐 숏 드라마를 만들면 벌어지는 일 ㅋㅋㅋ 개웃김,https://www.youtube.com/watch?v=a_dMmhu8b8Q,돌고래유괴단이 아니네~~
숏드라마,미친ㅋㅋ 극한직업 팀이 다시 뭉쳐 숏 드라마를 만들면 벌어지는 일 ㅋㅋㅋ 개웃김,https://www.youtube.com/watch?v=a_dMmhu8b8Q,처음에 올드보이 첫장면 같네ㅋㅋ
숏드라마,미친ㅋㅋ 극한직업 팀이 다시 뭉쳐 숏 드라마를 만들면 벌어지는 일 ㅋㅋㅋ 개웃김,https://www.youtube.com/watch?v=a_dMmhu8b8Q,활당기면서 끝 외치는거보소ㅋㄱㄲㅋㅋㅋㅋㅋㅋ
숏드라마,미친ㅋㅋ 극한직업 팀이 다시 뭉쳐 숏 드라마를 만들면 벌어지는 일 ㅋㅋㅋ 개웃김,https://www.youtube.com/watch?v=a_dMmhu8b8Q,"실제 경찰서엔 저렇게 공개된 공간이 아니라, 작은방에서 1대1로 조사받음"
숏드라마,미친ㅋㅋ 극한직업 팀이 다시 뭉쳐 숏 드라마를 만들면 벌어지는 일 ㅋㅋㅋ 개웃김,https://www.youtube.com/watch?v=a_dMmhu8b8Q,ㅋㅋㅋㅋㅋㅋ
숏드라마,미친ㅋㅋ 극한직업 팀이 다시 뭉쳐 숏 드라마를 만들면 벌어지는 일 ㅋㅋㅋ 개웃김,https://www.youtube.com/watch?v=a_dMmhu8b8Q,약빨았네ㅋㅋ
숏드라마,미친ㅋㅋ 극한직업 팀이 다시 뭉쳐 숏 드라마를 만들면 벌어지는 일 ㅋㅋㅋ 개웃김,https://www.youtube.com/watch?v=a_dMmhu8b8Q,드라마가아니군아
숏드라마,미친ㅋㅋ 극한직업 팀이 다시 뭉쳐 숏 드라마를 만들면 벌어지는 일 ㅋㅋㅋ 개웃김,https://www.youtube.com/watch?v=a_dMmhu8b8Q,아ㅋㅋㅋ 가불이 아니고 가브리엘ㅋㅋㅋㅋ
숏드라마,미친ㅋㅋ 극한직업 팀이 다시 뭉쳐 숏 드라마를 만들면 벌어지는 일 ㅋㅋㅋ 개웃김,https://www.youtube.com/watch?v=a_dMmhu8b8Q,"<a href=""https://www.youtube.com/watch?v=a_dMmhu8b8Q&amp;t=5"">0:05</a> 10022살이 맞는거같은데?"
숏드라마,미친ㅋㅋ 극한직업 팀이 다시 뭉쳐 숏 드라마를 만들면 벌어지는 일 ㅋㅋㅋ 개웃김,https://www.youtube.com/watch?v=a_dMmhu8b8Q,조사를 이하늬가 해야되는데 ㅋㅋ
숏드라마,미친ㅋㅋ 극한직업 팀이 다시 뭉쳐 숏 드라마를 만들면 벌어지는 일 ㅋㅋㅋ 개웃김,https://www.youtube.com/watch?v=a_dMmhu8b8Q,이게 뭐여ㅋ
숏드라마,미친ㅋㅋ 극한직업 팀이 다시 뭉쳐 숏 드라마를 만들면 벌어지는 일 ㅋㅋㅋ 개웃김,https://www.youtube.com/watch?v=a_dMmhu8b8Q,궁금했닼ㅋㅋ 광곤지 먼짘ㅋㅋㅋ 재밌엌ㅋㅋ
숏드라마,미친ㅋㅋ 극한직업 팀이 다시 뭉쳐 숏 드라마를 만들면 벌어지는 일 ㅋㅋㅋ 개웃김,https://www.youtube.com/watch?v=a_dMmhu8b8Q,같은 현댄데...<br>저짝 공차는 동네랑 왤케 다르냐... ㅜㅜ
숏드라마,미친ㅋㅋ 극한직업 팀이 다시 뭉쳐 숏 드라마를 만들면 벌어지는 일 ㅋㅋㅋ 개웃김,https://www.youtube.com/watch?v=a_dMmhu8b8Q,먼데 이게ㅋㅋㅋㅋㅋ
숏드라마,미친ㅋㅋ 극한직업 팀이 다시 뭉쳐 숏 드라마를 만들면 벌어지는 일 ㅋㅋㅋ 개웃김,https://www.youtube.com/watch?v=a_dMmhu8b8Q,더치페이는 지극히 정상임 남자한테 당연한듯 얻어먹는거 극혐
숏드라마,미친ㅋㅋ 극한직업 팀이 다시 뭉쳐 숏 드라마를 만들면 벌어지는 일 ㅋㅋㅋ 개웃김,https://www.youtube.com/watch?v=a_dMmhu8b8Q,??그래서 현대 뭔 광고임? 카드?차?중공업?양궁협회?
숏드라마,미친ㅋㅋ 극한직업 팀이 다시 뭉쳐 숏 드라마를 만들면 벌어지는 일 ㅋㅋㅋ 개웃김,https://www.youtube.com/watch?v=a_dMmhu8b8Q,양하하하하하 젠장 큐피트 이 화살은 대체 뭐냐! 몸이 점점 달아오르고 있잖아!
숏드라마,미친ㅋㅋ 극한직업 팀이 다시 뭉쳐 숏 드라마를 만들면 벌어지는 일 ㅋㅋㅋ 개웃김,https://www.youtube.com/watch?v=a_dMmhu8b8Q,극한직업 : 광고편
숏드라마,미친ㅋㅋ 극한직업 팀이 다시 뭉쳐 숏 드라마를 만들면 벌어지는 일 ㅋㅋㅋ 개웃김,https://www.youtube.com/watch?v=a_dMmhu8b8Q,큐피드가 그리스 신화 크로노스급인데
숏드라마,미친ㅋㅋ 극한직업 팀이 다시 뭉쳐 숏 드라마를 만들면 벌어지는 일 ㅋㅋㅋ 개웃김,https://www.youtube.com/watch?v=a_dMmhu8b8Q,쇼츠인데 왜이렇게 길지 하면서 봤는데 2분30초였네ㅋㅋ
숏드라마,미친ㅋㅋ 극한직업 팀이 다시 뭉쳐 숏 드라마를 만들면 벌어지는 일 ㅋㅋㅋ 개웃김,https://www.youtube.com/watch?v=a_dMmhu8b8Q,나의 해방일지 결말포함 하나 만들어 주세요~~ 부탁드려요😊
숏드라마,미친ㅋㅋ 극한직업 팀이 다시 뭉쳐 숏 드라마를 만들면 벌어지는 일 ㅋㅋㅋ 개웃김,https://www.youtube.com/watch?v=a_dMmhu8b8Q,깜짝이야 ㅎㅎ
숏드라마,미친ㅋㅋ 극한직업 팀이 다시 뭉쳐 숏 드라마를 만들면 벌어지는 일 ㅋㅋㅋ 개웃김,https://www.youtube.com/watch?v=a_dMmhu8b8Q,왜 결말을 잘랐죠???<br><br><br>마지막 화살.....<br><br>명중 했습니까????
숏드라마,미친ㅋㅋ 극한직업 팀이 다시 뭉쳐 숏 드라마를 만들면 벌어지는 일 ㅋㅋㅋ 개웃김,https://www.youtube.com/watch?v=a_dMmhu8b8Q,의선이형 축협도 형이<br>해주면 안될까.. 진지해 나
숏드라마,미친ㅋㅋ 극한직업 팀이 다시 뭉쳐 숏 드라마를 만들면 벌어지는 일 ㅋㅋㅋ 개웃김,https://www.youtube.com/watch?v=a_dMmhu8b8Q,고 김수미 배우님 사랑합니다
숏드라마,미친ㅋㅋ 극한직업 팀이 다시 뭉쳐 숏 드라마를 만들면 벌어지는 일 ㅋㅋㅋ 개웃김,https://www.youtube.com/watch?v=a_dMmhu8b8Q,이게뭐야ㅋㅋㅋㅋㅋㅋㅋㅋㅋㅋㅋㅋㅋ
숏드라마,미친ㅋㅋ 극한직업 팀이 다시 뭉쳐 숏 드라마를 만들면 벌어지는 일 ㅋㅋㅋ 개웃김,https://www.youtube.com/watch?v=a_dMmhu8b8Q,ㅋㅋㅋㄱㄱ ㄹㅇ 웃기네
숏드라마,미친ㅋㅋ 극한직업 팀이 다시 뭉쳐 숏 드라마를 만들면 벌어지는 일 ㅋㅋㅋ 개웃김,https://www.youtube.com/watch?v=a_dMmhu8b8Q,이게 무슨 ㅋㅋㅋㅋㅋㅋㅋㅋㅋㅋㅋㅋㅋㅋㅋㅋㅋㅋㅋㅋ
숏드라마,미친ㅋㅋ 극한직업 팀이 다시 뭉쳐 숏 드라마를 만들면 벌어지는 일 ㅋㅋㅋ 개웃김,https://www.youtube.com/watch?v=a_dMmhu8b8Q,T미네이터 ㅈㄴ 웃기네ㅋㅋㅋㅋㅋㅋㅋㅋ
숏드라마,미친ㅋㅋ 극한직업 팀이 다시 뭉쳐 숏 드라마를 만들면 벌어지는 일 ㅋㅋㅋ 개웃김,https://www.youtube.com/watch?v=a_dMmhu8b8Q,애로사항ㅋㅋㅋㅋㅋㅋ
숏드라마,미친ㅋㅋ 극한직업 팀이 다시 뭉쳐 숏 드라마를 만들면 벌어지는 일 ㅋㅋㅋ 개웃김,https://www.youtube.com/watch?v=a_dMmhu8b8Q,ㅋㅋㅋㅋㅋ 뭔데
숏드라마,미친ㅋㅋ 극한직업 팀이 다시 뭉쳐 숏 드라마를 만들면 벌어지는 일 ㅋㅋㅋ 개웃김,https://www.youtube.com/watch?v=a_dMmhu8b8Q,"아 이영상 숏츠 3분 된다고 만드셨는데,,, 올라오는게 ㅠㅠ<br>유튜브 일 안하냐... <br>빨리 적용되게 해줘라 좀 ㅎㅎ"
숏드라마,미친ㅋㅋ 극한직업 팀이 다시 뭉쳐 숏 드라마를 만들면 벌어지는 일 ㅋㅋㅋ 개웃김,https://www.youtube.com/watch?v=a_dMmhu8b8Q,도랐ㅋㅋㅋㅋㅋ
숏드라마,미친ㅋㅋ 극한직업 팀이 다시 뭉쳐 숏 드라마를 만들면 벌어지는 일 ㅋㅋㅋ 개웃김,https://www.youtube.com/watch?v=a_dMmhu8b8Q,요즘 계속 우울했는데 이거보고 잠시 잊고 웃었네요.ㅋㅋㅋㅋ
숏드라마,미친ㅋㅋ 극한직업 팀이 다시 뭉쳐 숏 드라마를 만들면 벌어지는 일 ㅋㅋㅋ 개웃김,https://www.youtube.com/watch?v=a_dMmhu8b8Q,도랐...ㅋㅋㅋ
숏드라마,미친ㅋㅋ 극한직업 팀이 다시 뭉쳐 숏 드라마를 만들면 벌어지는 일 ㅋㅋㅋ 개웃김,https://www.youtube.com/watch?v=a_dMmhu8b8Q,ㅋㅋㅋㅋㅋㅋㅋㅋㅋㅋㅋㅋ
숏드라마,미친ㅋㅋ 극한직업 팀이 다시 뭉쳐 숏 드라마를 만들면 벌어지는 일 ㅋㅋㅋ 개웃김,https://www.youtube.com/watch?v=a_dMmhu8b8Q,머여~~~이게 현대차 광고임? 양궁 활 광고 하는줄 알았네
숏드라마,미친ㅋㅋ 극한직업 팀이 다시 뭉쳐 숏 드라마를 만들면 벌어지는 일 ㅋㅋㅋ 개웃김,https://www.youtube.com/watch?v=a_dMmhu8b8Q,??왜 싸다만 느낌이지
숏드라마,미친ㅋㅋ 극한직업 팀이 다시 뭉쳐 숏 드라마를 만들면 벌어지는 일 ㅋㅋㅋ 개웃김,https://www.youtube.com/watch?v=a_dMmhu8b8Q,ㅋㅋㅋㅋ 미취긋네 겁나 웃긴당 ㅋㅋㅋㅋ
숏드라마,미친ㅋㅋ 극한직업 팀이 다시 뭉쳐 숏 드라마를 만들면 벌어지는 일 ㅋㅋㅋ 개웃김,https://www.youtube.com/watch?v=a_dMmhu8b8Q,외모췓ㄱ ㅋㅋㅋㅋㅋㅋㅋㅋ
숏드라마,미친ㅋㅋ 극한직업 팀이 다시 뭉쳐 숏 드라마를 만들면 벌어지는 일 ㅋㅋㅋ 개웃김,https://www.youtube.com/watch?v=a_dMmhu8b8Q,ㅌㅋㅋㅋㅋㅋㅋㅋ
숏드라마,미친ㅋㅋ 극한직업 팀이 다시 뭉쳐 숏 드라마를 만들면 벌어지는 일 ㅋㅋㅋ 개웃김,https://www.youtube.com/watch?v=a_dMmhu8b8Q,ㄴㅇㄱ
숏드라마,미친ㅋㅋ 극한직업 팀이 다시 뭉쳐 숏 드라마를 만들면 벌어지는 일 ㅋㅋㅋ 개웃김,https://www.youtube.com/watch?v=a_dMmhu8b8Q,이게뭐얔ㅋㅋㅋㅋㅋㅋㅋㅋㅋㅋㅋㅋㅋㅋㅋㅋㅋㅋㅋㅋㅋㅋㅋㅋㅋㅋㅋㅋㅋㅋㅋㅋㅋㅋㅋㅋㅋㅋㅋㅋㅋㅋㅋㅋㅋㅋㅋㅋㅋㅋㅋㅋㅋㅋㅋㅋㅋㅋㅋㅋㅋㅋㅋㅋㅋㅋㅋㅋㅋㅋㅋㅋㅋㅋㅋㅋㅋㅋㅋㅋㅋㅋㅋㅋㅋㅋㅋㅋㅋㅋㅋㅋㅋㅋㅋ
숏드라마,미친ㅋㅋ 극한직업 팀이 다시 뭉쳐 숏 드라마를 만들면 벌어지는 일 ㅋㅋㅋ 개웃김,https://www.youtube.com/watch?v=a_dMmhu8b8Q,내가 뭘 본거지
숏드라마,미친ㅋㅋ 극한직업 팀이 다시 뭉쳐 숏 드라마를 만들면 벌어지는 일 ㅋㅋㅋ 개웃김,https://www.youtube.com/watch?v=a_dMmhu8b8Q,정말 mz 하네요
숏드라마,미친ㅋㅋ 극한직업 팀이 다시 뭉쳐 숏 드라마를 만들면 벌어지는 일 ㅋㅋㅋ 개웃김,https://www.youtube.com/watch?v=a_dMmhu8b8Q,오우.. 아마존 스타일;;
숏드라마,미친ㅋㅋ 극한직업 팀이 다시 뭉쳐 숏 드라마를 만들면 벌어지는 일 ㅋㅋㅋ 개웃김,https://www.youtube.com/watch?v=a_dMmhu8b8Q,현타가 현대 광고구나 ^^
숏드라마,미친ㅋㅋ 극한직업 팀이 다시 뭉쳐 숏 드라마를 만들면 벌어지는 일 ㅋㅋㅋ 개웃김,https://www.youtube.com/watch?v=a_dMmhu8b8Q,혼란하다 혼란해!!!!
숏드라마,미친ㅋㅋ 극한직업 팀이 다시 뭉쳐 숏 드라마를 만들면 벌어지는 일 ㅋㅋㅋ 개웃김,https://www.youtube.com/watch?v=a_dMmhu8b8Q,진선 규피트 도랐나
숏드라마,미친ㅋㅋ 극한직업 팀이 다시 뭉쳐 숏 드라마를 만들면 벌어지는 일 ㅋㅋㅋ 개웃김,https://www.youtube.com/watch?v=a_dMmhu8b8Q,&#39;그&#39; 유괴단인 줄
숏드라마,미친ㅋㅋ 극한직업 팀이 다시 뭉쳐 숏 드라마를 만들면 벌어지는 일 ㅋㅋㅋ 개웃김,https://www.youtube.com/watch?v=a_dMmhu8b8Q,"큐피드는 사실 그리스 로마 신화 속에서 매우 높은 지위를 가진, 그 제우스마저도 조금은 눈치를 봐야하는 신 중 한명이다."
숏드라마,미친ㅋㅋ 극한직업 팀이 다시 뭉쳐 숏 드라마를 만들면 벌어지는 일 ㅋㅋㅋ 개웃김,https://www.youtube.com/watch?v=a_dMmhu8b8Q,😮
숏드라마,미친ㅋㅋ 극한직업 팀이 다시 뭉쳐 숏 드라마를 만들면 벌어지는 일 ㅋㅋㅋ 개웃김,https://www.youtube.com/watch?v=a_dMmhu8b8Q,현타를 어떻게 극복했을까
숏드라마,미친ㅋㅋ 극한직업 팀이 다시 뭉쳐 숏 드라마를 만들면 벌어지는 일 ㅋㅋㅋ 개웃김,https://www.youtube.com/watch?v=a_dMmhu8b8Q,양하하하하하 젠장 큐피트 이 화살은 대체 뭐냐! 몸이 점점 달아오르고 있잖아!
숏드라마,미친ㅋㅋ 극한직업 팀이 다시 뭉쳐 숏 드라마를 만들면 벌어지는 일 ㅋㅋㅋ 개웃김,https://www.youtube.com/watch?v=a_dMmhu8b8Q,이게뭐야 ㅋㅋㅋ
숏드라마,미친ㅋㅋ 극한직업 팀이 다시 뭉쳐 숏 드라마를 만들면 벌어지는 일 ㅋㅋㅋ 개웃김,https://www.youtube.com/watch?v=a_dMmhu8b8Q,진선큐피트 ㅋㅋㅋ 🪽😇🪽
숏드라마,미친ㅋㅋ 극한직업 팀이 다시 뭉쳐 숏 드라마를 만들면 벌어지는 일 ㅋㅋㅋ 개웃김,https://www.youtube.com/watch?v=a_dMmhu8b8Q,이..이게 뭐노
숏드라마,미친ㅋㅋ 극한직업 팀이 다시 뭉쳐 숏 드라마를 만들면 벌어지는 일 ㅋㅋㅋ 개웃김,https://www.youtube.com/watch?v=a_dMmhu8b8Q,:)
숏드라마,미친ㅋㅋ 극한직업 팀이 다시 뭉쳐 숏 드라마를 만들면 벌어지는 일 ㅋㅋㅋ 개웃김,https://www.youtube.com/watch?v=a_dMmhu8b8Q,?
숏드라마,미친ㅋㅋ 극한직업 팀이 다시 뭉쳐 숏 드라마를 만들면 벌어지는 일 ㅋㅋㅋ 개웃김,https://www.youtube.com/watch?v=a_dMmhu8b8Q,😅😅😂😂😂
숏드라마,미친ㅋㅋ 극한직업 팀이 다시 뭉쳐 숏 드라마를 만들면 벌어지는 일 ㅋㅋㅋ 개웃김,https://www.youtube.com/watch?v=a_dMmhu8b8Q,아니 겁나 웃기네ㅋㅋㅋㅋ😂
숏드라마,미친ㅋㅋ 극한직업 팀이 다시 뭉쳐 숏 드라마를 만들면 벌어지는 일 ㅋㅋㅋ 개웃김,https://www.youtube.com/watch?v=a_dMmhu8b8Q,"*🎬현대차 숏 드라마 ≪큐피드의 애로사항≫입니다.<br>📌 ≪큐피드의 애로사항≫ 풀버전 바로 보러 가기<br>🔗 <a href=""http://bit.ly/hdshorts"">bit.ly/hdshorts</a>"
숏드라마,무당VS악마! #사탄여친 #topreels #drama #숏드라마 #movie #kdrama #숏폼드라마,https://www.youtube.com/watch?v=KKKNS3HBbaw,이런 드라마 나옴 대박 치겠다.<br>돌비 윤후혜인 아빠 만신 할머니 레퍼런스 하고.<br>넘 너무 재밌네.
숏드라마,무당VS악마! #사탄여친 #topreels #drama #숏드라마 #movie #kdrama #숏폼드라마,https://www.youtube.com/watch?v=KKKNS3HBbaw,무당분역도 귀신 남자 분도 연기 후덜덜하네😮
숏드라마,무당VS악마! #사탄여친 #topreels #drama #숏드라마 #movie #kdrama #숏폼드라마,https://www.youtube.com/watch?v=KKKNS3HBbaw,역쉬 한국꺼야ㅎㅎㅎ 연기력이 대박입돠
숏드라마,무당VS악마! #사탄여친 #topreels #drama #숏드라마 #movie #kdrama #숏폼드라마,https://www.youtube.com/watch?v=KKKNS3HBbaw,후덜덜덜덜덜
숏드라마,무당VS악마! #사탄여친 #topreels #drama #숏드라마 #movie #kdrama #숏폼드라마,https://www.youtube.com/watch?v=KKKNS3HBbaw,대한민국에 이런 연기자가 계셔서 정말 자랑스럽습니다 고맙습니다 만수무강하세요 부자되세요 영혼갑부 사랑갑부 돈갑부 다 가지세요
숏드라마,무당VS악마! #사탄여친 #topreels #drama #숏드라마 #movie #kdrama #숏폼드라마,https://www.youtube.com/watch?v=KKKNS3HBbaw,무당역할 진짜 100%입니다 이 분 성함 아시는 분???
숏드라마,무당VS악마! #사탄여친 #topreels #drama #숏드라마 #movie #kdrama #숏폼드라마,https://www.youtube.com/watch?v=KKKNS3HBbaw,영환데.....?
숏드라마,무당VS악마! #사탄여친 #topreels #drama #숏드라마 #movie #kdrama #숏폼드라마,https://www.youtube.com/watch?v=KKKNS3HBbaw,귀신들어간자들  제일불쌍한존재 인간이죽어서 떠도는혼령아니고 타락한천사들이 인간에혼에들어와조종하는것 예수님이 3년반 사역하신일이 귀신쫗아내고 병고치고 천국복음전하신일 귀신 사탄은 심판날에 불과유황의연못에가둠 예수님믿고 예수님이름으로물리치면떠나감 두려운대상이아님 요새드라마는  귀신은 선으로 능력자로표현함 잘못된상식 하나님이신 예수그리스도 이름의권세로 다 물리치면됨 주 예수를믿으라 그리하면 너와너집에 구원을얻으리라 아~멘
숏드라마,무당VS악마! #사탄여친 #topreels #drama #숏드라마 #movie #kdrama #숏폼드라마,https://www.youtube.com/watch?v=KKKNS3HBbaw,무서웡 ㅠ
숏드라마,무당VS악마! #사탄여친 #topreels #drama #숏드라마 #movie #kdrama #숏폼드라마,https://www.youtube.com/watch?v=KKKNS3HBbaw,제목
숏드라마,무당VS악마! #사탄여친 #topreels #drama #숏드라마 #movie #kdrama #숏폼드라마,https://www.youtube.com/watch?v=KKKNS3HBbaw,요즘 10원짜리 욕이 적나라하게 <br>잘 쓰네!<br>그러니 한류 땜에 세계적으로 <br>쓰이는 욕이 될 수밖에~<br>에그~!!!
숏드라마,무당VS악마! #사탄여친 #topreels #drama #숏드라마 #movie #kdrama #숏폼드라마,https://www.youtube.com/watch?v=KKKNS3HBbaw,무당 디질래 옷입었네
숏드라마,무당VS악마! #사탄여친 #topreels #drama #숏드라마 #movie #kdrama #숏폼드라마,https://www.youtube.com/watch?v=KKKNS3HBbaw,무당연기자분 역시 베테랑이라 다르시군요😊
숏드라마,무당VS악마! #사탄여친 #topreels #drama #숏드라마 #movie #kdrama #숏폼드라마,https://www.youtube.com/watch?v=KKKNS3HBbaw,무당님 디올 잠바 입으심😂
숏드라마,무당VS악마! #사탄여친 #topreels #drama #숏드라마 #movie #kdrama #숏폼드라마,https://www.youtube.com/watch?v=KKKNS3HBbaw,이런 설정 되게 재미있네요~~~~~~~~~~정말 영화나 드라마나 제대로 나와도 좋겠다.
숏드라마,무당VS악마! #사탄여친 #topreels #drama #숏드라마 #movie #kdrama #숏폼드라마,https://www.youtube.com/watch?v=KKKNS3HBbaw,영역전개ㄷㄷ
숏드라마,무당VS악마! #사탄여친 #topreels #drama #숏드라마 #movie #kdrama #숏폼드라마,https://www.youtube.com/watch?v=KKKNS3HBbaw,남자 비호감
숏드라마,무당VS악마! #사탄여친 #topreels #drama #숏드라마 #movie #kdrama #숏폼드라마,https://www.youtube.com/watch?v=KKKNS3HBbaw,디올 처 입은 무당 잘 그려냄
숏드라마,무당VS악마! #사탄여친 #topreels #drama #숏드라마 #movie #kdrama #숏폼드라마,https://www.youtube.com/watch?v=KKKNS3HBbaw,연기 쩐다~  무당 👍
숏드라마,무당VS악마! #사탄여친 #topreels #drama #숏드라마 #movie #kdrama #숏폼드라마,https://www.youtube.com/watch?v=KKKNS3HBbaw,악마 쎈척하더니 ㅈ밥이었누 ㅋ
숏드라마,무당VS악마! #사탄여친 #topreels #drama #숏드라마 #movie #kdrama #숏폼드라마,https://www.youtube.com/watch?v=KKKNS3HBbaw,악마가 너무 떨어진다;;;;;;
숏드라마,무당VS악마! #사탄여친 #topreels #drama #숏드라마 #movie #kdrama #숏폼드라마,https://www.youtube.com/watch?v=KKKNS3HBbaw,료이키텐카이
숏드라마,무당VS악마! #사탄여친 #topreels #drama #숏드라마 #movie #kdrama #숏폼드라마,https://www.youtube.com/watch?v=KKKNS3HBbaw,"신기가있는 사람이 있고없고가 아니라, 신은 늘존재하는거며 시비할 신의감동이 붙은거다. 당연히 말이 다맞지않지. 억울하게아파서 거는상처된 말인데....... 화라고 하는거다. 신앙인하는 의무필요없고 필요할때 각자 린하는 신앙까지면 되요."
숏드라마,무당VS악마! #사탄여친 #topreels #drama #숏드라마 #movie #kdrama #숏폼드라마,https://www.youtube.com/watch?v=KKKNS3HBbaw,남배우님도 그 드라마 싸움잘하는분으로나온분인데
숏드라마,무당VS악마! #사탄여친 #topreels #drama #숏드라마 #movie #kdrama #숏폼드라마,https://www.youtube.com/watch?v=KKKNS3HBbaw,헐 디올 옷입은 무당  ...
숏드라마,무당VS악마! #사탄여친 #topreels #drama #숏드라마 #movie #kdrama #숏폼드라마,https://www.youtube.com/watch?v=KKKNS3HBbaw,미쳣다
숏드라마,무당VS악마! #사탄여친 #topreels #drama #숏드라마 #movie #kdrama #숏폼드라마,https://www.youtube.com/watch?v=KKKNS3HBbaw,꼭봐야지~
숏드라마,무당VS악마! #사탄여친 #topreels #drama #숏드라마 #movie #kdrama #숏폼드라마,https://www.youtube.com/watch?v=KKKNS3HBbaw,이거 어디서 볼수있어요?
숏드라마,무당VS악마! #사탄여친 #topreels #drama #숏드라마 #movie #kdrama #숏폼드라마,https://www.youtube.com/watch?v=KKKNS3HBbaw,하..ㅅㅂ 진짜 리얼  저거 당해본 입장이라ㅋㅋㅋ 하
숏드라마,무당VS악마! #사탄여친 #topreels #drama #숏드라마 #movie #kdrama #숏폼드라마,https://www.youtube.com/watch?v=KKKNS3HBbaw,재밋것네😮😮😮
숏드라마,무당VS악마! #사탄여친 #topreels #drama #숏드라마 #movie #kdrama #숏폼드라마,https://www.youtube.com/watch?v=KKKNS3HBbaw,흙으로 돌아간 무당이시네요 ㅋ
숏드라마,무당VS악마! #사탄여친 #topreels #drama #숏드라마 #movie #kdrama #숏폼드라마,https://www.youtube.com/watch?v=KKKNS3HBbaw,이거. 영화예요<br>드라마 예요
숏드라마,무당VS악마! #사탄여친 #topreels #drama #숏드라마 #movie #kdrama #숏폼드라마,https://www.youtube.com/watch?v=KKKNS3HBbaw,저여자분 손님에서 나온 무당분이네요
숏드라마,무당VS악마! #사탄여친 #topreels #drama #숏드라마 #movie #kdrama #숏폼드라마,https://www.youtube.com/watch?v=KKKNS3HBbaw,영화에요?
숏드라마,무당VS악마! #사탄여친 #topreels #drama #숏드라마 #movie #kdrama #숏폼드라마,https://www.youtube.com/watch?v=KKKNS3HBbaw,실체없는 관념의 세계...  백해무익이다.
숏드라마,무당VS악마! #사탄여친 #topreels #drama #숏드라마 #movie #kdrama #숏폼드라마,https://www.youtube.com/watch?v=KKKNS3HBbaw,무당의 영역 전개 영상 쩌네
숏드라마,무당VS악마! #사탄여친 #topreels #drama #숏드라마 #movie #kdrama #숏폼드라마,https://www.youtube.com/watch?v=KKKNS3HBbaw,영화나드라마 쇼츠아니가
숏드라마,무당VS악마! #사탄여친 #topreels #drama #숏드라마 #movie #kdrama #숏폼드라마,https://www.youtube.com/watch?v=KKKNS3HBbaw,영역전개는 못참지 ㄷㅇㅇ
숏드라마,무당VS악마! #사탄여친 #topreels #drama #숏드라마 #movie #kdrama #숏폼드라마,https://www.youtube.com/watch?v=KKKNS3HBbaw,쥴리?  ㅎ
숏드라마,무당VS악마! #사탄여친 #topreels #drama #숏드라마 #movie #kdrama #숏폼드라마,https://www.youtube.com/watch?v=KKKNS3HBbaw,"초반에 무당 카리스마에 묵직한 스릴러같아, 찾아볼까 하다 거울앞에서 쉐도우복싱하는 악귀 보고 피식 했다 고맙다 안찾아보게 해줘서"
숏드라마,무당VS악마! #사탄여친 #topreels #drama #숏드라마 #movie #kdrama #숏폼드라마,https://www.youtube.com/watch?v=KKKNS3HBbaw,진짜 악마면 무당이 밀릴텐데<br><br>악마가 아니라 허주인가봐
숏드라마,무당VS악마! #사탄여친 #topreels #drama #숏드라마 #movie #kdrama #숏폼드라마,https://www.youtube.com/watch?v=KKKNS3HBbaw,트롯가수 나이어린 김다현 닮았네 저 무당배우
숏드라마,무당VS악마! #사탄여친 #topreels #drama #숏드라마 #movie #kdrama #숏폼드라마,https://www.youtube.com/watch?v=KKKNS3HBbaw,와 연기에 빨려 들어가네
숏드라마,무당VS악마! #사탄여친 #topreels #drama #숏드라마 #movie #kdrama #숏폼드라마,https://www.youtube.com/watch?v=KKKNS3HBbaw,무당이 다살렸네
숏드라마,무당VS악마! #사탄여친 #topreels #drama #숏드라마 #movie #kdrama #숏폼드라마,https://www.youtube.com/watch?v=KKKNS3HBbaw,오...연기쥑이네용 저런무당있으면 나도가보고싶노ㅋ
숏드라마,무당VS악마! #사탄여친 #topreels #drama #숏드라마 #movie #kdrama #숏폼드라마,https://www.youtube.com/watch?v=KKKNS3HBbaw,"연기자니까.무당연기 잘하시고,귀신도  알고떠는 예수님 만나시기를 나의하나님께 기도합니다."
숏드라마,무당VS악마! #사탄여친 #topreels #drama #숏드라마 #movie #kdrama #숏폼드라마,https://www.youtube.com/watch?v=KKKNS3HBbaw,연기잘한다...
숏드라마,무당VS악마! #사탄여친 #topreels #drama #숏드라마 #movie #kdrama #숏폼드라마,https://www.youtube.com/watch?v=KKKNS3HBbaw,쓰잘대기 하나없는<br>이런 영상 으로 돈벌이<br>하고 싶은가?<br>이왕지사 영상 만들어 할거면 선한 영향 받을수 있는것 올리지<br>저급한 영상본 내 두눈과 두귀가<br>아주 더렵혀진 기분<br>감출수 없다.
숏드라마,무당VS악마! #사탄여친 #topreels #drama #숏드라마 #movie #kdrama #숏폼드라마,https://www.youtube.com/watch?v=KKKNS3HBbaw,어디서볼수있는건가요?
숏드라마,무당VS악마! #사탄여친 #topreels #drama #숏드라마 #movie #kdrama #숏폼드라마,https://www.youtube.com/watch?v=KKKNS3HBbaw,오...이거 뭐지 ??
숏드라마,무당VS악마! #사탄여친 #topreels #drama #숏드라마 #movie #kdrama #숏폼드라마,https://www.youtube.com/watch?v=KKKNS3HBbaw,아크로비스타에 잡년잡놈도 좀 어뜨케 해주세요
숏드라마,무당VS악마! #사탄여친 #topreels #drama #숏드라마 #movie #kdrama #숏폼드라마,https://www.youtube.com/watch?v=KKKNS3HBbaw,드라마 한편 봤네요.  와.. 연기 진짜 잘하시네요. 👍👍
숏드라마,무당VS악마! #사탄여친 #topreels #drama #숏드라마 #movie #kdrama #숏폼드라마,https://www.youtube.com/watch?v=KKKNS3HBbaw,재밋다 어디서 보는거지?
숏드라마,무당VS악마! #사탄여친 #topreels #drama #숏드라마 #movie #kdrama #숏폼드라마,https://www.youtube.com/watch?v=KKKNS3HBbaw,숏드라마가 이제는 TV드라마 뺨을 때려버리네.
숏드라마,무당VS악마! #사탄여친 #topreels #drama #숏드라마 #movie #kdrama #숏폼드라마,https://www.youtube.com/watch?v=KKKNS3HBbaw,무당역이 <br>클래스가 다르네;;
숏드라마,무당VS악마! #사탄여친 #topreels #drama #숏드라마 #movie #kdrama #숏폼드라마,https://www.youtube.com/watch?v=KKKNS3HBbaw,벽사신당 한울 선생님 같아요 ❤
숏드라마,무당VS악마! #사탄여친 #topreels #drama #숏드라마 #movie #kdrama #숏폼드라마,https://www.youtube.com/watch?v=KKKNS3HBbaw,벽화신당 선생님 같아요 ❤
숏드라마,무당VS악마! #사탄여친 #topreels #drama #숏드라마 #movie #kdrama #숏폼드라마,https://www.youtube.com/watch?v=KKKNS3HBbaw,와..연기뭐예요
숏드라마,무당VS악마! #사탄여친 #topreels #drama #숏드라마 #movie #kdrama #숏폼드라마,https://www.youtube.com/watch?v=KKKNS3HBbaw,재밌는데? 뒷 부분은 어디??
숏드라마,무당VS악마! #사탄여친 #topreels #drama #숏드라마 #movie #kdrama #숏폼드라마,https://www.youtube.com/watch?v=KKKNS3HBbaw,거니 덕분에 무당 드라마도 보내
숏드라마,무당VS악마! #사탄여친 #topreels #drama #숏드라마 #movie #kdrama #숏폼드라마,https://www.youtube.com/watch?v=KKKNS3HBbaw,그래서 이게 제목이 뭐라는 겁니까?
숏드라마,무당VS악마! #사탄여친 #topreels #drama #숏드라마 #movie #kdrama #숏폼드라마,https://www.youtube.com/watch?v=KKKNS3HBbaw,이런드라마로 국민들이 일개 무당을 신격화로 믿을지 걱정됩니다.무당은 한낱귀신을 등에업고 인간의 과거와 아픈사연정도로 그사람의 약점을 가지고 돈을 뜯어내는게 유일한 목적을 가지고있습니다.절대 무당에 현혹되지말고 재미로만 보길바랍니다.지구  아니 우주에 제일 높은신 하나님만이 당신을 지옥에서 구원해주실분입니다.
숏드라마,무당VS악마! #사탄여친 #topreels #drama #숏드라마 #movie #kdrama #숏폼드라마,https://www.youtube.com/watch?v=KKKNS3HBbaw,욕을 좀더 패륜적이게 부탁드리겟습니다 좀 밍밍하네요
숏드라마,무당VS악마! #사탄여친 #topreels #drama #숏드라마 #movie #kdrama #숏폼드라마,https://www.youtube.com/watch?v=KKKNS3HBbaw,난리났네 난리났어~어디 신끼없는사람은 서러워서 살겠나
숏드라마,무당VS악마! #사탄여친 #topreels #drama #숏드라마 #movie #kdrama #숏폼드라마,https://www.youtube.com/watch?v=KKKNS3HBbaw,연기죽음이다 무당연기
숏드라마,무당VS악마! #사탄여친 #topreels #drama #숏드라마 #movie #kdrama #숏폼드라마,https://www.youtube.com/watch?v=KKKNS3HBbaw,바로 정주행 하러 간다
숏드라마,무당VS악마! #사탄여친 #topreels #drama #숏드라마 #movie #kdrama #숏폼드라마,https://www.youtube.com/watch?v=KKKNS3HBbaw,무당누나 이쁜데
숏드라마,무당VS악마! #사탄여친 #topreels #drama #숏드라마 #movie #kdrama #숏폼드라마,https://www.youtube.com/watch?v=KKKNS3HBbaw,와😮  이거 재밌다 드라마인줄😂
숏드라마,무당VS악마! #사탄여친 #topreels #drama #숏드라마 #movie #kdrama #숏폼드라마,https://www.youtube.com/watch?v=KKKNS3HBbaw,이 드라마 어디서 볼수 있나요?
숏드라마,무당VS악마! #사탄여친 #topreels #drama #숏드라마 #movie #kdrama #숏폼드라마,https://www.youtube.com/watch?v=KKKNS3HBbaw,숏폼인데 연기를 너무 잘하자나 영화인줄알고 검색했자나
숏드라마,무당VS악마! #사탄여친 #topreels #drama #숏드라마 #movie #kdrama #숏폼드라마,https://www.youtube.com/watch?v=KKKNS3HBbaw,연기 대박.. 몰입도 👍
숏드라마,무당VS악마! #사탄여친 #topreels #drama #숏드라마 #movie #kdrama #숏폼드라마,https://www.youtube.com/watch?v=KKKNS3HBbaw,영역전개 쩌는데?
숏드라마,무당VS악마! #사탄여친 #topreels #drama #숏드라마 #movie #kdrama #숏폼드라마,https://www.youtube.com/watch?v=KKKNS3HBbaw,연기력과 각본이 대단합니다
숏드라마,무당VS악마! #사탄여친 #topreels #drama #숏드라마 #movie #kdrama #숏폼드라마,https://www.youtube.com/watch?v=KKKNS3HBbaw,"우와 저건 단순 무속인모델이아닙니다, 오랜수행과 기도에서 나오는 내공입니다🎉🎉🎉"
숏드라마,무당VS악마! #사탄여친 #topreels #drama #숏드라마 #movie #kdrama #숏폼드라마,https://www.youtube.com/watch?v=KKKNS3HBbaw,약한영웅의 빌런이 진짜 악망가 되어서 돌아왔네 ㅋ ㅋ ㅋ
숏드라마,무당VS악마! #사탄여친 #topreels #drama #숏드라마 #movie #kdrama #숏폼드라마,https://www.youtube.com/watch?v=KKKNS3HBbaw,왜 섹시하지 나 무당 싫고 무서운데...
숏드라마,무당VS악마! #사탄여친 #topreels #drama #숏드라마 #movie #kdrama #숏폼드라마,https://www.youtube.com/watch?v=KKKNS3HBbaw,난리났네. 난리났어. 어데 오빠 없는 무당은 서러버 살갰나
숏드라마,무당VS악마! #사탄여친 #topreels #drama #숏드라마 #movie #kdrama #숏폼드라마,https://www.youtube.com/watch?v=KKKNS3HBbaw,욕하는 소리 너무 리얼같아서 그런가 듣기 싫네. <br>아름다운 말만 해도 좋은 세상인데.
숏드라마,무당VS악마! #사탄여친 #topreels #drama #숏드라마 #movie #kdrama #숏폼드라마,https://www.youtube.com/watch?v=KKKNS3HBbaw,뭔 사탄 악마여~~ㅋ 그냥 잡귀지...
숏드라마,무당VS악마! #사탄여친 #topreels #drama #숏드라마 #movie #kdrama #숏폼드라마,https://www.youtube.com/watch?v=KKKNS3HBbaw,무당연기자분이 멱살잡고 드라마 끌고가네요
숏드라마,무당VS악마! #사탄여친 #topreels #drama #숏드라마 #movie #kdrama #숏폼드라마,https://www.youtube.com/watch?v=KKKNS3HBbaw,심야괴담 새 시즌인줄 ❤❤❤❤❤❤❤
숏드라마,무당VS악마! #사탄여친 #topreels #drama #숏드라마 #movie #kdrama #숏폼드라마,https://www.youtube.com/watch?v=KKKNS3HBbaw,와 무당 무섭다
숏드라마,무당VS악마! #사탄여친 #topreels #drama #숏드라마 #movie #kdrama #숏폼드라마,https://www.youtube.com/watch?v=KKKNS3HBbaw,헐 궁금하다
숏드라마,무당VS악마! #사탄여친 #topreels #drama #숏드라마 #movie #kdrama #숏폼드라마,https://www.youtube.com/watch?v=KKKNS3HBbaw,ㅈ을 까래잖아요 성불시키려면 ㅜㅜ 모든 남자들이 성불하는 방법인디;;;
숏드라마,무당VS악마! #사탄여친 #topreels #drama #숏드라마 #movie #kdrama #숏폼드라마,https://www.youtube.com/watch?v=KKKNS3HBbaw,어떤 게 나라를 개판으로 만들어서 어디서 죄다 이런 것만 나오냐~ 나라가 온통 굿판이로구나~ 참나..
숏드라마,무당VS악마! #사탄여친 #topreels #drama #숏드라마 #movie #kdrama #숏폼드라마,https://www.youtube.com/watch?v=KKKNS3HBbaw,아.. 결졔마려.
숏드라마,무당VS악마! #사탄여친 #topreels #drama #숏드라마 #movie #kdrama #숏폼드라마,https://www.youtube.com/watch?v=KKKNS3HBbaw,무당 죽인다 연기
숏드라마,무당VS악마! #사탄여친 #topreels #drama #숏드라마 #movie #kdrama #숏폼드라마,https://www.youtube.com/watch?v=KKKNS3HBbaw,날리났네 날리났어 동자신 없는사람 서러워서 살겠나?!!
숏드라마,무당VS악마! #사탄여친 #topreels #drama #숏드라마 #movie #kdrama #숏폼드라마,https://www.youtube.com/watch?v=KKKNS3HBbaw,이게 뭔데~ 어디서 볼 수 있는건데
숏드라마,무당VS악마! #사탄여친 #topreels #drama #숏드라마 #movie #kdrama #숏폼드라마,https://www.youtube.com/watch?v=KKKNS3HBbaw,참<br>놀고들 <br>있으시네요<br>ㅎ<br>그쵸
숏드라마,무당VS악마! #사탄여친 #topreels #drama #숏드라마 #movie #kdrama #숏폼드라마,https://www.youtube.com/watch?v=KKKNS3HBbaw,쩐다.디올 잠바 나 주랑
숏드라마,무당VS악마! #사탄여친 #topreels #drama #숏드라마 #movie #kdrama #숏폼드라마,https://www.youtube.com/watch?v=KKKNS3HBbaw,이게  어디서 해요?
숏드라마,무당VS악마! #사탄여친 #topreels #drama #숏드라마 #movie #kdrama #숏폼드라마,https://www.youtube.com/watch?v=KKKNS3HBbaw,무슨 드라마 플랫폼인가요?
숏드라마,무당VS악마! #사탄여친 #topreels #drama #숏드라마 #movie #kdrama #숏폼드라마,https://www.youtube.com/watch?v=KKKNS3HBbaw,주술화전인가?
숏드라마,무당VS악마! #사탄여친 #topreels #drama #숏드라마 #movie #kdrama #숏폼드라마,https://www.youtube.com/watch?v=KKKNS3HBbaw,대박이다
숏드라마,무당VS악마! #사탄여친 #topreels #drama #숏드라마 #movie #kdrama #숏폼드라마,https://www.youtube.com/watch?v=KKKNS3HBbaw,없는걸 자꾸 까래~꼰대냐 할수있는걸시켜
숏드라마,무당VS악마! #사탄여친 #topreels #drama #숏드라마 #movie #kdrama #숏폼드라마,https://www.youtube.com/watch?v=KKKNS3HBbaw,맞아 너한테 귀신씌엿네 너한테이야기하지 그러면 누구한테이야기 하겟어 너는 죽을거야 뭐해!  언능 꺼지라니깐 너누구한테 빌붙엇어 ㅋㅋ고마워요
숏드라마,무당VS악마! #사탄여친 #topreels #drama #숏드라마 #movie #kdrama #숏폼드라마,https://www.youtube.com/watch?v=KKKNS3HBbaw,ㅋㅋ 넘 재미있당!
숏드라마,무당VS악마! #사탄여친 #topreels #drama #숏드라마 #movie #kdrama #숏폼드라마,https://www.youtube.com/watch?v=KKKNS3HBbaw,둘 다 연기 잘하네. 나도 모르게 끝까지 봤네ㅋ
숏드라마,무당VS악마! #사탄여친 #topreels #drama #숏드라마 #movie #kdrama #숏폼드라마,https://www.youtube.com/watch?v=KKKNS3HBbaw,난 주예수 그리스도 믿으니 덤벼도안됨
숏드라마,무당VS악마! #사탄여친 #topreels #drama #숏드라마 #movie #kdrama #숏폼드라마,https://www.youtube.com/watch?v=KKKNS3HBbaw,난리났네 난리났어 어디 동자없는 사람 서러버살겠나
숏드라마,무당VS악마! #사탄여친 #topreels #drama #숏드라마 #movie #kdrama #숏폼드라마,https://www.youtube.com/watch?v=KKKNS3HBbaw,저 남자. 진짜 재섭게 생겼네
숏드라마,무당VS악마! #사탄여친 #topreels #drama #숏드라마 #movie #kdrama #숏폼드라마,https://www.youtube.com/watch?v=KKKNS3HBbaw,연기력 뭐야 !! 지린다
숏드라마,무당VS악마! #사탄여친 #topreels #drama #숏드라마 #movie #kdrama #숏폼드라마,https://www.youtube.com/watch?v=KKKNS3HBbaw,무당역 배우님 유퀴즈에도 나오셨는데..<br>아무말도 안하고 조셉 쳐다보기만 했는데 조셉..울었음..그냥 바라보고 눈빛만으로도 사람을 울릴만큼 연기 진짜 잘하심..
숏드라마,무당VS악마! #사탄여친 #topreels #drama #숏드라마 #movie #kdrama #숏폼드라마,https://www.youtube.com/watch?v=KKKNS3HBbaw,ㅈ 이 없는것 같은데 멀 까라는 말인가?
숏드라마,무당VS악마! #사탄여친 #topreels #drama #숏드라마 #movie #kdrama #숏폼드라마,https://www.youtube.com/watch?v=KKKNS3HBbaw,이건 드라마 이름이 사탄여친인가요? 어디서 하는거지..?
숏드라마,무당VS악마! #사탄여친 #topreels #drama #숏드라마 #movie #kdrama #숏폼드라마,https://www.youtube.com/watch?v=KKKNS3HBbaw,여자한테 ㅈㄲ 하면 효력있냐 ?
숏드라마,무당VS악마! #사탄여친 #topreels #drama #숏드라마 #movie #kdrama #숏폼드라마,https://www.youtube.com/watch?v=KKKNS3HBbaw,나의 영역?
숏드라마,무당VS악마! #사탄여친 #topreels #drama #숏드라마 #movie #kdrama #숏폼드라마,https://www.youtube.com/watch?v=KKKNS3HBbaw,재밌네요
숏드라마,무당VS악마! #사탄여친 #topreels #drama #숏드라마 #movie #kdrama #숏폼드라마,https://www.youtube.com/watch?v=KKKNS3HBbaw,와 영화같다
숏드라마,무당VS악마! #사탄여친 #topreels #drama #숏드라마 #movie #kdrama #숏폼드라마,https://www.youtube.com/watch?v=KKKNS3HBbaw,드라마인가요?ㆍ 제목이 무당인거예요?
숏드라마,무당VS악마! #사탄여친 #topreels #drama #숏드라마 #movie #kdrama #숏폼드라마,https://www.youtube.com/watch?v=KKKNS3HBbaw,이렇게 쌘 무당이라니🤩반했어요
숏드라마,무당VS악마! #사탄여친 #topreels #drama #숏드라마 #movie #kdrama #숏폼드라마,https://www.youtube.com/watch?v=KKKNS3HBbaw,아니 그래서 어떻게 된거에요?<br>보다보니 궁금해 미치겠네요.😮
숏드라마,무당VS악마! #사탄여친 #topreels #drama #숏드라마 #movie #kdrama #숏폼드라마,https://www.youtube.com/watch?v=KKKNS3HBbaw,그래서 ... 거가 어뎌? 나도좀 보자아~~~
숏드라마,무당VS악마! #사탄여친 #topreels #drama #숏드라마 #movie #kdrama #숏폼드라마,https://www.youtube.com/watch?v=KKKNS3HBbaw,무당역 연기 너무 잘하시네요~
숏드라마,무당VS악마! #사탄여친 #topreels #drama #숏드라마 #movie #kdrama #숏폼드라마,https://www.youtube.com/watch?v=KKKNS3HBbaw,웹드라마 같은데 퀄 머임.. 잘만드네..
숏드라마,무당VS악마! #사탄여친 #topreels #drama #숏드라마 #movie #kdrama #숏폼드라마,https://www.youtube.com/watch?v=KKKNS3HBbaw,소오름  ~~연기 쩔어요😊
숏드라마,무당VS악마! #사탄여친 #topreels #drama #숏드라마 #movie #kdrama #숏폼드라마,https://www.youtube.com/watch?v=KKKNS3HBbaw,동자가 짱세네!😮
숏드라마,무당VS악마! #사탄여친 #topreels #drama #숏드라마 #movie #kdrama #숏폼드라마,https://www.youtube.com/watch?v=KKKNS3HBbaw,무당배우님 <br>심야괴담회   에서도 사연 참 잘풀었는데 무섭게 몰입감 쩔었음<br>👍👍👍💕💚😊😱
숏드라마,무당VS악마! #사탄여친 #topreels #drama #숏드라마 #movie #kdrama #숏폼드라마,https://www.youtube.com/watch?v=KKKNS3HBbaw,한국의 사실주의는 좀더 세련되게 발전 했으면 좋겠습니다<br>너무 사실성만 강조하면 맨날 보던 그런 느낌입니다<br>사실주의를 바탕으로 좀더 허구적인 표현을 세련되게<br>주입했으면 좋겠습니다<br>무당이 할만한 누구나 아는 그런 행위에서 이 드라만 만의 독특한 표현 방식 이라든지 악귀도 마찬가지 이구요<br>일본이 그런거 잘하다가 사실주의를 너무 소홀히 해서 망해 버렸자나요 오타쿠 어쩌고 하면서<br>반대로 한국이 이런면모를 너무 소홀히 하면 지루해 지는것 같습니다
숏드라마,무당VS악마! #사탄여친 #topreels #drama #숏드라마 #movie #kdrama #숏폼드라마,https://www.youtube.com/watch?v=KKKNS3HBbaw,재미지노 연기 왜케 잘해
숏드라마,무당VS악마! #사탄여친 #topreels #drama #숏드라마 #movie #kdrama #숏폼드라마,https://www.youtube.com/watch?v=KKKNS3HBbaw,무당 여자분 연기는 항상 쩔음. 예전에 유키즈 나와서 조세호 눈물 흘리게 한게 저 분임.
숏드라마,무당VS악마! #사탄여친 #topreels #drama #숏드라마 #movie #kdrama #숏폼드라마,https://www.youtube.com/watch?v=KKKNS3HBbaw,돈잘버네 디올입고
숏드라마,무당VS악마! #사탄여친 #topreels #drama #숏드라마 #movie #kdrama #숏폼드라마,https://www.youtube.com/watch?v=KKKNS3HBbaw,어이구 내손발
숏드라마,무당VS악마! #사탄여친 #topreels #drama #숏드라마 #movie #kdrama #숏폼드라마,https://www.youtube.com/watch?v=KKKNS3HBbaw,악마가 아니고 악귀겠지ㅡㅡ
숏드라마,무당VS악마! #사탄여친 #topreels #drama #숏드라마 #movie #kdrama #숏폼드라마,https://www.youtube.com/watch?v=KKKNS3HBbaw,"&quot; 난리났네 난리났어,  어데 오빠없는 사람은 서러워서 살겠나,&quot;   범죄와의 전쟁 최민식 부인 역하신분이세요 ㅎㅎ"
숏드라마,무당VS악마! #사탄여친 #topreels #drama #숏드라마 #movie #kdrama #숏폼드라마,https://www.youtube.com/watch?v=KKKNS3HBbaw,무당선생님 혹시 범죄와의전쟁 난리났네난리났어 그분인가요
숏드라마,무당VS악마! #사탄여친 #topreels #drama #숏드라마 #movie #kdrama #숏폼드라마,https://www.youtube.com/watch?v=KKKNS3HBbaw,잼있겟다~~~
숏드라마,무당VS악마! #사탄여친 #topreels #drama #숏드라마 #movie #kdrama #숏폼드라마,https://www.youtube.com/watch?v=KKKNS3HBbaw,악마라 불리는 사탄은 귀신의 제왕이다...<br>잡신이 사탄에게 덤빌 레벨이 안된다...<br>귀신은 사탄의 하수인일 뿐이다...<br>드라마인지 영화인지 뭘 모르는 사람이 만들었네...
숏드라마,무당VS악마! #사탄여친 #topreels #drama #숏드라마 #movie #kdrama #숏폼드라마,https://www.youtube.com/watch?v=KKKNS3HBbaw,김건희가 저런걸 좋아한다지??
숏드라마,무당VS악마! #사탄여친 #topreels #drama #숏드라마 #movie #kdrama #숏폼드라마,https://www.youtube.com/watch?v=KKKNS3HBbaw,무당 역 배우 분 유퀴즈에서 눈빛만으로 조세호 울린 그분이네
숏드라마,무당VS악마! #사탄여친 #topreels #drama #숏드라마 #movie #kdrama #숏폼드라마,https://www.youtube.com/watch?v=KKKNS3HBbaw,드라마 아닌거죠?? 이건 어디서봐요?
숏드라마,무당VS악마! #사탄여친 #topreels #drama #숏드라마 #movie #kdrama #숏폼드라마,https://www.youtube.com/watch?v=KKKNS3HBbaw,무당 악마 즉 김건희 얘기인 줄
숏드라마,무당VS악마! #사탄여친 #topreels #drama #숏드라마 #movie #kdrama #숏폼드라마,https://www.youtube.com/watch?v=KKKNS3HBbaw,영역전개  무당공처
숏드라마,무당VS악마! #사탄여친 #topreels #drama #숏드라마 #movie #kdrama #숏폼드라마,https://www.youtube.com/watch?v=KKKNS3HBbaw,놀구있네 ㅋㅋㅋ
숏드라마,무당VS악마! #사탄여친 #topreels #drama #숏드라마 #movie #kdrama #숏폼드라마,https://www.youtube.com/watch?v=KKKNS3HBbaw,머야..잼있네
숏드라마,무당VS악마! #사탄여친 #topreels #drama #숏드라마 #movie #kdrama #숏폼드라마,https://www.youtube.com/watch?v=KKKNS3HBbaw,존유치하구나아. 고수의 말투를 좀 배ㅜ고연기하그레.
숏드라마,무당VS악마! #사탄여친 #topreels #drama #숏드라마 #movie #kdrama #숏폼드라마,https://www.youtube.com/watch?v=KKKNS3HBbaw,무당 아줌마 연기 잘한다는데ㅡㅡ내가 볼땐 왜 ㅡㅡ어색하지ㅡㅡ
숏드라마,무당VS악마! #사탄여친 #topreels #drama #숏드라마 #movie #kdrama #숏폼드라마,https://www.youtube.com/watch?v=KKKNS3HBbaw,ㅎㅎㅎ이제연배우 이런 연기도 귀여웡...
숏드라마,무당VS악마! #사탄여친 #topreels #drama #숏드라마 #movie #kdrama #숏폼드라마,https://www.youtube.com/watch?v=KKKNS3HBbaw,난리 났네 난리 났어
숏드라마,무당VS악마! #사탄여친 #topreels #drama #숏드라마 #movie #kdrama #숏폼드라마,https://www.youtube.com/watch?v=KKKNS3HBbaw,무당아주머니 디올  입으신거에요?
숏드라마,무당VS악마! #사탄여친 #topreels #drama #숏드라마 #movie #kdrama #숏폼드라마,https://www.youtube.com/watch?v=KKKNS3HBbaw,아놔~ 디올 무당ㅋㅋ<br>자꾸 건희 생각나잖아요ㅋㅋ <br>연기들 소름돋네요~ 욕만없었으면 좋겠네요..
숏드라마,무당VS악마! #사탄여친 #topreels #drama #숏드라마 #movie #kdrama #숏폼드라마,https://www.youtube.com/watch?v=KKKNS3HBbaw,욕은 사용 안하시길 서영조씨
숏드라마,무당VS악마! #사탄여친 #topreels #drama #숏드라마 #movie #kdrama #숏폼드라마,https://www.youtube.com/watch?v=KKKNS3HBbaw,한국에 제일 큰 무당집단이 예수 기독교잖아. ㅋ<br>억울하게 죽은 예수가 신빨이 잘 먹이지.<br>용하다는 무당이 모시는 신들이 좀 힘에 딸리지.
숏드라마,무당VS악마! #사탄여친 #topreels #drama #숏드라마 #movie #kdrama #숏폼드라마,https://www.youtube.com/watch?v=KKKNS3HBbaw,제목이 뭔가요?
숏드라마,무당VS악마! #사탄여친 #topreels #drama #숏드라마 #movie #kdrama #숏폼드라마,https://www.youtube.com/watch?v=KKKNS3HBbaw,범죄와의전쟁 최민식 부인역으로 나오신 (무당) 김영선배우 <br>난리났네 난리났어
숏드라마,무당VS악마! #사탄여친 #topreels #drama #숏드라마 #movie #kdrama #숏폼드라마,https://www.youtube.com/watch?v=KKKNS3HBbaw,무당님  디올 옷....자꾸 눈이.....ㅎㅎ
숏드라마,무당VS악마! #사탄여친 #topreels #drama #숏드라마 #movie #kdrama #숏폼드라마,https://www.youtube.com/watch?v=KKKNS3HBbaw,여배우님 무당연기는  실제 무당보다 더 무당같음...ㅎㄷㄷ
숏드라마,무당VS악마! #사탄여친 #topreels #drama #숏드라마 #movie #kdrama #숏폼드라마,https://www.youtube.com/watch?v=KKKNS3HBbaw,한 사람은 고퀄이네
숏드라마,무당VS악마! #사탄여친 #topreels #drama #숏드라마 #movie #kdrama #숏폼드라마,https://www.youtube.com/watch?v=KKKNS3HBbaw,아니 뭔 바보들만 모였나 이게 좋은 연기라고???
숏드라마,무당VS악마! #사탄여친 #topreels #drama #숏드라마 #movie #kdrama #숏폼드라마,https://www.youtube.com/watch?v=KKKNS3HBbaw,연기넘잘하세요~^^
숏드라마,무당VS악마! #사탄여친 #topreels #drama #숏드라마 #movie #kdrama #숏폼드라마,https://www.youtube.com/watch?v=KKKNS3HBbaw,짭
숏드라마,무당VS악마! #사탄여친 #topreels #drama #숏드라마 #movie #kdrama #숏폼드라마,https://www.youtube.com/watch?v=KKKNS3HBbaw,아거 뭐여?? 잘 만들었네..
숏드라마,무당VS악마! #사탄여친 #topreels #drama #숏드라마 #movie #kdrama #숏폼드라마,https://www.youtube.com/watch?v=KKKNS3HBbaw,악마도 잘 생기고 봐야하나…😂
숏드라마,무당VS악마! #사탄여친 #topreels #drama #숏드라마 #movie #kdrama #숏폼드라마,https://www.youtube.com/watch?v=KKKNS3HBbaw,료이키텐카이
숏드라마,무당VS악마! #사탄여친 #topreels #drama #숏드라마 #movie #kdrama #숏폼드라마,https://www.youtube.com/watch?v=KKKNS3HBbaw,무당님 오버하지않는 연기력<br>쩔어
숏드라마,무당VS악마! #사탄여친 #topreels #drama #숏드라마 #movie #kdrama #숏폼드라마,https://www.youtube.com/watch?v=KKKNS3HBbaw,이 동영상을 김건희가 손에 땀을쥐고 봅니다
숏드라마,무당VS악마! #사탄여친 #topreels #drama #숏드라마 #movie #kdrama #숏폼드라마,https://www.youtube.com/watch?v=KKKNS3HBbaw,쇼츠보니 연기력 지리니 재밋네요
숏드라마,무당VS악마! #사탄여친 #topreels #drama #숏드라마 #movie #kdrama #숏폼드라마,https://www.youtube.com/watch?v=KKKNS3HBbaw,죄송한데 무당선생님 역할하신분이 더 사탄같으세요ㅜㅜㅜ<br>연기를 너무잘하셔서🙏 카리스마 있으십니다♡
숏드라마,무당VS악마! #사탄여친 #topreels #drama #숏드라마 #movie #kdrama #숏폼드라마,https://www.youtube.com/watch?v=KKKNS3HBbaw,어디서 볼수있는거죠?
숏드라마,무당VS악마! #사탄여친 #topreels #drama #숏드라마 #movie #kdrama #숏폼드라마,https://www.youtube.com/watch?v=KKKNS3HBbaw,재미있게
숏드라마,무당VS악마! #사탄여친 #topreels #drama #숏드라마 #movie #kdrama #숏폼드라마,https://www.youtube.com/watch?v=KKKNS3HBbaw,연기 신기 영적    ❤❤
숏드라마,무당VS악마! #사탄여친 #topreels #drama #숏드라마 #movie #kdrama #숏폼드라마,https://www.youtube.com/watch?v=KKKNS3HBbaw,아~~ 이 드라마 짱~~~
숏드라마,무당VS악마! #사탄여친 #topreels #drama #숏드라마 #movie #kdrama #숏폼드라마,https://www.youtube.com/watch?v=KKKNS3HBbaw,난리났네 난리났어 그기 어떻게 모은돈인데
숏드라마,무당VS악마! #사탄여친 #topreels #drama #숏드라마 #movie #kdrama #숏폼드라마,https://www.youtube.com/watch?v=KKKNS3HBbaw,와 뭐지 겁나 재밌네..
숏드라마,무당VS악마! #사탄여친 #topreels #drama #숏드라마 #movie #kdrama #숏폼드라마,https://www.youtube.com/watch?v=KKKNS3HBbaw,남자친구 무서워하는거 겁에질린 말티즈같아요. 귀여우셔~
숏드라마,무당VS악마! #사탄여친 #topreels #drama #숏드라마 #movie #kdrama #숏폼드라마,https://www.youtube.com/watch?v=KKKNS3HBbaw,와 잠시본건데 완전 빠져서 봤어요~<br>무당역 배우님 연기 완전 잘하시는줄 알았지만<br>이번 역할도 완전 짱이십니다~!!!!
숏드라마,무당VS악마! #사탄여친 #topreels #drama #숏드라마 #movie #kdrama #숏폼드라마,https://www.youtube.com/watch?v=KKKNS3HBbaw,이분 영화 손님 무당역활하신분 아님?
숏드라마,무당VS악마! #사탄여친 #topreels #drama #숏드라마 #movie #kdrama #숏폼드라마,https://www.youtube.com/watch?v=KKKNS3HBbaw,믄데 믄데 이거 믄데 웰케 잼나는데?
숏드라마,무당VS악마! #사탄여친 #topreels #drama #숏드라마 #movie #kdrama #숏폼드라마,https://www.youtube.com/watch?v=KKKNS3HBbaw,이러면서 미신을 믿는 사회가 되버린 대한민국 😢
숏드라마,무당VS악마! #사탄여친 #topreels #drama #숏드라마 #movie #kdrama #숏폼드라마,https://www.youtube.com/watch?v=KKKNS3HBbaw,꼴갑들한다. 야. 유쩐다
숏드라마,무당VS악마! #사탄여친 #topreels #drama #숏드라마 #movie #kdrama #숏폼드라마,https://www.youtube.com/watch?v=KKKNS3HBbaw,연기 잘 하시네!~
숏드라마,무당VS악마! #사탄여친 #topreels #drama #숏드라마 #movie #kdrama #숏폼드라마,https://www.youtube.com/watch?v=KKKNS3HBbaw,와..이거 드라마 편성됬음좋겠다 편집부터 연기 그냥 다 미쳤다ㅜㅜ
숏드라마,무당VS악마! #사탄여친 #topreels #drama #숏드라마 #movie #kdrama #숏폼드라마,https://www.youtube.com/watch?v=KKKNS3HBbaw,재밌어요 😅😅
숏드라마,무당VS악마! #사탄여친 #topreels #drama #숏드라마 #movie #kdrama #숏폼드라마,https://www.youtube.com/watch?v=KKKNS3HBbaw,유퀴즈에서 조세호 울린 그분 맞죠?! 연기 엄청 잘하시던
숏드라마,무당VS악마! #사탄여친 #topreels #drama #숏드라마 #movie #kdrama #숏폼드라마,https://www.youtube.com/watch?v=KKKNS3HBbaw,연기력은 그다지…<br>굳이 어설프게 저런 욕 안해도 될 것 같은데…..
숏드라마,무당VS악마! #사탄여친 #topreels #drama #숏드라마 #movie #kdrama #숏폼드라마,https://www.youtube.com/watch?v=KKKNS3HBbaw,"ㅋㅋ사탄 깐죽이네,<br>디올예뻐요."
숏드라마,무당VS악마! #사탄여친 #topreels #drama #숏드라마 #movie #kdrama #숏폼드라마,https://www.youtube.com/watch?v=KKKNS3HBbaw,뭐야 제대로 길게 드라마화 내줘욧! 개흥미진진함
숏드라마,무당VS악마! #사탄여친 #topreels #drama #숏드라마 #movie #kdrama #숏폼드라마,https://www.youtube.com/watch?v=KKKNS3HBbaw,무당분  이름이 어커되죠?
숏드라마,무당VS악마! #사탄여친 #topreels #drama #숏드라마 #movie #kdrama #숏폼드라마,https://www.youtube.com/watch?v=KKKNS3HBbaw,이런거 매번 패스했는데 이건뭐지..어디서 볼수있음?
숏드라마,무당VS악마! #사탄여친 #topreels #drama #숏드라마 #movie #kdrama #숏폼드라마,https://www.youtube.com/watch?v=KKKNS3HBbaw,로우 블로를 원하신다면야........
숏드라마,무당VS악마! #사탄여친 #topreels #drama #숏드라마 #movie #kdrama #숏폼드라마,https://www.youtube.com/watch?v=KKKNS3HBbaw,최익현 아내로 살려면 이 정도 포스는 있어야지ㅋㅋ
숏드라마,무당VS악마! #사탄여친 #topreels #drama #숏드라마 #movie #kdrama #숏폼드라마,https://www.youtube.com/watch?v=KKKNS3HBbaw,대박. 넘 재밌습니다.연기도 최고구요.
숏드라마,무당VS악마! #사탄여친 #topreels #drama #숏드라마 #movie #kdrama #숏폼드라마,https://www.youtube.com/watch?v=KKKNS3HBbaw,무당 : 너를 성불 시키려면 어찌 해야 하냐?<br>악마 : X까! X까라고!!<br><br>그래서 무당은 악마의 X을 사포로 피나게 문지른뒤 펜치로 잡고 껍질을 까 성불 시켰다는 후문이.
숏드라마,무당VS악마! #사탄여친 #topreels #drama #숏드라마 #movie #kdrama #숏폼드라마,https://www.youtube.com/watch?v=KKKNS3HBbaw,이 무당이 탑릴스 살렸네.  광고효과까지!
숏드라마,무당VS악마! #사탄여친 #topreels #drama #숏드라마 #movie #kdrama #숏폼드라마,https://www.youtube.com/watch?v=KKKNS3HBbaw,햐 고퀄
숏드라마,무당VS악마! #사탄여친 #topreels #drama #숏드라마 #movie #kdrama #숏폼드라마,https://www.youtube.com/watch?v=KKKNS3HBbaw,와우 연기력 미쳤다 😮😮
숏드라마,무당VS악마! #사탄여친 #topreels #drama #숏드라마 #movie #kdrama #숏폼드라마,https://www.youtube.com/watch?v=KKKNS3HBbaw,머지???
숏드라마,무당VS악마! #사탄여친 #topreels #drama #숏드라마 #movie #kdrama #숏폼드라마,https://www.youtube.com/watch?v=KKKNS3HBbaw,거짓 판타지!!!사탄아 물러가라!!
숏드라마,무당VS악마! #사탄여친 #topreels #drama #숏드라마 #movie #kdrama #숏폼드라마,https://www.youtube.com/watch?v=KKKNS3HBbaw,무당 연기하신분 영화 손님때도 무서웠는데
숏드라마,무당VS악마! #사탄여친 #topreels #drama #숏드라마 #movie #kdrama #숏폼드라마,https://www.youtube.com/watch?v=KKKNS3HBbaw,연기들 넘 잘한다~
숏드라마,무당VS악마! #사탄여친 #topreels #drama #숏드라마 #movie #kdrama #숏폼드라마,https://www.youtube.com/watch?v=KKKNS3HBbaw,와 몰입도 쩐다.... 연기력 대박.......
숏드라마,무당VS악마! #사탄여친 #topreels #drama #숏드라마 #movie #kdrama #숏폼드라마,https://www.youtube.com/watch?v=KKKNS3HBbaw,오~  재밌을듯.
숏드라마,무당VS악마! #사탄여친 #topreels #drama #숏드라마 #movie #kdrama #숏폼드라마,https://www.youtube.com/watch?v=KKKNS3HBbaw,"이거 어디서 하는 드라마지? <br>존잼일 것 같은데?<br><br>남자가 인간이었을 때 악이 씌었고, 악이 들린 인간이 죽어서 혼 자체가 악마가 된 건가?<br><br>그럼, 영과 혼을 지배해서 자체가 악이 된거네?<br>그리고 그 악이 또 다른 여성의 몸에 들어간 거야?<br><br>뭐, 이런 경우가 다 있냐?<br><br>만약에 실제로 이렇게 영빨이 강한 무당이 있고, <br>그 상대가 사탄이라면,<br><br> 아무리 신기가 강해도 사탄은 못 이긴다.<br><br>이거 그냥 하는 말이 아니라, 생각해 보자. <br><br>태초부터 예수와 함께 존재했던 자가 사탄인데,<br><br>아무리 영빨이 강한다 한들, 그 신에 버금가는 악의 존재를 어떻게 이길까? <br><br>그리고 무속인은 인간이 죽고 구천을 떠도는 영가의 원한을 달래주고 천도를 할 뿐이지, <br><br>존재, 그 자체가 악마라서 어지간한 구마는 어렵다. <br><br>하다못해, 로마 사원에서도 악마들린 인간에게 구마를 하다가 역으로 악마에 들려 피를 본 사제도 많았고, <br><br>구마의식을 실패한 사례도 상당히 많았는데, <br>아무리 대신을 모시는 무속인도 한계에 부치고 말 것이다. <br><br>다만, 그 악의 기운을 영빨로 삼는다고 하면 몰라도 말이다. <br><br>그래서 액을 물리치는 굿이 있는 반면에, <br>재물로 그릇 삼아서 액을 들이는 굿이 있는데 <br><br>그걸 방법이라고 하고,<br>그렇게 속여서 돈 벌어 먹는 나쁜 무속인이 많지.<br><br>이건 우리나라 뿐 만이 아니라, 다른 나라에서도<br>그런 짓을 하는 무속인들이 많다.<br><br>영화 “랑종” 에서도 그런 무속인이 나오듯, <br>이 얘기는 없는 얘기가 아니다.<br><br>따라서, 무속인 중에는 잡신을 모시고 허영빨 채우는 나쁜무당도 있기 때문에 <br><br>함부로 무당을 믿으면 안되는 거다."
숏드라마,무당VS악마! #사탄여친 #topreels #drama #숏드라마 #movie #kdrama #숏폼드라마,https://www.youtube.com/watch?v=KKKNS3HBbaw,영역전개
숏드라마,무당VS악마! #사탄여친 #topreels #drama #숏드라마 #movie #kdrama #숏폼드라마,https://www.youtube.com/watch?v=KKKNS3HBbaw,료이키 텐카이
숏드라마,무당VS악마! #사탄여친 #topreels #drama #숏드라마 #movie #kdrama #숏폼드라마,https://www.youtube.com/watch?v=KKKNS3HBbaw,연기 잘한다야
숏드라마,무당VS악마! #사탄여친 #topreels #drama #숏드라마 #movie #kdrama #숏폼드라마,https://www.youtube.com/watch?v=KKKNS3HBbaw,보고싶은데 어떻게 본방 볼 수 있나요?
숏드라마,무당VS악마! #사탄여친 #topreels #drama #숏드라마 #movie #kdrama #숏폼드라마,https://www.youtube.com/watch?v=KKKNS3HBbaw,무당 악마 사탄 다 같은 소속입니다.
숏드라마,무당VS악마! #사탄여친 #topreels #drama #숏드라마 #movie #kdrama #숏폼드라마,https://www.youtube.com/watch?v=KKKNS3HBbaw,와.. 연기가…😮😮
숏드라마,"【더빙】독을 풀 수 있는 유일한 여자, 그녀와의 계약결혼으로 살아난 재벤 총수#movie#드라마",https://www.youtube.com/watch?v=q5KyDkp5VM4,후반부에 가서 새아빠 찾는 스토리 전개가  ㅋㅋㅋ 완전 황당 그래도 잼나게 밧네요 ~~~~😅😅
숏드라마,"【더빙】독을 풀 수 있는 유일한 여자, 그녀와의 계약결혼으로 살아난 재벤 총수#movie#드라마",https://www.youtube.com/watch?v=q5KyDkp5VM4,이 스토리 중국드라마에서<br>본듯 한데..내 기억에 중드에<br>남녀주인공 비주얼 쩔었다
숏드라마,"【더빙】독을 풀 수 있는 유일한 여자, 그녀와의 계약결혼으로 살아난 재벤 총수#movie#드라마",https://www.youtube.com/watch?v=q5KyDkp5VM4,사랑은 시간 뒤에 서다 보고 이거보니까 발연기 오지네요~
숏드라마,"【더빙】독을 풀 수 있는 유일한 여자, 그녀와의 계약결혼으로 살아난 재벤 총수#movie#드라마",https://www.youtube.com/watch?v=q5KyDkp5VM4,한국꺼 맞죠?
숏드라마,"【더빙】독을 풀 수 있는 유일한 여자, 그녀와의 계약결혼으로 살아난 재벤 총수#movie#드라마",https://www.youtube.com/watch?v=q5KyDkp5VM4,여배우 이쁘신다
숏드라마,"【더빙】독을 풀 수 있는 유일한 여자, 그녀와의 계약결혼으로 살아난 재벤 총수#movie#드라마",https://www.youtube.com/watch?v=q5KyDkp5VM4,참나 지 살려고 여자 죽인다고?
숏드라마,"【더빙】독을 풀 수 있는 유일한 여자, 그녀와의 계약결혼으로 살아난 재벤 총수#movie#드라마",https://www.youtube.com/watch?v=q5KyDkp5VM4,난 한국껀줄 알고 봤네<br>진짜. 이게 무 개막장 스토리야<br>ㅋㅋ<br>좀 말이되게 만들어라
숏드라마,"【더빙】독을 풀 수 있는 유일한 여자, 그녀와의 계약결혼으로 살아난 재벤 총수#movie#드라마",https://www.youtube.com/watch?v=q5KyDkp5VM4,중국 중국 중국<br>이제 드라마도 중국에 잠식 당하는구나...
숏드라마,"【더빙】독을 풀 수 있는 유일한 여자, 그녀와의 계약결혼으로 살아난 재벤 총수#movie#드라마",https://www.youtube.com/watch?v=q5KyDkp5VM4,Ai로 만든겨???<br>중국말 하지 왜 한국말 해서 사람들 현혹 시키니........<br>와국 여행가서 제발 한국사람이라고 거짓말 좀 그만해요.. 미치겠어요 중국인 때문에..<br>한국이 그리 좋으면서 왜 자꾸  갈궈...
숏드라마,"【더빙】독을 풀 수 있는 유일한 여자, 그녀와의 계약결혼으로 살아난 재벤 총수#movie#드라마",https://www.youtube.com/watch?v=q5KyDkp5VM4,❤아름답고 달콤해요 ❤😮😊🎉❤❤😮😅😊😂❤🎉❤❤❤❤❤
숏드라마,"【더빙】독을 풀 수 있는 유일한 여자, 그녀와의 계약결혼으로 살아난 재벤 총수#movie#드라마",https://www.youtube.com/watch?v=q5KyDkp5VM4,노래좋네
숏드라마,"【더빙】독을 풀 수 있는 유일한 여자, 그녀와의 계약결혼으로 살아난 재벤 총수#movie#드라마",https://www.youtube.com/watch?v=q5KyDkp5VM4,웃기는 드라마네.
숏드라마,"【더빙】독을 풀 수 있는 유일한 여자, 그녀와의 계약결혼으로 살아난 재벤 총수#movie#드라마",https://www.youtube.com/watch?v=q5KyDkp5VM4,이것도 중국 자본 끌어와서 만든거임??<br>나라 구석구석 중국이 손 뻗치지 않은데가 없네<br>언론도 대부분 중국돈을  먹더만... jtbc 는  완전 중국 매체나 다름없고!!<br>나라를 얼마나  넘긴거야??!!
숏드라마,"【더빙】독을 풀 수 있는 유일한 여자, 그녀와의 계약결혼으로 살아난 재벤 총수#movie#드라마",https://www.youtube.com/watch?v=q5KyDkp5VM4,둘다죽지마새요
숏드라마,"【더빙】독을 풀 수 있는 유일한 여자, 그녀와의 계약결혼으로 살아난 재벤 총수#movie#드라마",https://www.youtube.com/watch?v=q5KyDkp5VM4,너무재미잇씀
숏드라마,"【더빙】독을 풀 수 있는 유일한 여자, 그녀와의 계약결혼으로 살아난 재벤 총수#movie#드라마",https://www.youtube.com/watch?v=q5KyDkp5VM4,이드라마잘밧어요<br>슬프고화도좀나고<br>감사합니다 <br>👋👋👋
숏드라마,"【더빙】독을 풀 수 있는 유일한 여자, 그녀와의 계약결혼으로 살아난 재벤 총수#movie#드라마",https://www.youtube.com/watch?v=q5KyDkp5VM4,여주배우님 진심 이쁘시당...
숏드라마,"【더빙】독을 풀 수 있는 유일한 여자, 그녀와의 계약결혼으로 살아난 재벤 총수#movie#드라마",https://www.youtube.com/watch?v=q5KyDkp5VM4,아.그런거야.중국자본.한국배우.
숏드라마,"【더빙】독을 풀 수 있는 유일한 여자, 그녀와의 계약결혼으로 살아난 재벤 총수#movie#드라마",https://www.youtube.com/watch?v=q5KyDkp5VM4,잘 살고 있던 피해자들에게 화면으로 얼굴 비추는 염치 없는 짓은 하지 말아줘.
숏드라마,"【더빙】독을 풀 수 있는 유일한 여자, 그녀와의 계약결혼으로 살아난 재벤 총수#movie#드라마",https://www.youtube.com/watch?v=q5KyDkp5VM4,흠ᆢ중드에서 본 내용이네
숏드라마,"【더빙】독을 풀 수 있는 유일한 여자, 그녀와의 계약결혼으로 살아난 재벤 총수#movie#드라마",https://www.youtube.com/watch?v=q5KyDkp5VM4,남자배우<br>이준기<br>김날길배우<br>합해진 얼굴이네
숏드라마,"【더빙】독을 풀 수 있는 유일한 여자, 그녀와의 계약결혼으로 살아난 재벤 총수#movie#드라마",https://www.youtube.com/watch?v=q5KyDkp5VM4,노래좀넣치말아
숏드라마,"【더빙】독을 풀 수 있는 유일한 여자, 그녀와의 계약결혼으로 살아난 재벤 총수#movie#드라마",https://www.youtube.com/watch?v=q5KyDkp5VM4,중국영화  리메이크네 비슷한걸 보니.
숏드라마,"【더빙】독을 풀 수 있는 유일한 여자, 그녀와의 계약결혼으로 살아난 재벤 총수#movie#드라마",https://www.youtube.com/watch?v=q5KyDkp5VM4,아이돌그룹 SF9의 백주호입니다 김탁구 아니예요
숏드라마,"【더빙】독을 풀 수 있는 유일한 여자, 그녀와의 계약결혼으로 살아난 재벤 총수#movie#드라마",https://www.youtube.com/watch?v=q5KyDkp5VM4,생명공학약을. 당한 사람은 얼마나 되나요.
숏드라마,"【더빙】독을 풀 수 있는 유일한 여자, 그녀와의 계약결혼으로 살아난 재벤 총수#movie#드라마",https://www.youtube.com/watch?v=q5KyDkp5VM4,줄기새포 종유의. 생명공학약의 종유라는 것으로 알아보니깐 그런게 있떠군요? <br>맞죠?
숏드라마,"【더빙】독을 풀 수 있는 유일한 여자, 그녀와의 계약결혼으로 살아난 재벤 총수#movie#드라마",https://www.youtube.com/watch?v=q5KyDkp5VM4,이거 한국거내 한국말 하고 있어
숏드라마,"【더빙】독을 풀 수 있는 유일한 여자, 그녀와의 계약결혼으로 살아난 재벤 총수#movie#드라마",https://www.youtube.com/watch?v=q5KyDkp5VM4,탁구와 비슷하게 닮아서 착각할듯    눈매가 아니내   남자가 차갑다🎉🎉🎉🎉🎉🎉
숏드라마,"【더빙】독을 풀 수 있는 유일한 여자, 그녀와의 계약결혼으로 살아난 재벤 총수#movie#드라마",https://www.youtube.com/watch?v=q5KyDkp5VM4,"아이 더빙 열라 웃기넹 ㅎㅎㅌㅌ 연기 쩔어요...유치하면서도 잼나게 봣음,,탱큐^^&amp;"
숏드라마,"【더빙】독을 풀 수 있는 유일한 여자, 그녀와의 계약결혼으로 살아난 재벤 총수#movie#드라마",https://www.youtube.com/watch?v=q5KyDkp5VM4,"유치 하기는. 그리고 조언이라고 하는 저여자, 영 캐스팅 잘못임. 안 어울림."
숏드라마,"【더빙】독을 풀 수 있는 유일한 여자, 그녀와의 계약결혼으로 살아난 재벤 총수#movie#드라마",https://www.youtube.com/watch?v=q5KyDkp5VM4,유치한데 계속 보게되는 이상한 마력 ㅋㅋ
숏드라마,"【더빙】독을 풀 수 있는 유일한 여자, 그녀와의 계약결혼으로 살아난 재벤 총수#movie#드라마",https://www.youtube.com/watch?v=q5KyDkp5VM4,"<a href=""https://www.youtube.com/watch?v=q5KyDkp5VM4&amp;t=2985"">49:45</a>쯤에 나오는 노래 뭔가요? 꼭 알고싶어요"
숏드라마,"【더빙】독을 풀 수 있는 유일한 여자, 그녀와의 계약결혼으로 살아난 재벤 총수#movie#드라마",https://www.youtube.com/watch?v=q5KyDkp5VM4,키도 크네요 ㅎㅎ
숏드라마,"【더빙】독을 풀 수 있는 유일한 여자, 그녀와의 계약결혼으로 살아난 재벤 총수#movie#드라마",https://www.youtube.com/watch?v=q5KyDkp5VM4,이 남자배우 괜찮네요 ㅎㅎ
숏드라마,"【더빙】독을 풀 수 있는 유일한 여자, 그녀와의 계약결혼으로 살아난 재벤 총수#movie#드라마",https://www.youtube.com/watch?v=q5KyDkp5VM4,무슨 김탁구야 ㅋㅋ<br>백주호라는 배우인데 ㅋㅋ<br>이거 중국 원작인데 마샤오위 꺼가 더 재밌네
숏드라마,"【더빙】독을 풀 수 있는 유일한 여자, 그녀와의 계약결혼으로 살아난 재벤 총수#movie#드라마",https://www.youtube.com/watch?v=q5KyDkp5VM4,지금 딱 저정도도아니다 2천만잇어도 우울증이나을꺼같다 ㅠㅠ
숏드라마,"【더빙】독을 풀 수 있는 유일한 여자, 그녀와의 계약결혼으로 살아난 재벤 총수#movie#드라마",https://www.youtube.com/watch?v=q5KyDkp5VM4,여자배우 누구죠?<br>신인 같은데 연기 쪄네요~^^<br>지금부터 팬^^
숏드라마,"【더빙】독을 풀 수 있는 유일한 여자, 그녀와의 계약결혼으로 살아난 재벤 총수#movie#드라마",https://www.youtube.com/watch?v=q5KyDkp5VM4,한국 배우를 써도 중국 자본으로 제작하면 코미디가 되네~ㅋ
숏드라마,"【더빙】독을 풀 수 있는 유일한 여자, 그녀와의 계약결혼으로 살아난 재벤 총수#movie#드라마",https://www.youtube.com/watch?v=q5KyDkp5VM4,중국드라만가?<br>대사도 웃기고<br>문화가 후퇴한 느낌의 드라마군
숏드라마,"【더빙】독을 풀 수 있는 유일한 여자, 그녀와의 계약결혼으로 살아난 재벤 총수#movie#드라마",https://www.youtube.com/watch?v=q5KyDkp5VM4,알고싶어요.
숏드라마,"【더빙】독을 풀 수 있는 유일한 여자, 그녀와의 계약결혼으로 살아난 재벤 총수#movie#드라마",https://www.youtube.com/watch?v=q5KyDkp5VM4,영화제목?
숏드라마,"【더빙】독을 풀 수 있는 유일한 여자, 그녀와의 계약결혼으로 살아난 재벤 총수#movie#드라마",https://www.youtube.com/watch?v=q5KyDkp5VM4,뭔소리야. 참…
숏드라마,"【더빙】독을 풀 수 있는 유일한 여자, 그녀와의 계약결혼으로 살아난 재벤 총수#movie#드라마",https://www.youtube.com/watch?v=q5KyDkp5VM4,"여주,남주 이름이뭐예요?<br>연기 너무잘하시는데요"
숏드라마,"【더빙】독을 풀 수 있는 유일한 여자, 그녀와의 계약결혼으로 살아난 재벤 총수#movie#드라마",https://www.youtube.com/watch?v=q5KyDkp5VM4,그놈의  합체  ㅋㅋ
숏드라마,"【더빙】독을 풀 수 있는 유일한 여자, 그녀와의 계약결혼으로 살아난 재벤 총수#movie#드라마",https://www.youtube.com/watch?v=q5KyDkp5VM4,아  어쩐지  너무 닮았다 했더니  탁구였군   <br>더 멋져졌는걸~~~<br>축하해  김탁구<br>승승장구 하길 바래❤❤❤
숏드라마,"【더빙】독을 풀 수 있는 유일한 여자, 그녀와의 계약결혼으로 살아난 재벤 총수#movie#드라마",https://www.youtube.com/watch?v=q5KyDkp5VM4,감동입니다.
숏드라마,"【더빙】독을 풀 수 있는 유일한 여자, 그녀와의 계약결혼으로 살아난 재벤 총수#movie#드라마",https://www.youtube.com/watch?v=q5KyDkp5VM4,중국 스타일
숏드라마,"【더빙】독을 풀 수 있는 유일한 여자, 그녀와의 계약결혼으로 살아난 재벤 총수#movie#드라마",https://www.youtube.com/watch?v=q5KyDkp5VM4,..
숏드라마,"【더빙】독을 풀 수 있는 유일한 여자, 그녀와의 계약결혼으로 살아난 재벤 총수#movie#드라마",https://www.youtube.com/watch?v=q5KyDkp5VM4,&#39;
숏드라마,"【더빙】독을 풀 수 있는 유일한 여자, 그녀와의 계약결혼으로 살아난 재벤 총수#movie#드라마",https://www.youtube.com/watch?v=q5KyDkp5VM4,중국건지 한국건지 모르지만 소재가 조금 독특하기는 하네요
숏드라마,"【더빙】독을 풀 수 있는 유일한 여자, 그녀와의 계약결혼으로 살아난 재벤 총수#movie#드라마",https://www.youtube.com/watch?v=q5KyDkp5VM4,2편 어디있음?
숏드라마,"【더빙】독을 풀 수 있는 유일한 여자, 그녀와의 계약결혼으로 살아난 재벤 총수#movie#드라마",https://www.youtube.com/watch?v=q5KyDkp5VM4,장아린 어디 숨어서 지내다 발견 이런게 재밌다고
숏드라마,"【더빙】독을 풀 수 있는 유일한 여자, 그녀와의 계약결혼으로 살아난 재벤 총수#movie#드라마",https://www.youtube.com/watch?v=q5KyDkp5VM4,엄태구 같이 연기
숏드라마,"【더빙】독을 풀 수 있는 유일한 여자, 그녀와의 계약결혼으로 살아난 재벤 총수#movie#드라마",https://www.youtube.com/watch?v=q5KyDkp5VM4,이 남자배우 이름이 뭐예요?
숏드라마,"【더빙】독을 풀 수 있는 유일한 여자, 그녀와의 계약결혼으로 살아난 재벤 총수#movie#드라마",https://www.youtube.com/watch?v=q5KyDkp5VM4,예쁘다 멋있다
숏드라마,"【더빙】독을 풀 수 있는 유일한 여자, 그녀와의 계약결혼으로 살아난 재벤 총수#movie#드라마",https://www.youtube.com/watch?v=q5KyDkp5VM4,너무간절하고슬프고 아름답고건강해지면좋겠어요
숏드라마,"【더빙】독을 풀 수 있는 유일한 여자, 그녀와의 계약결혼으로 살아난 재벤 총수#movie#드라마",https://www.youtube.com/watch?v=q5KyDkp5VM4,여배우누구임?
숏드라마,"【더빙】독을 풀 수 있는 유일한 여자, 그녀와의 계약결혼으로 살아난 재벤 총수#movie#드라마",https://www.youtube.com/watch?v=q5KyDkp5VM4,ㄱ
숏드라마,"【더빙】독을 풀 수 있는 유일한 여자, 그녀와의 계약결혼으로 살아난 재벤 총수#movie#드라마",https://www.youtube.com/watch?v=q5KyDkp5VM4,병맛 더빙이 아니라서 요상함😮
숏드라마,"【더빙】독을 풀 수 있는 유일한 여자, 그녀와의 계약결혼으로 살아난 재벤 총수#movie#드라마",https://www.youtube.com/watch?v=q5KyDkp5VM4,앗 싫어요..
숏드라마,"【더빙】독을 풀 수 있는 유일한 여자, 그녀와의 계약결혼으로 살아난 재벤 총수#movie#드라마",https://www.youtube.com/watch?v=q5KyDkp5VM4,아  떠빙  바꼈네  했더만  한국쇼츠였네   원본은 중국이고 속았네
숏드라마,"【더빙】독을 풀 수 있는 유일한 여자, 그녀와의 계약결혼으로 살아난 재벤 총수#movie#드라마",https://www.youtube.com/watch?v=q5KyDkp5VM4,한국 실정에 맞게 만들면 안될까
숏드라마,"【더빙】독을 풀 수 있는 유일한 여자, 그녀와의 계약결혼으로 살아난 재벤 총수#movie#드라마",https://www.youtube.com/watch?v=q5KyDkp5VM4,이게 중국 원작이 있음 그거 한국버전
숏드라마,"【더빙】독을 풀 수 있는 유일한 여자, 그녀와의 계약결혼으로 살아난 재벤 총수#movie#드라마",https://www.youtube.com/watch?v=q5KyDkp5VM4,한국  드라마인데....<br>뭐야?<br>😅
숏드라마,"🔥100분 몰아보기🔥남편X사촌 불륜 목격한 왕비, 죽고 나서 ‘무림고수’로 돌아왔다;; 빙의된 왕비의 전세역전 사이다 복수극‼️ [#금소옥취] #숏폼드라마 #드라마리뷰 #로맨스",https://www.youtube.com/watch?v=BePNd_Xy6dM,"📺 국내 OTT &lt;MOA&gt; &#39;FULL버전&#39; 👉 <a href=""https://bit.ly/47IQ8T4"">https://bit.ly/47IQ8T4</a>"
숏드라마,"🔥100분 몰아보기🔥남편X사촌 불륜 목격한 왕비, 죽고 나서 ‘무림고수’로 돌아왔다;; 빙의된 왕비의 전세역전 사이다 복수극‼️ [#금소옥취] #숏폼드라마 #드라마리뷰 #로맨스",https://www.youtube.com/watch?v=BePNd_Xy6dM,주려람 연기 잘해...
숏드라마,"🔥100분 몰아보기🔥남편X사촌 불륜 목격한 왕비, 죽고 나서 ‘무림고수’로 돌아왔다;; 빙의된 왕비의 전세역전 사이다 복수극‼️ [#금소옥취] #숏폼드라마 #드라마리뷰 #로맨스",https://www.youtube.com/watch?v=BePNd_Xy6dM,니가 남주라니...❤❤❤  감동
숏드라마,"🔥100분 몰아보기🔥남편X사촌 불륜 목격한 왕비, 죽고 나서 ‘무림고수’로 돌아왔다;; 빙의된 왕비의 전세역전 사이다 복수극‼️ [#금소옥취] #숏폼드라마 #드라마리뷰 #로맨스",https://www.youtube.com/watch?v=BePNd_Xy6dM,"최근 본 중국드라마가 많은데 오프닝,헤어,의상,장신구,이펙트,음악등등 다~화려하고 과장심하게 중국적인데 옷의 핏자국만큼은 대충대충 아마추어 같다고 생각해요.. 이유라도 있나요?<br>고장극 공통인것 같거든요.<br>개인적으로 보다가 은근 깨는 코드가 되어서 궁금해요ㅎ<br>게임에서 죽는 이펙트도 빨간색 못쓴다고 들었어요. 핏자국을 일부러 실감안나게 하려는 걸까요?<br>극중에 맞거나 죽는 역할하면 촬영끝나고 빨간색봉투에 위로금?도 넣어 준다고 하던데?"
숏드라마,"🔥100분 몰아보기🔥남편X사촌 불륜 목격한 왕비, 죽고 나서 ‘무림고수’로 돌아왔다;; 빙의된 왕비의 전세역전 사이다 복수극‼️ [#금소옥취] #숏폼드라마 #드라마리뷰 #로맨스",https://www.youtube.com/watch?v=BePNd_Xy6dM,여주가 나솔옥순 닮았네
숏드라마,"🔥100분 몰아보기🔥남편X사촌 불륜 목격한 왕비, 죽고 나서 ‘무림고수’로 돌아왔다;; 빙의된 왕비의 전세역전 사이다 복수극‼️ [#금소옥취] #숏폼드라마 #드라마리뷰 #로맨스",https://www.youtube.com/watch?v=BePNd_Xy6dM,중드에서 약먹으면  열이 나면서 남녀가 같이 해독해야 하는게 꼭나오는데<br>동침으로 해독한다는 설정 너무 우려 먹네
숏드라마,"🔥100분 몰아보기🔥남편X사촌 불륜 목격한 왕비, 죽고 나서 ‘무림고수’로 돌아왔다;; 빙의된 왕비의 전세역전 사이다 복수극‼️ [#금소옥취] #숏폼드라마 #드라마리뷰 #로맨스",https://www.youtube.com/watch?v=BePNd_Xy6dM,어우 이 드라마는 뽀뽀를 많이 하네(씨익)
숏드라마,"🔥100분 몰아보기🔥남편X사촌 불륜 목격한 왕비, 죽고 나서 ‘무림고수’로 돌아왔다;; 빙의된 왕비의 전세역전 사이다 복수극‼️ [#금소옥취] #숏폼드라마 #드라마리뷰 #로맨스",https://www.youtube.com/watch?v=BePNd_Xy6dM,"음, 아찔 아찔하다,"
숏드라마,"🔥100분 몰아보기🔥남편X사촌 불륜 목격한 왕비, 죽고 나서 ‘무림고수’로 돌아왔다;; 빙의된 왕비의 전세역전 사이다 복수극‼️ [#금소옥취] #숏폼드라마 #드라마리뷰 #로맨스",https://www.youtube.com/watch?v=BePNd_Xy6dM,연기력은... 애처롭네....ㅋㅋㅋ
숏드라마,"🔥100분 몰아보기🔥남편X사촌 불륜 목격한 왕비, 죽고 나서 ‘무림고수’로 돌아왔다;; 빙의된 왕비의 전세역전 사이다 복수극‼️ [#금소옥취] #숏폼드라마 #드라마리뷰 #로맨스",https://www.youtube.com/watch?v=BePNd_Xy6dM,너무웃긴게 중드는 독약먹으면 흥분함ㅋㅋㅋㅋㅋ남주입술은 왜 깨무는거냐 오글거려 못보겠음....
숏드라마,"🔥100분 몰아보기🔥남편X사촌 불륜 목격한 왕비, 죽고 나서 ‘무림고수’로 돌아왔다;; 빙의된 왕비의 전세역전 사이다 복수극‼️ [#금소옥취] #숏폼드라마 #드라마리뷰 #로맨스",https://www.youtube.com/watch?v=BePNd_Xy6dM,남주 안성재닮았는데...강남도 보이는데 안성재가 계속 보임...
숏드라마,"🔥100분 몰아보기🔥남편X사촌 불륜 목격한 왕비, 죽고 나서 ‘무림고수’로 돌아왔다;; 빙의된 왕비의 전세역전 사이다 복수극‼️ [#금소옥취] #숏폼드라마 #드라마리뷰 #로맨스",https://www.youtube.com/watch?v=BePNd_Xy6dM,여주 차오루 닮아보여서 중국가서 연기하나보다 했는데 아니네요. 예쁘네요.
숏드라마,"🔥100분 몰아보기🔥남편X사촌 불륜 목격한 왕비, 죽고 나서 ‘무림고수’로 돌아왔다;; 빙의된 왕비의 전세역전 사이다 복수극‼️ [#금소옥취] #숏폼드라마 #드라마리뷰 #로맨스",https://www.youtube.com/watch?v=BePNd_Xy6dM,젊은 안성재 같음
숏드라마,"🔥100분 몰아보기🔥남편X사촌 불륜 목격한 왕비, 죽고 나서 ‘무림고수’로 돌아왔다;; 빙의된 왕비의 전세역전 사이다 복수극‼️ [#금소옥취] #숏폼드라마 #드라마리뷰 #로맨스",https://www.youtube.com/watch?v=BePNd_Xy6dM,진짜 잘생긴 안성재네 ㅋㅋㅋ
숏드라마,"🔥100분 몰아보기🔥남편X사촌 불륜 목격한 왕비, 죽고 나서 ‘무림고수’로 돌아왔다;; 빙의된 왕비의 전세역전 사이다 복수극‼️ [#금소옥취] #숏폼드라마 #드라마리뷰 #로맨스",https://www.youtube.com/watch?v=BePNd_Xy6dM,중국에서 돈 많이 주나봐요.. 하하하하하하
숏드라마,"🔥100분 몰아보기🔥남편X사촌 불륜 목격한 왕비, 죽고 나서 ‘무림고수’로 돌아왔다;; 빙의된 왕비의 전세역전 사이다 복수극‼️ [#금소옥취] #숏폼드라마 #드라마리뷰 #로맨스",https://www.youtube.com/watch?v=BePNd_Xy6dM,첨보는 배우들인데 여주는 예쁘고 남주는 매력있고 연기도  잘하네 중드는 기본40부작으로 전개가 느려터져 답답한데 요약본으로 보니까 시원하게 꿀잼이네요❤❤❤
숏드라마,"🔥100분 몰아보기🔥남편X사촌 불륜 목격한 왕비, 죽고 나서 ‘무림고수’로 돌아왔다;; 빙의된 왕비의 전세역전 사이다 복수극‼️ [#금소옥취] #숏폼드라마 #드라마리뷰 #로맨스",https://www.youtube.com/watch?v=BePNd_Xy6dM,ㅋㅋ   난  남주가 전 엑소맴버인 중국남자 많이 닮았네? 맨먼저 탈퇴한이쁜얼굴의 남자가수
숏드라마,"🔥100분 몰아보기🔥남편X사촌 불륜 목격한 왕비, 죽고 나서 ‘무림고수’로 돌아왔다;; 빙의된 왕비의 전세역전 사이다 복수극‼️ [#금소옥취] #숏폼드라마 #드라마리뷰 #로맨스",https://www.youtube.com/watch?v=BePNd_Xy6dM,여주 송하윤보다 서예지가 보이는데!!!
숏드라마,"🔥100분 몰아보기🔥남편X사촌 불륜 목격한 왕비, 죽고 나서 ‘무림고수’로 돌아왔다;; 빙의된 왕비의 전세역전 사이다 복수극‼️ [#금소옥취] #숏폼드라마 #드라마리뷰 #로맨스",https://www.youtube.com/watch?v=BePNd_Xy6dM,남주가 진지하게 인수대비라는 드라마에 나오는 성종 닮음 나만 그래???
숏드라마,"🔥100분 몰아보기🔥남편X사촌 불륜 목격한 왕비, 죽고 나서 ‘무림고수’로 돌아왔다;; 빙의된 왕비의 전세역전 사이다 복수극‼️ [#금소옥취] #숏폼드라마 #드라마리뷰 #로맨스",https://www.youtube.com/watch?v=BePNd_Xy6dM,중국드라마 재밌네요👍👏👏👏👏👏👏👏👏👏재밌게 잘 봤습니다😊
숏드라마,"🔥100분 몰아보기🔥남편X사촌 불륜 목격한 왕비, 죽고 나서 ‘무림고수’로 돌아왔다;; 빙의된 왕비의 전세역전 사이다 복수극‼️ [#금소옥취] #숏폼드라마 #드라마리뷰 #로맨스",https://www.youtube.com/watch?v=BePNd_Xy6dM,강남인줄 ㅎ
숏드라마,"🔥100분 몰아보기🔥남편X사촌 불륜 목격한 왕비, 죽고 나서 ‘무림고수’로 돌아왔다;; 빙의된 왕비의 전세역전 사이다 복수극‼️ [#금소옥취] #숏폼드라마 #드라마리뷰 #로맨스",https://www.youtube.com/watch?v=BePNd_Xy6dM,첨엔 남자나 여자나 비슷하게 생겨서 누가 누군지 모르겠었는데 보다 보니 구분이 되네 ㅎㅎ
숏드라마,"🔥100분 몰아보기🔥남편X사촌 불륜 목격한 왕비, 죽고 나서 ‘무림고수’로 돌아왔다;; 빙의된 왕비의 전세역전 사이다 복수극‼️ [#금소옥취] #숏폼드라마 #드라마리뷰 #로맨스",https://www.youtube.com/watch?v=BePNd_Xy6dM,중드가 진짜 권선징악 개막장 아침드라마인데 여주들이 예뻐서 보기 재밋음. 남주들은 좀 상대적으로 안..
숏드라마,"🔥100분 몰아보기🔥남편X사촌 불륜 목격한 왕비, 죽고 나서 ‘무림고수’로 돌아왔다;; 빙의된 왕비의 전세역전 사이다 복수극‼️ [#금소옥취] #숏폼드라마 #드라마리뷰 #로맨스",https://www.youtube.com/watch?v=BePNd_Xy6dM,아흐 배우들 왜케 다 이쁘고 멋있어여 ㅠㅠ 눈호강
숏드라마,"🔥100분 몰아보기🔥남편X사촌 불륜 목격한 왕비, 죽고 나서 ‘무림고수’로 돌아왔다;; 빙의된 왕비의 전세역전 사이다 복수극‼️ [#금소옥취] #숏폼드라마 #드라마리뷰 #로맨스",https://www.youtube.com/watch?v=BePNd_Xy6dM,안성재쉐프같냐  볼때마다  ㅋㅋㅋㅋ
숏드라마,"🔥100분 몰아보기🔥남편X사촌 불륜 목격한 왕비, 죽고 나서 ‘무림고수’로 돌아왔다;; 빙의된 왕비의 전세역전 사이다 복수극‼️ [#금소옥취] #숏폼드라마 #드라마리뷰 #로맨스",https://www.youtube.com/watch?v=BePNd_Xy6dM,진지한 강남 😂😂❤웃음 남.❤
숏드라마,"🔥100분 몰아보기🔥남편X사촌 불륜 목격한 왕비, 죽고 나서 ‘무림고수’로 돌아왔다;; 빙의된 왕비의 전세역전 사이다 복수극‼️ [#금소옥취] #숏폼드라마 #드라마리뷰 #로맨스",https://www.youtube.com/watch?v=BePNd_Xy6dM,1시간13분 노래제목이 궁금...
숏드라마,"🔥100분 몰아보기🔥남편X사촌 불륜 목격한 왕비, 죽고 나서 ‘무림고수’로 돌아왔다;; 빙의된 왕비의 전세역전 사이다 복수극‼️ [#금소옥취] #숏폼드라마 #드라마리뷰 #로맨스",https://www.youtube.com/watch?v=BePNd_Xy6dM,며느리 송하윤 닮은 주려람 닮았는데ㅋㅋ
숏드라마,"🔥100분 몰아보기🔥남편X사촌 불륜 목격한 왕비, 죽고 나서 ‘무림고수’로 돌아왔다;; 빙의된 왕비의 전세역전 사이다 복수극‼️ [#금소옥취] #숏폼드라마 #드라마리뷰 #로맨스",https://www.youtube.com/watch?v=BePNd_Xy6dM,졸라 이쁜 여주가 내내 내마음속에 자리 잡아 띵호아 했다.ㄷㄷㄷ 저런 여주처럼 생긴 사람이면 목숨이 안아깝겠다.
숏드라마,"🔥100분 몰아보기🔥남편X사촌 불륜 목격한 왕비, 죽고 나서 ‘무림고수’로 돌아왔다;; 빙의된 왕비의 전세역전 사이다 복수극‼️ [#금소옥취] #숏폼드라마 #드라마리뷰 #로맨스",https://www.youtube.com/watch?v=BePNd_Xy6dM,진짜 소금옥이 더 매력있더라
숏드라마,"🔥100분 몰아보기🔥남편X사촌 불륜 목격한 왕비, 죽고 나서 ‘무림고수’로 돌아왔다;; 빙의된 왕비의 전세역전 사이다 복수극‼️ [#금소옥취] #숏폼드라마 #드라마리뷰 #로맨스",https://www.youtube.com/watch?v=BePNd_Xy6dM,여주 민지<br>영설?? 채령<br>닮았네욤 ㅎ
숏드라마,"🔥100분 몰아보기🔥남편X사촌 불륜 목격한 왕비, 죽고 나서 ‘무림고수’로 돌아왔다;; 빙의된 왕비의 전세역전 사이다 복수극‼️ [#금소옥취] #숏폼드라마 #드라마리뷰 #로맨스",https://www.youtube.com/watch?v=BePNd_Xy6dM,이거 너무 재밌네
숏드라마,"🔥100분 몰아보기🔥남편X사촌 불륜 목격한 왕비, 죽고 나서 ‘무림고수’로 돌아왔다;; 빙의된 왕비의 전세역전 사이다 복수극‼️ [#금소옥취] #숏폼드라마 #드라마리뷰 #로맨스",https://www.youtube.com/watch?v=BePNd_Xy6dM,구독❤
숏드라마,"🔥100분 몰아보기🔥남편X사촌 불륜 목격한 왕비, 죽고 나서 ‘무림고수’로 돌아왔다;; 빙의된 왕비의 전세역전 사이다 복수극‼️ [#금소옥취] #숏폼드라마 #드라마리뷰 #로맨스",https://www.youtube.com/watch?v=BePNd_Xy6dM,이동건 닮
숏드라마,"🔥100분 몰아보기🔥남편X사촌 불륜 목격한 왕비, 죽고 나서 ‘무림고수’로 돌아왔다;; 빙의된 왕비의 전세역전 사이다 복수극‼️ [#금소옥취] #숏폼드라마 #드라마리뷰 #로맨스",https://www.youtube.com/watch?v=BePNd_Xy6dM,아 댓글 먼저 보지말고볼걸 <br>남주 얼굴 볼때마다 넘 웃겨서 집중이 안되네ㅠㅠㅋㅌㅋㅋㅋㅋ
숏드라마,"🔥100분 몰아보기🔥남편X사촌 불륜 목격한 왕비, 죽고 나서 ‘무림고수’로 돌아왔다;; 빙의된 왕비의 전세역전 사이다 복수극‼️ [#금소옥취] #숏폼드라마 #드라마리뷰 #로맨스",https://www.youtube.com/watch?v=BePNd_Xy6dM,뭔 약이 다 응응약이야
숏드라마,"🔥100분 몰아보기🔥남편X사촌 불륜 목격한 왕비, 죽고 나서 ‘무림고수’로 돌아왔다;; 빙의된 왕비의 전세역전 사이다 복수극‼️ [#금소옥취] #숏폼드라마 #드라마리뷰 #로맨스",https://www.youtube.com/watch?v=BePNd_Xy6dM,여주 이영애 느낌<br>남주 강남 느낌 ㅎㅎㅎ
숏드라마,"🔥100분 몰아보기🔥남편X사촌 불륜 목격한 왕비, 죽고 나서 ‘무림고수’로 돌아왔다;; 빙의된 왕비의 전세역전 사이다 복수극‼️ [#금소옥취] #숏폼드라마 #드라마리뷰 #로맨스",https://www.youtube.com/watch?v=BePNd_Xy6dM,일소수가에 희양 공주 좋아하던 하정염 황제 같은데 이번엔 주연인가  일소수가에서 미친황제가 적국의 공주를 사랑하게 되가지고 다른 미친놈이 공주 죽이려니까 황제는 절대 무릎꿇고 안빈다더니 공주는 살려달라고 연기하는부분 인상깊었는데
숏드라마,"🔥100분 몰아보기🔥남편X사촌 불륜 목격한 왕비, 죽고 나서 ‘무림고수’로 돌아왔다;; 빙의된 왕비의 전세역전 사이다 복수극‼️ [#금소옥취] #숏폼드라마 #드라마리뷰 #로맨스",https://www.youtube.com/watch?v=BePNd_Xy6dM,강남이 왜이리 잘생김
숏드라마,"🔥100분 몰아보기🔥남편X사촌 불륜 목격한 왕비, 죽고 나서 ‘무림고수’로 돌아왔다;; 빙의된 왕비의 전세역전 사이다 복수극‼️ [#금소옥취] #숏폼드라마 #드라마리뷰 #로맨스",https://www.youtube.com/watch?v=BePNd_Xy6dM,강남이다....
숏드라마,"🔥100분 몰아보기🔥남편X사촌 불륜 목격한 왕비, 죽고 나서 ‘무림고수’로 돌아왔다;; 빙의된 왕비의 전세역전 사이다 복수극‼️ [#금소옥취] #숏폼드라마 #드라마리뷰 #로맨스",https://www.youtube.com/watch?v=BePNd_Xy6dM,중드는 다오글
숏드라마,"🔥100분 몰아보기🔥남편X사촌 불륜 목격한 왕비, 죽고 나서 ‘무림고수’로 돌아왔다;; 빙의된 왕비의 전세역전 사이다 복수극‼️ [#금소옥취] #숏폼드라마 #드라마리뷰 #로맨스",https://www.youtube.com/watch?v=BePNd_Xy6dM,하… 연출 진짜.. 저게 중국 미감이니 뭐…
숏드라마,"🔥100분 몰아보기🔥남편X사촌 불륜 목격한 왕비, 죽고 나서 ‘무림고수’로 돌아왔다;; 빙의된 왕비의 전세역전 사이다 복수극‼️ [#금소옥취] #숏폼드라마 #드라마리뷰 #로맨스",https://www.youtube.com/watch?v=BePNd_Xy6dM,여주 너무 이뻐 몰입했다가 강남이만 나오면... 아이고... 강남아...ㅎㅎ
숏드라마,"🔥100분 몰아보기🔥남편X사촌 불륜 목격한 왕비, 죽고 나서 ‘무림고수’로 돌아왔다;; 빙의된 왕비의 전세역전 사이다 복수극‼️ [#금소옥취] #숏폼드라마 #드라마리뷰 #로맨스",https://www.youtube.com/watch?v=BePNd_Xy6dM,강남?강남이 중국 데뷔한줄ㅋㅋ
숏드라마,"🔥100분 몰아보기🔥남편X사촌 불륜 목격한 왕비, 죽고 나서 ‘무림고수’로 돌아왔다;; 빙의된 왕비의 전세역전 사이다 복수극‼️ [#금소옥취] #숏폼드라마 #드라마리뷰 #로맨스",https://www.youtube.com/watch?v=BePNd_Xy6dM,사람 얼굴 잘 기억 못하는데 되게 헷갈리네
숏드라마,"🔥100분 몰아보기🔥남편X사촌 불륜 목격한 왕비, 죽고 나서 ‘무림고수’로 돌아왔다;; 빙의된 왕비의 전세역전 사이다 복수극‼️ [#금소옥취] #숏폼드라마 #드라마리뷰 #로맨스",https://www.youtube.com/watch?v=BePNd_Xy6dM,중국필터씌운송하윤같네...
숏드라마,"🔥100분 몰아보기🔥남편X사촌 불륜 목격한 왕비, 죽고 나서 ‘무림고수’로 돌아왔다;; 빙의된 왕비의 전세역전 사이다 복수극‼️ [#금소옥취] #숏폼드라마 #드라마리뷰 #로맨스",https://www.youtube.com/watch?v=BePNd_Xy6dM,중국배우 최고 미인인듯
숏드라마,"🔥100분 몰아보기🔥남편X사촌 불륜 목격한 왕비, 죽고 나서 ‘무림고수’로 돌아왔다;; 빙의된 왕비의 전세역전 사이다 복수극‼️ [#금소옥취] #숏폼드라마 #드라마리뷰 #로맨스",https://www.youtube.com/watch?v=BePNd_Xy6dM,너무너무 재밌어요
숏드라마,"🔥100분 몰아보기🔥남편X사촌 불륜 목격한 왕비, 죽고 나서 ‘무림고수’로 돌아왔다;; 빙의된 왕비의 전세역전 사이다 복수극‼️ [#금소옥취] #숏폼드라마 #드라마리뷰 #로맨스",https://www.youtube.com/watch?v=BePNd_Xy6dM,중국 남배우 자격<br>1. 얼굴 -그리 중요치 않다 (화장으로 변장가능)<br>2. 키는 무조건 180이상 (여주와 입맞춤씬 까치발 필수 여주와 30센티는 차이 나야함)<br>3. 허리힘 필수(여차하면 여주 한번에 안기기 해야함. 헬스 필수)<br>4. 목소리 개판이여도 됨 (더빙이 다 해결)<br>5. 여자 많아도 됨. (인기만 있음 다 해결)<br>6. 연기 못해도 됨. (중국 부호하나 붙잡아 투자 시켜 작품활동 가능하면 다 해결)<br><br>그나마 이 고장극은 남배우가 123만 갖췄네
숏드라마,"🔥100분 몰아보기🔥남편X사촌 불륜 목격한 왕비, 죽고 나서 ‘무림고수’로 돌아왔다;; 빙의된 왕비의 전세역전 사이다 복수극‼️ [#금소옥취] #숏폼드라마 #드라마리뷰 #로맨스",https://www.youtube.com/watch?v=BePNd_Xy6dM,ㅋㅋㅋㅋ댓글개웃기네 강남이 어딨나했드니 진짜있네ㅋㅋ
숏드라마,"🔥100분 몰아보기🔥남편X사촌 불륜 목격한 왕비, 죽고 나서 ‘무림고수’로 돌아왔다;; 빙의된 왕비의 전세역전 사이다 복수극‼️ [#금소옥취] #숏폼드라마 #드라마리뷰 #로맨스",https://www.youtube.com/watch?v=BePNd_Xy6dM,"나는 이런사랑과, 정의가 좋아요, ❤❤❤❤❤❤❤❤❤❤"
숏드라마,"🔥100분 몰아보기🔥남편X사촌 불륜 목격한 왕비, 죽고 나서 ‘무림고수’로 돌아왔다;; 빙의된 왕비의 전세역전 사이다 복수극‼️ [#금소옥취] #숏폼드라마 #드라마리뷰 #로맨스",https://www.youtube.com/watch?v=BePNd_Xy6dM,폐병 걸럈나? 툭하면 각혈이네
숏드라마,"🔥100분 몰아보기🔥남편X사촌 불륜 목격한 왕비, 죽고 나서 ‘무림고수’로 돌아왔다;; 빙의된 왕비의 전세역전 사이다 복수극‼️ [#금소옥취] #숏폼드라마 #드라마리뷰 #로맨스",https://www.youtube.com/watch?v=BePNd_Xy6dM,시간가는줄모르고 봣네요 한번보면 다봐야함 중간에 못끊음
숏드라마,"🔥100분 몰아보기🔥남편X사촌 불륜 목격한 왕비, 죽고 나서 ‘무림고수’로 돌아왔다;; 빙의된 왕비의 전세역전 사이다 복수극‼️ [#금소옥취] #숏폼드라마 #드라마리뷰 #로맨스",https://www.youtube.com/watch?v=BePNd_Xy6dM,"중국드라마 풀로 다본게 차시천하, 투투장주부 뿐인사람인데 이드라마 재밌네요. 남녀 주인공 둘다 멋있고 이쁜데 더 자세하게 드라마를 알고싶어서 좀 찾아봤는데 모아패스인가 이거라입해야되네요. 근데 주인공들은 대체 몇번이나 중독되고 쓰러지는건지 참 안타까움ㅋ 이것도 큰틀에서보면 차시천하처럼 남자가 수명절반 바쳐서 여주를 구하는거네요. 차시천하볼땐 조로사 배우가 겁나이뻐보였는데 이게 더 최근작품이기도하고 주려람? 이배우는 좀 차가운장면때 더 매력적이라고 할까 근데 여주가 겁나이쁨. 대부분 여자출연진이 이쁜데 악녀역학맡은 배우는 약간 아쉬워 뭐랄까 너무 짙어 누가봐도 악녀다~ 이런느낌?? 그래도 재밌다"
숏드라마,"🔥100분 몰아보기🔥남편X사촌 불륜 목격한 왕비, 죽고 나서 ‘무림고수’로 돌아왔다;; 빙의된 왕비의 전세역전 사이다 복수극‼️ [#금소옥취] #숏폼드라마 #드라마리뷰 #로맨스",https://www.youtube.com/watch?v=BePNd_Xy6dM,감정선이 이해가 잘 안가네오 영혼이 누나라도 얼굴이 다르거 기억도 업는데 그럼 누나가 아닌 다른 여자를 사랑하게 된 거 아닌가 누나가 기억돌아오니까 또 바로 누나를 사랑(?) 희한하네염
숏드라마,"🔥100분 몰아보기🔥남편X사촌 불륜 목격한 왕비, 죽고 나서 ‘무림고수’로 돌아왔다;; 빙의된 왕비의 전세역전 사이다 복수극‼️ [#금소옥취] #숏폼드라마 #드라마리뷰 #로맨스",https://www.youtube.com/watch?v=BePNd_Xy6dM,환혼 느낌이 너무남....
숏드라마,"🔥100분 몰아보기🔥남편X사촌 불륜 목격한 왕비, 죽고 나서 ‘무림고수’로 돌아왔다;; 빙의된 왕비의 전세역전 사이다 복수극‼️ [#금소옥취] #숏폼드라마 #드라마리뷰 #로맨스",https://www.youtube.com/watch?v=BePNd_Xy6dM,"강남닮았다 남주, 그리고 여주인공은 왜 점점 뒤로갈수록 이뻐지는거지? 저런 얼굴이면 사극말고 현대극에서도 이쁘겠다. 아 아니구나 원래 예뻤는데 앞이안보였을때만 시선처리때문에 덜 이뻐보였던거구먼"
숏드라마,"🔥100분 몰아보기🔥남편X사촌 불륜 목격한 왕비, 죽고 나서 ‘무림고수’로 돌아왔다;; 빙의된 왕비의 전세역전 사이다 복수극‼️ [#금소옥취] #숏폼드라마 #드라마리뷰 #로맨스",https://www.youtube.com/watch?v=BePNd_Xy6dM,김지원과 강남?ㅋㅋㅋ
숏드라마,"🔥100분 몰아보기🔥남편X사촌 불륜 목격한 왕비, 죽고 나서 ‘무림고수’로 돌아왔다;; 빙의된 왕비의 전세역전 사이다 복수극‼️ [#금소옥취] #숏폼드라마 #드라마리뷰 #로맨스",https://www.youtube.com/watch?v=BePNd_Xy6dM,여주는 구혜선 닮았는데...나만 그렇게 느끼는가..?
숏드라마,"🔥100분 몰아보기🔥남편X사촌 불륜 목격한 왕비, 죽고 나서 ‘무림고수’로 돌아왔다;; 빙의된 왕비의 전세역전 사이다 복수극‼️ [#금소옥취] #숏폼드라마 #드라마리뷰 #로맨스",https://www.youtube.com/watch?v=BePNd_Xy6dM,잘봤어요
숏드라마,"🔥100분 몰아보기🔥남편X사촌 불륜 목격한 왕비, 죽고 나서 ‘무림고수’로 돌아왔다;; 빙의된 왕비의 전세역전 사이다 복수극‼️ [#금소옥취] #숏폼드라마 #드라마리뷰 #로맨스",https://www.youtube.com/watch?v=BePNd_Xy6dM,내가 본 시대중드중 제일 수작이다. 밑에 k드라마 향이 난다고 하는데 인정
숏드라마,"🔥100분 몰아보기🔥남편X사촌 불륜 목격한 왕비, 죽고 나서 ‘무림고수’로 돌아왔다;; 빙의된 왕비의 전세역전 사이다 복수극‼️ [#금소옥취] #숏폼드라마 #드라마리뷰 #로맨스",https://www.youtube.com/watch?v=BePNd_Xy6dM,연림…여기서는 행복하니…ㅜㅜ 영안여몽에서 내 픽이었는데 여기서 보니 반갑땨
숏드라마,"🔥100분 몰아보기🔥남편X사촌 불륜 목격한 왕비, 죽고 나서 ‘무림고수’로 돌아왔다;; 빙의된 왕비의 전세역전 사이다 복수극‼️ [#금소옥취] #숏폼드라마 #드라마리뷰 #로맨스",https://www.youtube.com/watch?v=BePNd_Xy6dM,중국어는 진짜 적응 안된다 ㅋㅋ
숏드라마,"🔥100분 몰아보기🔥남편X사촌 불륜 목격한 왕비, 죽고 나서 ‘무림고수’로 돌아왔다;; 빙의된 왕비의 전세역전 사이다 복수극‼️ [#금소옥취] #숏폼드라마 #드라마리뷰 #로맨스",https://www.youtube.com/watch?v=BePNd_Xy6dM,여주 22기 옥순 닮았어요!
숏드라마,"🔥100분 몰아보기🔥남편X사촌 불륜 목격한 왕비, 죽고 나서 ‘무림고수’로 돌아왔다;; 빙의된 왕비의 전세역전 사이다 복수극‼️ [#금소옥취] #숏폼드라마 #드라마리뷰 #로맨스",https://www.youtube.com/watch?v=BePNd_Xy6dM,강남닮앗네 ㅋㅋㅋ 근데 야한장면 너무나온다
숏드라마,"🔥100분 몰아보기🔥남편X사촌 불륜 목격한 왕비, 죽고 나서 ‘무림고수’로 돌아왔다;; 빙의된 왕비의 전세역전 사이다 복수극‼️ [#금소옥취] #숏폼드라마 #드라마리뷰 #로맨스",https://www.youtube.com/watch?v=BePNd_Xy6dM,중두고수님들 질문이 있는데… 원래 중드에서는 근친도 되는 분위기인가요? 첨에 잘못들었나 싶었음
숏드라마,"🔥100분 몰아보기🔥남편X사촌 불륜 목격한 왕비, 죽고 나서 ‘무림고수’로 돌아왔다;; 빙의된 왕비의 전세역전 사이다 복수극‼️ [#금소옥취] #숏폼드라마 #드라마리뷰 #로맨스",https://www.youtube.com/watch?v=BePNd_Xy6dM,금소옥취 <br>남주 주준위 <br>여주 주여람
숏드라마,"🔥100분 몰아보기🔥남편X사촌 불륜 목격한 왕비, 죽고 나서 ‘무림고수’로 돌아왔다;; 빙의된 왕비의 전세역전 사이다 복수극‼️ [#금소옥취] #숏폼드라마 #드라마리뷰 #로맨스",https://www.youtube.com/watch?v=BePNd_Xy6dM,여주 진짜이쁨 ㅠㅠ
숏드라마,"🔥100분 몰아보기🔥남편X사촌 불륜 목격한 왕비, 죽고 나서 ‘무림고수’로 돌아왔다;; 빙의된 왕비의 전세역전 사이다 복수극‼️ [#금소옥취] #숏폼드라마 #드라마리뷰 #로맨스",https://www.youtube.com/watch?v=BePNd_Xy6dM,강남이라 댓글단사람 때문에 이후로 집중안됌
숏드라마,"🔥100분 몰아보기🔥남편X사촌 불륜 목격한 왕비, 죽고 나서 ‘무림고수’로 돌아왔다;; 빙의된 왕비의 전세역전 사이다 복수극‼️ [#금소옥취] #숏폼드라마 #드라마리뷰 #로맨스",https://www.youtube.com/watch?v=BePNd_Xy6dM,남주가 강남 닮았네
숏드라마,"🔥100분 몰아보기🔥남편X사촌 불륜 목격한 왕비, 죽고 나서 ‘무림고수’로 돌아왔다;; 빙의된 왕비의 전세역전 사이다 복수극‼️ [#금소옥취] #숏폼드라마 #드라마리뷰 #로맨스",https://www.youtube.com/watch?v=BePNd_Xy6dM,저는 올데프 우찬씨 하위호환이라고 생각했는데 강남씨가 너무유명해버림
숏드라마,"🔥100분 몰아보기🔥남편X사촌 불륜 목격한 왕비, 죽고 나서 ‘무림고수’로 돌아왔다;; 빙의된 왕비의 전세역전 사이다 복수극‼️ [#금소옥취] #숏폼드라마 #드라마리뷰 #로맨스",https://www.youtube.com/watch?v=BePNd_Xy6dM,남주 잘 생겼는뎅...크흐흐
숏드라마,"🔥100분 몰아보기🔥남편X사촌 불륜 목격한 왕비, 죽고 나서 ‘무림고수’로 돌아왔다;; 빙의된 왕비의 전세역전 사이다 복수극‼️ [#금소옥취] #숏폼드라마 #드라마리뷰 #로맨스",https://www.youtube.com/watch?v=BePNd_Xy6dM,중드 남주들이 여리여리하면서 여성화가 되어가고 있다는 느낌이...
숏드라마,"🔥100분 몰아보기🔥남편X사촌 불륜 목격한 왕비, 죽고 나서 ‘무림고수’로 돌아왔다;; 빙의된 왕비의 전세역전 사이다 복수극‼️ [#금소옥취] #숏폼드라마 #드라마리뷰 #로맨스",https://www.youtube.com/watch?v=BePNd_Xy6dM,강남  이상화의 러브스토리
숏드라마,"🔥100분 몰아보기🔥남편X사촌 불륜 목격한 왕비, 죽고 나서 ‘무림고수’로 돌아왔다;; 빙의된 왕비의 전세역전 사이다 복수극‼️ [#금소옥취] #숏폼드라마 #드라마리뷰 #로맨스",https://www.youtube.com/watch?v=BePNd_Xy6dM,남주 제이홉 닮앗슴 …
숏드라마,"🔥100분 몰아보기🔥남편X사촌 불륜 목격한 왕비, 죽고 나서 ‘무림고수’로 돌아왔다;; 빙의된 왕비의 전세역전 사이다 복수극‼️ [#금소옥취] #숏폼드라마 #드라마리뷰 #로맨스",https://www.youtube.com/watch?v=BePNd_Xy6dM,남주얼굴 왜이렇게 더치가 안되냐
숏드라마,"🔥100분 몰아보기🔥남편X사촌 불륜 목격한 왕비, 죽고 나서 ‘무림고수’로 돌아왔다;; 빙의된 왕비의 전세역전 사이다 복수극‼️ [#금소옥취] #숏폼드라마 #드라마리뷰 #로맨스",https://www.youtube.com/watch?v=BePNd_Xy6dM,와우..............
숏드라마,"🔥100분 몰아보기🔥남편X사촌 불륜 목격한 왕비, 죽고 나서 ‘무림고수’로 돌아왔다;; 빙의된 왕비의 전세역전 사이다 복수극‼️ [#금소옥취] #숏폼드라마 #드라마리뷰 #로맨스",https://www.youtube.com/watch?v=BePNd_Xy6dM,한국아침드라마   막장라마   왕비가  죽어야    재산국 고   환수해야  복수지   다한통속   배신자    재산국고막 기위해서   재산뺏기윗해   살 린거네   왕비불상하네요ㅠㅠ    연기잘하네요 여주
숏드라마,"🔥100분 몰아보기🔥남편X사촌 불륜 목격한 왕비, 죽고 나서 ‘무림고수’로 돌아왔다;; 빙의된 왕비의 전세역전 사이다 복수극‼️ [#금소옥취] #숏폼드라마 #드라마리뷰 #로맨스",https://www.youtube.com/watch?v=BePNd_Xy6dM,남주 유리미인살에 약옥 역으로 나왔던 배우지요??그 때 멋지다 생각했는데.. 착한 빌런 ㅠㅠ
숏드라마,"🔥100분 몰아보기🔥남편X사촌 불륜 목격한 왕비, 죽고 나서 ‘무림고수’로 돌아왔다;; 빙의된 왕비의 전세역전 사이다 복수극‼️ [#금소옥취] #숏폼드라마 #드라마리뷰 #로맨스",https://www.youtube.com/watch?v=BePNd_Xy6dM,여주 레알 송하윤
숏드라마,"🔥100분 몰아보기🔥남편X사촌 불륜 목격한 왕비, 죽고 나서 ‘무림고수’로 돌아왔다;; 빙의된 왕비의 전세역전 사이다 복수극‼️ [#금소옥취] #숏폼드라마 #드라마리뷰 #로맨스",https://www.youtube.com/watch?v=BePNd_Xy6dM,소금옥은 왜 죽은거지..
숏드라마,"🔥100분 몰아보기🔥남편X사촌 불륜 목격한 왕비, 죽고 나서 ‘무림고수’로 돌아왔다;; 빙의된 왕비의 전세역전 사이다 복수극‼️ [#금소옥취] #숏폼드라마 #드라마리뷰 #로맨스",https://www.youtube.com/watch?v=BePNd_Xy6dM,진짜 중국 배우들은 남자 여자 할 거 없이 전부 화이트닝 피부네 여성 배우들이랑 거의 비슷하게 화장도 하는 듯
숏드라마,"🔥100분 몰아보기🔥남편X사촌 불륜 목격한 왕비, 죽고 나서 ‘무림고수’로 돌아왔다;; 빙의된 왕비의 전세역전 사이다 복수극‼️ [#금소옥취] #숏폼드라마 #드라마리뷰 #로맨스",https://www.youtube.com/watch?v=BePNd_Xy6dM,남주 강남닮음
숏드라마,"🔥100분 몰아보기🔥남편X사촌 불륜 목격한 왕비, 죽고 나서 ‘무림고수’로 돌아왔다;; 빙의된 왕비의 전세역전 사이다 복수극‼️ [#금소옥취] #숏폼드라마 #드라마리뷰 #로맨스",https://www.youtube.com/watch?v=BePNd_Xy6dM,하… 안성재 떠올라서 집중 안됨.. <br>실제 저 배우는 95년생이고 이미 결혼도 했다합니다. <br>더 안성재랑 비슷하군
숏드라마,"🔥100분 몰아보기🔥남편X사촌 불륜 목격한 왕비, 죽고 나서 ‘무림고수’로 돌아왔다;; 빙의된 왕비의 전세역전 사이다 복수극‼️ [#금소옥취] #숏폼드라마 #드라마리뷰 #로맨스",https://www.youtube.com/watch?v=BePNd_Xy6dM,육성재 누가 말했냐…짐중안된다요ㅠㅠㅠㅠ
숏드라마,"🔥100분 몰아보기🔥남편X사촌 불륜 목격한 왕비, 죽고 나서 ‘무림고수’로 돌아왔다;; 빙의된 왕비의 전세역전 사이다 복수극‼️ [#금소옥취] #숏폼드라마 #드라마리뷰 #로맨스",https://www.youtube.com/watch?v=BePNd_Xy6dM,어 여주 이쁘다했는데 이제보니 입청운의 사도선군 좋아하던 조연이구나!!
숏드라마,"🔥100분 몰아보기🔥남편X사촌 불륜 목격한 왕비, 죽고 나서 ‘무림고수’로 돌아왔다;; 빙의된 왕비의 전세역전 사이다 복수극‼️ [#금소옥취] #숏폼드라마 #드라마리뷰 #로맨스",https://www.youtube.com/watch?v=BePNd_Xy6dM,서권일몽속 스토리 일부가 이 드라마구나
숏드라마,"🔥100분 몰아보기🔥남편X사촌 불륜 목격한 왕비, 죽고 나서 ‘무림고수’로 돌아왔다;; 빙의된 왕비의 전세역전 사이다 복수극‼️ [#금소옥취] #숏폼드라마 #드라마리뷰 #로맨스",https://www.youtube.com/watch?v=BePNd_Xy6dM,난 여주 김세정도 보이는거 같음ㅋㅋ 강남이랑ㅋㅋㅋㅋ
숏드라마,"🔥100분 몰아보기🔥남편X사촌 불륜 목격한 왕비, 죽고 나서 ‘무림고수’로 돌아왔다;; 빙의된 왕비의 전세역전 사이다 복수극‼️ [#금소옥취] #숏폼드라마 #드라마리뷰 #로맨스",https://www.youtube.com/watch?v=BePNd_Xy6dM,여주 얼굴 대유잼 누구지
숏드라마,"🔥100분 몰아보기🔥남편X사촌 불륜 목격한 왕비, 죽고 나서 ‘무림고수’로 돌아왔다;; 빙의된 왕비의 전세역전 사이다 복수극‼️ [#금소옥취] #숏폼드라마 #드라마리뷰 #로맨스",https://www.youtube.com/watch?v=BePNd_Xy6dM,여주 송하윤닮고 남주 강남닮았다 생각했더니 역시 사람보는 눈 다비슷한듯
숏드라마,"🔥100분 몰아보기🔥남편X사촌 불륜 목격한 왕비, 죽고 나서 ‘무림고수’로 돌아왔다;; 빙의된 왕비의 전세역전 사이다 복수극‼️ [#금소옥취] #숏폼드라마 #드라마리뷰 #로맨스",https://www.youtube.com/watch?v=BePNd_Xy6dM,주여람이 예쁘긴 예쁘네 정수정 김소은 섞은 외모라 남주는 이름은 모르겠고 강남 백성현 섞은 외모 잘생긴편임 <br><br>역시 드라마는 등장 인물들 외모<br>보는 맛이 있어야돼 ㅋ
숏드라마,"🔥100분 몰아보기🔥남편X사촌 불륜 목격한 왕비, 죽고 나서 ‘무림고수’로 돌아왔다;; 빙의된 왕비의 전세역전 사이다 복수극‼️ [#금소옥취] #숏폼드라마 #드라마리뷰 #로맨스",https://www.youtube.com/watch?v=BePNd_Xy6dM,환혼? 이라는 생각은 나만드나? ㅎㅎ 환혼술에 주인공 눈머는거까지
숏드라마,"🔥100분 몰아보기🔥남편X사촌 불륜 목격한 왕비, 죽고 나서 ‘무림고수’로 돌아왔다;; 빙의된 왕비의 전세역전 사이다 복수극‼️ [#금소옥취] #숏폼드라마 #드라마리뷰 #로맨스",https://www.youtube.com/watch?v=BePNd_Xy6dM,여자는 김지원 / 남자는 엑소 크리스
숏드라마,"🔥100분 몰아보기🔥남편X사촌 불륜 목격한 왕비, 죽고 나서 ‘무림고수’로 돌아왔다;; 빙의된 왕비의 전세역전 사이다 복수극‼️ [#금소옥취] #숏폼드라마 #드라마리뷰 #로맨스",https://www.youtube.com/watch?v=BePNd_Xy6dM,너무 재밌다
숏드라마,"🔥100분 몰아보기🔥남편X사촌 불륜 목격한 왕비, 죽고 나서 ‘무림고수’로 돌아왔다;; 빙의된 왕비의 전세역전 사이다 복수극‼️ [#금소옥취] #숏폼드라마 #드라마리뷰 #로맨스",https://www.youtube.com/watch?v=BePNd_Xy6dM,귀신잡는여인 올려주세요!!
숏드라마,"🔥100분 몰아보기🔥남편X사촌 불륜 목격한 왕비, 죽고 나서 ‘무림고수’로 돌아왔다;; 빙의된 왕비의 전세역전 사이다 복수극‼️ [#금소옥취] #숏폼드라마 #드라마리뷰 #로맨스",https://www.youtube.com/watch?v=BePNd_Xy6dM,하..  댓글을  먼저보고 드라마보는대.. <br>이번엔 개망함   강남만 보여 🤣🤣🤣🥰
숏드라마,"🔥100분 몰아보기🔥남편X사촌 불륜 목격한 왕비, 죽고 나서 ‘무림고수’로 돌아왔다;; 빙의된 왕비의 전세역전 사이다 복수극‼️ [#금소옥취] #숏폼드라마 #드라마리뷰 #로맨스",https://www.youtube.com/watch?v=BePNd_Xy6dM,소인 강남이 아니고 안성재셰프가 보임...
숏드라마,"🔥100분 몰아보기🔥남편X사촌 불륜 목격한 왕비, 죽고 나서 ‘무림고수’로 돌아왔다;; 빙의된 왕비의 전세역전 사이다 복수극‼️ [#금소옥취] #숏폼드라마 #드라마리뷰 #로맨스",https://www.youtube.com/watch?v=BePNd_Xy6dM,남주인공 강남이랑 닮았네
숏드라마,"🔥100분 몰아보기🔥남편X사촌 불륜 목격한 왕비, 죽고 나서 ‘무림고수’로 돌아왔다;; 빙의된 왕비의 전세역전 사이다 복수극‼️ [#금소옥취] #숏폼드라마 #드라마리뷰 #로맨스",https://www.youtube.com/watch?v=BePNd_Xy6dM,강남아 언제 해외까지 진출한거야 근데 강나미가 더 잘생김 ㅋㅋㅋㅋㅋ강남아 쪼끔 느끼하다 너...
숏드라마,"🔥100분 몰아보기🔥남편X사촌 불륜 목격한 왕비, 죽고 나서 ‘무림고수’로 돌아왔다;; 빙의된 왕비의 전세역전 사이다 복수극‼️ [#금소옥취] #숏폼드라마 #드라마리뷰 #로맨스",https://www.youtube.com/watch?v=BePNd_Xy6dM,헛 남주 강나미 닮았넹
숏드라마,"🔥100분 몰아보기🔥남편X사촌 불륜 목격한 왕비, 죽고 나서 ‘무림고수’로 돌아왔다;; 빙의된 왕비의 전세역전 사이다 복수극‼️ [#금소옥취] #숏폼드라마 #드라마리뷰 #로맨스",https://www.youtube.com/watch?v=BePNd_Xy6dM,중국에 한국연예인 닮은 사람 많은거 신기
숏드라마,"🔥100분 몰아보기🔥남편X사촌 불륜 목격한 왕비, 죽고 나서 ‘무림고수’로 돌아왔다;; 빙의된 왕비의 전세역전 사이다 복수극‼️ [#금소옥취] #숏폼드라마 #드라마리뷰 #로맨스",https://www.youtube.com/watch?v=BePNd_Xy6dM,남자 엑소 크리스 그 범죄자 얼굴에서 느끼함 야비함 뺀버전 같음
숏드라마,"🔥100분 몰아보기🔥남편X사촌 불륜 목격한 왕비, 죽고 나서 ‘무림고수’로 돌아왔다;; 빙의된 왕비의 전세역전 사이다 복수극‼️ [#금소옥취] #숏폼드라마 #드라마리뷰 #로맨스",https://www.youtube.com/watch?v=BePNd_Xy6dM,하 ㅡㅜㅜㅡ 나 중국남자 좋아했엉 ㅜㅜㅜ
숏드라마,"🔥100분 몰아보기🔥남편X사촌 불륜 목격한 왕비, 죽고 나서 ‘무림고수’로 돌아왔다;; 빙의된 왕비의 전세역전 사이다 복수극‼️ [#금소옥취] #숏폼드라마 #드라마리뷰 #로맨스",https://www.youtube.com/watch?v=BePNd_Xy6dM,여주강 남주 옷 벗긴다? 매력있는뎅?
숏드라마,"🔥100분 몰아보기🔥남편X사촌 불륜 목격한 왕비, 죽고 나서 ‘무림고수’로 돌아왔다;; 빙의된 왕비의 전세역전 사이다 복수극‼️ [#금소옥취] #숏폼드라마 #드라마리뷰 #로맨스",https://www.youtube.com/watch?v=BePNd_Xy6dM,난  잘생긴  강남    그냥생긴   샤오잔 ㅎㅎ
숏드라마,"🔥100분 몰아보기🔥남편X사촌 불륜 목격한 왕비, 죽고 나서 ‘무림고수’로 돌아왔다;; 빙의된 왕비의 전세역전 사이다 복수극‼️ [#금소옥취] #숏폼드라마 #드라마리뷰 #로맨스",https://www.youtube.com/watch?v=BePNd_Xy6dM,송하윤+윤보미<br>강남+백성현<br>왠지 익숙하다...
숏드라마,"🔥100분 몰아보기🔥남편X사촌 불륜 목격한 왕비, 죽고 나서 ‘무림고수’로 돌아왔다;; 빙의된 왕비의 전세역전 사이다 복수극‼️ [#금소옥취] #숏폼드라마 #드라마리뷰 #로맨스",https://www.youtube.com/watch?v=BePNd_Xy6dM,아씨 강남얼굴 빵터졌네
숏드라마,"🔥100분 몰아보기🔥남편X사촌 불륜 목격한 왕비, 죽고 나서 ‘무림고수’로 돌아왔다;; 빙의된 왕비의 전세역전 사이다 복수극‼️ [#금소옥취] #숏폼드라마 #드라마리뷰 #로맨스",https://www.youtube.com/watch?v=BePNd_Xy6dM,살빠진 강나미?  ㅋ
숏드라마,"🔥100분 몰아보기🔥남편X사촌 불륜 목격한 왕비, 죽고 나서 ‘무림고수’로 돌아왔다;; 빙의된 왕비의 전세역전 사이다 복수극‼️ [#금소옥취] #숏폼드라마 #드라마리뷰 #로맨스",https://www.youtube.com/watch?v=BePNd_Xy6dM,남주 여주가 질질 짜는데  1도 안슬퍼 보긴 또 첨이네 ㅋ
숏드라마,"🔥100분 몰아보기🔥남편X사촌 불륜 목격한 왕비, 죽고 나서 ‘무림고수’로 돌아왔다;; 빙의된 왕비의 전세역전 사이다 복수극‼️ [#금소옥취] #숏폼드라마 #드라마리뷰 #로맨스",https://www.youtube.com/watch?v=BePNd_Xy6dM,강남과 송하윤인줄
숏드라마,"🔥100분 몰아보기🔥남편X사촌 불륜 목격한 왕비, 죽고 나서 ‘무림고수’로 돌아왔다;; 빙의된 왕비의 전세역전 사이다 복수극‼️ [#금소옥취] #숏폼드라마 #드라마리뷰 #로맨스",https://www.youtube.com/watch?v=BePNd_Xy6dM,사도선은 눈이 없나? ??? 여주보다 모눈코 사촌이 더 좋을수가 있나???
숏드라마,"🔥100분 몰아보기🔥남편X사촌 불륜 목격한 왕비, 죽고 나서 ‘무림고수’로 돌아왔다;; 빙의된 왕비의 전세역전 사이다 복수극‼️ [#금소옥취] #숏폼드라마 #드라마리뷰 #로맨스",https://www.youtube.com/watch?v=BePNd_Xy6dM,이거 시즌2도 나오나요? 어제 한번에 다봄 ㅋㅋㅋ 존잼ㅋㅋㅋㅋㅋㅋㅋㅋㅋㅋ 아빠 구하러 가야지!!! 다음편 달라~~~!!
숏드라마,"🔥100분 몰아보기🔥남편X사촌 불륜 목격한 왕비, 죽고 나서 ‘무림고수’로 돌아왔다;; 빙의된 왕비의 전세역전 사이다 복수극‼️ [#금소옥취] #숏폼드라마 #드라마리뷰 #로맨스",https://www.youtube.com/watch?v=BePNd_Xy6dM,남주 넘 좋다 ㅠㅠ
숏드라마,"🔥100분 몰아보기🔥남편X사촌 불륜 목격한 왕비, 죽고 나서 ‘무림고수’로 돌아왔다;; 빙의된 왕비의 전세역전 사이다 복수극‼️ [#금소옥취] #숏폼드라마 #드라마리뷰 #로맨스",https://www.youtube.com/watch?v=BePNd_Xy6dM,아니야...남주 노민우닮았잖아...
숏드라마,"🔥100분 몰아보기🔥남편X사촌 불륜 목격한 왕비, 죽고 나서 ‘무림고수’로 돌아왔다;; 빙의된 왕비의 전세역전 사이다 복수극‼️ [#금소옥취] #숏폼드라마 #드라마리뷰 #로맨스",https://www.youtube.com/watch?v=BePNd_Xy6dM,여주 완전 송하윤닮았네 ...강남이도 나오곸ㅋㅋ
숏드라마,"🔥100분 몰아보기🔥남편X사촌 불륜 목격한 왕비, 죽고 나서 ‘무림고수’로 돌아왔다;; 빙의된 왕비의 전세역전 사이다 복수극‼️ [#금소옥취] #숏폼드라마 #드라마리뷰 #로맨스",https://www.youtube.com/watch?v=BePNd_Xy6dM,중국 무협영화가 왜 망했는지 여실히 보여줌...그야말로 유치의 극치....올린분 한테는 죄송요
숏드라마,"🔥100분 몰아보기🔥남편X사촌 불륜 목격한 왕비, 죽고 나서 ‘무림고수’로 돌아왔다;; 빙의된 왕비의 전세역전 사이다 복수극‼️ [#금소옥취] #숏폼드라마 #드라마리뷰 #로맨스",https://www.youtube.com/watch?v=BePNd_Xy6dM,여주 송하윤 얼굴이 약간 보이네  이쁘시다
숏드라마,"🔥100분 몰아보기🔥남편X사촌 불륜 목격한 왕비, 죽고 나서 ‘무림고수’로 돌아왔다;; 빙의된 왕비의 전세역전 사이다 복수극‼️ [#금소옥취] #숏폼드라마 #드라마리뷰 #로맨스",https://www.youtube.com/watch?v=BePNd_Xy6dM,여주ㅜ서예지같은뎅...😮
숏드라마,"🔥100분 몰아보기🔥남편X사촌 불륜 목격한 왕비, 죽고 나서 ‘무림고수’로 돌아왔다;; 빙의된 왕비의 전세역전 사이다 복수극‼️ [#금소옥취] #숏폼드라마 #드라마리뷰 #로맨스",https://www.youtube.com/watch?v=BePNd_Xy6dM,강남이랑 똑같이 생겼누 ㅋㅋ
숏드라마,"🔥100분 몰아보기🔥남편X사촌 불륜 목격한 왕비, 죽고 나서 ‘무림고수’로 돌아왔다;; 빙의된 왕비의 전세역전 사이다 복수극‼️ [#금소옥취] #숏폼드라마 #드라마리뷰 #로맨스",https://www.youtube.com/watch?v=BePNd_Xy6dM,남주 nct해찬 닮음
숏드라마,"🔥100분 몰아보기🔥남편X사촌 불륜 목격한 왕비, 죽고 나서 ‘무림고수’로 돌아왔다;; 빙의된 왕비의 전세역전 사이다 복수극‼️ [#금소옥취] #숏폼드라마 #드라마리뷰 #로맨스",https://www.youtube.com/watch?v=BePNd_Xy6dM,내 눈엔 남주 크리스밖에 안보이는데.. 엑소 중국인 멤버였던 크리스
숏드라마,"🔥100분 몰아보기🔥남편X사촌 불륜 목격한 왕비, 죽고 나서 ‘무림고수’로 돌아왔다;; 빙의된 왕비의 전세역전 사이다 복수극‼️ [#금소옥취] #숏폼드라마 #드라마리뷰 #로맨스",https://www.youtube.com/watch?v=BePNd_Xy6dM,남주 백성현 어릴 때 모습이랑 90퍼 이상 닮아보임
숏드라마,"🔥100분 몰아보기🔥남편X사촌 불륜 목격한 왕비, 죽고 나서 ‘무림고수’로 돌아왔다;; 빙의된 왕비의 전세역전 사이다 복수극‼️ [#금소옥취] #숏폼드라마 #드라마리뷰 #로맨스",https://www.youtube.com/watch?v=BePNd_Xy6dM,여주에게서 이영애가 보여...
숏드라마,"🔥100분 몰아보기🔥남편X사촌 불륜 목격한 왕비, 죽고 나서 ‘무림고수’로 돌아왔다;; 빙의된 왕비의 전세역전 사이다 복수극‼️ [#금소옥취] #숏폼드라마 #드라마리뷰 #로맨스",https://www.youtube.com/watch?v=BePNd_Xy6dM,여주 오나라 닮음
숏드라마,"🔥100분 몰아보기🔥남편X사촌 불륜 목격한 왕비, 죽고 나서 ‘무림고수’로 돌아왔다;; 빙의된 왕비의 전세역전 사이다 복수극‼️ [#금소옥취] #숏폼드라마 #드라마리뷰 #로맨스",https://www.youtube.com/watch?v=BePNd_Xy6dM,여주 송하윤닮음..
숏드라마,"🔥100분 몰아보기🔥남편X사촌 불륜 목격한 왕비, 죽고 나서 ‘무림고수’로 돌아왔다;; 빙의된 왕비의 전세역전 사이다 복수극‼️ [#금소옥취] #숏폼드라마 #드라마리뷰 #로맨스",https://www.youtube.com/watch?v=BePNd_Xy6dM,짜증나는 주둥아리 싸움 아닌 이런 드라마 좋아요
숏드라마,"🔥100분 몰아보기🔥남편X사촌 불륜 목격한 왕비, 죽고 나서 ‘무림고수’로 돌아왔다;; 빙의된 왕비의 전세역전 사이다 복수극‼️ [#금소옥취] #숏폼드라마 #드라마리뷰 #로맨스",https://www.youtube.com/watch?v=BePNd_Xy6dM,강남도 보이고 크리스..도 보이는데 전 엑소 멤버였다 지금 감옥 가있는😂
숏드라마,"🔥100분 몰아보기🔥남편X사촌 불륜 목격한 왕비, 죽고 나서 ‘무림고수’로 돌아왔다;; 빙의된 왕비의 전세역전 사이다 복수극‼️ [#금소옥취] #숏폼드라마 #드라마리뷰 #로맨스",https://www.youtube.com/watch?v=BePNd_Xy6dM,중국에 만화속 주인공 닮은 배우가 있다니 놀랍네
숏드라마,"🔥100분 몰아보기🔥남편X사촌 불륜 목격한 왕비, 죽고 나서 ‘무림고수’로 돌아왔다;; 빙의된 왕비의 전세역전 사이다 복수극‼️ [#금소옥취] #숏폼드라마 #드라마리뷰 #로맨스",https://www.youtube.com/watch?v=BePNd_Xy6dM,강남이다 ㅎㅎㅎ
숏드라마,"🔥100분 몰아보기🔥남편X사촌 불륜 목격한 왕비, 죽고 나서 ‘무림고수’로 돌아왔다;; 빙의된 왕비의 전세역전 사이다 복수극‼️ [#금소옥취] #숏폼드라마 #드라마리뷰 #로맨스",https://www.youtube.com/watch?v=BePNd_Xy6dM,눈에 익은 배우들이 많아서 재밋네용
숏드라마,"🔥100분 몰아보기🔥남편X사촌 불륜 목격한 왕비, 죽고 나서 ‘무림고수’로 돌아왔다;; 빙의된 왕비의 전세역전 사이다 복수극‼️ [#금소옥취] #숏폼드라마 #드라마리뷰 #로맨스",https://www.youtube.com/watch?v=BePNd_Xy6dM,강남이너무씨게보인다 ㄹㅇ
숏드라마,"🔥100분 몰아보기🔥남편X사촌 불륜 목격한 왕비, 죽고 나서 ‘무림고수’로 돌아왔다;; 빙의된 왕비의 전세역전 사이다 복수극‼️ [#금소옥취] #숏폼드라마 #드라마리뷰 #로맨스",https://www.youtube.com/watch?v=BePNd_Xy6dM,남주 안성재 닮음
숏드라마,"🔥100분 몰아보기🔥남편X사촌 불륜 목격한 왕비, 죽고 나서 ‘무림고수’로 돌아왔다;; 빙의된 왕비의 전세역전 사이다 복수극‼️ [#금소옥취] #숏폼드라마 #드라마리뷰 #로맨스",https://www.youtube.com/watch?v=BePNd_Xy6dM,여주가 송하연 닮은듯
숏드라마,"🔥100분 몰아보기🔥남편X사촌 불륜 목격한 왕비, 죽고 나서 ‘무림고수’로 돌아왔다;; 빙의된 왕비의 전세역전 사이다 복수극‼️ [#금소옥취] #숏폼드라마 #드라마리뷰 #로맨스",https://www.youtube.com/watch?v=BePNd_Xy6dM,누나 호칭이 신경쓰여서 검색해보니 짭누나인가보네 다행 이제 편하게봐야지
숏드라마,"🔥100분 몰아보기🔥남편X사촌 불륜 목격한 왕비, 죽고 나서 ‘무림고수’로 돌아왔다;; 빙의된 왕비의 전세역전 사이다 복수극‼️ [#금소옥취] #숏폼드라마 #드라마리뷰 #로맨스",https://www.youtube.com/watch?v=BePNd_Xy6dM,아빠가 먹인 독이 죽는 독이 아니라 미약이었음?ㅋㅋㅋㅋㅋ 개뜬금없는 도파민전개
숏드라마,"🔥100분 몰아보기🔥남편X사촌 불륜 목격한 왕비, 죽고 나서 ‘무림고수’로 돌아왔다;; 빙의된 왕비의 전세역전 사이다 복수극‼️ [#금소옥취] #숏폼드라마 #드라마리뷰 #로맨스",https://www.youtube.com/watch?v=BePNd_Xy6dM,배우가 예쁘고 잘생겼다 외에는 보고싶게 만드는 요소가 전혀 없네 ㅜㅜ
숏드라마,"🔥100분 몰아보기🔥남편X사촌 불륜 목격한 왕비, 죽고 나서 ‘무림고수’로 돌아왔다;; 빙의된 왕비의 전세역전 사이다 복수극‼️ [#금소옥취] #숏폼드라마 #드라마리뷰 #로맨스",https://www.youtube.com/watch?v=BePNd_Xy6dM,이거 서권일몽이랑 너무 비슷한데
숏드라마,"🔥100분 몰아보기🔥남편X사촌 불륜 목격한 왕비, 죽고 나서 ‘무림고수’로 돌아왔다;; 빙의된 왕비의 전세역전 사이다 복수극‼️ [#금소옥취] #숏폼드라마 #드라마리뷰 #로맨스",https://www.youtube.com/watch?v=BePNd_Xy6dM,제가 중드를 별로 안 봐서 그러는데 중드는 저렇게 약간 잡아먹을듯한 스탈로 키스하는 편인가요
숏드라마,"🔥100분 몰아보기🔥남편X사촌 불륜 목격한 왕비, 죽고 나서 ‘무림고수’로 돌아왔다;; 빙의된 왕비의 전세역전 사이다 복수극‼️ [#금소옥취] #숏폼드라마 #드라마리뷰 #로맨스",https://www.youtube.com/watch?v=BePNd_Xy6dM,진짜 보자마자 강남이네ㅋㅋㅋㅋ집중 안되네ㅋㅋㅋ
숏드라마,"🔥100분 몰아보기🔥남편X사촌 불륜 목격한 왕비, 죽고 나서 ‘무림고수’로 돌아왔다;; 빙의된 왕비의 전세역전 사이다 복수극‼️ [#금소옥취] #숏폼드라마 #드라마리뷰 #로맨스",https://www.youtube.com/watch?v=BePNd_Xy6dM,남주가. 강남이 같이요 여주는 이본
숏드라마,"🔥100분 몰아보기🔥남편X사촌 불륜 목격한 왕비, 죽고 나서 ‘무림고수’로 돌아왔다;; 빙의된 왕비의 전세역전 사이다 복수극‼️ [#금소옥취] #숏폼드라마 #드라마리뷰 #로맨스",https://www.youtube.com/watch?v=BePNd_Xy6dM,사도성연  구교환 닮은거 같은데?
숏드라마,"🔥100분 몰아보기🔥남편X사촌 불륜 목격한 왕비, 죽고 나서 ‘무림고수’로 돌아왔다;; 빙의된 왕비의 전세역전 사이다 복수극‼️ [#금소옥취] #숏폼드라마 #드라마리뷰 #로맨스",https://www.youtube.com/watch?v=BePNd_Xy6dM,여주는 송하윤 남주는 백성현 닮았음~~
숏드라마,"🔥100분 몰아보기🔥남편X사촌 불륜 목격한 왕비, 죽고 나서 ‘무림고수’로 돌아왔다;; 빙의된 왕비의 전세역전 사이다 복수극‼️ [#금소옥취] #숏폼드라마 #드라마리뷰 #로맨스",https://www.youtube.com/watch?v=BePNd_Xy6dM,사도성연 배우 누구에요???
숏드라마,"🔥100분 몰아보기🔥남편X사촌 불륜 목격한 왕비, 죽고 나서 ‘무림고수’로 돌아왔다;; 빙의된 왕비의 전세역전 사이다 복수극‼️ [#금소옥취] #숏폼드라마 #드라마리뷰 #로맨스",https://www.youtube.com/watch?v=BePNd_Xy6dM,결말이 해피엔딩인가요 뭔가 애매한 거 같기도 하고..
숏드라마,"🔥100분 몰아보기🔥남편X사촌 불륜 목격한 왕비, 죽고 나서 ‘무림고수’로 돌아왔다;; 빙의된 왕비의 전세역전 사이다 복수극‼️ [#금소옥취] #숏폼드라마 #드라마리뷰 #로맨스",https://www.youtube.com/watch?v=BePNd_Xy6dM,며칠 굶은 강남이 보는 기분..ㅋ
숏드라마,"🔥100분 몰아보기🔥남편X사촌 불륜 목격한 왕비, 죽고 나서 ‘무림고수’로 돌아왔다;; 빙의된 왕비의 전세역전 사이다 복수극‼️ [#금소옥취] #숏폼드라마 #드라마리뷰 #로맨스",https://www.youtube.com/watch?v=BePNd_Xy6dM,남자 참 잘 생겼네
숏드라마,"🔥100분 몰아보기🔥남편X사촌 불륜 목격한 왕비, 죽고 나서 ‘무림고수’로 돌아왔다;; 빙의된 왕비의 전세역전 사이다 복수극‼️ [#금소옥취] #숏폼드라마 #드라마리뷰 #로맨스",https://www.youtube.com/watch?v=BePNd_Xy6dM,제눈으론 여주가 에이핑크 윤보미닮았어요 특히웃는모습이 ..그리고 남주는 진짜 강남 달맜네요 ㅋㅋㅋㅋㅋㅋㅋ아
숏드라마,"🔥100분 몰아보기🔥남편X사촌 불륜 목격한 왕비, 죽고 나서 ‘무림고수’로 돌아왔다;; 빙의된 왕비의 전세역전 사이다 복수극‼️ [#금소옥취] #숏폼드라마 #드라마리뷰 #로맨스",https://www.youtube.com/watch?v=BePNd_Xy6dM,여주..김지원같다
숏드라마,"🔥100분 몰아보기🔥남편X사촌 불륜 목격한 왕비, 죽고 나서 ‘무림고수’로 돌아왔다;; 빙의된 왕비의 전세역전 사이다 복수극‼️ [#금소옥취] #숏폼드라마 #드라마리뷰 #로맨스",https://www.youtube.com/watch?v=BePNd_Xy6dM,"강남의 느끼할수있는 부분을 안성재로 잡았네, 키크니까 합격"
숏드라마,"🔥100분 몰아보기🔥남편X사촌 불륜 목격한 왕비, 죽고 나서 ‘무림고수’로 돌아왔다;; 빙의된 왕비의 전세역전 사이다 복수극‼️ [#금소옥취] #숏폼드라마 #드라마리뷰 #로맨스",https://www.youtube.com/watch?v=BePNd_Xy6dM,중드 중에 처음으로 연기 괜찮다는 생각이 드는 여주네요. 얼굴도 너무 이쁘고.
숏드라마,"🔥100분 몰아보기🔥남편X사촌 불륜 목격한 왕비, 죽고 나서 ‘무림고수’로 돌아왔다;; 빙의된 왕비의 전세역전 사이다 복수극‼️ [#금소옥취] #숏폼드라마 #드라마리뷰 #로맨스",https://www.youtube.com/watch?v=BePNd_Xy6dM,중국 : 사촌간 결혼 할 수 있음.
숏드라마,"🔥100분 몰아보기🔥남편X사촌 불륜 목격한 왕비, 죽고 나서 ‘무림고수’로 돌아왔다;; 빙의된 왕비의 전세역전 사이다 복수극‼️ [#금소옥취] #숏폼드라마 #드라마리뷰 #로맨스",https://www.youtube.com/watch?v=BePNd_Xy6dM,웹툰으로 중국작품 많이 봤는데 거의 대부분이 이런 스토리임<br>조강지처 홀대하다 측실한테 배신당하고 피의 복수 당하는게 중국 저서에 갈린 정서인가봄ㅎㅎ
숏드라마,"🔥100분 몰아보기🔥남편X사촌 불륜 목격한 왕비, 죽고 나서 ‘무림고수’로 돌아왔다;; 빙의된 왕비의 전세역전 사이다 복수극‼️ [#금소옥취] #숏폼드라마 #드라마리뷰 #로맨스",https://www.youtube.com/watch?v=BePNd_Xy6dM,강남인줄...
숏드라마,"🔥100분 몰아보기🔥남편X사촌 불륜 목격한 왕비, 죽고 나서 ‘무림고수’로 돌아왔다;; 빙의된 왕비의 전세역전 사이다 복수극‼️ [#금소옥취] #숏폼드라마 #드라마리뷰 #로맨스",https://www.youtube.com/watch?v=BePNd_Xy6dM,여주한테 송하윤씨 보여…
숏드라마,"🔥100분 몰아보기🔥남편X사촌 불륜 목격한 왕비, 죽고 나서 ‘무림고수’로 돌아왔다;; 빙의된 왕비의 전세역전 사이다 복수극‼️ [#금소옥취] #숏폼드라마 #드라마리뷰 #로맨스",https://www.youtube.com/watch?v=BePNd_Xy6dM,"강남씨 보는 타래<br><a href=""https://www.youtube.com/watch?v=BePNd_Xy6dM&amp;t=3065"">51:05</a>"
숏드라마,"🔥100분 몰아보기🔥남편X사촌 불륜 목격한 왕비, 죽고 나서 ‘무림고수’로 돌아왔다;; 빙의된 왕비의 전세역전 사이다 복수극‼️ [#금소옥취] #숏폼드라마 #드라마리뷰 #로맨스",https://www.youtube.com/watch?v=BePNd_Xy6dM,틀자마자 강남 닮았다는 댓글 보고서 그냥 강남으러 보임….. ㅠㅠㅋ
숏드라마,"🔥100분 몰아보기🔥남편X사촌 불륜 목격한 왕비, 죽고 나서 ‘무림고수’로 돌아왔다;; 빙의된 왕비의 전세역전 사이다 복수극‼️ [#금소옥취] #숏폼드라마 #드라마리뷰 #로맨스",https://www.youtube.com/watch?v=BePNd_Xy6dM,강남씨가 여기엔 왜? 살이 많이 빠지셨네
숏드라마,"🔥100분 몰아보기🔥남편X사촌 불륜 목격한 왕비, 죽고 나서 ‘무림고수’로 돌아왔다;; 빙의된 왕비의 전세역전 사이다 복수극‼️ [#금소옥취] #숏폼드라마 #드라마리뷰 #로맨스",https://www.youtube.com/watch?v=BePNd_Xy6dM,중국산 아내의 유혹
숏드라마,"🔥100분 몰아보기🔥남편X사촌 불륜 목격한 왕비, 죽고 나서 ‘무림고수’로 돌아왔다;; 빙의된 왕비의 전세역전 사이다 복수극‼️ [#금소옥취] #숏폼드라마 #드라마리뷰 #로맨스",https://www.youtube.com/watch?v=BePNd_Xy6dM,이 남주는 데뷔이전부터 유부남이였음 캐나다 유학중 부인을 만나 결혼한걸로 아는데 얼굴 1도 안나옴
숏드라마,"🔥100분 몰아보기🔥남편X사촌 불륜 목격한 왕비, 죽고 나서 ‘무림고수’로 돌아왔다;; 빙의된 왕비의 전세역전 사이다 복수극‼️ [#금소옥취] #숏폼드라마 #드라마리뷰 #로맨스",https://www.youtube.com/watch?v=BePNd_Xy6dM,아니 남자 너무 안성재 같앜ㅋㅋㅋㅋㅋ
숏드라마,"🔥100분 몰아보기🔥남편X사촌 불륜 목격한 왕비, 죽고 나서 ‘무림고수’로 돌아왔다;; 빙의된 왕비의 전세역전 사이다 복수극‼️ [#금소옥취] #숏폼드라마 #드라마리뷰 #로맨스",https://www.youtube.com/watch?v=BePNd_Xy6dM,자꾸 잘생긴 벨루가가 떠올라요..
숏드라마,"🔥100분 몰아보기🔥남편X사촌 불륜 목격한 왕비, 죽고 나서 ‘무림고수’로 돌아왔다;; 빙의된 왕비의 전세역전 사이다 복수극‼️ [#금소옥취] #숏폼드라마 #드라마리뷰 #로맨스",https://www.youtube.com/watch?v=BePNd_Xy6dM,꿀잼
숏드라마,"🔥100분 몰아보기🔥남편X사촌 불륜 목격한 왕비, 죽고 나서 ‘무림고수’로 돌아왔다;; 빙의된 왕비의 전세역전 사이다 복수극‼️ [#금소옥취] #숏폼드라마 #드라마리뷰 #로맨스",https://www.youtube.com/watch?v=BePNd_Xy6dM,송하윤과 강남의 사랑이야기 잘봤습니다
숏드라마,"🔥100분 몰아보기🔥남편X사촌 불륜 목격한 왕비, 죽고 나서 ‘무림고수’로 돌아왔다;; 빙의된 왕비의 전세역전 사이다 복수극‼️ [#금소옥취] #숏폼드라마 #드라마리뷰 #로맨스",https://www.youtube.com/watch?v=BePNd_Xy6dM,윤보미도 닮음 저여자
숏드라마,"🔥100분 몰아보기🔥남편X사촌 불륜 목격한 왕비, 죽고 나서 ‘무림고수’로 돌아왔다;; 빙의된 왕비의 전세역전 사이다 복수극‼️ [#금소옥취] #숏폼드라마 #드라마리뷰 #로맨스",https://www.youtube.com/watch?v=BePNd_Xy6dM,남주 강남 닮았네..
숏드라마,"🔥100분 몰아보기🔥남편X사촌 불륜 목격한 왕비, 죽고 나서 ‘무림고수’로 돌아왔다;; 빙의된 왕비의 전세역전 사이다 복수극‼️ [#금소옥취] #숏폼드라마 #드라마리뷰 #로맨스",https://www.youtube.com/watch?v=BePNd_Xy6dM,주준위 ㅋㅋㅋㅋㅋㅋㅋㅋ 강남 닮긴 했죠 근데 전 권패륜 배우가 제 스타일....비록 맡는 역 마다 악역이지만 ..😂
숏드라마,"🔥100분 몰아보기🔥남편X사촌 불륜 목격한 왕비, 죽고 나서 ‘무림고수’로 돌아왔다;; 빙의된 왕비의 전세역전 사이다 복수극‼️ [#금소옥취] #숏폼드라마 #드라마리뷰 #로맨스",https://www.youtube.com/watch?v=BePNd_Xy6dM,여주 약간 도지원 얼굴도있는거같음.젊을때의 도지원
숏드라마,"🔥100분 몰아보기🔥남편X사촌 불륜 목격한 왕비, 죽고 나서 ‘무림고수’로 돌아왔다;; 빙의된 왕비의 전세역전 사이다 복수극‼️ [#금소옥취] #숏폼드라마 #드라마리뷰 #로맨스",https://www.youtube.com/watch?v=BePNd_Xy6dM,여주진짜예쁘다
숏드라마,"🔥100분 몰아보기🔥남편X사촌 불륜 목격한 왕비, 죽고 나서 ‘무림고수’로 돌아왔다;; 빙의된 왕비의 전세역전 사이다 복수극‼️ [#금소옥취] #숏폼드라마 #드라마리뷰 #로맨스",https://www.youtube.com/watch?v=BePNd_Xy6dM,성세천하 보고왔더니 이거 추천해줌 씨발
숏드라마,"🔥100분 몰아보기🔥남편X사촌 불륜 목격한 왕비, 죽고 나서 ‘무림고수’로 돌아왔다;; 빙의된 왕비의 전세역전 사이다 복수극‼️ [#금소옥취] #숏폼드라마 #드라마리뷰 #로맨스",https://www.youtube.com/watch?v=BePNd_Xy6dM,진짜 안성재네....
숏드라마,"🔥100분 몰아보기🔥남편X사촌 불륜 목격한 왕비, 죽고 나서 ‘무림고수’로 돌아왔다;; 빙의된 왕비의 전세역전 사이다 복수극‼️ [#금소옥취] #숏폼드라마 #드라마리뷰 #로맨스",https://www.youtube.com/watch?v=BePNd_Xy6dM,남주 더보이즈 큐 닮음
숏드라마,"🔥100분 몰아보기🔥남편X사촌 불륜 목격한 왕비, 죽고 나서 ‘무림고수’로 돌아왔다;; 빙의된 왕비의 전세역전 사이다 복수극‼️ [#금소옥취] #숏폼드라마 #드라마리뷰 #로맨스",https://www.youtube.com/watch?v=BePNd_Xy6dM,남주 김선호 닮은듯
숏드라마,"🔥100분 몰아보기🔥남편X사촌 불륜 목격한 왕비, 죽고 나서 ‘무림고수’로 돌아왔다;; 빙의된 왕비의 전세역전 사이다 복수극‼️ [#금소옥취] #숏폼드라마 #드라마리뷰 #로맨스",https://www.youtube.com/watch?v=BePNd_Xy6dM,강남이 중국드라마 출현
숏드라마,"🔥100분 몰아보기🔥남편X사촌 불륜 목격한 왕비, 죽고 나서 ‘무림고수’로 돌아왔다;; 빙의된 왕비의 전세역전 사이다 복수극‼️ [#금소옥취] #숏폼드라마 #드라마리뷰 #로맨스",https://www.youtube.com/watch?v=BePNd_Xy6dM,전 강남보단 안성재갘ㅋㅋㅋ
숏드라마,"🔥100분 몰아보기🔥남편X사촌 불륜 목격한 왕비, 죽고 나서 ‘무림고수’로 돌아왔다;; 빙의된 왕비의 전세역전 사이다 복수극‼️ [#금소옥취] #숏폼드라마 #드라마리뷰 #로맨스",https://www.youtube.com/watch?v=BePNd_Xy6dM,ㅋㅋㅋㅋ 시위부대 모자 뭥미?? 검은 등산모자임??ㅋㅋㅋㅋ  우리나라 갓 따라 할라고 ..용쓰네.. 귀엽군
숏드라마,"🔥100분 몰아보기🔥남편X사촌 불륜 목격한 왕비, 죽고 나서 ‘무림고수’로 돌아왔다;; 빙의된 왕비의 전세역전 사이다 복수극‼️ [#금소옥취] #숏폼드라마 #드라마리뷰 #로맨스",https://www.youtube.com/watch?v=BePNd_Xy6dM,남주는 강남... 여자는 송하윤.... 집중이 힘들다....
숏드라마,"🔥100분 몰아보기🔥남편X사촌 불륜 목격한 왕비, 죽고 나서 ‘무림고수’로 돌아왔다;; 빙의된 왕비의 전세역전 사이다 복수극‼️ [#금소옥취] #숏폼드라마 #드라마리뷰 #로맨스",https://www.youtube.com/watch?v=BePNd_Xy6dM,나만 여주 설윤 닮았나….
숏드라마,"🔥100분 몰아보기🔥남편X사촌 불륜 목격한 왕비, 죽고 나서 ‘무림고수’로 돌아왔다;; 빙의된 왕비의 전세역전 사이다 복수극‼️ [#금소옥취] #숏폼드라마 #드라마리뷰 #로맨스",https://www.youtube.com/watch?v=BePNd_Xy6dM,진짜 강남이 보인다
숏드라마,"🔥100분 몰아보기🔥남편X사촌 불륜 목격한 왕비, 죽고 나서 ‘무림고수’로 돌아왔다;; 빙의된 왕비의 전세역전 사이다 복수극‼️ [#금소옥취] #숏폼드라마 #드라마리뷰 #로맨스",https://www.youtube.com/watch?v=BePNd_Xy6dM,아니 한국 아침 막장 드라마 작가들이 중국으로 갔나 막장도 이런 막장이 없네ㅋㅋ그래서인지 재미는 있네
숏드라마,"🔥100분 몰아보기🔥남편X사촌 불륜 목격한 왕비, 죽고 나서 ‘무림고수’로 돌아왔다;; 빙의된 왕비의 전세역전 사이다 복수극‼️ [#금소옥취] #숏폼드라마 #드라마리뷰 #로맨스",https://www.youtube.com/watch?v=BePNd_Xy6dM,뭐야 ㅠㅠ 새드엔딩인데 해피야
숏드라마,"🔥100분 몰아보기🔥남편X사촌 불륜 목격한 왕비, 죽고 나서 ‘무림고수’로 돌아왔다;; 빙의된 왕비의 전세역전 사이다 복수극‼️ [#금소옥취] #숏폼드라마 #드라마리뷰 #로맨스",https://www.youtube.com/watch?v=BePNd_Xy6dM,송하윤인줄
숏드라마,"🔥100분 몰아보기🔥남편X사촌 불륜 목격한 왕비, 죽고 나서 ‘무림고수’로 돌아왔다;; 빙의된 왕비의 전세역전 사이다 복수극‼️ [#금소옥취] #숏폼드라마 #드라마리뷰 #로맨스",https://www.youtube.com/watch?v=BePNd_Xy6dM,진짜 강남 ㅋㅋㅋㅋㅋ
숏드라마,"🔥100분 몰아보기🔥남편X사촌 불륜 목격한 왕비, 죽고 나서 ‘무림고수’로 돌아왔다;; 빙의된 왕비의 전세역전 사이다 복수극‼️ [#금소옥취] #숏폼드라마 #드라마리뷰 #로맨스",https://www.youtube.com/watch?v=BePNd_Xy6dM,모아에서 밖에 못 보나요???
숏드라마,"🔥100분 몰아보기🔥남편X사촌 불륜 목격한 왕비, 죽고 나서 ‘무림고수’로 돌아왔다;; 빙의된 왕비의 전세역전 사이다 복수극‼️ [#금소옥취] #숏폼드라마 #드라마리뷰 #로맨스",https://www.youtube.com/watch?v=BePNd_Xy6dM,자꾸 강남이 떠올라..
숏드라마,"🔥100분 몰아보기🔥남편X사촌 불륜 목격한 왕비, 죽고 나서 ‘무림고수’로 돌아왔다;; 빙의된 왕비의 전세역전 사이다 복수극‼️ [#금소옥취] #숏폼드라마 #드라마리뷰 #로맨스",https://www.youtube.com/watch?v=BePNd_Xy6dM,남주 진정령에 나오는 사추아닌가?
숏드라마,"🔥100분 몰아보기🔥남편X사촌 불륜 목격한 왕비, 죽고 나서 ‘무림고수’로 돌아왔다;; 빙의된 왕비의 전세역전 사이다 복수극‼️ [#금소옥취] #숏폼드라마 #드라마리뷰 #로맨스",https://www.youtube.com/watch?v=BePNd_Xy6dM,아… 어디서 봤나 했더니 여봉행에서 뱀요괴? 진낭자..? 하여튼 그사람이랑 나중에 잘된 선인역했던 배우였네요~
숏드라마,"🔥100분 몰아보기🔥남편X사촌 불륜 목격한 왕비, 죽고 나서 ‘무림고수’로 돌아왔다;; 빙의된 왕비의 전세역전 사이다 복수극‼️ [#금소옥취] #숏폼드라마 #드라마리뷰 #로맨스",https://www.youtube.com/watch?v=BePNd_Xy6dM,여주 22옥순 느낌나넹
숏드라마,"🔥100분 몰아보기🔥남편X사촌 불륜 목격한 왕비, 죽고 나서 ‘무림고수’로 돌아왔다;; 빙의된 왕비의 전세역전 사이다 복수극‼️ [#금소옥취] #숏폼드라마 #드라마리뷰 #로맨스",https://www.youtube.com/watch?v=BePNd_Xy6dM,저렇게 불피우면 나 잡아라 이거 아닌가
숏드라마,"🔥100분 몰아보기🔥남편X사촌 불륜 목격한 왕비, 죽고 나서 ‘무림고수’로 돌아왔다;; 빙의된 왕비의 전세역전 사이다 복수극‼️ [#금소옥취] #숏폼드라마 #드라마리뷰 #로맨스",https://www.youtube.com/watch?v=BePNd_Xy6dM,안성재 쉐프님이랑 강남느낌...??
숏드라마,"🔥100분 몰아보기🔥남편X사촌 불륜 목격한 왕비, 죽고 나서 ‘무림고수’로 돌아왔다;; 빙의된 왕비의 전세역전 사이다 복수극‼️ [#금소옥취] #숏폼드라마 #드라마리뷰 #로맨스",https://www.youtube.com/watch?v=BePNd_Xy6dM,"류영설 역 배우는 숏드에서는 여주같은 캐릭터였는데 청순캐, 야망캐 둘다 어울리네요 ㅎㅎㅎ"
숏드라마,"🔥100분 몰아보기🔥남편X사촌 불륜 목격한 왕비, 죽고 나서 ‘무림고수’로 돌아왔다;; 빙의된 왕비의 전세역전 사이다 복수극‼️ [#금소옥취] #숏폼드라마 #드라마리뷰 #로맨스",https://www.youtube.com/watch?v=BePNd_Xy6dM,남주 아무리 봐도 쌍꺼풀있는 안성재같다요😂😂😂
숏드라마,"🔥100분 몰아보기🔥남편X사촌 불륜 목격한 왕비, 죽고 나서 ‘무림고수’로 돌아왔다;; 빙의된 왕비의 전세역전 사이다 복수극‼️ [#금소옥취] #숏폼드라마 #드라마리뷰 #로맨스",https://www.youtube.com/watch?v=BePNd_Xy6dM,진짜 남주는 살짝 강남 느낌에 여주는 이주연+송하윤 느낌임
숏드라마,"🔥100분 몰아보기🔥남편X사촌 불륜 목격한 왕비, 죽고 나서 ‘무림고수’로 돌아왔다;; 빙의된 왕비의 전세역전 사이다 복수극‼️ [#금소옥취] #숏폼드라마 #드라마리뷰 #로맨스",https://www.youtube.com/watch?v=BePNd_Xy6dM,자꾸 누나래서 헷갈리는데 뭔사이인거죠 ? 친누나는 아니져?
숏드라마,"🔥100분 몰아보기🔥남편X사촌 불륜 목격한 왕비, 죽고 나서 ‘무림고수’로 돌아왔다;; 빙의된 왕비의 전세역전 사이다 복수극‼️ [#금소옥취] #숏폼드라마 #드라마리뷰 #로맨스",https://www.youtube.com/watch?v=BePNd_Xy6dM,그래 이렇게 지네나라 전툥의복하고 문화가 있는데 왜 굳이 우리나라걸 지들거라 우기는거야 있는거나 잘 지키지
숏드라마,"🔥100분 몰아보기🔥남편X사촌 불륜 목격한 왕비, 죽고 나서 ‘무림고수’로 돌아왔다;; 빙의된 왕비의 전세역전 사이다 복수극‼️ [#금소옥취] #숏폼드라마 #드라마리뷰 #로맨스",https://www.youtube.com/watch?v=BePNd_Xy6dM,중국 드라마는 스토리가 대동소이하고 결말도 뻔해서... 별로임
숏드라마,"🔥100분 몰아보기🔥남편X사촌 불륜 목격한 왕비, 죽고 나서 ‘무림고수’로 돌아왔다;; 빙의된 왕비의 전세역전 사이다 복수극‼️ [#금소옥취] #숏폼드라마 #드라마리뷰 #로맨스",https://www.youtube.com/watch?v=BePNd_Xy6dM,"환혼 , 내남결. 짬뽕이네"
숏드라마,"🔥100분 몰아보기🔥남편X사촌 불륜 목격한 왕비, 죽고 나서 ‘무림고수’로 돌아왔다;; 빙의된 왕비의 전세역전 사이다 복수극‼️ [#금소옥취] #숏폼드라마 #드라마리뷰 #로맨스",https://www.youtube.com/watch?v=BePNd_Xy6dM,계속 남주가 잘생긴 안성재로 보여서 집중이 안되고 웃김 😂
숏드라마,"🔥100분 몰아보기🔥남편X사촌 불륜 목격한 왕비, 죽고 나서 ‘무림고수’로 돌아왔다;; 빙의된 왕비의 전세역전 사이다 복수극‼️ [#금소옥취] #숏폼드라마 #드라마리뷰 #로맨스",https://www.youtube.com/watch?v=BePNd_Xy6dM,애정신이 너무 너무 뜬금없이 나와
숏드라마,"🔥100분 몰아보기🔥남편X사촌 불륜 목격한 왕비, 죽고 나서 ‘무림고수’로 돌아왔다;; 빙의된 왕비의 전세역전 사이다 복수극‼️ [#금소옥취] #숏폼드라마 #드라마리뷰 #로맨스",https://www.youtube.com/watch?v=BePNd_Xy6dM,"<a href=""https://www.youtube.com/watch?v=BePNd_Xy6dM&amp;t=3095"">51:35</a>"
숏드라마,"🔥100분 몰아보기🔥남편X사촌 불륜 목격한 왕비, 죽고 나서 ‘무림고수’로 돌아왔다;; 빙의된 왕비의 전세역전 사이다 복수극‼️ [#금소옥취] #숏폼드라마 #드라마리뷰 #로맨스",https://www.youtube.com/watch?v=BePNd_Xy6dM,결국 둘 다 죽는다는 결말인가요?
숏드라마,의심한 남편의 살벌한 확인 사살 #비글루,https://www.youtube.com/watch?v=HqTCwUmznJU,"[잔혹한 나의 악마]<br>📌Vigloo에서 시청하기<br>👉<a href=""https://vigloo.onelink.me/SrIM/krytcm"">https://vigloo.onelink.me/SrIM/krytcm</a><br><br>📌For English subtitles, visit our English channel @ViglooOfficial<br>👉<a href=""https://www.youtube.com/@ViglooOfficial"">https://www.youtube.com/@ViglooOfficial</a>"
숏드라마,의심한 남편의 살벌한 확인 사살 #비글루,https://www.youtube.com/watch?v=HqTCwUmznJU,ㅘ 조아요 100개다
숏드라마,"【더빙】지옥 같은 6년, 특훈소에서 돌아온 진짜 공딸의 복수.. &quot;내가 당한 만큼 똑같이 돌려줄게&quot; 😈",https://www.youtube.com/watch?v=IiR8aXtEUAE,한심한 부모
숏드라마,"【더빙】지옥 같은 6년, 특훈소에서 돌아온 진짜 공딸의 복수.. &quot;내가 당한 만큼 똑같이 돌려줄게&quot; 😈",https://www.youtube.com/watch?v=IiR8aXtEUAE,그런데  영상들을 어턱해  찍지
숏드라마,"【더빙】지옥 같은 6년, 특훈소에서 돌아온 진짜 공딸의 복수.. &quot;내가 당한 만큼 똑같이 돌려줄게&quot; 😈",https://www.youtube.com/watch?v=IiR8aXtEUAE,손님들도 졸라 간사 한놈들이네
숏드라마,"【더빙】지옥 같은 6년, 특훈소에서 돌아온 진짜 공딸의 복수.. &quot;내가 당한 만큼 똑같이 돌려줄게&quot; 😈",https://www.youtube.com/watch?v=IiR8aXtEUAE,부모도 아니다. 친딸도모른게. 무슨 가짜를좋아해. 천벌을  받아야지
숏드라마,"【더빙】지옥 같은 6년, 특훈소에서 돌아온 진짜 공딸의 복수.. &quot;내가 당한 만큼 똑같이 돌려줄게&quot; 😈",https://www.youtube.com/watch?v=IiR8aXtEUAE,절대로 용서하지 마세요 친부모들을~~ <br>눈가리고 아웅하는꼴
숏드라마,"【더빙】지옥 같은 6년, 특훈소에서 돌아온 진짜 공딸의 복수.. &quot;내가 당한 만큼 똑같이 돌려줄게&quot; 😈",https://www.youtube.com/watch?v=IiR8aXtEUAE,"<a href=""https://www.youtube.com/watch?v=IiR8aXtEUAE&amp;t=71"">1:11</a>"
숏드라마,"【더빙】지옥 같은 6년, 특훈소에서 돌아온 진짜 공딸의 복수.. &quot;내가 당한 만큼 똑같이 돌려줄게&quot; 😈",https://www.youtube.com/watch?v=IiR8aXtEUAE,❤
숏드라마,"【더빙】지옥 같은 6년, 특훈소에서 돌아온 진짜 공딸의 복수.. &quot;내가 당한 만큼 똑같이 돌려줄게&quot; 😈",https://www.youtube.com/watch?v=IiR8aXtEUAE,주위 환경이<br>좋은 사람도 부랑스럽게 만든다.
숏드라마,"【더빙】지옥 같은 6년, 특훈소에서 돌아온 진짜 공딸의 복수.. &quot;내가 당한 만큼 똑같이 돌려줄게&quot; 😈",https://www.youtube.com/watch?v=IiR8aXtEUAE,양딸은 친딸보다 피가 진하다 완존희 개족보네 🌶 씨보담 🐕 씨가 더중하담니다 친부모가 양딸이 말을 약올리고 돌러서 말하고 가면. 술수을 부리니 이게 이재명이 술수입니다
숏드라마,"【더빙】지옥 같은 6년, 특훈소에서 돌아온 진짜 공딸의 복수.. &quot;내가 당한 만큼 똑같이 돌려줄게&quot; 😈",https://www.youtube.com/watch?v=IiR8aXtEUAE,여주 개이쁘다..예전 걸그룹 누구 닮은거같은데 누구더라..
숏드라마,"【더빙】지옥 같은 6년, 특훈소에서 돌아온 진짜 공딸의 복수.. &quot;내가 당한 만큼 똑같이 돌려줄게&quot; 😈",https://www.youtube.com/watch?v=IiR8aXtEUAE,질질 끄는거없어  좋네요<br>잘보고갑니다
숏드라마,"불쌍한 여자, 혼수 상태 후작과 강제 결혼！실수로 키스하자, 그의 영혼이 보이기 시작！#숏드라마 #인기숏드라마",https://www.youtube.com/watch?v=T1XdhSqKCZQ,제목: 수미남후야 (睡美男侯爷) <br>남주: 경치흔(耿致忻) <br>여주: 이진미(李真美)
숏드라마,"불쌍한 여자, 혼수 상태 후작과 강제 결혼！실수로 키스하자, 그의 영혼이 보이기 시작！#숏드라마 #인기숏드라마",https://www.youtube.com/watch?v=T1XdhSqKCZQ,요며칠 정극 중드만 보다가 너무 무거워서 가벼운걸 보려고 시작한건데.....가벼워도 너어어무 가벼워서 닭털이 될것 같아서 스킵스킵스킵.
숏드라마,"불쌍한 여자, 혼수 상태 후작과 강제 결혼！실수로 키스하자, 그의 영혼이 보이기 시작！#숏드라마 #인기숏드라마",https://www.youtube.com/watch?v=T1XdhSqKCZQ,남의집에 일하러온 가정부가 그 집 며느리를 패고 기생집에 판다는 소릴 잔치손님앞에서 한다고??
숏드라마,"불쌍한 여자, 혼수 상태 후작과 강제 결혼！실수로 키스하자, 그의 영혼이 보이기 시작！#숏드라마 #인기숏드라마",https://www.youtube.com/watch?v=T1XdhSqKCZQ,남주 강제 동정<br>햐아 신박하고 좋으네 ㅋㅋㅋ
숏드라마,"불쌍한 여자, 혼수 상태 후작과 강제 결혼！실수로 키스하자, 그의 영혼이 보이기 시작！#숏드라마 #인기숏드라마",https://www.youtube.com/watch?v=T1XdhSqKCZQ,비슷한 스토리인데 이렇게 또 틀어버릴 수도 있구먼<br>ㅋㅋㅋㅋㅋ
숏드라마,"불쌍한 여자, 혼수 상태 후작과 강제 결혼！실수로 키스하자, 그의 영혼이 보이기 시작！#숏드라마 #인기숏드라마",https://www.youtube.com/watch?v=T1XdhSqKCZQ,고대에 혼례 신부 등을 남자종이 떠밀다니.. 남편 외 남자가 어딜 손을 대?
숏드라마,"불쌍한 여자, 혼수 상태 후작과 강제 결혼！실수로 키스하자, 그의 영혼이 보이기 시작！#숏드라마 #인기숏드라마",https://www.youtube.com/watch?v=T1XdhSqKCZQ,남주  정말 잘생겼다~
숏드라마,"불쌍한 여자, 혼수 상태 후작과 강제 결혼！실수로 키스하자, 그의 영혼이 보이기 시작！#숏드라마 #인기숏드라마",https://www.youtube.com/watch?v=T1XdhSqKCZQ,남주 잘생겼다 ~~
숏드라마,"불쌍한 여자, 혼수 상태 후작과 강제 결혼！실수로 키스하자, 그의 영혼이 보이기 시작！#숏드라마 #인기숏드라마",https://www.youtube.com/watch?v=T1XdhSqKCZQ,14분까지 싸가지때문에 열받았네
숏드라마,"불쌍한 여자, 혼수 상태 후작과 강제 결혼！실수로 키스하자, 그의 영혼이 보이기 시작！#숏드라마 #인기숏드라마",https://www.youtube.com/watch?v=T1XdhSqKCZQ,정말 재미 있게 잘 보았습니다.
숏드라마,"불쌍한 여자, 혼수 상태 후작과 강제 결혼！실수로 키스하자, 그의 영혼이 보이기 시작！#숏드라마 #인기숏드라마",https://www.youtube.com/watch?v=T1XdhSqKCZQ,카피약 ㅋㅋㅋ 왜 카피겠냐<br>저가로 마진 많이 남기고 팔려고ㅠ여기서 약파네<br>그럼너는 다 중국 짝퉁사지 왜 순정 사냐 ㅋㅋㅋㅋㅋㅋㅋㅋㅋㅋ
숏드라마,"불쌍한 여자, 혼수 상태 후작과 강제 결혼！실수로 키스하자, 그의 영혼이 보이기 시작！#숏드라마 #인기숏드라마",https://www.youtube.com/watch?v=T1XdhSqKCZQ,여주 딴데서도 봤느데 졸라귀엽누 <br>이름 아시는분 있으신거요? 알려줘요~
숏드라마,"불쌍한 여자, 혼수 상태 후작과 강제 결혼！실수로 키스하자, 그의 영혼이 보이기 시작！#숏드라마 #인기숏드라마",https://www.youtube.com/watch?v=T1XdhSqKCZQ,남주 이름 아시는분??
숏드라마,"(집착 로맨스) 입소문 난 뜨거운 화제작🔥운명적인 의붓남매의 애절한 서사, 광기로 번져버린 폭풍 로맨스💋 #경몽 #숏폼드라마 #로맨스",https://www.youtube.com/watch?v=Dp1tacS74sU,아니 연출 개웃기네
숏드라마,"(집착 로맨스) 입소문 난 뜨거운 화제작🔥운명적인 의붓남매의 애절한 서사, 광기로 번져버린 폭풍 로맨스💋 #경몽 #숏폼드라마 #로맨스",https://www.youtube.com/watch?v=Dp1tacS74sU,유희 진짜 조오오오오온나 이쁘다 레알..
숏드라마,"(집착 로맨스) 입소문 난 뜨거운 화제작🔥운명적인 의붓남매의 애절한 서사, 광기로 번져버린 폭풍 로맨스💋 #경몽 #숏폼드라마 #로맨스",https://www.youtube.com/watch?v=Dp1tacS74sU,원작보고 드라마판보니까 영 이상하네 원작이 훨 재밌음
숏드라마,"(집착 로맨스) 입소문 난 뜨거운 화제작🔥운명적인 의붓남매의 애절한 서사, 광기로 번져버린 폭풍 로맨스💋 #경몽 #숏폼드라마 #로맨스",https://www.youtube.com/watch?v=Dp1tacS74sU,남주 묘하게 존박느낌 낭낭해서 집중이 안됨. 😂
숏드라마,"(집착 로맨스) 입소문 난 뜨거운 화제작🔥운명적인 의붓남매의 애절한 서사, 광기로 번져버린 폭풍 로맨스💋 #경몽 #숏폼드라마 #로맨스",https://www.youtube.com/watch?v=Dp1tacS74sU,이뭔개똥차냐
숏드라마,"(집착 로맨스) 입소문 난 뜨거운 화제작🔥운명적인 의붓남매의 애절한 서사, 광기로 번져버린 폭풍 로맨스💋 #경몽 #숏폼드라마 #로맨스",https://www.youtube.com/watch?v=Dp1tacS74sU,존박 연기잘하네
숏드라마,"(집착 로맨스) 입소문 난 뜨거운 화제작🔥운명적인 의붓남매의 애절한 서사, 광기로 번져버린 폭풍 로맨스💋 #경몽 #숏폼드라마 #로맨스",https://www.youtube.com/watch?v=Dp1tacS74sU,아 진짜 웃기다 새장 주렁주렁 나오는 씬이랑 순간이동 한 것처럼 인두 사이로 끼어드는 모습이 진짜 너무 웃김
숏드라마,"(집착 로맨스) 입소문 난 뜨거운 화제작🔥운명적인 의붓남매의 애절한 서사, 광기로 번져버린 폭풍 로맨스💋 #경몽 #숏폼드라마 #로맨스",https://www.youtube.com/watch?v=Dp1tacS74sU,잘봤어요
숏드라마,"(집착 로맨스) 입소문 난 뜨거운 화제작🔥운명적인 의붓남매의 애절한 서사, 광기로 번져버린 폭풍 로맨스💋 #경몽 #숏폼드라마 #로맨스",https://www.youtube.com/watch?v=Dp1tacS74sU,레전드 광기 집착 ㅎㄷㄷ;;
숏드라마,"(집착 로맨스) 입소문 난 뜨거운 화제작🔥운명적인 의붓남매의 애절한 서사, 광기로 번져버린 폭풍 로맨스💋 #경몽 #숏폼드라마 #로맨스",https://www.youtube.com/watch?v=Dp1tacS74sU,배종지씨 이름 뭐에요?
숏드라마,"(집착 로맨스) 입소문 난 뜨거운 화제작🔥운명적인 의붓남매의 애절한 서사, 광기로 번져버린 폭풍 로맨스💋 #경몽 #숏폼드라마 #로맨스",https://www.youtube.com/watch?v=Dp1tacS74sU,짧고 굵은 숏?츠!!! ㅎㅎ😂 뒤로 갈수록 남주 얼굴이 잘생겨 보임.
숏드라마,"(집착 로맨스) 입소문 난 뜨거운 화제작🔥운명적인 의붓남매의 애절한 서사, 광기로 번져버린 폭풍 로맨스💋 #경몽 #숏폼드라마 #로맨스",https://www.youtube.com/watch?v=Dp1tacS74sU,와 시작부터 맵다 오라버닠ㅋㅋㅋ
숏드라마,"(집착 로맨스) 입소문 난 뜨거운 화제작🔥운명적인 의붓남매의 애절한 서사, 광기로 번져버린 폭풍 로맨스💋 #경몽 #숏폼드라마 #로맨스",https://www.youtube.com/watch?v=Dp1tacS74sU,썸넬보고 유희 아니여 하고왔더니 진짜네
숏드라마,"(집착 로맨스) 입소문 난 뜨거운 화제작🔥운명적인 의붓남매의 애절한 서사, 광기로 번져버린 폭풍 로맨스💋 #경몽 #숏폼드라마 #로맨스",https://www.youtube.com/watch?v=Dp1tacS74sU,중국도 저런 집착남을 좋아하는구나<br>흠
숏드라마,"(집착 로맨스) 입소문 난 뜨거운 화제작🔥운명적인 의붓남매의 애절한 서사, 광기로 번져버린 폭풍 로맨스💋 #경몽 #숏폼드라마 #로맨스",https://www.youtube.com/watch?v=Dp1tacS74sU,썸넬 보고 어? 했는데 진짜 유희네 ㅋㅋㅋㅋㅋㅋㅋㅋ 불쌍한 유희.. 신기하다
숏드라마,"(집착 로맨스) 입소문 난 뜨거운 화제작🔥운명적인 의붓남매의 애절한 서사, 광기로 번져버린 폭풍 로맨스💋 #경몽 #숏폼드라마 #로맨스",https://www.youtube.com/watch?v=Dp1tacS74sU,성세천하 싸가지 닮았네
숏드라마,"(집착 로맨스) 입소문 난 뜨거운 화제작🔥운명적인 의붓남매의 애절한 서사, 광기로 번져버린 폭풍 로맨스💋 #경몽 #숏폼드라마 #로맨스",https://www.youtube.com/watch?v=Dp1tacS74sU,연성세자 잘생겼다
숏드라마,"(집착 로맨스) 입소문 난 뜨거운 화제작🔥운명적인 의붓남매의 애절한 서사, 광기로 번져버린 폭풍 로맨스💋 #경몽 #숏폼드라마 #로맨스",https://www.youtube.com/watch?v=Dp1tacS74sU,여주 목소리 예쁘당
숏드라마,"(집착 로맨스) 입소문 난 뜨거운 화제작🔥운명적인 의붓남매의 애절한 서사, 광기로 번져버린 폭풍 로맨스💋 #경몽 #숏폼드라마 #로맨스",https://www.youtube.com/watch?v=Dp1tacS74sU,내생각엔 여주가 가스라이팅 당한거같은데.. 존나 집착당하고 기억 잃어서까지 찝쩍거리니까 마지못해 그래 이 씹새꺄.. 증오 속에 사랑도 아메바가 씹다남긴 플랑크톤 배설물만큼은 있었겠지 하면서 남주 받아준듯
숏드라마,"(집착 로맨스) 입소문 난 뜨거운 화제작🔥운명적인 의붓남매의 애절한 서사, 광기로 번져버린 폭풍 로맨스💋 #경몽 #숏폼드라마 #로맨스",https://www.youtube.com/watch?v=Dp1tacS74sU,ㅋㅋㅋㅋㅋㅋㅋㅋㅋㅋㅋㅋㅋㅋㅋ 진짜 오글거려서 못보겠음 ㅋㅋㅋㅋㅋㅋㅋㅋ
숏드라마,"(집착 로맨스) 입소문 난 뜨거운 화제작🔥운명적인 의붓남매의 애절한 서사, 광기로 번져버린 폭풍 로맨스💋 #경몽 #숏폼드라마 #로맨스",https://www.youtube.com/watch?v=Dp1tacS74sU,여주가 있지의 예지 닮았네 똑같이 생겼다 ㅋ 매력있어
숏드라마,"(집착 로맨스) 입소문 난 뜨거운 화제작🔥운명적인 의붓남매의 애절한 서사, 광기로 번져버린 폭풍 로맨스💋 #경몽 #숏폼드라마 #로맨스",https://www.youtube.com/watch?v=Dp1tacS74sU,권총 보고왓는데 저 여배우 연기잘함ㅋㅋㅋㅋㅋㅋㅋㅋ 이것도 바야디
숏드라마,"(집착 로맨스) 입소문 난 뜨거운 화제작🔥운명적인 의붓남매의 애절한 서사, 광기로 번져버린 폭풍 로맨스💋 #경몽 #숏폼드라마 #로맨스",https://www.youtube.com/watch?v=Dp1tacS74sU,와 근데 진짜 호역요 얼굴이 개연성임 나같아도 효역요 같은 의붓여동생잇으면 영원히 감싸돌고 아껴줌..
숏드라마,"(집착 로맨스) 입소문 난 뜨거운 화제작🔥운명적인 의붓남매의 애절한 서사, 광기로 번져버린 폭풍 로맨스💋 #경몽 #숏폼드라마 #로맨스",https://www.youtube.com/watch?v=Dp1tacS74sU,"이게 왜 숏드일까요!! <br>너무 탄탄한 내용이라 계속 보게 됩니다!! <br>&lt;경몽&gt; 진짜 스토리가 매력적이네요!! 여주가 너무 고생하고 힘들었는데요..!! 그래도 행복해져서 다행입니다!! <br>호역요님이랑 장경윤님 너무 매력적입니다!<br>&lt;경몽&gt;을 통해서 다시 알게 됐습니다!! <br>아시아앤스튜디오님, 좋은 드라마 올려주셔서 감사합니다!!🙏<br>항상 응원합니다!!😊"
숏드라마,"(집착 로맨스) 입소문 난 뜨거운 화제작🔥운명적인 의붓남매의 애절한 서사, 광기로 번져버린 폭풍 로맨스💋 #경몽 #숏폼드라마 #로맨스",https://www.youtube.com/watch?v=Dp1tacS74sU,두 배우의 연기력이 좋고 너무 잘 어울리네요~😊
숏드라마,"(집착 로맨스) 입소문 난 뜨거운 화제작🔥운명적인 의붓남매의 애절한 서사, 광기로 번져버린 폭풍 로맨스💋 #경몽 #숏폼드라마 #로맨스",https://www.youtube.com/watch?v=Dp1tacS74sU,"<a href=""https://www.youtube.com/watch?v=Dp1tacS74sU&amp;t=356"">5:56</a> 개무서워 오금이 덜덜~~<br>말로만 듣던 집착 광공의 현신이 바로 이런게 아닐까 싶다ㄷㄷㄷ"
숏드라마,"(집착 로맨스) 입소문 난 뜨거운 화제작🔥운명적인 의붓남매의 애절한 서사, 광기로 번져버린 폭풍 로맨스💋 #경몽 #숏폼드라마 #로맨스",https://www.youtube.com/watch?v=Dp1tacS74sU,참여완료
숏드라마,"(집착 로맨스) 입소문 난 뜨거운 화제작🔥운명적인 의붓남매의 애절한 서사, 광기로 번져버린 폭풍 로맨스💋 #경몽 #숏폼드라마 #로맨스",https://www.youtube.com/watch?v=Dp1tacS74sU,시간 순삭입니다.. 주인공 너무예뻐요 이벤트 참여합니다
숏드라마,"(집착 로맨스) 입소문 난 뜨거운 화제작🔥운명적인 의붓남매의 애절한 서사, 광기로 번져버린 폭풍 로맨스💋 #경몽 #숏폼드라마 #로맨스",https://www.youtube.com/watch?v=Dp1tacS74sU,"호역요 배우는 뭐랄까...? 청춘한 얼굴에 섹시함이 있고, 가련한데 그 속에 강함이 느껴지는 얼굴 같아요! 다른 작품에서 볼 때도 비슷한 느낌이 들었는데 이번 작품 &lt;경몽&gt;에서도 저는 개인적으로 비슷한 느낌이 들었어요! 배우가 매력적이면 드라마에 대한 진입장벽이 낮아지는 편인데 그렇게 시작한 &lt;경몽&gt;은 생각보다 더 재미있었어요!! 집착 로맨스는 사실 재미없기가 힘든 콘텐츠이긴 하지만요 ㅎㅎㅎ 아시아앤이 재미있는 숏폼 되게 잘 뽑아와서 기다리는 설렘이 있어서 좋아요! 예전보다 자막 퀄리티가 많이 좋아졌다고 해도 전문 번역가의 손길을 거친 자막을 따라가기는 어렵더라고요ㅜㅜ 그래서 저는 기다렸다가 보고 있어요~^^"
숏드라마,"(집착 로맨스) 입소문 난 뜨거운 화제작🔥운명적인 의붓남매의 애절한 서사, 광기로 번져버린 폭풍 로맨스💋 #경몽 #숏폼드라마 #로맨스",https://www.youtube.com/watch?v=Dp1tacS74sU,상처분장 꼬라지 ㅋㅋ
숏드라마,"(집착 로맨스) 입소문 난 뜨거운 화제작🔥운명적인 의붓남매의 애절한 서사, 광기로 번져버린 폭풍 로맨스💋 #경몽 #숏폼드라마 #로맨스",https://www.youtube.com/watch?v=Dp1tacS74sU,"망각의 독초를 삼켜도 가슴이 먼저 반응하는 것이 진정한 인연의 천명(天命)인가 보오.<br>기억을 잃고 낯선 마을에서 향을 빚으면서도,<br>그 남자의 눈빛 하나에 온몸의 기혈이 뒤틀리는 청당의 모습이 실로 처연하기 짝이 없었소.<br>비바람 치는 강호를 떠돌다 만난 이 애절한 서사에<br>본좌, 오늘 잠자리에 들긴 다 틀린 것 같구려."
숏드라마,"(집착 로맨스) 입소문 난 뜨거운 화제작🔥운명적인 의붓남매의 애절한 서사, 광기로 번져버린 폭풍 로맨스💋 #경몽 #숏폼드라마 #로맨스",https://www.youtube.com/watch?v=Dp1tacS74sU,테무산수빈+미연🎉
숏드라마,"(집착 로맨스) 입소문 난 뜨거운 화제작🔥운명적인 의붓남매의 애절한 서사, 광기로 번져버린 폭풍 로맨스💋 #경몽 #숏폼드라마 #로맨스",https://www.youtube.com/watch?v=Dp1tacS74sU,유희야 ㅠㅠ 난 너가 제일 이쁘더라 표독한년
숏드라마,"(집착 로맨스) 입소문 난 뜨거운 화제작🔥운명적인 의붓남매의 애절한 서사, 광기로 번져버린 폭풍 로맨스💋 #경몽 #숏폼드라마 #로맨스",https://www.youtube.com/watch?v=Dp1tacS74sU,권총이랑 양대산맥이라길래 시작했다가 끝까지 다 달려버림🙄🙄 너무 재밌다....
숏드라마,"(집착 로맨스) 입소문 난 뜨거운 화제작🔥운명적인 의붓남매의 애절한 서사, 광기로 번져버린 폭풍 로맨스💋 #경몽 #숏폼드라마 #로맨스",https://www.youtube.com/watch?v=Dp1tacS74sU,두배우 모두 멋지고 예뻐요
숏드라마,"(집착 로맨스) 입소문 난 뜨거운 화제작🔥운명적인 의붓남매의 애절한 서사, 광기로 번져버린 폭풍 로맨스💋 #경몽 #숏폼드라마 #로맨스",https://www.youtube.com/watch?v=Dp1tacS74sU,"이 뜨거운 화제작을 이제야 발견하다니! 숨 막히는 집착 로맨스의 정수를 보았습니다. 제목 그대로 ‘광기로 번져버린 폭풍 로맨스&#39;라는 말이 55분 내내 가슴을 때리는 듯했습니다. 단순한 막장 스토리가 아니라, 주인공들의 복잡하고 애절한 서사가 너무나 깊이 있게 그려져서 몰입감이 엄청났습니다!<br>특히 배종지와 심청당두 배우님의 연기 합과 감정선이 이 드라마를 명작으로 만들었습니다.<br>🖤 배종지, 광기 어린 집착 속의 애절한 서사<br>처음에는 청당의 자유를 앗아가는 ‘차가운 집착남&#39;으로만 보였지만, 시간이 지날수록 그의 행동 이면에 숨겨진 지독한 사랑과 희생을 깨달으며 눈물지었습니다.<br>• ’널 내 여자로 삼겠다&#39;고 했던 잔혹한 선택의 이면에는, 결국 그녀를 둘러싼 가문과 세력으로부터 지키기 위한 필사적인 방패가 있었죠 [<a href=""https://www.youtube.com/watch?v=Dp1tacS74sU&amp;t=111"">01:51</a>].<br>• 무엇보다 충격적이면서도 슬펐던 것은, 아이를 잃게 만든 잔인한 결정이 실은 청당이 비극적인 가족사(반복되는 비극)를 겪지 않고 자유롭게 살 수 있도록 그녀의 미래를 열어주기 위한 종지의 마지막 희생이었다는 점입니다 [<a href=""https://www.youtube.com/watch?v=Dp1tacS74sU&amp;t=2440"">40:40</a>]. 사랑하는 이를 위해 악역을 자처하는, 이토록 슬픈 집착이라니... 배우님의 깊은 눈빛 연기 덕분에 이 복잡다단한 감정이 오롯이 전해졌습니다.<br>🦋 심청당, 자유를 향한 날갯짓<br>청당은 처음부터 끝까지 자유와 존엄을 갈망했던 인물이었습니다. 양녀로서, 여인으로서, 끊임없이 억압받는 환경 속에서도 굴하지 않고 스스로의 운명을 개척하려 했던 그녀의 모습에 많은 응원을 보냅니다.<br>• 연성 세자와의 혼인을 통해 배 가문에서 벗어나려 했던 시도 [<a href=""https://www.youtube.com/watch?v=Dp1tacS74sU&amp;t=711"">11:51</a>]나, 스스로 죽음을 위장하며 탈출을 결심했던 순간 [<a href=""https://www.youtube.com/watch?v=Dp1tacS74sU&amp;t=1481"">24:41</a>] 등, 모든 장면이 그녀의 간절함을 대변했습니다.<br>• 기억을 잃은 후에도 결국 피 냄새를 통해 종지를 떠올리고 [<a href=""https://www.youtube.com/watch?v=Dp1tacS74sU&amp;t=3030"">50:30</a>], 모든 오해와 고통을 딛고 ‘’우리는 심지어 사랑과 미움으로 뒤얽힌 관계&quot;라며 그의 손을 잡는 마지막 선택은, 그야말로 운명적인 결말이었습니다 [<a href=""https://www.youtube.com/watch?v=Dp1tacS74sU&amp;t=3300"">55:00</a>].<br>💖 최종 감상평 &amp; 응원<br>두 사람의 사랑은 비록 순탄하지 않았고, 때로는 서로에게 가혹했지만, 결국 &#39;서로가 아니면 안 되는&#39; 숙명으로 맺어져 있음을 확인했습니다. ‘’우리는 생사가 교차하며 얽혀야 한다&quot;는 청당의 마지막 대사처럼, 이들의 사랑이 고난 끝에 진정한 안식을 찾기를 바랍니다.<br>이런 고밀도 감정선을 짧은 시간 안에 완벽하게 소화해 낸 제작진과 배우님들께 진심으로 박수를 보냅니다! ‘경몽&#39;은 제 마음속 인생작으로 남을 것 같습니다. 앞으로도 좋은 작품 많이 제작해 주세요! 강력 추천합니다! 👍👍"
숏드라마,"(집착 로맨스) 입소문 난 뜨거운 화제작🔥운명적인 의붓남매의 애절한 서사, 광기로 번져버린 폭풍 로맨스💋 #경몽 #숏폼드라마 #로맨스",https://www.youtube.com/watch?v=Dp1tacS74sU,두 배우 모두 숏드 많이 찍어서 익숙한데  중장편 드라마에서도 오래 길게 만나고 싶어요~ 연기도 잘하고 선남선녀❤
숏드라마,"(집착 로맨스) 입소문 난 뜨거운 화제작🔥운명적인 의붓남매의 애절한 서사, 광기로 번져버린 폭풍 로맨스💋 #경몽 #숏폼드라마 #로맨스",https://www.youtube.com/watch?v=Dp1tacS74sU,요번기회에 숏드를 접해봤네요 왜 숏드를 마라맛이라고 하는줄 알겠네요.굉장히 흥미롭고 재밌게 잘 봤습니다~~^^😅
숏드라마,"(집착 로맨스) 입소문 난 뜨거운 화제작🔥운명적인 의붓남매의 애절한 서사, 광기로 번져버린 폭풍 로맨스💋 #경몽 #숏폼드라마 #로맨스",https://www.youtube.com/watch?v=Dp1tacS74sU,참여완료!! 요즘 숏폼드라마는 장편 못지않게 퀄리티가 탄탄한데 두 작품도 너무 재밌어요..🥹 요즘은 재밌는 중드 다 모아에서 방영해서 모아가 대세‼️‼️
숏드라마,"(집착 로맨스) 입소문 난 뜨거운 화제작🔥운명적인 의붓남매의 애절한 서사, 광기로 번져버린 폭풍 로맨스💋 #경몽 #숏폼드라마 #로맨스",https://www.youtube.com/watch?v=Dp1tacS74sU,남주 여주 얼굴합이 너무 좋아서 더 재밌어요..❤ 시간 가는 줄 모르고 봤네요
숏드라마,"(집착 로맨스) 입소문 난 뜨거운 화제작🔥운명적인 의붓남매의 애절한 서사, 광기로 번져버린 폭풍 로맨스💋 #경몽 #숏폼드라마 #로맨스",https://www.youtube.com/watch?v=Dp1tacS74sU,호역요 겁나이쁘네
숏드라마,"(집착 로맨스) 입소문 난 뜨거운 화제작🔥운명적인 의붓남매의 애절한 서사, 광기로 번져버린 폭풍 로맨스💋 #경몽 #숏폼드라마 #로맨스",https://www.youtube.com/watch?v=Dp1tacS74sU,권총에 이어서 여기서도 ... 애절한 로멘스를 보여주네여
숏드라마,"(집착 로맨스) 입소문 난 뜨거운 화제작🔥운명적인 의붓남매의 애절한 서사, 광기로 번져버린 폭풍 로맨스💋 #경몽 #숏폼드라마 #로맨스",https://www.youtube.com/watch?v=Dp1tacS74sU,초반에 손발 오글거림. 남주 광기+스토커 같아서 나같아도 정떨어질것 같아
숏드라마,"(집착 로맨스) 입소문 난 뜨거운 화제작🔥운명적인 의붓남매의 애절한 서사, 광기로 번져버린 폭풍 로맨스💋 #경몽 #숏폼드라마 #로맨스",https://www.youtube.com/watch?v=Dp1tacS74sU,호역요 얼굴 존예
숏드라마,"(집착 로맨스) 입소문 난 뜨거운 화제작🔥운명적인 의붓남매의 애절한 서사, 광기로 번져버린 폭풍 로맨스💋 #경몽 #숏폼드라마 #로맨스",https://www.youtube.com/watch?v=Dp1tacS74sU,"광기 미춋구만...<a href=""UCkszU2WH9gy1mb0dV-11UJg/xsIfY4OqCd2T29sP54iAsAw""></a>"
숏드라마,"(집착 로맨스) 입소문 난 뜨거운 화제작🔥운명적인 의붓남매의 애절한 서사, 광기로 번져버린 폭풍 로맨스💋 #경몽 #숏폼드라마 #로맨스",https://www.youtube.com/watch?v=Dp1tacS74sU,권총보고 2번째 숏드<br>완주를 하다니..<br>절대 이벤트 때문에 맞아요~~ ㅎ<br>근대 재미까지 있다니 어쩜좋아요~ ㅎ
숏드라마,"(집착 로맨스) 입소문 난 뜨거운 화제작🔥운명적인 의붓남매의 애절한 서사, 광기로 번져버린 폭풍 로맨스💋 #경몽 #숏폼드라마 #로맨스",https://www.youtube.com/watch?v=Dp1tacS74sU,아니 경몽은 스토리도 스토린데 효역요 얼굴 감상하는 드라마 아님? 매 컷이 레전드임<br>여주 캐스팅 효역요 한 거 진짜 신의 한 수;;;;; 얼굴 보다가 한 시간 그냥 순삭임<br>솔직히 효역요 아니었으면 이 감정선 반도 못 살렸음...<br>여주 얼굴 때문에라도 끝까지 본다… 책임져요 효역요
숏드라마,"(집착 로맨스) 입소문 난 뜨거운 화제작🔥운명적인 의붓남매의 애절한 서사, 광기로 번져버린 폭풍 로맨스💋 #경몽 #숏폼드라마 #로맨스",https://www.youtube.com/watch?v=Dp1tacS74sU,뭔가 남주 테무산 수빈느낌이라 좋음
숏드라마,"(집착 로맨스) 입소문 난 뜨거운 화제작🔥운명적인 의붓남매의 애절한 서사, 광기로 번져버린 폭풍 로맨스💋 #경몽 #숏폼드라마 #로맨스",https://www.youtube.com/watch?v=Dp1tacS74sU,유희 익숙하다했더니 상세천하구나ㅋㅋㅋㅋ
숏드라마,"(집착 로맨스) 입소문 난 뜨거운 화제작🔥운명적인 의붓남매의 애절한 서사, 광기로 번져버린 폭풍 로맨스💋 #경몽 #숏폼드라마 #로맨스",https://www.youtube.com/watch?v=Dp1tacS74sU,아니 유희 맞네 ㅋㅋㅋㅋ
숏드라마,"(집착 로맨스) 입소문 난 뜨거운 화제작🔥운명적인 의붓남매의 애절한 서사, 광기로 번져버린 폭풍 로맨스💋 #경몽 #숏폼드라마 #로맨스",https://www.youtube.com/watch?v=Dp1tacS74sU,여주가 미연 or 수진닮음(배용준마눌)
숏드라마,"(집착 로맨스) 입소문 난 뜨거운 화제작🔥운명적인 의붓남매의 애절한 서사, 광기로 번져버린 폭풍 로맨스💋 #경몽 #숏폼드라마 #로맨스",https://www.youtube.com/watch?v=Dp1tacS74sU,사람들 상세천하 보고와서 유희라고 부르는거 왜케웃기지 ㅋㅋㅋ( 물론 나도..)
숏드라마,"(집착 로맨스) 입소문 난 뜨거운 화제작🔥운명적인 의붓남매의 애절한 서사, 광기로 번져버린 폭풍 로맨스💋 #경몽 #숏폼드라마 #로맨스",https://www.youtube.com/watch?v=Dp1tacS74sU,아니 첨에 역시 중국답네ㅋㅋ 하면서 봤는데 마지막에 눈물흘리면서 봄ㅋㅋㅋㅋㅋㅋ..
숏드라마,"(집착 로맨스) 입소문 난 뜨거운 화제작🔥운명적인 의붓남매의 애절한 서사, 광기로 번져버린 폭풍 로맨스💋 #경몽 #숏폼드라마 #로맨스",https://www.youtube.com/watch?v=Dp1tacS74sU,손가락이 오글거려서 못보겠..ㅜㅜ
숏드라마,"(집착 로맨스) 입소문 난 뜨거운 화제작🔥운명적인 의붓남매의 애절한 서사, 광기로 번져버린 폭풍 로맨스💋 #경몽 #숏폼드라마 #로맨스",https://www.youtube.com/watch?v=Dp1tacS74sU,앗 유희였어 ㅋㅋㅋㅋ
숏드라마,"(집착 로맨스) 입소문 난 뜨거운 화제작🔥운명적인 의붓남매의 애절한 서사, 광기로 번져버린 폭풍 로맨스💋 #경몽 #숏폼드라마 #로맨스",https://www.youtube.com/watch?v=Dp1tacS74sU,아 유희구나!?
숏드라마,"(집착 로맨스) 입소문 난 뜨거운 화제작🔥운명적인 의붓남매의 애절한 서사, 광기로 번져버린 폭풍 로맨스💋 #경몽 #숏폼드라마 #로맨스",https://www.youtube.com/watch?v=Dp1tacS74sU,목이랑 가슴팍에는 상처로 난리나도 얼굴은 뽀송뽀송한 유희
숏드라마,"(집착 로맨스) 입소문 난 뜨거운 화제작🔥운명적인 의붓남매의 애절한 서사, 광기로 번져버린 폭풍 로맨스💋 #경몽 #숏폼드라마 #로맨스",https://www.youtube.com/watch?v=Dp1tacS74sU,유희야 내세에선 계화탕 없는 세상에서 태어났구나
숏드라마,"(집착 로맨스) 입소문 난 뜨거운 화제작🔥운명적인 의붓남매의 애절한 서사, 광기로 번져버린 폭풍 로맨스💋 #경몽 #숏폼드라마 #로맨스",https://www.youtube.com/watch?v=Dp1tacS74sU,헐 저 남주 미인공략 남주맞나 숏폼에서 여기저기 보이네 장경윤 인가
숏드라마,"(집착 로맨스) 입소문 난 뜨거운 화제작🔥운명적인 의붓남매의 애절한 서사, 광기로 번져버린 폭풍 로맨스💋 #경몽 #숏폼드라마 #로맨스",https://www.youtube.com/watch?v=Dp1tacS74sU,여주가 예쁘네요
숏드라마,"(집착 로맨스) 입소문 난 뜨거운 화제작🔥운명적인 의붓남매의 애절한 서사, 광기로 번져버린 폭풍 로맨스💋 #경몽 #숏폼드라마 #로맨스",https://www.youtube.com/watch?v=Dp1tacS74sU,thanks.
숏드라마,"(집착 로맨스) 입소문 난 뜨거운 화제작🔥운명적인 의붓남매의 애절한 서사, 광기로 번져버린 폭풍 로맨스💋 #경몽 #숏폼드라마 #로맨스",https://www.youtube.com/watch?v=Dp1tacS74sU,유희야... 빨리 돔황쳐..
숏드라마,"(집착 로맨스) 입소문 난 뜨거운 화제작🔥운명적인 의붓남매의 애절한 서사, 광기로 번져버린 폭풍 로맨스💋 #경몽 #숏폼드라마 #로맨스",https://www.youtube.com/watch?v=Dp1tacS74sU,유희는 여기서도 고통받고 있네..😮
숏드라마,"(집착 로맨스) 입소문 난 뜨거운 화제작🔥운명적인 의붓남매의 애절한 서사, 광기로 번져버린 폭풍 로맨스💋 #경몽 #숏폼드라마 #로맨스",https://www.youtube.com/watch?v=Dp1tacS74sU,유희?
숏드라마,"(집착 로맨스) 입소문 난 뜨거운 화제작🔥운명적인 의붓남매의 애절한 서사, 광기로 번져버린 폭풍 로맨스💋 #경몽 #숏폼드라마 #로맨스",https://www.youtube.com/watch?v=Dp1tacS74sU,이 채널은 너무 재미있는 걸 편집을 잘해줬어 기다립니다
숏드라마,"【더빙】이혼해!&quot; 아내가 내쫓은 빈털터리, 알고 보니 백년에 한번 나올 천재 도사…그날부터 내 인생이 광폭하게 상승했다!",https://www.youtube.com/watch?v=K4uXPrJFUYU,목소리가 다 왜그래?
숏드라마,"【더빙】이혼해!&quot; 아내가 내쫓은 빈털터리, 알고 보니 백년에 한번 나올 천재 도사…그날부터 내 인생이 광폭하게 상승했다!",https://www.youtube.com/watch?v=K4uXPrJFUYU,더빙 진짜 문제 많네..
숏드라마,"【더빙】이혼해!&quot; 아내가 내쫓은 빈털터리, 알고 보니 백년에 한번 나올 천재 도사…그날부터 내 인생이 광폭하게 상승했다!",https://www.youtube.com/watch?v=K4uXPrJFUYU,더빙 연기 진짜 ㅈㄴ못한다 책 읽냐
숏드라마,"【더빙】이혼해!&quot; 아내가 내쫓은 빈털터리, 알고 보니 백년에 한번 나올 천재 도사…그날부터 내 인생이 광폭하게 상승했다!",https://www.youtube.com/watch?v=K4uXPrJFUYU,드레스 정말잘어울린다.
숏드라마,"【더빙】이혼해!&quot; 아내가 내쫓은 빈털터리, 알고 보니 백년에 한번 나올 천재 도사…그날부터 내 인생이 광폭하게 상승했다!",https://www.youtube.com/watch?v=K4uXPrJFUYU,자막으로 보고싶다
숏드라마,"【더빙】이혼해!&quot; 아내가 내쫓은 빈털터리, 알고 보니 백년에 한번 나올 천재 도사…그날부터 내 인생이 광폭하게 상승했다!",https://www.youtube.com/watch?v=K4uXPrJFUYU,더빙
숏드라마,"【더빙】이혼해!&quot; 아내가 내쫓은 빈털터리, 알고 보니 백년에 한번 나올 천재 도사…그날부터 내 인생이 광폭하게 상승했다!",https://www.youtube.com/watch?v=K4uXPrJFUYU,"음!  이것이 한국드라마인가요?  우리 대한민국의 사회에서 가진 정신상태를 표현해주신 것같군요.  결혼도 비지니스 즉 장사라고 모든 사업가는 물론 대부분의 국민까지 돈을 숭상하며 돈으로 성공기준이 되어 눈이 벌겋게 달아 돈돈돈 하며 결혼과 이혼을 결정하니 청녀와 창남 비지니스와 무엇이 다른가, 아니 결정된 화대를 지불하는 불법 비지니스가 더 깨끗한 사업같은 느낌까지 드는군요.  우리 대한민국의 국민성이 돈돈돈 비지니스 즉 돈벌레 장사치 정신을 숭상하며 결혼과 이혼을 돈벌이로 하고, 정치인, 공무원, 의료인, 법률인 등까지 장사꾼처럼 변하고 있는 우리 대한민국이 되는군요.  네에, 돈만 많이 벌면 모든게 괜찮고 대부분의 우리 국만들이 부자들만울 존경하니, 수단과 방법을 가리지말고 돈을 벌자라는 국가구호를 만들자고요?"
숏드라마,"【더빙】이혼해!&quot; 아내가 내쫓은 빈털터리, 알고 보니 백년에 한번 나올 천재 도사…그날부터 내 인생이 광폭하게 상승했다!",https://www.youtube.com/watch?v=K4uXPrJFUYU,멍청한놈 그런능력있음 언제든지 쫒겨날수있는 회장보다 다시회사 차리겠다
숏드라마,"【더빙】이혼해!&quot; 아내가 내쫓은 빈털터리, 알고 보니 백년에 한번 나올 천재 도사…그날부터 내 인생이 광폭하게 상승했다!",https://www.youtube.com/watch?v=K4uXPrJFUYU,어찌 짱개드라마 여주인공은 너나할것없이<br>죄다 벗고나오네 진짜 막장드라마야
숏드라마,"【더빙】이혼해!&quot; 아내가 내쫓은 빈털터리, 알고 보니 백년에 한번 나올 천재 도사…그날부터 내 인생이 광폭하게 상승했다!",https://www.youtube.com/watch?v=K4uXPrJFUYU,그래도 반말을 회의석상 에서 자기보다 연배가 있는데 하는것은 시가지없네  아무리 재주가 많아도 건방진 애자식
숏드라마,"【더빙】이혼해!&quot; 아내가 내쫓은 빈털터리, 알고 보니 백년에 한번 나올 천재 도사…그날부터 내 인생이 광폭하게 상승했다!",https://www.youtube.com/watch?v=K4uXPrJFUYU,동물농장 이네 하이에나 너구리 돼지 여우 족제비 까마기 등 다모여있네
숏드라마,"【더빙】이혼해!&quot; 아내가 내쫓은 빈털터리, 알고 보니 백년에 한번 나올 천재 도사…그날부터 내 인생이 광폭하게 상승했다!",https://www.youtube.com/watch?v=K4uXPrJFUYU,이혼 여자  싫어해요
숏드라마,"【더빙】이혼해!&quot; 아내가 내쫓은 빈털터리, 알고 보니 백년에 한번 나올 천재 도사…그날부터 내 인생이 광폭하게 상승했다!",https://www.youtube.com/watch?v=K4uXPrJFUYU,영구적으로 영원히 👉 ▶️ 🎶 💕 😍 💛 👉 ▶️ 🎶
숏드라마,"【더빙】이혼해!&quot; 아내가 내쫓은 빈털터리, 알고 보니 백년에 한번 나올 천재 도사…그날부터 내 인생이 광폭하게 상승했다!",https://www.youtube.com/watch?v=K4uXPrJFUYU,대한민국 최초로 개혁개방 첫마중물 많이 😊😅😮😢🎉😂😂❤❤❤
숏드라마,"【더빙】이혼해!&quot; 아내가 내쫓은 빈털터리, 알고 보니 백년에 한번 나올 천재 도사…그날부터 내 인생이 광폭하게 상승했다!",https://www.youtube.com/watch?v=K4uXPrJFUYU,수준  이하의  단편 드라마 업그레이드 해라
숏드라마,"【더빙】이혼해!&quot; 아내가 내쫓은 빈털터리, 알고 보니 백년에 한번 나올 천재 도사…그날부터 내 인생이 광폭하게 상승했다!",https://www.youtube.com/watch?v=K4uXPrJFUYU,남주 전처 처남인지 개구리인지같이 생겨서 못봐주겟네. ㅋㅋ<br>아 여주 남동생도  생긴게 개구리같네 ㅋㅋ
숏드라마,"【더빙】이혼해!&quot; 아내가 내쫓은 빈털터리, 알고 보니 백년에 한번 나올 천재 도사…그날부터 내 인생이 광폭하게 상승했다!",https://www.youtube.com/watch?v=K4uXPrJFUYU,말장난으로<br>질질끌지 안아서 좋네요<br>잘보고갑니다
숏드라마,🔥【FULL】가난한 학생에서 억만장자 상속녀로! 🎓 그녀의 완벽한 성적이 악독한 가족을 충격에 빠뜨렸다! | DramaWave,https://www.youtube.com/watch?v=8vCQ-eLAEu4,큰오빠 미친놈이네 ㅋㅋㅋ19년을 봤는데 여자로 보이나 ㅅㅂ
숏드라마,🔥【FULL】가난한 학생에서 억만장자 상속녀로! 🎓 그녀의 완벽한 성적이 악독한 가족을 충격에 빠뜨렸다! | DramaWave,https://www.youtube.com/watch?v=8vCQ-eLAEu4,음..  안나오고 그러는게 맞네요ㅡㅡ 많이울엇엊어요
숏드라마,🔥【FULL】가난한 학생에서 억만장자 상속녀로! 🎓 그녀의 완벽한 성적이 악독한 가족을 충격에 빠뜨렸다! | DramaWave,https://www.youtube.com/watch?v=8vCQ-eLAEu4,그돈 아무것도아니고 제가내드랁닛든데ㅠㅠ
숏드라마,🔥【FULL】가난한 학생에서 억만장자 상속녀로! 🎓 그녀의 완벽한 성적이 악독한 가족을 충격에 빠뜨렸다! | DramaWave,https://www.youtube.com/watch?v=8vCQ-eLAEu4,소리가 왜 안나옴 ? 나만 그럼?
숏드라마,🔥【FULL】가난한 학생에서 억만장자 상속녀로! 🎓 그녀의 완벽한 성적이 악독한 가족을 충격에 빠뜨렸다! | DramaWave,https://www.youtube.com/watch?v=8vCQ-eLAEu4,"여주언니 친구도 ㄹㅇ 이쁜데?? 귀여우심 너무 ㅠㅠ <a href=""https://www.youtube.com/watch?v=8vCQ-eLAEu4&amp;t=5426"">1:30:26</a>쯤"
숏드라마,🔥【FULL】가난한 학생에서 억만장자 상속녀로! 🎓 그녀의 완벽한 성적이 악독한 가족을 충격에 빠뜨렸다! | DramaWave,https://www.youtube.com/watch?v=8vCQ-eLAEu4,소리가 안들려요...
숏드라마,🔥【FULL】가난한 학생에서 억만장자 상속녀로! 🎓 그녀의 완벽한 성적이 악독한 가족을 충격에 빠뜨렸다! | DramaWave,https://www.youtube.com/watch?v=8vCQ-eLAEu4,굿잡~
숏드라마,🔥【FULL】가난한 학생에서 억만장자 상속녀로! 🎓 그녀의 완벽한 성적이 악독한 가족을 충격에 빠뜨렸다! | DramaWave,https://www.youtube.com/watch?v=8vCQ-eLAEu4,싸가지 존나없네
숏드라마,🔥【FULL】가난한 학생에서 억만장자 상속녀로! 🎓 그녀의 완벽한 성적이 악독한 가족을 충격에 빠뜨렸다! | DramaWave,https://www.youtube.com/watch?v=8vCQ-eLAEu4,중국 버전이 더 재밌는 듯
숏드라마,🔥【FULL】가난한 학생에서 억만장자 상속녀로! 🎓 그녀의 완벽한 성적이 악독한 가족을 충격에 빠뜨렸다! | DramaWave,https://www.youtube.com/watch?v=8vCQ-eLAEu4,중간중간 소리가 안나옴 ㅡㅡ
숏드라마,🔥【FULL】가난한 학생에서 억만장자 상속녀로! 🎓 그녀의 완벽한 성적이 악독한 가족을 충격에 빠뜨렸다! | DramaWave,https://www.youtube.com/watch?v=8vCQ-eLAEu4,"엄마,아빠,김유리,큰오빠는 얼굴이랑성깔이랑 다 빻았는데 세준이는 성깔은 ㅈㄴ빻았는데 왜 존잘인거지 아이돌 연습생이라그런가"
숏드라마,🔥【FULL】가난한 학생에서 억만장자 상속녀로! 🎓 그녀의 완벽한 성적이 악독한 가족을 충격에 빠뜨렸다! | DramaWave,https://www.youtube.com/watch?v=8vCQ-eLAEu4,Jack O Lantern
숏드라마,🔥【FULL】가난한 학생에서 억만장자 상속녀로! 🎓 그녀의 완벽한 성적이 악독한 가족을 충격에 빠뜨렸다! | DramaWave,https://www.youtube.com/watch?v=8vCQ-eLAEu4,40분 전후부터 소리안들려요 ㅠㅠ
숏드라마,🔥【FULL】가난한 학생에서 억만장자 상속녀로! 🎓 그녀의 완벽한 성적이 악독한 가족을 충격에 빠뜨렸다! | DramaWave,https://www.youtube.com/watch?v=8vCQ-eLAEu4,배우들도 현타왔겠네 ㅋㅋㅋㅋㅋ
숏드라마,🔥【FULL】가난한 학생에서 억만장자 상속녀로! 🎓 그녀의 완벽한 성적이 악독한 가족을 충격에 빠뜨렸다! | DramaWave,https://www.youtube.com/watch?v=8vCQ-eLAEu4,은근 재미있어 ㅋ 빡대가리 가족들 파산 ㅋ 그나마 엄마는 좀 낫네
숏드라마,🔥【FULL】가난한 학생에서 억만장자 상속녀로! 🎓 그녀의 완벽한 성적이 악독한 가족을 충격에 빠뜨렸다! | DramaWave,https://www.youtube.com/watch?v=8vCQ-eLAEu4,소리가 안나와요
숏드라마,🔥【FULL】가난한 학생에서 억만장자 상속녀로! 🎓 그녀의 완벽한 성적이 악독한 가족을 충격에 빠뜨렸다! | DramaWave,https://www.youtube.com/watch?v=8vCQ-eLAEu4,결국 여자애도 별로였음 그냥 그 집안에 그 자녀 ㅋㅋ
숏드라마,🔥【FULL】가난한 학생에서 억만장자 상속녀로! 🎓 그녀의 완벽한 성적이 악독한 가족을 충격에 빠뜨렸다! | DramaWave,https://www.youtube.com/watch?v=8vCQ-eLAEu4,아무리 그래도 소리를 이렇게 자르시면😢😢
숏드라마,🔥【FULL】가난한 학생에서 억만장자 상속녀로! 🎓 그녀의 완벽한 성적이 악독한 가족을 충격에 빠뜨렸다! | DramaWave,https://www.youtube.com/watch?v=8vCQ-eLAEu4,소리가 안나네
숏드라마,🔥【FULL】가난한 학생에서 억만장자 상속녀로! 🎓 그녀의 완벽한 성적이 악독한 가족을 충격에 빠뜨렸다! | DramaWave,https://www.youtube.com/watch?v=8vCQ-eLAEu4,소리안나다가 나용~
숏드라마,🔥【FULL】가난한 학생에서 억만장자 상속녀로! 🎓 그녀의 완벽한 성적이 악독한 가족을 충격에 빠뜨렸다! | DramaWave,https://www.youtube.com/watch?v=8vCQ-eLAEu4,놀랍게도 여자분이 그 하이틴에이저 나오는 일진녀임
숏드라마,🔥【FULL】가난한 학생에서 억만장자 상속녀로! 🎓 그녀의 완벽한 성적이 악독한 가족을 충격에 빠뜨렸다! | DramaWave,https://www.youtube.com/watch?v=8vCQ-eLAEu4,"<a href=""https://www.youtube.com/watch?v=8vCQ-eLAEu4&amp;t=1508"">25:08</a>~<a href=""https://www.youtube.com/watch?v=8vCQ-eLAEu4&amp;t=3015"">50:15</a> 사이 소리 안나오는 거 개킹 받네. 다시 업로드 합시다 주인장."
숏드라마,🔥【FULL】가난한 학생에서 억만장자 상속녀로! 🎓 그녀의 완벽한 성적이 악독한 가족을 충격에 빠뜨렸다! | DramaWave,https://www.youtube.com/watch?v=8vCQ-eLAEu4,주인공도 정상은 아닌데 뭔가 너무 공부에만 집착하고 공부하기 위해 가족들 이용하는 느낌.
숏드라마,🔥【FULL】가난한 학생에서 억만장자 상속녀로! 🎓 그녀의 완벽한 성적이 악독한 가족을 충격에 빠뜨렸다! | DramaWave,https://www.youtube.com/watch?v=8vCQ-eLAEu4,일찐과 왕따 여주군!!!!!!
숏드라마,🔥【FULL】가난한 학생에서 억만장자 상속녀로! 🎓 그녀의 완벽한 성적이 악독한 가족을 충격에 빠뜨렸다! | DramaWave,https://www.youtube.com/watch?v=8vCQ-eLAEu4,아 소리왜안나
숏드라마,🔥【FULL】가난한 학생에서 억만장자 상속녀로! 🎓 그녀의 완벽한 성적이 악독한 가족을 충격에 빠뜨렸다! | DramaWave,https://www.youtube.com/watch?v=8vCQ-eLAEu4,큰오빠가 미친놈이네ㅠ개웃겨ㅠㅠ
숏드라마,🔥【FULL】가난한 학생에서 억만장자 상속녀로! 🎓 그녀의 완벽한 성적이 악독한 가족을 충격에 빠뜨렸다! | DramaWave,https://www.youtube.com/watch?v=8vCQ-eLAEu4,중간 중간 자막이 안나는게 조금 불편하네요
숏드라마,🔥【FULL】가난한 학생에서 억만장자 상속녀로! 🎓 그녀의 완벽한 성적이 악독한 가족을 충격에 빠뜨렸다! | DramaWave,https://www.youtube.com/watch?v=8vCQ-eLAEu4,여주 하진이네 하람이랑 찐다연예 했던
숏드라마,🔥【FULL】가난한 학생에서 억만장자 상속녀로! 🎓 그녀의 완벽한 성적이 악독한 가족을 충격에 빠뜨렸다! | DramaWave,https://www.youtube.com/watch?v=8vCQ-eLAEu4,주인공 너무 정상적이라서 놀랐음;;;;😅
숏드라마,🔥【FULL】가난한 학생에서 억만장자 상속녀로! 🎓 그녀의 완벽한 성적이 악독한 가족을 충격에 빠뜨렸다! | DramaWave,https://www.youtube.com/watch?v=8vCQ-eLAEu4,"<a href=""https://www.youtube.com/watch?v=8vCQ-eLAEu4&amp;t=1509"">25:09</a> ? 지지직 소리나고 소리가 안남 뭐임 나만 그래?"
숏드라마,🔥【FULL】가난한 학생에서 억만장자 상속녀로! 🎓 그녀의 완벽한 성적이 악독한 가족을 충격에 빠뜨렸다! | DramaWave,https://www.youtube.com/watch?v=8vCQ-eLAEu4,소리가 안들려....!!!
숏드라마,🔥【FULL】가난한 학생에서 억만장자 상속녀로! 🎓 그녀의 완벽한 성적이 악독한 가족을 충격에 빠뜨렸다! | DramaWave,https://www.youtube.com/watch?v=8vCQ-eLAEu4,왜 소리가 안나요?
숏드라마,🔥【FULL】가난한 학생에서 억만장자 상속녀로! 🎓 그녀의 완벽한 성적이 악독한 가족을 충격에 빠뜨렸다! | DramaWave,https://www.youtube.com/watch?v=8vCQ-eLAEu4,소리가 안나와요 ㅜ
숏드라마,🔥【FULL】가난한 학생에서 억만장자 상속녀로! 🎓 그녀의 완벽한 성적이 악독한 가족을 충격에 빠뜨렸다! | DramaWave,https://www.youtube.com/watch?v=8vCQ-eLAEu4,Tex Indonesia y g ada
숏드라마,🔥【FULL】가난한 학생에서 억만장자 상속녀로! 🎓 그녀의 완벽한 성적이 악독한 가족을 충격에 빠뜨렸다! | DramaWave,https://www.youtube.com/watch?v=8vCQ-eLAEu4,요즘 중국식 쇼츠 영상이 올라오네
숏드라마,🔥【FULL】가난한 학생에서 억만장자 상속녀로! 🎓 그녀의 완벽한 성적이 악독한 가족을 충격에 빠뜨렸다! | DramaWave,https://www.youtube.com/watch?v=8vCQ-eLAEu4,중국 스토리네...
숏드라마,🔥【FULL】가난한 학생에서 억만장자 상속녀로! 🎓 그녀의 완벽한 성적이 악독한 가족을 충격에 빠뜨렸다! | DramaWave,https://www.youtube.com/watch?v=8vCQ-eLAEu4,ㅋㅋㅋㅋ 가을동화 막장판이네. 은서가 개싸가지 ㅋㅋㅋ
숏드라마,🔥【FULL】가난한 학생에서 억만장자 상속녀로! 🎓 그녀의 완벽한 성적이 악독한 가족을 충격에 빠뜨렸다! | DramaWave,https://www.youtube.com/watch?v=8vCQ-eLAEu4,재밌네ㅋㅋㅋ
숏드라마,🔥【FULL】가난한 학생에서 억만장자 상속녀로! 🎓 그녀의 완벽한 성적이 악독한 가족을 충격에 빠뜨렸다! | DramaWave,https://www.youtube.com/watch?v=8vCQ-eLAEu4,중드버전 잼나게 봤는데 코리아 버전인가보네
숏드라마,🔥【FULL】가난한 학생에서 억만장자 상속녀로! 🎓 그녀의 완벽한 성적이 악독한 가족을 충격에 빠뜨렸다! | DramaWave,https://www.youtube.com/watch?v=8vCQ-eLAEu4,음소거<br>뭣미
숏드라마,🔥【FULL】가난한 학생에서 억만장자 상속녀로! 🎓 그녀의 완벽한 성적이 악독한 가족을 충격에 빠뜨렸다! | DramaWave,https://www.youtube.com/watch?v=8vCQ-eLAEu4,미친 여동생으로 생각한 적 없어? 왜? 아니 예? 첫째야?
숏드라마,🔥【FULL】가난한 학생에서 억만장자 상속녀로! 🎓 그녀의 완벽한 성적이 악독한 가족을 충격에 빠뜨렸다! | DramaWave,https://www.youtube.com/watch?v=8vCQ-eLAEu4,내친구 이런밤티같은거 누가보냐하더니 결제했던거 기억나네 𝙎𝙎𝙄𝘽𝘼𝙇 ㅋㅋㅋㅋ
숏드라마,🔥【FULL】가난한 학생에서 억만장자 상속녀로! 🎓 그녀의 완벽한 성적이 악독한 가족을 충격에 빠뜨렸다! | DramaWave,https://www.youtube.com/watch?v=8vCQ-eLAEu4,소리가 안나
숏드라마,🔥【FULL】가난한 학생에서 억만장자 상속녀로! 🎓 그녀의 완벽한 성적이 악독한 가족을 충격에 빠뜨렸다! | DramaWave,https://www.youtube.com/watch?v=8vCQ-eLAEu4,소리가 왜 안남?ㅡㅡ
숏드라마,🔥【FULL】가난한 학생에서 억만장자 상속녀로! 🎓 그녀의 완벽한 성적이 악독한 가족을 충격에 빠뜨렸다! | DramaWave,https://www.youtube.com/watch?v=8vCQ-eLAEu4,근데 부모는 무슨 죄라고 저렇게 까지 할 필요가 있나? ㅋㅋㅋ
숏드라마,🔥【FULL】가난한 학생에서 억만장자 상속녀로! 🎓 그녀의 완벽한 성적이 악독한 가족을 충격에 빠뜨렸다! | DramaWave,https://www.youtube.com/watch?v=8vCQ-eLAEu4,소리가 중간에 안나오는데 뭐지?
숏드라마,🔥【FULL】가난한 학생에서 억만장자 상속녀로! 🎓 그녀의 완벽한 성적이 악독한 가족을 충격에 빠뜨렸다! | DramaWave,https://www.youtube.com/watch?v=8vCQ-eLAEu4,유리 진짜 소녀시대 유리닮앗네 ㅋㅋㅋ
숏드라마,🔥【FULL】가난한 학생에서 억만장자 상속녀로! 🎓 그녀의 완벽한 성적이 악독한 가족을 충격에 빠뜨렸다! | DramaWave,https://www.youtube.com/watch?v=8vCQ-eLAEu4,중국에서 만든거네 ;;
숏드라마,🔥【FULL】가난한 학생에서 억만장자 상속녀로! 🎓 그녀의 완벽한 성적이 악독한 가족을 충격에 빠뜨렸다! | DramaWave,https://www.youtube.com/watch?v=8vCQ-eLAEu4,이거 끝까지 보신분들은 절대 중드 보지 마세요 ㅋㅋㅋㅋ 헤어나오지 못함 ㅋㅋㅋ 말도 안되는 막장의 세계로 여러분을 초대한다니까요 ㅠㅠ(중드 폐인 8개월째 😂)
숏드라마,🔥【FULL】가난한 학생에서 억만장자 상속녀로! 🎓 그녀의 완벽한 성적이 악독한 가족을 충격에 빠뜨렸다! | DramaWave,https://www.youtube.com/watch?v=8vCQ-eLAEu4,큰오빠 미쳣나ㅋㅋㅋ
숏드라마,🔥【FULL】가난한 학생에서 억만장자 상속녀로! 🎓 그녀의 완벽한 성적이 악독한 가족을 충격에 빠뜨렸다! | DramaWave,https://www.youtube.com/watch?v=8vCQ-eLAEu4,이거 중국같은데????
숏드라마,🔥【FULL】가난한 학생에서 억만장자 상속녀로! 🎓 그녀의 완벽한 성적이 악독한 가족을 충격에 빠뜨렸다! | DramaWave,https://www.youtube.com/watch?v=8vCQ-eLAEu4,유리역 맡으신분은 악역만 맡으시네 안녕오빠들에서도 그렇고 여기에서도 그렇고 닿을수있는그녀에서도 그렇고
숏드라마,🔥【FULL】가난한 학생에서 억만장자 상속녀로! 🎓 그녀의 완벽한 성적이 악독한 가족을 충격에 빠뜨렸다! | DramaWave,https://www.youtube.com/watch?v=8vCQ-eLAEu4,소리 안나오는거 킹받네ㅠ
숏드라마,🔥【FULL】가난한 학생에서 억만장자 상속녀로! 🎓 그녀의 완벽한 성적이 악독한 가족을 충격에 빠뜨렸다! | DramaWave,https://www.youtube.com/watch?v=8vCQ-eLAEu4,가족이 저렇게 눈치도 없고 빡대가리인데 어떻게 그룹을 운영할까?
숏드라마,🔥【FULL】가난한 학생에서 억만장자 상속녀로! 🎓 그녀의 완벽한 성적이 악독한 가족을 충격에 빠뜨렸다! | DramaWave,https://www.youtube.com/watch?v=8vCQ-eLAEu4,ㅋㅋㅋ아빠랑 오빠들 넘 한량같아😂😂
숏드라마,🔥【FULL】가난한 학생에서 억만장자 상속녀로! 🎓 그녀의 완벽한 성적이 악독한 가족을 충격에 빠뜨렸다! | DramaWave,https://www.youtube.com/watch?v=8vCQ-eLAEu4,틱톡에 광고로 가끔 떠서 풀버전 궁금했는데 ㅋㅋㅋ
숏드라마,🔥【FULL】가난한 학생에서 억만장자 상속녀로! 🎓 그녀의 완벽한 성적이 악독한 가족을 충격에 빠뜨렸다! | DramaWave,https://www.youtube.com/watch?v=8vCQ-eLAEu4,볼려고 했는데 짜증나서 못 보겠다 내용이 너무 구려
숏드라마,🔥【FULL】가난한 학생에서 억만장자 상속녀로! 🎓 그녀의 완벽한 성적이 악독한 가족을 충격에 빠뜨렸다! | DramaWave,https://www.youtube.com/watch?v=8vCQ-eLAEu4,안들려요
숏드라마,🔥【FULL】가난한 학생에서 억만장자 상속녀로! 🎓 그녀의 완벽한 성적이 악독한 가족을 충격에 빠뜨렸다! | DramaWave,https://www.youtube.com/watch?v=8vCQ-eLAEu4,친딸맞냐?저게? 엄 마한테 여사님 은 뭐고. . 뭐가 . . 이상해ㅡ자기친딸을 왜저렇게 대하지?
숏드라마,🔥【FULL】가난한 학생에서 억만장자 상속녀로! 🎓 그녀의 완벽한 성적이 악독한 가족을 충격에 빠뜨렸다! | DramaWave,https://www.youtube.com/watch?v=8vCQ-eLAEu4,속터지는집안이네
숏드라마,🔥【FULL】가난한 학생에서 억만장자 상속녀로! 🎓 그녀의 완벽한 성적이 악독한 가족을 충격에 빠뜨렸다! | DramaWave,https://www.youtube.com/watch?v=8vCQ-eLAEu4,소리가 중간부터 아애 안나오는데 보라는거야 말라는거냐? 참나 영상 편집 접어라 그냥
숏드라마,🔥【FULL】가난한 학생에서 억만장자 상속녀로! 🎓 그녀의 완벽한 성적이 악독한 가족을 충격에 빠뜨렸다! | DramaWave,https://www.youtube.com/watch?v=8vCQ-eLAEu4,중간에 소리 나만 안나옴??
숏드라마,🔥【FULL】가난한 학생에서 억만장자 상속녀로! 🎓 그녀의 완벽한 성적이 악독한 가족을 충격에 빠뜨렸다! | DramaWave,https://www.youtube.com/watch?v=8vCQ-eLAEu4,개재밋넼ㅋㅋ
숏드라마,🔥【FULL】가난한 학생에서 억만장자 상속녀로! 🎓 그녀의 완벽한 성적이 악독한 가족을 충격에 빠뜨렸다! | DramaWave,https://www.youtube.com/watch?v=8vCQ-eLAEu4,중국식사고방식의 드라마ㅋㅋ썪어빠졌네
숏드라마,🔥【FULL】가난한 학생에서 억만장자 상속녀로! 🎓 그녀의 완벽한 성적이 악독한 가족을 충격에 빠뜨렸다! | DramaWave,https://www.youtube.com/watch?v=8vCQ-eLAEu4,그냥 섬에서 인터뷰할때 그동안 악행들 터뜨리고 김유리 개망신 시키고 그룹일가가 뉘우치고 끝나는게 더 좋았을텐데
숏드라마,🔥【FULL】가난한 학생에서 억만장자 상속녀로! 🎓 그녀의 완벽한 성적이 악독한 가족을 충격에 빠뜨렸다! | DramaWave,https://www.youtube.com/watch?v=8vCQ-eLAEu4,보통 시간 지나면 이렇게 풀리나요?
숏드라마,🔥【FULL】가난한 학생에서 억만장자 상속녀로! 🎓 그녀의 완벽한 성적이 악독한 가족을 충격에 빠뜨렸다! | DramaWave,https://www.youtube.com/watch?v=8vCQ-eLAEu4,와 감사합니다!
숏드라마,🔥【FULL】가난한 학생에서 억만장자 상속녀로! 🎓 그녀의 완벽한 성적이 악독한 가족을 충격에 빠뜨렸다! | DramaWave,https://www.youtube.com/watch?v=8vCQ-eLAEu4,확실히 꾸미니 엄청 이쁘신 분이였네ㅎㅋㅋ
숏드라마,🔥【FULL】가난한 학생에서 억만장자 상속녀로! 🎓 그녀의 완벽한 성적이 악독한 가족을 충격에 빠뜨렸다! | DramaWave,https://www.youtube.com/watch?v=8vCQ-eLAEu4,아존나재밋다
숏드라마,🔥【FULL】가난한 학생에서 억만장자 상속녀로! 🎓 그녀의 완벽한 성적이 악독한 가족을 충격에 빠뜨렸다! | DramaWave,https://www.youtube.com/watch?v=8vCQ-eLAEu4,25분부터 소리가안들림.. ㄷ
숏드라마,🔥【FULL】가난한 학생에서 억만장자 상속녀로! 🎓 그녀의 완벽한 성적이 악독한 가족을 충격에 빠뜨렸다! | DramaWave,https://www.youtube.com/watch?v=8vCQ-eLAEu4,이 병맛을 끝까지 보고말았다 ㅋㅋㅋㅋㅋ
숏드라마,🔥【FULL】가난한 학생에서 억만장자 상속녀로! 🎓 그녀의 완벽한 성적이 악독한 가족을 충격에 빠뜨렸다! | DramaWave,https://www.youtube.com/watch?v=8vCQ-eLAEu4,소리 안들려서 드라마웨이브 가서 볼라니까 왜 안나오나요ㅠㅠㅠ
숏드라마,🔥【FULL】가난한 학생에서 억만장자 상속녀로! 🎓 그녀의 완벽한 성적이 악독한 가족을 충격에 빠뜨렸다! | DramaWave,https://www.youtube.com/watch?v=8vCQ-eLAEu4,진짜졸라웃기네ㅋㅋㅋㅋㅋㅋㅋㅋㅋㅋㅋㅋㅋㅋㅋ
숏드라마,🔥【FULL】가난한 학생에서 억만장자 상속녀로! 🎓 그녀의 완벽한 성적이 악독한 가족을 충격에 빠뜨렸다! | DramaWave,https://www.youtube.com/watch?v=8vCQ-eLAEu4,아미친 존나감사합니다
숏드라마,🔥【FULL】가난한 학생에서 억만장자 상속녀로! 🎓 그녀의 완벽한 성적이 악독한 가족을 충격에 빠뜨렸다! | DramaWave,https://www.youtube.com/watch?v=8vCQ-eLAEu4,재현배우냐😂
숏드라마,🔥【FULL】가난한 학생에서 억만장자 상속녀로! 🎓 그녀의 완벽한 성적이 악독한 가족을 충격에 빠뜨렸다! | DramaWave,https://www.youtube.com/watch?v=8vCQ-eLAEu4,저 가족이 끝까지 정신 못 차리는게 더 놀랍다
숏드라마,🔥【FULL】가난한 학생에서 억만장자 상속녀로! 🎓 그녀의 완벽한 성적이 악독한 가족을 충격에 빠뜨렸다! | DramaWave,https://www.youtube.com/watch?v=8vCQ-eLAEu4,소리가들리다 중간에서 안들리네요
숏드라마,🔥【FULL】가난한 학생에서 억만장자 상속녀로! 🎓 그녀의 완벽한 성적이 악독한 가족을 충격에 빠뜨렸다! | DramaWave,https://www.youtube.com/watch?v=8vCQ-eLAEu4,우리 나라 거에요?
숏드라마,🔥【FULL】가난한 학생에서 억만장자 상속녀로! 🎓 그녀의 완벽한 성적이 악독한 가족을 충격에 빠뜨렸다! | DramaWave,https://www.youtube.com/watch?v=8vCQ-eLAEu4,유리역은 생긴것도 그런데 연기는 더 최악  <br>그리고 남자배우들은 진짜 ㅠㅠ<br>어떻게 연기자 꿈을<br>배우 그만두고<br>앞으로 열심히 일해라
숏드라마,🔥【FULL】가난한 학생에서 억만장자 상속녀로! 🎓 그녀의 완벽한 성적이 악독한 가족을 충격에 빠뜨렸다! | DramaWave,https://www.youtube.com/watch?v=8vCQ-eLAEu4,소리가 원래 안나는건가요? 중간부터 소리먹통
숏드라마,🔥【FULL】가난한 학생에서 억만장자 상속녀로! 🎓 그녀의 완벽한 성적이 악독한 가족을 충격에 빠뜨렸다! | DramaWave,https://www.youtube.com/watch?v=8vCQ-eLAEu4,저만 소리가 안 나오는줄 알았는데 아니었네요
숏드라마,🔥【FULL】가난한 학생에서 억만장자 상속녀로! 🎓 그녀의 완벽한 성적이 악독한 가족을 충격에 빠뜨렸다! | DramaWave,https://www.youtube.com/watch?v=8vCQ-eLAEu4,중간에 소리가 안나요 왜 지요
숏드라마,🔥【FULL】가난한 학생에서 억만장자 상속녀로! 🎓 그녀의 완벽한 성적이 악독한 가족을 충격에 빠뜨렸다! | DramaWave,https://www.youtube.com/watch?v=8vCQ-eLAEu4,그냥 중국냄새 오져ㅋㅋ<br>우리나라랑 상황이 달라ㅋㅋㅋ<br>비현실적임ㅋㅋㅋㅋㅋ
숏드라마,🔥【FULL】가난한 학생에서 억만장자 상속녀로! 🎓 그녀의 완벽한 성적이 악독한 가족을 충격에 빠뜨렸다! | DramaWave,https://www.youtube.com/watch?v=8vCQ-eLAEu4,유리랑 첫째오빠가 존나웃기네 ㅅㅂㅋㅋㅋㅋㅋㅋㅋㅋㅋㅋㅋㅋㅋㅋㅋㅋ개막장 미친;;
숏드라마,🔥【FULL】가난한 학생에서 억만장자 상속녀로! 🎓 그녀의 완벽한 성적이 악독한 가족을 충격에 빠뜨렸다! | DramaWave,https://www.youtube.com/watch?v=8vCQ-eLAEu4,ㅋㅋㅋㅎㅎ재밋당
숏드라마,🔥【FULL】가난한 학생에서 억만장자 상속녀로! 🎓 그녀의 완벽한 성적이 악독한 가족을 충격에 빠뜨렸다! | DramaWave,https://www.youtube.com/watch?v=8vCQ-eLAEu4,병맛인대 중독성이 있어 삶이 무료해서인가 ㅎ
숏드라마,🔥【FULL】가난한 학생에서 억만장자 상속녀로! 🎓 그녀의 완벽한 성적이 악독한 가족을 충격에 빠뜨렸다! | DramaWave,https://www.youtube.com/watch?v=8vCQ-eLAEu4,소리가 중간상인들이 안나요
숏드라마,🔥【FULL】가난한 학생에서 억만장자 상속녀로! 🎓 그녀의 완벽한 성적이 악독한 가족을 충격에 빠뜨렸다! | DramaWave,https://www.youtube.com/watch?v=8vCQ-eLAEu4,소리가 안들리네 진짜
숏드라마,🔥【FULL】가난한 학생에서 억만장자 상속녀로! 🎓 그녀의 완벽한 성적이 악독한 가족을 충격에 빠뜨렸다! | DramaWave,https://www.youtube.com/watch?v=8vCQ-eLAEu4,처음에 볼때 소리가 났다가 왜 갑자기 소리가 안나징
숏드라마,🔥【FULL】가난한 학생에서 억만장자 상속녀로! 🎓 그녀의 완벽한 성적이 악독한 가족을 충격에 빠뜨렸다! | DramaWave,https://www.youtube.com/watch?v=8vCQ-eLAEu4,다시핀 복수의꽃도나왔으면좋겠어요
숏드라마,🔥【FULL】가난한 학생에서 억만장자 상속녀로! 🎓 그녀의 완벽한 성적이 악독한 가족을 충격에 빠뜨렸다! | DramaWave,https://www.youtube.com/watch?v=8vCQ-eLAEu4,드디어!!!!!
숏드라마,🔥【FULL】가난한 학생에서 억만장자 상속녀로! 🎓 그녀의 완벽한 성적이 악독한 가족을 충격에 빠뜨렸다! | DramaWave,https://www.youtube.com/watch?v=8vCQ-eLAEu4,뭐지
숏드라마,🔥【FULL】가난한 학생에서 억만장자 상속녀로! 🎓 그녀의 완벽한 성적이 악독한 가족을 충격에 빠뜨렸다! | DramaWave,https://www.youtube.com/watch?v=8vCQ-eLAEu4,야르😙
숏드라마,🔥【FULL】가난한 학생에서 억만장자 상속녀로! 🎓 그녀의 완벽한 성적이 악독한 가족을 충격에 빠뜨렸다! | DramaWave,https://www.youtube.com/watch?v=8vCQ-eLAEu4,보던것중 재일재미있다
숏드라마,🔥【FULL】가난한 학생에서 억만장자 상속녀로! 🎓 그녀의 완벽한 성적이 악독한 가족을 충격에 빠뜨렸다! | DramaWave,https://www.youtube.com/watch?v=8vCQ-eLAEu4,뭔 큰오빠 사랑해 이러네 미쳤나ㅋㅋㅋㅋㅋ
숏드라마,🔥【FULL】가난한 학생에서 억만장자 상속녀로! 🎓 그녀의 완벽한 성적이 악독한 가족을 충격에 빠뜨렸다! | DramaWave,https://www.youtube.com/watch?v=8vCQ-eLAEu4,"<a href=""https://www.youtube.com/watch?v=8vCQ-eLAEu4&amp;t=60"">1:00</a> 오 엘송노래다!"
숏드라마,🔥【FULL】가난한 학생에서 억만장자 상속녀로! 🎓 그녀의 완벽한 성적이 악독한 가족을 충격에 빠뜨렸다! | DramaWave,https://www.youtube.com/watch?v=8vCQ-eLAEu4,후반에 힘도 없고 막판에 김유리사이다도 없어서 재미없노ㅍ
숏드라마,🔥【FULL】가난한 학생에서 억만장자 상속녀로! 🎓 그녀의 완벽한 성적이 악독한 가족을 충격에 빠뜨렸다! | DramaWave,https://www.youtube.com/watch?v=8vCQ-eLAEu4,진우 배우 누그에옹
숏드라마,🔥【FULL】가난한 학생에서 억만장자 상속녀로! 🎓 그녀의 완벽한 성적이 악독한 가족을 충격에 빠뜨렸다! | DramaWave,https://www.youtube.com/watch?v=8vCQ-eLAEu4,막장..  연기 b급.. 엉성한 구성.. 근데 왜 끝까지 보고있지..나는?
숏드라마,🔥【FULL】가난한 학생에서 억만장자 상속녀로! 🎓 그녀의 완벽한 성적이 악독한 가족을 충격에 빠뜨렸다! | DramaWave,https://www.youtube.com/watch?v=8vCQ-eLAEu4,"ㅁㅊ 광고 열심히 보면서 다 봤는데 풀영상이 올라와버렸네,,,,😮"
숏드라마,🔥【FULL】가난한 학생에서 억만장자 상속녀로! 🎓 그녀의 완벽한 성적이 악독한 가족을 충격에 빠뜨렸다! | DramaWave,https://www.youtube.com/watch?v=8vCQ-eLAEu4,ㅎ 기다렸는데 잼나요
숏드라마,🔥【FULL】가난한 학생에서 억만장자 상속녀로! 🎓 그녀의 완벽한 성적이 악독한 가족을 충격에 빠뜨렸다! | DramaWave,https://www.youtube.com/watch?v=8vCQ-eLAEu4,큰오빠가 유리보다 흑막이네ㅋㅋㅋㅋㅋㅋㅋㅋㅋㅋㅋㅋㅋㅋㅋㅋㅋㅋㅋㅋㅋㅋㅋㅋㅋㅋㅋㅋㅋㅋㅋㅋㅋㅋㅋㅋㅋㅋㅋㅋㅋㅋㅋㅋㅋㅋㅋㅋㅋㅋㅋㅋㅋㅋㅋㅋㅋㅋㅋㅋㅋㅋㅋ아 개웃기다;;
숏드라마,🔥【FULL】가난한 학생에서 억만장자 상속녀로! 🎓 그녀의 완벽한 성적이 악독한 가족을 충격에 빠뜨렸다! | DramaWave,https://www.youtube.com/watch?v=8vCQ-eLAEu4,제작자가 중국의 수능만 아나….? 왜 수능 만점을 논하는 거지?
숏드라마,🔥【FULL】가난한 학생에서 억만장자 상속녀로! 🎓 그녀의 완벽한 성적이 악독한 가족을 충격에 빠뜨렸다! | DramaWave,https://www.youtube.com/watch?v=8vCQ-eLAEu4,사랑해요❤❤❤
숏드라마,🔥【FULL】가난한 학생에서 억만장자 상속녀로! 🎓 그녀의 완벽한 성적이 악독한 가족을 충격에 빠뜨렸다! | DramaWave,https://www.youtube.com/watch?v=8vCQ-eLAEu4,"막 타다닥 소리나면서 소리가 안나는데 어떻게해요 <a href=""https://www.youtube.com/watch?v=8vCQ-eLAEu4&amp;t=1509"">25:09</a>"
숏드라마,🔥【FULL】가난한 학생에서 억만장자 상속녀로! 🎓 그녀의 완벽한 성적이 악독한 가족을 충격에 빠뜨렸다! | DramaWave,https://www.youtube.com/watch?v=8vCQ-eLAEu4,주인공이 너무 매정한데…
숏드라마,🔥【FULL】가난한 학생에서 억만장자 상속녀로! 🎓 그녀의 완벽한 성적이 악독한 가족을 충격에 빠뜨렸다! | DramaWave,https://www.youtube.com/watch?v=8vCQ-eLAEu4,마지막 이상한 가족들 앞에서 금원그룹 회장식 하고 끝나야지!!
숏드라마,🔥【FULL】가난한 학생에서 억만장자 상속녀로! 🎓 그녀의 완벽한 성적이 악독한 가족을 충격에 빠뜨렸다! | DramaWave,https://www.youtube.com/watch?v=8vCQ-eLAEu4,소리안나아
숏드라마,🔥【FULL】가난한 학생에서 억만장자 상속녀로! 🎓 그녀의 완벽한 성적이 악독한 가족을 충격에 빠뜨렸다! | DramaWave,https://www.youtube.com/watch?v=8vCQ-eLAEu4,아 결말이 왜 이따구야ㅠㅠㅠㅠ맘에안드네 그걸왜다시받아주냐
숏드라마,🔥【FULL】가난한 학생에서 억만장자 상속녀로! 🎓 그녀의 완벽한 성적이 악독한 가족을 충격에 빠뜨렸다! | DramaWave,https://www.youtube.com/watch?v=8vCQ-eLAEu4,쇼츠 드라마중에 유일한 정상적인 주인공 등장
숏드라마,🔥【FULL】가난한 학생에서 억만장자 상속녀로! 🎓 그녀의 완벽한 성적이 악독한 가족을 충격에 빠뜨렸다! | DramaWave,https://www.youtube.com/watch?v=8vCQ-eLAEu4,이거 원작이 중국드라마인가요?
숏드라마,🔥【FULL】가난한 학생에서 억만장자 상속녀로! 🎓 그녀의 완벽한 성적이 악독한 가족을 충격에 빠뜨렸다! | DramaWave,https://www.youtube.com/watch?v=8vCQ-eLAEu4,꿀잼❤❤
숏드라마,🔥【FULL】가난한 학생에서 억만장자 상속녀로! 🎓 그녀의 완벽한 성적이 악독한 가족을 충격에 빠뜨렸다! | DramaWave,https://www.youtube.com/watch?v=8vCQ-eLAEu4,아니 마지막에 김유리 아빠랑결혼한거임?정확하개는 가짜아빠이긴한데 이거진짜냐?
숏드라마,🔥【FULL】가난한 학생에서 억만장자 상속녀로! 🎓 그녀의 완벽한 성적이 악독한 가족을 충격에 빠뜨렸다! | DramaWave,https://www.youtube.com/watch?v=8vCQ-eLAEu4,오 풀버전을 원했어😂
숏드라마,🔥【FULL】가난한 학생에서 억만장자 상속녀로! 🎓 그녀의 완벽한 성적이 악독한 가족을 충격에 빠뜨렸다! | DramaWave,https://www.youtube.com/watch?v=8vCQ-eLAEu4,섹시한 문수연
숏드라마,🔥【FULL】가난한 학생에서 억만장자 상속녀로! 🎓 그녀의 완벽한 성적이 악독한 가족을 충격에 빠뜨렸다! | DramaWave,https://www.youtube.com/watch?v=8vCQ-eLAEu4,자막 왜 저따구야?? 흉지겟어 를 흉직해서 라고 하네 아 진짜....
숏드라마,🔥【FULL】가난한 학생에서 억만장자 상속녀로! 🎓 그녀의 완벽한 성적이 악독한 가족을 충격에 빠뜨렸다! | DramaWave,https://www.youtube.com/watch?v=8vCQ-eLAEu4,ㅇ하 이거 따문에 어플 결제할뻔 ㅎㅎ
숏드라마,🔥【FULL】가난한 학생에서 억만장자 상속녀로! 🎓 그녀의 완벽한 성적이 악독한 가족을 충격에 빠뜨렸다! | DramaWave,https://www.youtube.com/watch?v=8vCQ-eLAEu4,삼류 드라마 ㅎ
숏드라마,🔥【FULL】가난한 학생에서 억만장자 상속녀로! 🎓 그녀의 완벽한 성적이 악독한 가족을 충격에 빠뜨렸다! | DramaWave,https://www.youtube.com/watch?v=8vCQ-eLAEu4,근데 마무리가 좀 많이 엉성하네 과정까진 꽤 재미있었는데😢
숏드라마,🔥【FULL】가난한 학생에서 억만장자 상속녀로! 🎓 그녀의 완벽한 성적이 악독한 가족을 충격에 빠뜨렸다! | DramaWave,https://www.youtube.com/watch?v=8vCQ-eLAEu4,안녕오빠도 풀영상 올려주세요 (올라가있음 알려주세요)
숏드라마,🔥【FULL】가난한 학생에서 억만장자 상속녀로! 🎓 그녀의 완벽한 성적이 악독한 가족을 충격에 빠뜨렸다! | DramaWave,https://www.youtube.com/watch?v=8vCQ-eLAEu4,아니  내용이 너무억까네 친오빠 들 아빠도ㅈ엄마도 ㅋㅋ 친딸을 찾았는데 뭐 저래?ㅋ
숏드라마,🔥【FULL】가난한 학생에서 억만장자 상속녀로! 🎓 그녀의 완벽한 성적이 악독한 가족을 충격에 빠뜨렸다! | DramaWave,https://www.youtube.com/watch?v=8vCQ-eLAEu4,그래도 엄마는 괜찮은 것 같은데... 근데 김유리가 너무 여우임 하.....게다가ㅋㅋㅋㅋ오빠들 유리를 여동생이 아니라 여자로 보고있었다니..진짜 설마설마했다ㅋ
숏드라마,🔥【FULL】가난한 학생에서 억만장자 상속녀로! 🎓 그녀의 완벽한 성적이 악독한 가족을 충격에 빠뜨렸다! | DramaWave,https://www.youtube.com/watch?v=8vCQ-eLAEu4,자동  음소거.? 소리는~~~
숏드라마,🔥【FULL】가난한 학생에서 억만장자 상속녀로! 🎓 그녀의 완벽한 성적이 악독한 가족을 충격에 빠뜨렸다! | DramaWave,https://www.youtube.com/watch?v=8vCQ-eLAEu4,여주 김재화 배우 닮았노
숏드라마,🔥【FULL】가난한 학생에서 억만장자 상속녀로! 🎓 그녀의 완벽한 성적이 악독한 가족을 충격에 빠뜨렸다! | DramaWave,https://www.youtube.com/watch?v=8vCQ-eLAEu4,중드의 한국화 ㅋㅋㅋㅋㅋ
숏드라마,🔥【FULL】가난한 학생에서 억만장자 상속녀로! 🎓 그녀의 완벽한 성적이 악독한 가족을 충격에 빠뜨렸다! | DramaWave,https://www.youtube.com/watch?v=8vCQ-eLAEu4,와 이거 보고싶었는데 감사합니다!!
숏드라마,🔥【FULL】가난한 학생에서 억만장자 상속녀로! 🎓 그녀의 완벽한 성적이 악독한 가족을 충격에 빠뜨렸다! | DramaWave,https://www.youtube.com/watch?v=8vCQ-eLAEu4,에잇  마지막 ㅡㅡ넘 별루네..
숏드라마,🔥【FULL】가난한 학생에서 억만장자 상속녀로! 🎓 그녀의 완벽한 성적이 악독한 가족을 충격에 빠뜨렸다! | DramaWave,https://www.youtube.com/watch?v=8vCQ-eLAEu4,저 양반이 회장인데 본사에서 온 사람은 누가 보낸거며 누가 그룹회장을 버린다는 거나;;;
숏드라마,🔥【FULL】가난한 학생에서 억만장자 상속녀로! 🎓 그녀의 완벽한 성적이 악독한 가족을 충격에 빠뜨렸다! | DramaWave,https://www.youtube.com/watch?v=8vCQ-eLAEu4,문수연 진짜 이쁘다.ㅎㅎ
숏드라마,🔥【FULL】가난한 학생에서 억만장자 상속녀로! 🎓 그녀의 완벽한 성적이 악독한 가족을 충격에 빠뜨렸다! | DramaWave,https://www.youtube.com/watch?v=8vCQ-eLAEu4,썅 돈주고 사서봤는데 뭐긔
숏드라마,🔥【FULL】가난한 학생에서 억만장자 상속녀로! 🎓 그녀의 완벽한 성적이 악독한 가족을 충격에 빠뜨렸다! | DramaWave,https://www.youtube.com/watch?v=8vCQ-eLAEu4,아빠는 ㅈㄴ 착한데
숏드라마,🔥【FULL】가난한 학생에서 억만장자 상속녀로! 🎓 그녀의 완벽한 성적이 악독한 가족을 충격에 빠뜨렸다! | DramaWave,https://www.youtube.com/watch?v=8vCQ-eLAEu4,끝.
숏드라마,🔥【FULL】가난한 학생에서 억만장자 상속녀로! 🎓 그녀의 완벽한 성적이 악독한 가족을 충격에 빠뜨렸다! | DramaWave,https://www.youtube.com/watch?v=8vCQ-eLAEu4,아 웃ㅋㅋㅋㅋㅋㅋ
숏드라마,🔥【FULL】가난한 학생에서 억만장자 상속녀로! 🎓 그녀의 완벽한 성적이 악독한 가족을 충격에 빠뜨렸다! | DramaWave,https://www.youtube.com/watch?v=8vCQ-eLAEu4,사운드 뭐냐<br>마지막은 근친에 막장이네
숏드라마,🔥【FULL】가난한 학생에서 억만장자 상속녀로! 🎓 그녀의 완벽한 성적이 악독한 가족을 충격에 빠뜨렸다! | DramaWave,https://www.youtube.com/watch?v=8vCQ-eLAEu4,저 배우 데뷔는 안하나요?
숏드라마,🔥【FULL】가난한 학생에서 억만장자 상속녀로! 🎓 그녀의 완벽한 성적이 악독한 가족을 충격에 빠뜨렸다! | DramaWave,https://www.youtube.com/watch?v=8vCQ-eLAEu4,한국말하네
숏드라마,🔥【FULL】가난한 학생에서 억만장자 상속녀로! 🎓 그녀의 완벽한 성적이 악독한 가족을 충격에 빠뜨렸다! | DramaWave,https://www.youtube.com/watch?v=8vCQ-eLAEu4,출연진은 누군가요?
숏드라마,🔥【FULL】가난한 학생에서 억만장자 상속녀로! 🎓 그녀의 완벽한 성적이 악독한 가족을 충격에 빠뜨렸다! | DramaWave,https://www.youtube.com/watch?v=8vCQ-eLAEu4,개판이네
숏드라마,🔥【FULL】가난한 학생에서 억만장자 상속녀로! 🎓 그녀의 완벽한 성적이 악독한 가족을 충격에 빠뜨렸다! | DramaWave,https://www.youtube.com/watch?v=8vCQ-eLAEu4,못보던거 다 올라왔네 병맛인데 재밌네 ㅋㅋㅋㅋㅋ
숏드라마,🔥【FULL】가난한 학생에서 억만장자 상속녀로! 🎓 그녀의 완벽한 성적이 악독한 가족을 충격에 빠뜨렸다! | DramaWave,https://www.youtube.com/watch?v=8vCQ-eLAEu4,이거랑 똑같은 스토리 중국거부터 봤는데..심지어 여주 스타일이 똑같음. 누가 먼저인거임? 요새.. 자꾸 비슷한거 봐서 좀 짜증나네
숏드라마,🔥【FULL】가난한 학생에서 억만장자 상속녀로! 🎓 그녀의 완벽한 성적이 악독한 가족을 충격에 빠뜨렸다! | DramaWave,https://www.youtube.com/watch?v=8vCQ-eLAEu4,하 다봤다 드디어
숏드라마,🔥【FULL】가난한 학생에서 억만장자 상속녀로! 🎓 그녀의 완벽한 성적이 악독한 가족을 충격에 빠뜨렸다! | DramaWave,https://www.youtube.com/watch?v=8vCQ-eLAEu4,와 ㅋㅋㅋㅋㅋㅋㅋ
숏드라마,🔥【FULL】가난한 학생에서 억만장자 상속녀로! 🎓 그녀의 완벽한 성적이 악독한 가족을 충격에 빠뜨렸다! | DramaWave,https://www.youtube.com/watch?v=8vCQ-eLAEu4,드뎌 다 봤다<br>😊
숏드라마,🔥【FULL】가난한 학생에서 억만장자 상속녀로! 🎓 그녀의 완벽한 성적이 악독한 가족을 충격에 빠뜨렸다! | DramaWave,https://www.youtube.com/watch?v=8vCQ-eLAEu4,소리 안나오는게 맞아요. 가끔 중국드라마 보는것중에서도 소리 안나오게해서 풀버전 나오는거 많아요😅 일부러 소리 안나오게 하셔서 영상내려가는거 막으시는 방법으로 하신것 같어요~
숏드라마,🔥【FULL】가난한 학생에서 억만장자 상속녀로! 🎓 그녀의 완벽한 성적이 악독한 가족을 충격에 빠뜨렸다! | DramaWave,https://www.youtube.com/watch?v=8vCQ-eLAEu4,😢
숏드라마,🔥【FULL】가난한 학생에서 억만장자 상속녀로! 🎓 그녀의 완벽한 성적이 악독한 가족을 충격에 빠뜨렸다! | DramaWave,https://www.youtube.com/watch?v=8vCQ-eLAEu4,앞부분은 나름 재밌었는데 후반 스토리가 너무 힘이 없어서  아쉽다
숏드라마,🔥【FULL】가난한 학생에서 억만장자 상속녀로! 🎓 그녀의 완벽한 성적이 악독한 가족을 충격에 빠뜨렸다! | DramaWave,https://www.youtube.com/watch?v=8vCQ-eLAEu4,소리가 중간중간 안나오네요ㅠㅠ
숏드라마,🔥【FULL】가난한 학생에서 억만장자 상속녀로! 🎓 그녀의 완벽한 성적이 악독한 가족을 충격에 빠뜨렸다! | DramaWave,https://www.youtube.com/watch?v=8vCQ-eLAEu4,한시간 7분부터 소리가 안나와요~~
숏드라마,🔥【FULL】가난한 학생에서 억만장자 상속녀로! 🎓 그녀의 완벽한 성적이 악독한 가족을 충격에 빠뜨렸다! | DramaWave,https://www.youtube.com/watch?v=8vCQ-eLAEu4,연기가 b급 수준 인데 왜 이리 볼만하지?
숏드라마,🔥【FULL】가난한 학생에서 억만장자 상속녀로! 🎓 그녀의 완벽한 성적이 악독한 가족을 충격에 빠뜨렸다! | DramaWave,https://www.youtube.com/watch?v=8vCQ-eLAEu4,나만사운드안나오나?
숏드라마,🔥【FULL】가난한 학생에서 억만장자 상속녀로! 🎓 그녀의 완벽한 성적이 악독한 가족을 충격에 빠뜨렸다! | DramaWave,https://www.youtube.com/watch?v=8vCQ-eLAEu4,개재밌누
숏드라마,🔥【FULL】가난한 학생에서 억만장자 상속녀로! 🎓 그녀의 완벽한 성적이 악독한 가족을 충격에 빠뜨렸다! | DramaWave,https://www.youtube.com/watch?v=8vCQ-eLAEu4,50분ㄷㅐ 부터는 사운드 나와요
숏드라마,🔥【FULL】가난한 학생에서 억만장자 상속녀로! 🎓 그녀의 완벽한 성적이 악독한 가족을 충격에 빠뜨렸다! | DramaWave,https://www.youtube.com/watch?v=8vCQ-eLAEu4,소리 안나와요
숏드라마,🔥【FULL】가난한 학생에서 억만장자 상속녀로! 🎓 그녀의 완벽한 성적이 악독한 가족을 충격에 빠뜨렸다! | DramaWave,https://www.youtube.com/watch?v=8vCQ-eLAEu4,사운드가 안들리는건지..
숏드라마,🔥【FULL】가난한 학생에서 억만장자 상속녀로! 🎓 그녀의 완벽한 성적이 악독한 가족을 충격에 빠뜨렸다! | DramaWave,https://www.youtube.com/watch?v=8vCQ-eLAEu4,아 드디어 풀 올라왔네
쇼츠,결혼 3일만에 이혼하고 잠적한 여배우!  #이슈 #쇼츠 #연예인,https://www.youtube.com/watch?v=jDCe_Xmm7V0,"화면을 톡톡 두번 두드리라면 대부분, 싫어요를 누르니,<br><br>화면을 두드리지 않아도 된다고 하면,<br><br>대부분 좋아요를 누르는 것임."
쇼츠,결혼 3일만에 이혼하고 잠적한 여배우!  #이슈 #쇼츠 #연예인,https://www.youtube.com/watch?v=jDCe_Xmm7V0,안해도 보여주면서 그렇게 말하면 더하기싫어짐
쇼츠,결혼 3일만에 이혼하고 잠적한 여배우!  #이슈 #쇼츠 #연예인,https://www.youtube.com/watch?v=jDCe_Xmm7V0,",ㅇ이구 간잘보네"
쇼츠,결혼 3일만에 이혼하고 잠적한 여배우!  #이슈 #쇼츠 #연예인,https://www.youtube.com/watch?v=jDCe_Xmm7V0,화이팅 건강
쇼츠,결혼 3일만에 이혼하고 잠적한 여배우!  #이슈 #쇼츠 #연예인,https://www.youtube.com/watch?v=jDCe_Xmm7V0,김청이뭔미스코리아 키가받쳐주나
쇼츠,결혼 3일만에 이혼하고 잠적한 여배우!  #이슈 #쇼츠 #연예인,https://www.youtube.com/watch?v=jDCe_Xmm7V0,이혼 잘하셨네요. 아니면 아니야. 이혼은  빠른면. 빠럴수록 좋아요
쇼츠,결혼 3일만에 이혼하고 잠적한 여배우!  #이슈 #쇼츠 #연예인,https://www.youtube.com/watch?v=jDCe_Xmm7V0,연예인들의  에미는 거의다  쓰레기네
쇼츠,결혼 3일만에 이혼하고 잠적한 여배우!  #이슈 #쇼츠 #연예인,https://www.youtube.com/watch?v=jDCe_Xmm7V0,무슨 가족이 있나ㅡ이상한 엄마 빚이지ㅡ빚지고 사는 엄마는 변하지 않는다
쇼츠,결혼 3일만에 이혼하고 잠적한 여배우!  #이슈 #쇼츠 #연예인,https://www.youtube.com/watch?v=jDCe_Xmm7V0,보증을 설 때는 담보가 있었을텐데 담보를 내주면 될 일이지  왜 그걸 자식이 갚아요?
쇼츠,결혼 3일만에 이혼하고 잠적한 여배우!  #이슈 #쇼츠 #연예인,https://www.youtube.com/watch?v=jDCe_Xmm7V0,싸가지없고 갑질마녀
쇼츠,결혼 3일만에 이혼하고 잠적한 여배우!  #이슈 #쇼츠 #연예인,https://www.youtube.com/watch?v=jDCe_Xmm7V0,돈보고 결혼하는것들 다망쳤더라 부모도 그렇고 본인도 그렇고 한심한것들이다
쇼츠,결혼 3일만에 이혼하고 잠적한 여배우!  #이슈 #쇼츠 #연예인,https://www.youtube.com/watch?v=jDCe_Xmm7V0,이머니가 원흉여 ᆢ
쇼츠,결혼 3일만에 이혼하고 잠적한 여배우!  #이슈 #쇼츠 #연예인,https://www.youtube.com/watch?v=jDCe_Xmm7V0,미스코리아출신??누구지~??
쇼츠,결혼 3일만에 이혼하고 잠적한 여배우!  #이슈 #쇼츠 #연예인,https://www.youtube.com/watch?v=jDCe_Xmm7V0,"유전적 정신병 나르시스트 인구 10명중 1명이며 가면 쓰고 사기결혼 합니다.<br>초반 차가 삐까뻔적, 옷  칼주름, 초반 과대망상 거짓으로 포장. 혼인신고 후 경찰 허위신고 해서 내쫓고 재산 빼돌려요. 이혼도 안해주구요. 카톡 사진은  커플사진, 선물 사진 올려놓고 반품, 사귈때 헤어졌다 만났다 불안하게 하기위 고의적으로 반복해요."
쇼츠,결혼 3일만에 이혼하고 잠적한 여배우!  #이슈 #쇼츠 #연예인,https://www.youtube.com/watch?v=jDCe_Xmm7V0,이거 언제까지 우려 먹을거냐<br>지겹다
쇼츠,결혼 3일만에 이혼하고 잠적한 여배우!  #이슈 #쇼츠 #연예인,https://www.youtube.com/watch?v=jDCe_Xmm7V0,관심없음
쇼츠,결혼 3일만에 이혼하고 잠적한 여배우!  #이슈 #쇼츠 #연예인,https://www.youtube.com/watch?v=jDCe_Xmm7V0,"여자들은 아무것도 모르고 그저 사랑을 믿지요. 하지만... 남자들은 여자를 사랑해서 결혼하지 않아요. 자기를 시중들 사람이 필요해서 즉, 이용할 사람이 필요해서 수발들 사람을 찾는거에요.  그러니 남자의 사랑을 믿는 사람이 젤 어리석은 거지요.😮"
쇼츠,결혼 3일만에 이혼하고 잠적한 여배우!  #이슈 #쇼츠 #연예인,https://www.youtube.com/watch?v=jDCe_Xmm7V0,😢😅
쇼츠,결혼 3일만에 이혼하고 잠적한 여배우!  #이슈 #쇼츠 #연예인,https://www.youtube.com/watch?v=jDCe_Xmm7V0,미스코리아는 무슨
쇼츠,결혼 3일만에 이혼하고 잠적한 여배우!  #이슈 #쇼츠 #연예인,https://www.youtube.com/watch?v=jDCe_Xmm7V0,"참~남의인생사,위로는못해도~말이많다~~😢"
쇼츠,결혼 3일만에 이혼하고 잠적한 여배우!  #이슈 #쇼츠 #연예인,https://www.youtube.com/watch?v=jDCe_Xmm7V0,보증으로 30억 빛ㅋ 애미가 개만도 못하네 ㅅㅂ
쇼츠,결혼 3일만에 이혼하고 잠적한 여배우!  #이슈 #쇼츠 #연예인,https://www.youtube.com/watch?v=jDCe_Xmm7V0,김청
쇼츠,결혼 3일만에 이혼하고 잠적한 여배우!  #이슈 #쇼츠 #연예인,https://www.youtube.com/watch?v=jDCe_Xmm7V0,톡톡좀 그만해<br>더 안하고 싶어져
쇼츠,결혼 3일만에 이혼하고 잠적한 여배우!  #이슈 #쇼츠 #연예인,https://www.youtube.com/watch?v=jDCe_Xmm7V0,"김청이 미스코리아 출신이 아닌데, 잘 알지도 못하면서 방송하네!"
쇼츠,결혼 3일만에 이혼하고 잠적한 여배우!  #이슈 #쇼츠 #연예인,https://www.youtube.com/watch?v=jDCe_Xmm7V0,머리가 텅빈 여자인뎅....누굴 탓할꺼여?ㅋㅋㅋ<br>결혼이 장난인가? 이것저것 다 알아보고 해도 <br>싸우고 이혼하는게 결혼인뎅~~ㅋㅋㅋ<br>얼마나 취집을 하고 싶었으면 저렇게 했겠냐 싶다.
쇼츠,결혼 3일만에 이혼하고 잠적한 여배우!  #이슈 #쇼츠 #연예인,https://www.youtube.com/watch?v=jDCe_Xmm7V0,청
쇼츠,결혼 3일만에 이혼하고 잠적한 여배우!  #이슈 #쇼츠 #연예인,https://www.youtube.com/watch?v=jDCe_Xmm7V0,맑지않아 ~~
쇼츠,결혼 3일만에 이혼하고 잠적한 여배우!  #이슈 #쇼츠 #연예인,https://www.youtube.com/watch?v=jDCe_Xmm7V0,아이고 김청 젊을때 얼마나 탐욕스렁웠는데 돈많은 남자 만나려 애쓰는게 다보였지
쇼츠,결혼 3일만에 이혼하고 잠적한 여배우!  #이슈 #쇼츠 #연예인,https://www.youtube.com/watch?v=jDCe_Xmm7V0,그놈의화면톡톡좀그만~구독안한다미워서~~
쇼츠,결혼 3일만에 이혼하고 잠적한 여배우!  #이슈 #쇼츠 #연예인,https://www.youtube.com/watch?v=jDCe_Xmm7V0,신세 망 첬네 남자 조심 해야지 안 됬다
쇼츠,결혼 3일만에 이혼하고 잠적한 여배우!  #이슈 #쇼츠 #연예인,https://www.youtube.com/watch?v=jDCe_Xmm7V0,"답글이 잘 보여서 ,<br>ㅡ좋아요ㅡ누르고 갑니다"
쇼츠,결혼 3일만에 이혼하고 잠적한 여배우!  #이슈 #쇼츠 #연예인,https://www.youtube.com/watch?v=jDCe_Xmm7V0,김청
쇼츠,결혼 3일만에 이혼하고 잠적한 여배우!  #이슈 #쇼츠 #연예인,https://www.youtube.com/watch?v=jDCe_Xmm7V0,정말 부모도 아니다...어떻게 자식에게 그 많은  십자가를 지게 하냐고...
쇼츠,결혼 3일만에 이혼하고 잠적한 여배우!  #이슈 #쇼츠 #연예인,https://www.youtube.com/watch?v=jDCe_Xmm7V0,김국진..양조위 느낌나네
쇼츠,결혼 3일만에 이혼하고 잠적한 여배우!  #이슈 #쇼츠 #연예인,https://www.youtube.com/watch?v=jDCe_Xmm7V0,휴대폰  톡톡이  아니  니 얼굴을 툭툭 하고 싶다  ᆢ이런거  올리지  마라  ᆢ니 인생은  뭐 그리  잘났다고  ᆢ니  인생이나  올려라
쇼츠,결혼 3일만에 이혼하고 잠적한 여배우!  #이슈 #쇼츠 #연예인,https://www.youtube.com/watch?v=jDCe_Xmm7V0,병신  ㅋㅋㅋㅋ 😆
쇼츠,결혼 3일만에 이혼하고 잠적한 여배우!  #이슈 #쇼츠 #연예인,https://www.youtube.com/watch?v=jDCe_Xmm7V0,ㅋ
쇼츠,결혼 3일만에 이혼하고 잠적한 여배우!  #이슈 #쇼츠 #연예인,https://www.youtube.com/watch?v=jDCe_Xmm7V0,❤씁쓸하네영❤행복스마일
쇼츠,결혼 3일만에 이혼하고 잠적한 여배우!  #이슈 #쇼츠 #연예인,https://www.youtube.com/watch?v=jDCe_Xmm7V0,돈만보고 갖겠지
쇼츠,결혼 3일만에 이혼하고 잠적한 여배우!  #이슈 #쇼츠 #연예인,https://www.youtube.com/watch?v=jDCe_Xmm7V0,성깔만있는 늙은아줌마
쇼츠,결혼 3일만에 이혼하고 잠적한 여배우!  #이슈 #쇼츠 #연예인,https://www.youtube.com/watch?v=jDCe_Xmm7V0,남자가 개소추라서그러함
쇼츠,결혼 3일만에 이혼하고 잠적한 여배우!  #이슈 #쇼츠 #연예인,https://www.youtube.com/watch?v=jDCe_Xmm7V0,강냉이넣고싶다
쇼츠,결혼 3일만에 이혼하고 잠적한 여배우!  #이슈 #쇼츠 #연예인,https://www.youtube.com/watch?v=jDCe_Xmm7V0,"무슨,  김 청이 언제 미스코리아 나옸냐??"
쇼츠,결혼 3일만에 이혼하고 잠적한 여배우!  #이슈 #쇼츠 #연예인,https://www.youtube.com/watch?v=jDCe_Xmm7V0,모녀가 얼굴 거상해서 기괴한 마스크 뒤집어<br>쓴것 같은데 나와서 비결을 뭔 맛사지라고<br>뻥치심<br>왜그리 얼굴에 손을 대는지ㅠㅠ
쇼츠,결혼 3일만에 이혼하고 잠적한 여배우!  #이슈 #쇼츠 #연예인,https://www.youtube.com/watch?v=jDCe_Xmm7V0,부모복이 반복이라고
쇼츠,결혼 3일만에 이혼하고 잠적한 여배우!  #이슈 #쇼츠 #연예인,https://www.youtube.com/watch?v=jDCe_Xmm7V0,김청이 경희대 무용과 다녔는데 대학1년때 남친과 남친 집 담치기해서 들어가 XX했다고 스스로 고백했음.
쇼츠,결혼 3일만에 이혼하고 잠적한 여배우!  #이슈 #쇼츠 #연예인,https://www.youtube.com/watch?v=jDCe_Xmm7V0,천문학적인 빚으로 자신의 인생을 망친 엄마가 뭐가 좋다고 평생 끌어안고 살더만. . .
쇼츠,결혼 3일만에 이혼하고 잠적한 여배우!  #이슈 #쇼츠 #연예인,https://www.youtube.com/watch?v=jDCe_Xmm7V0,울상 김청..😂
쇼츠,결혼 3일만에 이혼하고 잠적한 여배우!  #이슈 #쇼츠 #연예인,https://www.youtube.com/watch?v=jDCe_Xmm7V0,예쁘긴하네<br>근데 누구
쇼츠,결혼 3일만에 이혼하고 잠적한 여배우!  #이슈 #쇼츠 #연예인,https://www.youtube.com/watch?v=jDCe_Xmm7V0,뭐가 진짜인지..???
쇼츠,결혼 3일만에 이혼하고 잠적한 여배우!  #이슈 #쇼츠 #연예인,https://www.youtube.com/watch?v=jDCe_Xmm7V0,상대보는 눈이없는 자신도<br>자신을 파멸시키는 큰 죄다
쇼츠,결혼 3일만에 이혼하고 잠적한 여배우!  #이슈 #쇼츠 #연예인,https://www.youtube.com/watch?v=jDCe_Xmm7V0,애초 엄마던 가족이던 타인의 빚은 갚이 주는 게 아님 그냥 연 끊고 자기 인생 살아야 돼
쇼츠,결혼 3일만에 이혼하고 잠적한 여배우!  #이슈 #쇼츠 #연예인,https://www.youtube.com/watch?v=jDCe_Xmm7V0,최수지가 이 남자랑 먼저 결혼하지 않았나요?
쇼츠,결혼 3일만에 이혼하고 잠적한 여배우!  #이슈 #쇼츠 #연예인,https://www.youtube.com/watch?v=jDCe_Xmm7V0,김청?
쇼츠,결혼 3일만에 이혼하고 잠적한 여배우!  #이슈 #쇼츠 #연예인,https://www.youtube.com/watch?v=jDCe_Xmm7V0,"당시 한국여자들은 재미교포 재일교포라 하면 <br>환장 했어요 사실 미국,일본에서는 서민급인데<br>김청  이경진  선우일란 최수지  남정임  ...."
쇼츠,결혼 3일만에 이혼하고 잠적한 여배우!  #이슈 #쇼츠 #연예인,https://www.youtube.com/watch?v=jDCe_Xmm7V0,김청 . 얼굴이 청승맞게 생겨 지금까지 혼자 사나 ....
쇼츠,결혼 3일만에 이혼하고 잠적한 여배우!  #이슈 #쇼츠 #연예인,https://www.youtube.com/watch?v=jDCe_Xmm7V0,누군데??
쇼츠,결혼 3일만에 이혼하고 잠적한 여배우!  #이슈 #쇼츠 #연예인,https://www.youtube.com/watch?v=jDCe_Xmm7V0,속은건 누구 잘못???
쇼츠,결혼 3일만에 이혼하고 잠적한 여배우!  #이슈 #쇼츠 #연예인,https://www.youtube.com/watch?v=jDCe_Xmm7V0,참 부모땜에 고생한 연예인이 많구나  엄마가 악녀야 뭐야??  결혼전에 모녀가 나와 입에 침이 마르도록 자랑질 하더만 까보니 아무것도 없으니 걍 바로 이혼
쇼츠,결혼 3일만에 이혼하고 잠적한 여배우!  #이슈 #쇼츠 #연예인,https://www.youtube.com/watch?v=jDCe_Xmm7V0,모두 잘 알아보고 결혼해야 겠어요!!!
쇼츠,결혼 3일만에 이혼하고 잠적한 여배우!  #이슈 #쇼츠 #연예인,https://www.youtube.com/watch?v=jDCe_Xmm7V0,남자말도 들어봐야지 😂
쇼츠,결혼 3일만에 이혼하고 잠적한 여배우!  #이슈 #쇼츠 #연예인,https://www.youtube.com/watch?v=jDCe_Xmm7V0,결혼 사기도 한사람 인생 망치는 건데 징역 10년이상 나와야 함
쇼츠,트럼프 軍에 “이란 공격 중단” 지시 #쇼츠 #Shorts #트럼프,https://www.youtube.com/watch?v=IesaYs6iD0k,ㅁㅊㄴ
쇼츠,트럼프 軍에 “이란 공격 중단” 지시 #쇼츠 #Shorts #트럼프,https://www.youtube.com/watch?v=IesaYs6iD0k,시간 끌지 말고 육상군 투입해 죽이 되든 밥이 되든 결말을 내야 세계 평화가 온다
쇼츠,[봐뉴쇼츠] 아이유 저격(?)한 일타강사 전한길 #shorts #전한길 #아이유,https://www.youtube.com/watch?v=TwmdfkF3PxE,넌 구냥 이덩형 따까리 그이하 그이상두 아니다 차라리 개그맨 다시해라
쇼츠,[봐뉴쇼츠] 아이유 저격(?)한 일타강사 전한길 #shorts #전한길 #아이유,https://www.youtube.com/watch?v=TwmdfkF3PxE,학살과 함께 했고 학살미수와 함께하는 현대를 살아가는 지성인.
쇼츠,[봐뉴쇼츠] 아이유 저격(?)한 일타강사 전한길 #shorts #전한길 #아이유,https://www.youtube.com/watch?v=TwmdfkF3PxE,돌은 아저씨지~~!!!!!!
쇼츠,[봐뉴쇼츠] 아이유 저격(?)한 일타강사 전한길 #shorts #전한길 #아이유,https://www.youtube.com/watch?v=TwmdfkF3PxE,강성범이 좌파구나
쇼츠,[봐뉴쇼츠] 아이유 저격(?)한 일타강사 전한길 #shorts #전한길 #아이유,https://www.youtube.com/watch?v=TwmdfkF3PxE,👈이거봐하👀
쇼츠,[봐뉴쇼츠] 아이유 저격(?)한 일타강사 전한길 #shorts #전한길 #아이유,https://www.youtube.com/watch?v=TwmdfkF3PxE,누가 누굴 욕하냐 너나 전한길이냐 뭐가 다르냐?
쇼츠,[봐뉴쇼츠] 아이유 저격(?)한 일타강사 전한길 #shorts #전한길 #아이유,https://www.youtube.com/watch?v=TwmdfkF3PxE,ㅋㅋㅋㅋㅋ 아픈 아저씨<br>나쁜 아저씨이기도 해요.
쇼츠,아이 vs 어른 시간 흐르는 속도 차이 #shorts #유머짤시리즈,https://www.youtube.com/watch?v=LjIZGx0wBjw,1분은 작은 시간이요
쇼츠,아이 vs 어른 시간 흐르는 속도 차이 #shorts #유머짤시리즈,https://www.youtube.com/watch?v=LjIZGx0wBjw,코로불으면 소리가 나나요?❤
쇼츠,아이 vs 어른 시간 흐르는 속도 차이 #shorts #유머짤시리즈,https://www.youtube.com/watch?v=LjIZGx0wBjw,게임 하지
쇼츠,아이 vs 어른 시간 흐르는 속도 차이 #shorts #유머짤시리즈,https://www.youtube.com/watch?v=LjIZGx0wBjw,ㅋㅋㅋ
쇼츠,아이 vs 어른 시간 흐르는 속도 차이 #shorts #유머짤시리즈,https://www.youtube.com/watch?v=LjIZGx0wBjw,정말 잘 만드신다
쇼츠,아이 vs 어른 시간 흐르는 속도 차이 #shorts #유머짤시리즈,https://www.youtube.com/watch?v=LjIZGx0wBjw,할에비가돼었노ㅋㅋㅋㅋㅋㅋㅋㅋㅋㅋㅋㅋ
쇼츠,아이 vs 어른 시간 흐르는 속도 차이 #shorts #유머짤시리즈,https://www.youtube.com/watch?v=LjIZGx0wBjw,어린이:아 언제지나..<br>어른:야 영철이네 결혼식 ㄱ<br>        (준비하는중)야 결혼식 말고<br>        장례식가야겠다
쇼츠,아이 vs 어른 시간 흐르는 속도 차이 #shorts #유머짤시리즈,https://www.youtube.com/watch?v=LjIZGx0wBjw,😊😊❤❤
쇼츠,아이 vs 어른 시간 흐르는 속도 차이 #shorts #유머짤시리즈,https://www.youtube.com/watch?v=LjIZGx0wBjw,아 ㅇㅈ ㅋㅋ
쇼츠,아이 vs 어른 시간 흐르는 속도 차이 #shorts #유머짤시리즈,https://www.youtube.com/watch?v=LjIZGx0wBjw,메이드 인 헤븐....
쇼츠,아이 vs 어른 시간 흐르는 속도 차이 #shorts #유머짤시리즈,https://www.youtube.com/watch?v=LjIZGx0wBjw,아닠 애초에 1분안에 리코더등등을 다 할수있냐곸ㅋㅋㅋ
쇼츠,아이 vs 어른 시간 흐르는 속도 차이 #shorts #유머짤시리즈,https://www.youtube.com/watch?v=LjIZGx0wBjw,동동이 좋겠네
쇼츠,아이 vs 어른 시간 흐르는 속도 차이 #shorts #유머짤시리즈,https://www.youtube.com/watch?v=LjIZGx0wBjw,인정
쇼츠,아이 vs 어른 시간 흐르는 속도 차이 #shorts #유머짤시리즈,https://www.youtube.com/watch?v=LjIZGx0wBjw,이정도면 거의 기억 상실증 아늼..??
쇼츠,아이 vs 어른 시간 흐르는 속도 차이 #shorts #유머짤시리즈,https://www.youtube.com/watch?v=LjIZGx0wBjw,그거 할 시간에 쇼츠를 봐...
쇼츠,아이 vs 어른 시간 흐르는 속도 차이 #shorts #유머짤시리즈,https://www.youtube.com/watch?v=LjIZGx0wBjw,어릴때:아까한 것을 똑같이30분하면 됨 <br>서인때:시계를 보면 시간이늦게 감 ㅋㅋㅋㅋ
쇼츠,아이 vs 어른 시간 흐르는 속도 차이 #shorts #유머짤시리즈,https://www.youtube.com/watch?v=LjIZGx0wBjw,근데 또 놀떼는 시간 ㄱ빨리감 ㅋ
쇼츠,아이 vs 어른 시간 흐르는 속도 차이 #shorts #유머짤시리즈,https://www.youtube.com/watch?v=LjIZGx0wBjw,찐  공감🎉
쇼츠,아이 vs 어른 시간 흐르는 속도 차이 #shorts #유머짤시리즈,https://www.youtube.com/watch?v=LjIZGx0wBjw,우리누나리코더2개여서양쪽으로리코더불엇는대
쇼츠,아이 vs 어른 시간 흐르는 속도 차이 #shorts #유머짤시리즈,https://www.youtube.com/watch?v=LjIZGx0wBjw,ㅋㅋ
쇼츠,아이 vs 어른 시간 흐르는 속도 차이 #shorts #유머짤시리즈,https://www.youtube.com/watch?v=LjIZGx0wBjw,그럼 영철이는 몇십년 동안 결혼식을 못 하고 와이프랑  장례식을 하겠네~~~~~~~
쇼츠,아이 vs 어른 시간 흐르는 속도 차이 #shorts #유머짤시리즈,https://www.youtube.com/watch?v=LjIZGx0wBjw,지갑 챙기러 갈때 소닉인줄ㅋㅎ
쇼츠,아이 vs 어른 시간 흐르는 속도 차이 #shorts #유머짤시리즈,https://www.youtube.com/watch?v=LjIZGx0wBjw,ㅋㅋㅋㅋㅋ
쇼츠,아이 vs 어른 시간 흐르는 속도 차이 #shorts #유머짤시리즈,https://www.youtube.com/watch?v=LjIZGx0wBjw,What is thsis
쇼츠,아이 vs 어른 시간 흐르는 속도 차이 #shorts #유머짤시리즈,https://www.youtube.com/watch?v=LjIZGx0wBjw,처음에 시간이빨라서 문제가 아니고 그걸1분안에다하는 동동이가 문젠데?
쇼츠,아이 vs 어른 시간 흐르는 속도 차이 #shorts #유머짤시리즈,https://www.youtube.com/watch?v=LjIZGx0wBjw,엄마가 예쁘넼ㅋ😊❤
쇼츠,아이 vs 어른 시간 흐르는 속도 차이 #shorts #유머짤시리즈,https://www.youtube.com/watch?v=LjIZGx0wBjw,😂
쇼츠,아이 vs 어른 시간 흐르는 속도 차이 #shorts #유머짤시리즈,https://www.youtube.com/watch?v=LjIZGx0wBjw,리코더 코로 아주잘부르는 김캘리님ㅋ
쇼츠,아이 vs 어른 시간 흐르는 속도 차이 #shorts #유머짤시리즈,https://www.youtube.com/watch?v=LjIZGx0wBjw,<del>ㅋㅋㅋ</del>
쇼츠,아이 vs 어른 시간 흐르는 속도 차이 #shorts #유머짤시리즈,https://www.youtube.com/watch?v=LjIZGx0wBjw,그냥 핸드폰 하면 시간 빨리 가던데
쇼츠,아이 vs 어른 시간 흐르는 속도 차이 #shorts #유머짤시리즈,https://www.youtube.com/watch?v=LjIZGx0wBjw,이거 공감있음 무조건 ㅋㅋㅋ 어릴때 공부하면 시간안감 겜 하면 시간1초컷임 성인때 걍 잠만 자고싶음
쇼츠,아이 vs 어른 시간 흐르는 속도 차이 #shorts #유머짤시리즈,https://www.youtube.com/watch?v=LjIZGx0wBjw,저거 릴스봐서 그럼
쇼츠,아이 vs 어른 시간 흐르는 속도 차이 #shorts #유머짤시리즈,https://www.youtube.com/watch?v=LjIZGx0wBjw,멜로우
쇼츠,아이 vs 어른 시간 흐르는 속도 차이 #shorts #유머짤시리즈,https://www.youtube.com/watch?v=LjIZGx0wBjw,재밌다
쇼츠,아이 vs 어른 시간 흐르는 속도 차이 #shorts #유머짤시리즈,https://www.youtube.com/watch?v=LjIZGx0wBjw,걍 초능력쓴거 아님ㅋㅋ시간이 빨리가네ㅋ
쇼츠,아이 vs 어른 시간 흐르는 속도 차이 #shorts #유머짤시리즈,https://www.youtube.com/watch?v=LjIZGx0wBjw,쉬는시간은 시간이 빨리가고 수업시간에는 드럽게 안감 인정하는사람은 댓글잘아줘여
쇼츠,아이 vs 어른 시간 흐르는 속도 차이 #shorts #유머짤시리즈,https://www.youtube.com/watch?v=LjIZGx0wBjw,민수가 누구 👀 지❤코카콜라
쇼츠,아이 vs 어른 시간 흐르는 속도 차이 #shorts #유머짤시리즈,https://www.youtube.com/watch?v=LjIZGx0wBjw,그정도까진 그렇게 빨리 시간이 가진 않나?
쇼츠,아이 vs 어른 시간 흐르는 속도 차이 #shorts #유머짤시리즈,https://www.youtube.com/watch?v=LjIZGx0wBjw,🔄억ㅋㅋㅋ
쇼츠,아이 vs 어른 시간 흐르는 속도 차이 #shorts #유머짤시리즈,https://www.youtube.com/watch?v=LjIZGx0wBjw,그 다음에 30분이 아니라 30초 아님ㅋ
쇼츠,아이 vs 어른 시간 흐르는 속도 차이 #shorts #유머짤시리즈,https://www.youtube.com/watch?v=LjIZGx0wBjw,ㅎㅎㅎ 코로 리코더 부는거 공감 ㅋ
쇼츠,아이 vs 어른 시간 흐르는 속도 차이 #shorts #유머짤시리즈,https://www.youtube.com/watch?v=LjIZGx0wBjw,ㅋ
쇼츠,아이 vs 어른 시간 흐르는 속도 차이 #shorts #유머짤시리즈,https://www.youtube.com/watch?v=LjIZGx0wBjw,1분 안에 저걸 다한게 대단한데..ㅋㅋ
쇼츠,아이 vs 어른 시간 흐르는 속도 차이 #shorts #유머짤시리즈,https://www.youtube.com/watch?v=LjIZGx0wBjw,쇼츠 어떻게 올려요?
쇼츠,아이 vs 어른 시간 흐르는 속도 차이 #shorts #유머짤시리즈,https://www.youtube.com/watch?v=LjIZGx0wBjw,동동이름 지겨워
쇼츠,아이 vs 어른 시간 흐르는 속도 차이 #shorts #유머짤시리즈,https://www.youtube.com/watch?v=LjIZGx0wBjw,공감 ㅋㅋ
쇼츠,아이 vs 어른 시간 흐르는 속도 차이 #shorts #유머짤시리즈,https://www.youtube.com/watch?v=LjIZGx0wBjw,하이
쇼츠,아이 vs 어른 시간 흐르는 속도 차이 #shorts #유머짤시리즈,https://www.youtube.com/watch?v=LjIZGx0wBjw,"아니 무슨 어릴땐 30분이 1분이고, 컷을땐, 30분이, 1초임???"
쇼츠,아이 vs 어른 시간 흐르는 속도 차이 #shorts #유머짤시리즈,https://www.youtube.com/watch?v=LjIZGx0wBjw,.
쇼츠,아이 vs 어른 시간 흐르는 속도 차이 #shorts #유머짤시리즈,https://www.youtube.com/watch?v=LjIZGx0wBjw,그것보다 1분안에 그걸 다했다는걸 칭찬함……?
쇼츠,아이 vs 어른 시간 흐르는 속도 차이 #shorts #유머짤시리즈,https://www.youtube.com/watch?v=LjIZGx0wBjw,근대
쇼츠,아이 vs 어른 시간 흐르는 속도 차이 #shorts #유머짤시리즈,https://www.youtube.com/watch?v=LjIZGx0wBjw,❤😊
쇼츠,아이 vs 어른 시간 흐르는 속도 차이 #shorts #유머짤시리즈,https://www.youtube.com/watch?v=LjIZGx0wBjw,평일과 주말의 차이.ㅎ
쇼츠,아이 vs 어른 시간 흐르는 속도 차이 #shorts #유머짤시리즈,https://www.youtube.com/watch?v=LjIZGx0wBjw,❤
쇼츠,아이 vs 어른 시간 흐르는 속도 차이 #shorts #유머짤시리즈,https://www.youtube.com/watch?v=LjIZGx0wBjw,ㅋㅋ
쇼츠,아이 vs 어른 시간 흐르는 속도 차이 #shorts #유머짤시리즈,https://www.youtube.com/watch?v=LjIZGx0wBjw,어릴 땐 1분이 100분같고 성인일 땐 100분이 1분같음 ㅋㅋㅋㅋ ㅋㅋㅋㅋ
쇼츠,아이 vs 어른 시간 흐르는 속도 차이 #shorts #유머짤시리즈,https://www.youtube.com/watch?v=LjIZGx0wBjw,ㅋㅋㅋㅋㅋㅋㅋ
쇼츠,아이 vs 어른 시간 흐르는 속도 차이 #shorts #유머짤시리즈,https://www.youtube.com/watch?v=LjIZGx0wBjw,ㅇㅈ
쇼츠,아이 vs 어른 시간 흐르는 속도 차이 #shorts #유머짤시리즈,https://www.youtube.com/watch?v=LjIZGx0wBjw,ㅋㅋㅋㅋ ㄱ웃기네
쇼츠,아이 vs 어른 시간 흐르는 속도 차이 #shorts #유머짤시리즈,https://www.youtube.com/watch?v=LjIZGx0wBjw,이정도로 빨리가진 않음
쇼츠,아이 vs 어른 시간 흐르는 속도 차이 #shorts #유머짤시리즈,https://www.youtube.com/watch?v=LjIZGx0wBjw,저것들을 1분만에 다 하는 것 부터가 뇌절인데 이여서 1초만에 성인 돼는게 더 뇌절인디?
쇼츠,아이 vs 어른 시간 흐르는 속도 차이 #shorts #유머짤시리즈,https://www.youtube.com/watch?v=LjIZGx0wBjw,인정 나도몇일은잘가다가  하루전은진짜안감
쇼츠,아이 vs 어른 시간 흐르는 속도 차이 #shorts #유머짤시리즈,https://www.youtube.com/watch?v=LjIZGx0wBjw,아니😂안경 안쓰고있는데 너도끼고있잤아말할때😂안경쓰고있음😂😂
쇼츠,아이 vs 어른 시간 흐르는 속도 차이 #shorts #유머짤시리즈,https://www.youtube.com/watch?v=LjIZGx0wBjw,근데 놀때는 어른보다 100배는 시간 빠르게 가는데 공부할때 30분은 30주임;;
쇼츠,아이 vs 어른 시간 흐르는 속도 차이 #shorts #유머짤시리즈,https://www.youtube.com/watch?v=LjIZGx0wBjw,30분동안 숙제를 하던갘ㅋㅋ
쇼츠,아이 vs 어른 시간 흐르는 속도 차이 #shorts #유머짤시리즈,https://www.youtube.com/watch?v=LjIZGx0wBjw,동도이귀여워
쇼츠,아이 vs 어른 시간 흐르는 속도 차이 #shorts #유머짤시리즈,https://www.youtube.com/watch?v=LjIZGx0wBjw,❤
쇼츠,아이 vs 어른 시간 흐르는 속도 차이 #shorts #유머짤시리즈,https://www.youtube.com/watch?v=LjIZGx0wBjw,항상 재미있어용(좋아요 누르고 갑니다)
쇼츠,아이 vs 어른 시간 흐르는 속도 차이 #shorts #유머짤시리즈,https://www.youtube.com/watch?v=LjIZGx0wBjw,ㅋ일분
쇼츠,아이 vs 어른 시간 흐르는 속도 차이 #shorts #유머짤시리즈,https://www.youtube.com/watch?v=LjIZGx0wBjw,성인일땐 30분이 아니라 30년뒤 아니에요?  ㅋㅋㅋㅋ
쇼츠,아이 vs 어른 시간 흐르는 속도 차이 #shorts #유머짤시리즈,https://www.youtube.com/watch?v=LjIZGx0wBjw,코로리코더어떡해했어요
쇼츠,아이 vs 어른 시간 흐르는 속도 차이 #shorts #유머짤시리즈,https://www.youtube.com/watch?v=LjIZGx0wBjw,크크크 무슨 소리야? 이거 에어드레놀 호두.
쇼츠,아이 vs 어른 시간 흐르는 속도 차이 #shorts #유머짤시리즈,https://www.youtube.com/watch?v=LjIZGx0wBjw,<del>웃기네</del>
쇼츠,아이 vs 어른 시간 흐르는 속도 차이 #shorts #유머짤시리즈,https://www.youtube.com/watch?v=LjIZGx0wBjw,<del>ㅋㅋ</del>
쇼츠,아이 vs 어른 시간 흐르는 속도 차이 #shorts #유머짤시리즈,https://www.youtube.com/watch?v=LjIZGx0wBjw,ㅋㅋㅋㅋㅋ똑가틈
쇼츠,아이 vs 어른 시간 흐르는 속도 차이 #shorts #유머짤시리즈,https://www.youtube.com/watch?v=LjIZGx0wBjw,핸드폰 있으니까 핸드폰으로 겜 아님 유튭 봐!
쇼츠,아이 vs 어른 시간 흐르는 속도 차이 #shorts #유머짤시리즈,https://www.youtube.com/watch?v=LjIZGx0wBjw,9:네가 가지고있는 리코더랑 개 똑같넼ㅋㅋㅋㅋㅋ
쇼츠,아이 vs 어른 시간 흐르는 속도 차이 #shorts #유머짤시리즈,https://www.youtube.com/watch?v=LjIZGx0wBjw,이정도면 결혼식 가는거에서 장례식 가는걸로 바뀐거아님?
쇼츠,아이 vs 어른 시간 흐르는 속도 차이 #shorts #유머짤시리즈,https://www.youtube.com/watch?v=LjIZGx0wBjw,&quot;코코더(?)&quot;
쇼츠,아이 vs 어른 시간 흐르는 속도 차이 #shorts #유머짤시리즈,https://www.youtube.com/watch?v=LjIZGx0wBjw,30분 동안 폰을 해라 아가야...
쇼츠,아이 vs 어른 시간 흐르는 속도 차이 #shorts #유머짤시리즈,https://www.youtube.com/watch?v=LjIZGx0wBjw,아니 안경 아쓰고 있는데 물어을 때 안경쓰고있음
쇼츠,아이 vs 어른 시간 흐르는 속도 차이 #shorts #유머짤시리즈,https://www.youtube.com/watch?v=LjIZGx0wBjw,혹시 돈을 벌 아 나 5살 아 나 진짜 너 왜 자꾸 내 사랑 해요 ㅎㅎ 오늘 하루 종일
쇼츠,아이 vs 어른 시간 흐르는 속도 차이 #shorts #유머짤시리즈,https://www.youtube.com/watch?v=LjIZGx0wBjw,❤❤❤❤❤
쇼츠,아이 vs 어른 시간 흐르는 속도 차이 #shorts #유머짤시리즈,https://www.youtube.com/watch?v=LjIZGx0wBjw,ㅋㅋㅋㅋㅋㅋㅋㅋㅋ
쇼츠,아이 vs 어른 시간 흐르는 속도 차이 #shorts #유머짤시리즈,https://www.youtube.com/watch?v=LjIZGx0wBjw,근데  어릴때 버전 시간확인할때 방금 폰있는데 그거 하면 안됌?
쇼츠,아이 vs 어른 시간 흐르는 속도 차이 #shorts #유머짤시리즈,https://www.youtube.com/watch?v=LjIZGx0wBjw,좋아요 누르거야
쇼츠,아이 vs 어른 시간 흐르는 속도 차이 #shorts #유머짤시리즈,https://www.youtube.com/watch?v=LjIZGx0wBjw,나두 저런거 하셨었어요
쇼츠,아이 vs 어른 시간 흐르는 속도 차이 #shorts #유머짤시리즈,https://www.youtube.com/watch?v=LjIZGx0wBjw,쇼츠는 1분 만드는 시간은 10시간
쇼츠,아이 vs 어른 시간 흐르는 속도 차이 #shorts #유머짤시리즈,https://www.youtube.com/watch?v=LjIZGx0wBjw,ㅋㅋㅋ ㅋㅋ ㅋㅋㅋ ㅋㅋㅋㅋ
쇼츠,아이 vs 어른 시간 흐르는 속도 차이 #shorts #유머짤시리즈,https://www.youtube.com/watch?v=LjIZGx0wBjw,어릴때 똑같네 ㅋㅋ
쇼츠,아이 vs 어른 시간 흐르는 속도 차이 #shorts #유머짤시리즈,https://www.youtube.com/watch?v=LjIZGx0wBjw,난 초딩때부터 빨리 가던데 (특히4학년 때부터)
쇼츠,아이 vs 어른 시간 흐르는 속도 차이 #shorts #유머짤시리즈,https://www.youtube.com/watch?v=LjIZGx0wBjw,삼심년이엿어
쇼츠,아이 vs 어른 시간 흐르는 속도 차이 #shorts #유머짤시리즈,https://www.youtube.com/watch?v=LjIZGx0wBjw,Made in heaven!!! I cry I pray mondu
쇼츠,아이 vs 어른 시간 흐르는 속도 차이 #shorts #유머짤시리즈,https://www.youtube.com/watch?v=LjIZGx0wBjw,ㅇㅈ
쇼츠,아이 vs 어른 시간 흐르는 속도 차이 #shorts #유머짤시리즈,https://www.youtube.com/watch?v=LjIZGx0wBjw,완전 공감ㅋㅋㅋ
쇼츠,아이 vs 어른 시간 흐르는 속도 차이 #shorts #유머짤시리즈,https://www.youtube.com/watch?v=LjIZGx0wBjw,코로리코더나도불수있는데
쇼츠,아이 vs 어른 시간 흐르는 속도 차이 #shorts #유머짤시리즈,https://www.youtube.com/watch?v=LjIZGx0wBjw,잠만 안경 안쓰고있는데 끼고온거 아님?!
쇼츠,아이 vs 어른 시간 흐르는 속도 차이 #shorts #유머짤시리즈,https://www.youtube.com/watch?v=LjIZGx0wBjw,시간이빨라도너무빠르다
쇼츠,아이 vs 어른 시간 흐르는 속도 차이 #shorts #유머짤시리즈,https://www.youtube.com/watch?v=LjIZGx0wBjw,어린이도 군인은 못이김
쇼츠,아이 vs 어른 시간 흐르는 속도 차이 #shorts #유머짤시리즈,https://www.youtube.com/watch?v=LjIZGx0wBjw,<b>이 영상엔 (아주 많은) 과장이 포함 되어 있습니다</b>
쇼츠,아이 vs 어른 시간 흐르는 속도 차이 #shorts #유머짤시리즈,https://www.youtube.com/watch?v=LjIZGx0wBjw,코코더 ㅋ
쇼츠,아이 vs 어른 시간 흐르는 속도 차이 #shorts #유머짤시리즈,https://www.youtube.com/watch?v=LjIZGx0wBjw,진짜 공감된다.. 어릴 땐 시간 겁나 안 가서 제발 빨리 어른 됐음 좋겠다 생각했는데 막상 성인되니까 시간 겁나 빨리 지나감... 걍 다시 어릴 때로 돌아가고 싶음..
쇼츠,아이 vs 어른 시간 흐르는 속도 차이 #shorts #유머짤시리즈,https://www.youtube.com/watch?v=LjIZGx0wBjw,ㅋㅋㅋ내 나이가벌써 이렇게 됬다니!!!😅😅
쇼츠,아이 vs 어른 시간 흐르는 속도 차이 #shorts #유머짤시리즈,https://www.youtube.com/watch?v=LjIZGx0wBjw,아 저래서 사람들이 리&quot;코&quot;더라고 부르는구나..
쇼츠,아이 vs 어른 시간 흐르는 속도 차이 #shorts #유머짤시리즈,https://www.youtube.com/watch?v=LjIZGx0wBjw,어릴때하고 어른일때 시간차이가 많이나지(근데전 어린이인데 게임이나 유튜브를 봐도 시간이 굽방가던데요
쇼츠,아이 vs 어른 시간 흐르는 속도 차이 #shorts #유머짤시리즈,https://www.youtube.com/watch?v=LjIZGx0wBjw,ㅋㅋㅋㅋㅋㅋㅋㅋㅋ
쇼츠,아이 vs 어른 시간 흐르는 속도 차이 #shorts #유머짤시리즈,https://www.youtube.com/watch?v=LjIZGx0wBjw,않이 ㅋㅋㅋ 왜 자기 얼굴을 왜 베게로 때리는거야 ㅋㅋㅋㅋ
쇼츠,아이 vs 어른 시간 흐르는 속도 차이 #shorts #유머짤시리즈,https://www.youtube.com/watch?v=LjIZGx0wBjw,안경이 뽕~
쇼츠,아이 vs 어른 시간 흐르는 속도 차이 #shorts #유머짤시리즈,https://www.youtube.com/watch?v=LjIZGx0wBjw,그정도는안인데😮
쇼츠,아이 vs 어른 시간 흐르는 속도 차이 #shorts #유머짤시리즈,https://www.youtube.com/watch?v=LjIZGx0wBjw,"<a href=""https://www.youtube.com/watch?v=LjIZGx0wBjw&amp;t=5"">0:05</a>  ~<a href=""https://www.youtube.com/watch?v=LjIZGx0wBjw&amp;t=10"">0:10</a> 그걸 29번 반복해"
쇼츠,아이 vs 어른 시간 흐르는 속도 차이 #shorts #유머짤시리즈,https://www.youtube.com/watch?v=LjIZGx0wBjw,ㅋㅋㅋ바로할아버지데는거너무웃겨😂
쇼츠,아이 vs 어른 시간 흐르는 속도 차이 #shorts #유머짤시리즈,https://www.youtube.com/watch?v=LjIZGx0wBjw,코로리코더불긴ㅋㅋㅋ근데어른뗁시간이넘빨리가네ㅋㅋ
쇼츠,아이 vs 어른 시간 흐르는 속도 차이 #shorts #유머짤시리즈,https://www.youtube.com/watch?v=LjIZGx0wBjw,마지막때 늟을때 어른들이 주름생긴것 같아서 그러게 생각 한것같은데?........................
쇼츠,아이 vs 어른 시간 흐르는 속도 차이 #shorts #유머짤시리즈,https://www.youtube.com/watch?v=LjIZGx0wBjw,그냥 유튜브 보면 시간 금방 감
쇼츠,아이 vs 어른 시간 흐르는 속도 차이 #shorts #유머짤시리즈,https://www.youtube.com/watch?v=LjIZGx0wBjw,김켈리완전팬이에요
쇼츠,아이 vs 어른 시간 흐르는 속도 차이 #shorts #유머짤시리즈,https://www.youtube.com/watch?v=LjIZGx0wBjw,ㅇㅈ....
쇼츠,아이 vs 어른 시간 흐르는 속도 차이 #shorts #유머짤시리즈,https://www.youtube.com/watch?v=LjIZGx0wBjw,ㅋ
쇼츠,아이 vs 어른 시간 흐르는 속도 차이 #shorts #유머짤시리즈,https://www.youtube.com/watch?v=LjIZGx0wBjw,안경을왜썼냐에서물어보는얘가안경안썼어요
쇼츠,아이 vs 어른 시간 흐르는 속도 차이 #shorts #유머짤시리즈,https://www.youtube.com/watch?v=LjIZGx0wBjw,게임시간1시간:1분<br>공부시간1분:1시간
쇼츠,아이 vs 어른 시간 흐르는 속도 차이 #shorts #유머짤시리즈,https://www.youtube.com/watch?v=LjIZGx0wBjw,근데 어릴 때는 주말은 빨리감ㅋㅋㅋㅋㅋㅋ
쇼츠,아이 vs 어른 시간 흐르는 속도 차이 #shorts #유머짤시리즈,https://www.youtube.com/watch?v=LjIZGx0wBjw,갑자기안경이생겼당
쇼츠,아이 vs 어른 시간 흐르는 속도 차이 #shorts #유머짤시리즈,https://www.youtube.com/watch?v=LjIZGx0wBjw,그러네?❤
쇼츠,아이 vs 어른 시간 흐르는 속도 차이 #shorts #유머짤시리즈,https://www.youtube.com/watch?v=LjIZGx0wBjw,지나가다 어른이 되버렸다
쇼츠,아이 vs 어른 시간 흐르는 속도 차이 #shorts #유머짤시리즈,https://www.youtube.com/watch?v=LjIZGx0wBjw,동동아.. 핸드폰이 있잖니? ㅎㅎ
쇼츠,아이 vs 어른 시간 흐르는 속도 차이 #shorts #유머짤시리즈,https://www.youtube.com/watch?v=LjIZGx0wBjw,군대에선 느리게 갈탠데..  곧 가는데 군대가기 개싫네 진짜로
쇼츠,아이 vs 어른 시간 흐르는 속도 차이 #shorts #유머짤시리즈,https://www.youtube.com/watch?v=LjIZGx0wBjw,리코더을 왜 코로....
쇼츠,아이 vs 어른 시간 흐르는 속도 차이 #shorts #유머짤시리즈,https://www.youtube.com/watch?v=LjIZGx0wBjw,김켈리 너무 재미있어요
쇼츠,아이 vs 어른 시간 흐르는 속도 차이 #shorts #유머짤시리즈,https://www.youtube.com/watch?v=LjIZGx0wBjw,안경을 안쓰고있었는데
쇼츠,아이 vs 어른 시간 흐르는 속도 차이 #shorts #유머짤시리즈,https://www.youtube.com/watch?v=LjIZGx0wBjw,어른은 일할 때 말고 시간 빨리가고 어린이는 숏츠 보면 시간 엄청 빨리가여
쇼츠,아이 vs 어른 시간 흐르는 속도 차이 #shorts #유머짤시리즈,https://www.youtube.com/watch?v=LjIZGx0wBjw,저도 그건 이해ㅠㅠㅠㅠ😂
쇼츠,아이 vs 어른 시간 흐르는 속도 차이 #shorts #유머짤시리즈,https://www.youtube.com/watch?v=LjIZGx0wBjw,🎉🎉
쇼츠,아이 vs 어른 시간 흐르는 속도 차이 #shorts #유머짤시리즈,https://www.youtube.com/watch?v=LjIZGx0wBjw,어릴땐 공부제대로 하면 시간 겁나 빨리감<br><br>성인땐 공부하면 시간 겁나 안감
쇼츠,아이 vs 어른 시간 흐르는 속도 차이 #shorts #유머짤시리즈,https://www.youtube.com/watch?v=LjIZGx0wBjw,코로 리코더ㅋㅋㅋ<br>리코더자민으로서<br>그저웃겨요ㅋㅋ
쇼츠,아이 vs 어른 시간 흐르는 속도 차이 #shorts #유머짤시리즈,https://www.youtube.com/watch?v=LjIZGx0wBjw,언니 저 거울 도데체 어떻게 찍은거에욬ㅋ
쇼츠,아이 vs 어른 시간 흐르는 속도 차이 #shorts #유머짤시리즈,https://www.youtube.com/watch?v=LjIZGx0wBjw,어리때가더빨리가던데
쇼츠,아이 vs 어른 시간 흐르는 속도 차이 #shorts #유머짤시리즈,https://www.youtube.com/watch?v=LjIZGx0wBjw,아니 왜 움파룸파 노래를 해욬ㅋㅋㅋㅋㅋㅋㅋ
쇼츠,아이 vs 어른 시간 흐르는 속도 차이 #shorts #유머짤시리즈,https://www.youtube.com/watch?v=LjIZGx0wBjw,나도 민수라는 친구 있었는데
쇼츠,아이 vs 어른 시간 흐르는 속도 차이 #shorts #유머짤시리즈,https://www.youtube.com/watch?v=LjIZGx0wBjw,군대갈땐어릴때시간보다917263738389284748938383738383838848484847575758589404094848483992919938737474737626271882837373774737475782991928747737374657E173762727배더 오래감
쇼츠,아이 vs 어른 시간 흐르는 속도 차이 #shorts #유머짤시리즈,https://www.youtube.com/watch?v=LjIZGx0wBjw,아니이건좀너무시간이빨리가는데?ㅋㅋㅋ
쇼츠,아이 vs 어른 시간 흐르는 속도 차이 #shorts #유머짤시리즈,https://www.youtube.com/watch?v=LjIZGx0wBjw,사슴벌레<br>사슴벌레<br>사슴벌레
쇼츠,아이 vs 어른 시간 흐르는 속도 차이 #shorts #유머짤시리즈,https://www.youtube.com/watch?v=LjIZGx0wBjw,리코더 코로 부는 것좀 보소??😂😂!!
쇼츠,아이 vs 어른 시간 흐르는 속도 차이 #shorts #유머짤시리즈,https://www.youtube.com/watch?v=LjIZGx0wBjw,코로 리코더를 부네.ㅋㅋㅋ
쇼츠,아이 vs 어른 시간 흐르는 속도 차이 #shorts #유머짤시리즈,https://www.youtube.com/watch?v=LjIZGx0wBjw,진짜 웃끼다😂😂😂😂❤❤❤❤
쇼츠,아이 vs 어른 시간 흐르는 속도 차이 #shorts #유머짤시리즈,https://www.youtube.com/watch?v=LjIZGx0wBjw,리코더 코로 부내 ㅋㅋㅋㅋㅋㅋㅋㅋ😂😂😂
쇼츠,아이 vs 어른 시간 흐르는 속도 차이 #shorts #유머짤시리즈,https://www.youtube.com/watch?v=LjIZGx0wBjw,성인일 때 친구끼리도 동거를 할 수 있나요?
쇼츠,아이 vs 어른 시간 흐르는 속도 차이 #shorts #유머짤시리즈,https://www.youtube.com/watch?v=LjIZGx0wBjw,시계 가 왼지 안움지기더랔ㅋ
쇼츠,아이 vs 어른 시간 흐르는 속도 차이 #shorts #유머짤시리즈,https://www.youtube.com/watch?v=LjIZGx0wBjw,일분에삼시초인데왜       편집했어요?
쇼츠,아이 vs 어른 시간 흐르는 속도 차이 #shorts #유머짤시리즈,https://www.youtube.com/watch?v=LjIZGx0wBjw,너무재미서요
쇼츠,아이 vs 어른 시간 흐르는 속도 차이 #shorts #유머짤시리즈,https://www.youtube.com/watch?v=LjIZGx0wBjw,어릴 땐 뭘 하든 시간 빨리 안가고 어른 된 후론 숨만 쉬어도 LTE급 가속화 되어 금방 노년이 됨😢
쇼츠,아이 vs 어른 시간 흐르는 속도 차이 #shorts #유머짤시리즈,https://www.youtube.com/watch?v=LjIZGx0wBjw,시간 안가는 이유:놀어가서. 친구집😂😂😂😂😂😂😂😂   꿀잼~!!♡
쇼츠,아이 vs 어른 시간 흐르는 속도 차이 #shorts #유머짤시리즈,https://www.youtube.com/watch?v=LjIZGx0wBjw,핸드폰보고 있으면 시간 빨리감ㅋㅋㅋ
쇼츠,아이 vs 어른 시간 흐르는 속도 차이 #shorts #유머짤시리즈,https://www.youtube.com/watch?v=LjIZGx0wBjw,안경이 없었다 있내 순간이동?
쇼츠,아이 vs 어른 시간 흐르는 속도 차이 #shorts #유머짤시리즈,https://www.youtube.com/watch?v=LjIZGx0wBjw,핸드폰이있는데 왜않하고 리코더 하고 실로폰을 하는거지...
쇼츠,아이 vs 어른 시간 흐르는 속도 차이 #shorts #유머짤시리즈,https://www.youtube.com/watch?v=LjIZGx0wBjw,리코더 코로 불면 코 커지지 않나...??
쇼츠,아이 vs 어른 시간 흐르는 속도 차이 #shorts #유머짤시리즈,https://www.youtube.com/watch?v=LjIZGx0wBjw,와 킹정
쇼츠,아이 vs 어른 시간 흐르는 속도 차이 #shorts #유머짤시리즈,https://www.youtube.com/watch?v=LjIZGx0wBjw,나도친구들이랑놀려고할떼 시간이빨리가는데 학원에서는느리게가요😢😢😢....
쇼츠,아이 vs 어른 시간 흐르는 속도 차이 #shorts #유머짤시리즈,https://www.youtube.com/watch?v=LjIZGx0wBjw,으악ㄱㄱ <br>공감돼서 미치것넼ㅋㅋ
쇼츠,아이 vs 어른 시간 흐르는 속도 차이 #shorts #유머짤시리즈,https://www.youtube.com/watch?v=LjIZGx0wBjw,그시절에 핸드폰이.....
쇼츠,아이 vs 어른 시간 흐르는 속도 차이 #shorts #유머짤시리즈,https://www.youtube.com/watch?v=LjIZGx0wBjw,어릴때 짱공감임ㅎㅎ😊
쇼츠,아이 vs 어른 시간 흐르는 속도 차이 #shorts #유머짤시리즈,https://www.youtube.com/watch?v=LjIZGx0wBjw,"<a href=""https://www.youtube.com/watch?v=LjIZGx0wBjw&amp;t=22"">0:22</a>초에 남자 원래 안경 안쓰고있지 않았나요..?"
쇼츠,아이 vs 어른 시간 흐르는 속도 차이 #shorts #유머짤시리즈,https://www.youtube.com/watch?v=LjIZGx0wBjw,나랑똑간네 어릴때라고  써인는거  근데  코로왜 리코더를 왜 불어?  신기하네
쇼츠,아이 vs 어른 시간 흐르는 속도 차이 #shorts #유머짤시리즈,https://www.youtube.com/watch?v=LjIZGx0wBjw,그런데 어릴때 에서 핸드폰 들고 있는디 ㅋㅋ
쇼츠,아이 vs 어른 시간 흐르는 속도 차이 #shorts #유머짤시리즈,https://www.youtube.com/watch?v=LjIZGx0wBjw,전 반대 입니당.
쇼츠,아이 vs 어른 시간 흐르는 속도 차이 #shorts #유머짤시리즈,https://www.youtube.com/watch?v=LjIZGx0wBjw,ㄷㅂㄷㄱㅣ딛ㄱ디ㅡ8ㄷㄷ41ㅊㄱㅂㅌ1ㅣㅌㄱ😢😅😅😊😊😊😊😊😊😊😊😊😊😂😂😂😂😂😂😂😂😂😂😂😂😂😂🎉🎉🎉🎉🎉🎉🎉🎉🎉🎉🎉🎉🎉
쇼츠,아이 vs 어른 시간 흐르는 속도 차이 #shorts #유머짤시리즈,https://www.youtube.com/watch?v=LjIZGx0wBjw,주말은 어린이도 빨리가요~~~~~
쇼츠,아이 vs 어른 시간 흐르는 속도 차이 #shorts #유머짤시리즈,https://www.youtube.com/watch?v=LjIZGx0wBjw,핸드폰이 있는 데 왜 딴 걸 하지?
쇼츠,아이 vs 어른 시간 흐르는 속도 차이 #shorts #유머짤시리즈,https://www.youtube.com/watch?v=LjIZGx0wBjw,실로폰 겁나 빨리치내(배속 인듯?)
쇼츠,아이 vs 어른 시간 흐르는 속도 차이 #shorts #유머짤시리즈,https://www.youtube.com/watch?v=LjIZGx0wBjw,코🪄🪄
쇼츠,아이 vs 어른 시간 흐르는 속도 차이 #shorts #유머짤시리즈,https://www.youtube.com/watch?v=LjIZGx0wBjw,저 모든걸 1분안에 한걸 대단하다.. <br>             그런데 공감 되네요
쇼츠,아이 vs 어른 시간 흐르는 속도 차이 #shorts #유머짤시리즈,https://www.youtube.com/watch?v=LjIZGx0wBjw,천제 인정?<br>👇
쇼츠,아이 vs 어른 시간 흐르는 속도 차이 #shorts #유머짤시리즈,https://www.youtube.com/watch?v=LjIZGx0wBjw,ㅇㅈ? 인정하면 여기 <br>👇
쇼츠,아이 vs 어른 시간 흐르는 속도 차이 #shorts #유머짤시리즈,https://www.youtube.com/watch?v=LjIZGx0wBjw,리코더를 코로ㅋㅋㅋ😂😂😂
쇼츠,아이 vs 어른 시간 흐르는 속도 차이 #shorts #유머짤시리즈,https://www.youtube.com/watch?v=LjIZGx0wBjw,그때ㅋㅋㅋ거울 볼때  할아버지ㅋㅋㅋ되어을때 웃겨ㅋㅋㅋㅋ😂😂😂
쇼츠,아이 vs 어른 시간 흐르는 속도 차이 #shorts #유머짤시리즈,https://www.youtube.com/watch?v=LjIZGx0wBjw,태블릿 볼때는 어린이도 시간 빨리가는 데
쇼츠,아이 vs 어른 시간 흐르는 속도 차이 #shorts #유머짤시리즈,https://www.youtube.com/watch?v=LjIZGx0wBjw,남자 여성호르몬많다
쇼츠,아이 vs 어른 시간 흐르는 속도 차이 #shorts #유머짤시리즈,https://www.youtube.com/watch?v=LjIZGx0wBjw,아빠가태
쇼츠,아이 vs 어른 시간 흐르는 속도 차이 #shorts #유머짤시리즈,https://www.youtube.com/watch?v=LjIZGx0wBjw,나같으면 캐치티니핑 3번 보고갈듯
쇼츠,아이 vs 어른 시간 흐르는 속도 차이 #shorts #유머짤시리즈,https://www.youtube.com/watch?v=LjIZGx0wBjw,코로 리코더를 ㅋㅋㅋㅋ
쇼츠,아이 vs 어른 시간 흐르는 속도 차이 #shorts #유머짤시리즈,https://www.youtube.com/watch?v=LjIZGx0wBjw,유일하게 어른에 시간이 느린것은 바로.... 군대다!
쇼츠,아이 vs 어른 시간 흐르는 속도 차이 #shorts #유머짤시리즈,https://www.youtube.com/watch?v=LjIZGx0wBjw,평생 잼민이 할래ㅠㅠ😢😢😢😢
쇼츠,아이 vs 어른 시간 흐르는 속도 차이 #shorts #유머짤시리즈,https://www.youtube.com/watch?v=LjIZGx0wBjw,ㅠㅠㅠ😢😢
쇼츠,아이 vs 어른 시간 흐르는 속도 차이 #shorts #유머짤시리즈,https://www.youtube.com/watch?v=LjIZGx0wBjw,나 초딩 때 친구네집 간적 있었는데... 완전 추억이다
쇼츠,아이 vs 어른 시간 흐르는 속도 차이 #shorts #유머짤시리즈,https://www.youtube.com/watch?v=LjIZGx0wBjw,"지금은 게임,쇼츠,틱톡보면 시간 겁나 빨리감"
쇼츠,아이 vs 어른 시간 흐르는 속도 차이 #shorts #유머짤시리즈,https://www.youtube.com/watch?v=LjIZGx0wBjw,리코더를 코로 부네🏊🏻
쇼츠,아이 vs 어른 시간 흐르는 속도 차이 #shorts #유머짤시리즈,https://www.youtube.com/watch?v=LjIZGx0wBjw,동동 이 이를ㅋㄷㅋㄷㅋㄷㅋㄷㅋㄷㅋㄷ
쇼츠,아이 vs 어른 시간 흐르는 속도 차이 #shorts #유머짤시리즈,https://www.youtube.com/watch?v=LjIZGx0wBjw,재미이다😊
쇼츠,아이 vs 어른 시간 흐르는 속도 차이 #shorts #유머짤시리즈,https://www.youtube.com/watch?v=LjIZGx0wBjw,아까아빠가태
쇼츠,아이 vs 어른 시간 흐르는 속도 차이 #shorts #유머짤시리즈,https://www.youtube.com/watch?v=LjIZGx0wBjw,ㅋㅋㅋㅋㅋㅋㅋ😂😂😂
쇼츠,아이 vs 어른 시간 흐르는 속도 차이 #shorts #유머짤시리즈,https://www.youtube.com/watch?v=LjIZGx0wBjw,토나온다
쇼츠,아이 vs 어른 시간 흐르는 속도 차이 #shorts #유머짤시리즈,https://www.youtube.com/watch?v=LjIZGx0wBjw,안경 안 쓰고있다가 써저는거 뭔데😂
쇼츠,아이 vs 어른 시간 흐르는 속도 차이 #shorts #유머짤시리즈,https://www.youtube.com/watch?v=LjIZGx0wBjw,공감이쥨ㅋㅋㅋ
쇼츠,아이 vs 어른 시간 흐르는 속도 차이 #shorts #유머짤시리즈,https://www.youtube.com/watch?v=LjIZGx0wBjw,리코더를 왜 코로ㅋㅋㅋ
쇼츠,아이 vs 어른 시간 흐르는 속도 차이 #shorts #유머짤시리즈,https://www.youtube.com/watch?v=LjIZGx0wBjw,20분뒤에 놀러가는데 시간엄청안간다ㅏㅏㅏㅏㅏ
쇼츠,아이 vs 어른 시간 흐르는 속도 차이 #shorts #유머짤시리즈,https://www.youtube.com/watch?v=LjIZGx0wBjw,진짜 너무 귀여워 ❤❤❤
쇼츠,아이 vs 어른 시간 흐르는 속도 차이 #shorts #유머짤시리즈,https://www.youtube.com/watch?v=LjIZGx0wBjw,안경 안 쓰고 있었는데…………왜 이제 는 쓰고 있는겨……..😂
쇼츠,아이 vs 어른 시간 흐르는 속도 차이 #shorts #유머짤시리즈,https://www.youtube.com/watch?v=LjIZGx0wBjw,그런데 놀때는 엄청 빠르게 가요
쇼츠,아이 vs 어른 시간 흐르는 속도 차이 #shorts #유머짤시리즈,https://www.youtube.com/watch?v=LjIZGx0wBjw,공감임미다..시간 엄청 느리게감…ㅠㅠㅠ(허필 놀러갈때만)
쇼츠,아이 vs 어른 시간 흐르는 속도 차이 #shorts #유머짤시리즈,https://www.youtube.com/watch?v=LjIZGx0wBjw,아니ㅋㅋㅋ 거울을 볼 때 까만머리에서 흰머리가 되는 거 웃김ㅋㅋ
쇼츠,아이 vs 어른 시간 흐르는 속도 차이 #shorts #유머짤시리즈,https://www.youtube.com/watch?v=LjIZGx0wBjw,ㅋㅋㅋㅋㅋㅋㅋㅋㅋㅋㅋ😂😂😂😂
쇼츠,아이 vs 어른 시간 흐르는 속도 차이 #shorts #유머짤시리즈,https://www.youtube.com/watch?v=LjIZGx0wBjw,거울에 자기모습이 아저씨가 되버린 ㅋㅋ
쇼츠,삼성노조 “회사 없애버려야” 극언 #쇼츠 #Shorts #삼성전자,https://www.youtube.com/watch?v=7CWTPmUvks4,회사맘에않들면 사직하면되지 뭐개소리
쇼츠,삼성노조 “회사 없애버려야” 극언 #쇼츠 #Shorts #삼성전자,https://www.youtube.com/watch?v=7CWTPmUvks4,나가라 나가!!!  헛소리 하고 있네
쇼츠,삼성노조 “회사 없애버려야” 극언 #쇼츠 #Shorts #삼성전자,https://www.youtube.com/watch?v=7CWTPmUvks4,그동안 벌어 먹은게 얼마인데<br>니들 처자식 누가 먹여 살렸는노? 배은 망덕한 짓도 분수껏 해야지.... 회사를 없애야 된다니? 그동안 벌어 먹은 돈 모두 강제 압수 해도 시원치 않을 인간들 ..머리에 뭐가 들었은까
쇼츠,삼성노조 “회사 없애버려야” 극언 #쇼츠 #Shorts #삼성전자,https://www.youtube.com/watch?v=7CWTPmUvks4,노조. 깜빵에. 처. 넣어라
쇼츠,삼성노조 “회사 없애버려야” 극언 #쇼츠 #Shorts #삼성전자,https://www.youtube.com/watch?v=7CWTPmUvks4,노조 그런발언은 하는게아냐 ㅡ하늘이 다봤고 알고있다 그후는  너희들이 판단하라
쇼츠,삼성노조 “회사 없애버려야” 극언 #쇼츠 #Shorts #삼성전자,https://www.youtube.com/watch?v=7CWTPmUvks4,삼성직원들 물갈이 시켜라
쇼츠,삼성노조 “회사 없애버려야” 극언 #쇼츠 #Shorts #삼성전자,https://www.youtube.com/watch?v=7CWTPmUvks4,노조가 선을 씨게 넘었네
쇼츠,삼성노조 “회사 없애버려야” 극언 #쇼츠 #Shorts #삼성전자,https://www.youtube.com/watch?v=7CWTPmUvks4,노조위원장   구속 미친 정신병자  재발 구속
쇼츠,삼성노조 “회사 없애버려야” 극언 #쇼츠 #Shorts #삼성전자,https://www.youtube.com/watch?v=7CWTPmUvks4,이쯤에 회사는 어찌되든지 돈한목 챙기자네 그게 노조야  깡패지😢
쇼츠,삼성노조 “회사 없애버려야” 극언 #쇼츠 #Shorts #삼성전자,https://www.youtube.com/watch?v=7CWTPmUvks4,쓰레기 양산 전자
쇼츠,삼성노조 “회사 없애버려야” 극언 #쇼츠 #Shorts #삼성전자,https://www.youtube.com/watch?v=7CWTPmUvks4,미친놈들 없어지면 돈벌수있어.
쇼츠,삼성노조 “회사 없애버려야” 극언 #쇼츠 #Shorts #삼성전자,https://www.youtube.com/watch?v=7CWTPmUvks4,빙신 죽으면 너만 불쌍혀!<br>악덕 기없도 아닌데  성과급 요구하다 죽으면 누가 너를 불쌍히 여기겠나
쇼츠,삼성노조 “회사 없애버려야” 극언 #쇼츠 #Shorts #삼성전자,https://www.youtube.com/watch?v=7CWTPmUvks4,개구리 올챙이적 모른다더니 이젠 배부르고 등 따뜻하지!
쇼츠,삼성노조 “회사 없애버려야” 극언 #쇼츠 #Shorts #삼성전자,https://www.youtube.com/watch?v=7CWTPmUvks4,니가 뭔데 삼성을 없애니마니 그런 개풀뚣어먹는 헛소리를 하는데😂😂
쇼츠,삼성노조 “회사 없애버려야” 극언 #쇼츠 #Shorts #삼성전자,https://www.youtube.com/watch?v=7CWTPmUvks4,눈에 뵈는게없는 새끼들이네<br>삼성땜에 먹고사는 놈들이
쇼츠,삼성노조 “회사 없애버려야” 극언 #쇼츠 #Shorts #삼성전자,https://www.youtube.com/watch?v=7CWTPmUvks4,민주당 이나 노조나. 이땅에서 없어져야된다. 국힘도
쇼츠,삼성노조 “회사 없애버려야” 극언 #쇼츠 #Shorts #삼성전자,https://www.youtube.com/watch?v=7CWTPmUvks4,노조는 대한민국의암덩어리....북한의사주를받는집단이다.
쇼츠,삼성노조 “회사 없애버려야” 극언 #쇼츠 #Shorts #삼성전자,https://www.youtube.com/watch?v=7CWTPmUvks4,노조새끼들 강력하게 조져야돼 최루탄으로 조져야돼
쇼츠,삼성노조 “회사 없애버려야” 극언 #쇼츠 #Shorts #삼성전자,https://www.youtube.com/watch?v=7CWTPmUvks4,있을수 없는일.
쇼츠,삼성노조 “회사 없애버려야” 극언 #쇼츠 #Shorts #삼성전자,https://www.youtube.com/watch?v=7CWTPmUvks4,심성 노조 없애야...
쇼츠,삼성노조 “회사 없애버려야” 극언 #쇼츠 #Shorts #삼성전자,https://www.youtube.com/watch?v=7CWTPmUvks4,삼성노조 간부놈들 모두 처벌해야한다 저놈들 매우 불순하다
쇼츠,삼성노조 “회사 없애버려야” 극언 #쇼츠 #Shorts #삼성전자,https://www.youtube.com/watch?v=7CWTPmUvks4,미친놈 나라 망치려고 작정했군 누구지령이냐  빨갱이 놈들
쇼츠,삼성노조 “회사 없애버려야” 극언 #쇼츠 #Shorts #삼성전자,https://www.youtube.com/watch?v=7CWTPmUvks4,이 잡것들 모조리 해고조치 시켜라
쇼츠,삼성노조 “회사 없애버려야” 극언 #쇼츠 #Shorts #삼성전자,https://www.youtube.com/watch?v=7CWTPmUvks4,병신새끼들 다같이 망하자.ㅋㅋㅋ
쇼츠,삼성노조 “회사 없애버려야” 극언 #쇼츠 #Shorts #삼성전자,https://www.youtube.com/watch?v=7CWTPmUvks4,어떠한 결과로든 이번 합의하면 상성은 노조에 앞으로도 끌려다닐거임 노사 합의는 없어야 회사가 사는길~~
쇼츠,삼성노조 “회사 없애버려야” 극언 #쇼츠 #Shorts #삼성전자,https://www.youtube.com/watch?v=7CWTPmUvks4,해고시켜라 해고사유충분하다
쇼츠,삼성노조 “회사 없애버려야” 극언 #쇼츠 #Shorts #삼성전자,https://www.youtube.com/watch?v=7CWTPmUvks4,다 잘라 버리세요 삼성에 들어가고 싶은 하는 사람이 얼마나 많은데 새로 고용 하면 되지.
쇼츠,삼성노조 “회사 없애버려야” 극언 #쇼츠 #Shorts #삼성전자,https://www.youtube.com/watch?v=7CWTPmUvks4,지가 퇴사하면되지 뭘 없애버려?<br>지가 없어지면 될 일
쇼츠,삼성노조 “회사 없애버려야” 극언 #쇼츠 #Shorts #삼성전자,https://www.youtube.com/watch?v=7CWTPmUvks4,노조놈들 국민들이 들고 일어나서 뿌리뽑자 악마같은 노조놈들 매국노놈들 치가떨린다
쇼츠,삼성노조 “회사 없애버려야” 극언 #쇼츠 #Shorts #삼성전자,https://www.youtube.com/watch?v=7CWTPmUvks4,미친것들 대량 해고 해라!
쇼츠,삼성노조 “회사 없애버려야” 극언 #쇼츠 #Shorts #삼성전자,https://www.youtube.com/watch?v=7CWTPmUvks4,"민주당이 만든 노란봉투법은  내란을  조장하는 법은 인가...... <br>이런 것이 바로 내란이다... <br>국가의 중요 산업인 삼성전자를 파괴시키려는  것은 내란과 마찬가지다...       구속 해야한다...."
쇼츠,삼성노조 “회사 없애버려야” 극언 #쇼츠 #Shorts #삼성전자,https://www.youtube.com/watch?v=7CWTPmUvks4,아니.. 사표써..ㅡㅡ 뭐하는거야 저게
쇼츠,삼성노조 “회사 없애버려야” 극언 #쇼츠 #Shorts #삼성전자,https://www.youtube.com/watch?v=7CWTPmUvks4,참. 지랄같은 인격을
쇼츠,삼성노조 “회사 없애버려야” 극언 #쇼츠 #Shorts #삼성전자,https://www.youtube.com/watch?v=7CWTPmUvks4,대한민국 국민아닌가?법을지켜야지 그럴거면 외국나가살아라
쇼츠,삼성노조 “회사 없애버려야” 극언 #쇼츠 #Shorts #삼성전자,https://www.youtube.com/watch?v=7CWTPmUvks4,"시발놈들 회사가 니들거냐?<br>뭐를 없센다고 지랄이야 회사싫고 나라 싫으면 니들이 다른 나라로 떠나면 될것아니냐?<br>혀사가 떠나겠냐 나라가 떠나겠냐?<br>니들이 가라,회사와 국가는 국민 생존을 위해서 노조원들 전부 파면하고 모든 성과급 지급을 정지하라,<br>회사는 주주가 주인이다,<br>니들이 뭔데 주주에게 피해를 주냐?"
쇼츠,삼성노조 “회사 없애버려야” 극언 #쇼츠 #Shorts #삼성전자,https://www.youtube.com/watch?v=7CWTPmUvks4,다 나가 일할애들 개많어~
쇼츠,삼성노조 “회사 없애버려야” 극언 #쇼츠 #Shorts #삼성전자,https://www.youtube.com/watch?v=7CWTPmUvks4,이 노조원장이 미쳤나?
쇼츠,삼성노조 “회사 없애버려야” 극언 #쇼츠 #Shorts #삼성전자,https://www.youtube.com/watch?v=7CWTPmUvks4,분신해라 꼭  그리하세요<br>삼성들어가고려고 노력하는사람 많습니다<br>욕심이 끝이없는 사람인데<br>뭘 해줘도 그 이상을 바랄꺼에요
쇼츠,삼성노조 “회사 없애버려야” 극언 #쇼츠 #Shorts #삼성전자,https://www.youtube.com/watch?v=7CWTPmUvks4,민주당 과 민노총 이 하는일
쇼츠,삼성노조 “회사 없애버려야” 극언 #쇼츠 #Shorts #삼성전자,https://www.youtube.com/watch?v=7CWTPmUvks4,노조 가담자들 싹다 해고하는게 답이지
쇼츠,삼성노조 “회사 없애버려야” 극언 #쇼츠 #Shorts #삼성전자,https://www.youtube.com/watch?v=7CWTPmUvks4,노조는 사회악.  이재용회장은 노조에 절대 고개숙이지 마세요. 삼전 응원합니다.
쇼츠,삼성노조 “회사 없애버려야” 극언 #쇼츠 #Shorts #삼성전자,https://www.youtube.com/watch?v=7CWTPmUvks4,분사한다고?.. 분신이 아니고?..<br>반드시 분신해라. 휘발유는 충분히 뿌리고해라. 불끄지못하게...
쇼츠,삼성노조 “회사 없애버려야” 극언 #쇼츠 #Shorts #삼성전자,https://www.youtube.com/watch?v=7CWTPmUvks4,삼성전자를 없애는게 목표였던건가?
쇼츠,삼성노조 “회사 없애버려야” 극언 #쇼츠 #Shorts #삼성전자,https://www.youtube.com/watch?v=7CWTPmUvks4,이거 외부에서 푸쉬한거네<br>어디겠냐 중국이지<br>중국이 사람 포섭하고 매수하는거 한두번도 아니고
쇼츠,삼성노조 “회사 없애버려야” 극언 #쇼츠 #Shorts #삼성전자,https://www.youtube.com/watch?v=7CWTPmUvks4,모두 사표받고 다시 뽑자<br>삼성에서 일하고싶은 사람 넘친다
쇼츠,삼성노조 “회사 없애버려야” 극언 #쇼츠 #Shorts #삼성전자,https://www.youtube.com/watch?v=7CWTPmUvks4,자르면 안되나요<br>보고있는 내가 여나네요
쇼츠,삼성노조 “회사 없애버려야” 극언 #쇼츠 #Shorts #삼성전자,https://www.youtube.com/watch?v=7CWTPmUvks4,누가 노총없애버리면 차기대통령이다 개딸들은 삼전 없냐? 민주노총은 간첩아니면  지새끼들 먹거리를 잡아먹을놈들 .재용회장님 공장폐쇄시키고 미국으로 고고.
쇼츠,삼성노조 “회사 없애버려야” 극언 #쇼츠 #Shorts #삼성전자,https://www.youtube.com/watch?v=7CWTPmUvks4,앞으로는 사람 쓰는일 못한다니까
쇼츠,삼성노조 “회사 없애버려야” 극언 #쇼츠 #Shorts #삼성전자,https://www.youtube.com/watch?v=7CWTPmUvks4,ㅂㅅ들 없애면 누가 손해일까? 뇌가없는 인간들 선동에 놀아나지 말기를
쇼츠,[Playlist] 인스타 쇼츠 그 노래들 | 팝송 플레이리스트 /감성 플리 / pop,https://www.youtube.com/watch?v=Cc2tuIvEDJw,"안녕하세요, 재즈나비입니다🦋<br>이 플레이리스트가 100만 조회수를 넘기고, 곧 200만까지 바라보고 있네요. 시간이 꽤 지났는데도 계속 찾아와 주셔서 정말 감사해요. 댓글로 남겨주신 이야기들도 하나하나 잘 읽고 있습니다.<br>이 공간이 여러분에게 잠깐이라도 편하게 머물 수 있는 곳이자 고민을 털어놓을 수 있는 곳이 된 것 같아요. 어떤 방식으로든 조금이나마 안식처가 됐으면 합니다.<br>재즈나비는 앞으로도 다양한 감성의 플레이리스트나 재미난 커버곡, 공연장 브이로그 등 계속 업로드될 예정이에요. 다른 영상들도 한 번씩 봐주시면 큰 힘이 됩니다 :)<br>그리고 혹시 듣고 싶은 플레이리스트나 보고 싶은 영상이 있다면 언제든 편하게 추천도 남겨주세요! 참고해서 영상 만들 때 반영하겠습니다.<br>오늘도 함께해 주셔서 감사합니다. 늘 행복하세요🤍"
쇼츠,[Playlist] 인스타 쇼츠 그 노래들 | 팝송 플레이리스트 /감성 플리 / pop,https://www.youtube.com/watch?v=Cc2tuIvEDJw,Thank you for making this playlist❤❤❤
쇼츠,[Playlist] 인스타 쇼츠 그 노래들 | 팝송 플레이리스트 /감성 플리 / pop,https://www.youtube.com/watch?v=Cc2tuIvEDJw,조ㅇㅇ 나 너 진짜 많이 좋아했어. 지금은 너랑 같은반됀 인기있고 예쁘고 운동잘하는애 옆에 있으니 히죽됀다? 전여친 생각은 이제 안나겠지.... 언젠간 또 만나자
쇼츠,[Playlist] 인스타 쇼츠 그 노래들 | 팝송 플레이리스트 /감성 플리 / pop,https://www.youtube.com/watch?v=Cc2tuIvEDJw,"1. 전 세계적인 메가 히트곡 탄생<br>&quot;Romantic Homicide&quot;와 &quot;Here with Me&quot;를 통해 빌보드 핫 100 차트에 진입하며 데뷔와 동시에 글로벌 스타덤에 올랐습니다.<br><br>특히 &quot;Romantic Homicide&quot;는 스포티파이에서 수억 회 이상의 스트리밍을 기록하며 틱톡 등 SNS에서 거대한 챌린지 열풍을 일으켰습니다.<br><br>2. 독보적인 음악적 시도와 작업 방식<br>전문 스튜디오가 아닌 본인의 침실에서 아이폰(BandLab 앱)만을 활용해 고퀄리티의 음악을 제작하며 &#39;침실 팝(Bedroom Pop)&#39;의 새로운 지평을 열었다는 평가를 받습니다.<br><br>인디 팝, 얼터너티브, R&amp;B 등 장르에 국한되지 않는 넓은 음악적 스펙트럼을 보여주며 자신만의 독특한 로우파이(Lo-fi) 사운드를 구축했습니다.<br><br>3. 게임 커뮤니티와의 연결고리<br>원래 게임 &#39;포트나이트(Fortnite)&#39;의 몽타주 영상을 제작하던 게이머였으며, 저작권 문제 없이 자신의 영상에 쓸 음악을 직접 만들기 시작한 것이 가수 데뷔의 계기가 된 독특한 이력을 가지고 있습니다.<br><br>4. 권위 있는 매체와 시상식의 주목<br>2023년 MTV VMA에서 &#39;올해의 푸시 퍼포먼스(Push Performance of the Year)&#39; 후보에 오르는 등 대중문화계의 아이콘으로 급부상했습니다.<br><br>여러 권위 있는 음악 매체에서 &#39;반드시 주목해야 할 아티스트&#39;로 선정되며 차세대 팝 아티스트로서의 입지를 굳혔습니다.<br><br>5. 성공적인 월드 투어와 아시아권 인기<br>데뷔한 지 얼마 되지 않아 북미와 유럽을 포함한 월드 투어를 성공적으로 마쳤으며, 한국을 포함한 아시아권에서도 탄탄한 팬덤을 확보하여 내한 공연 등을 통해 뜨거운 반응을 이끌어냈습니다.<br><br><br><br>요약하자면 d4vd는 스마트폰 하나로 시작해 전 세계를 사로잡은 **&#39;Z세대 음악 천재&#39;**로, 기술적 장벽을 허물고 진정성 있는 감성만으로 최정상급 아티스트의 반열에 오른 상징적인 인물입니다.<br><br>- by gemini -"
쇼츠,[Playlist] 인스타 쇼츠 그 노래들 | 팝송 플레이리스트 /감성 플리 / pop,https://www.youtube.com/watch?v=Cc2tuIvEDJw,그래 나 너 좋아해 그니까 좀 알아줘라
쇼츠,[Playlist] 인스타 쇼츠 그 노래들 | 팝송 플레이리스트 /감성 플리 / pop,https://www.youtube.com/watch?v=Cc2tuIvEDJw,작년 한 생각을 하게됩니다 나에게 맞지 않는 무언가를 하는게 맞는것? 하고 말이죠 이런생각을 할때에도 부모님은 공부에 집중해라 무슨 소리냐 말 한마디 안하시면 너 적성에 맞는것을 하거라라고 말씀하셨습니다 제 적성에 맞는것을 찾아보니 운동이였습니다 서울체대를 거기위해 매일 새벽 5시에 일어나 저녁 8시까지 운동만 하고 밥먹고 살아왔습니다 1년쯤 정말 고생하고 나니 서울체대에 들어갈 수 있었습니다 이런게 다 잘 자란 부모님 덕분인것을 알았습니다 엄마 아빠 내가 나머지 인생또한 호강시켜줄게~❤
쇼츠,[Playlist] 인스타 쇼츠 그 노래들 | 팝송 플레이리스트 /감성 플리 / pop,https://www.youtube.com/watch?v=Cc2tuIvEDJw,<del>스포방지선</del>
쇼츠,[Playlist] 인스타 쇼츠 그 노래들 | 팝송 플레이리스트 /감성 플리 / pop,https://www.youtube.com/watch?v=Cc2tuIvEDJw,"사랑하는 우리 할머니께<br><br>저희 할머니는 이제 연세가 104세이십니다.<br>천사 같은 새아버지가 저희 가족이 되었고, 저희에게도 할머니가 생겼습니다.<br>스무 살이 넘은 다 큰 손주 둘을 친손주처럼 사랑해 주시고 아껴주신 우리 할머니..<br><br>이제 곧 하늘의 별이 되실 준비를 하시는 것 같아 마음이 너무 아프지만, 그동안 너무 사랑해 주시고 따뜻하게 품어주셔서 정말 감사해요.<br>할머니 곁에 있을 수 있어서 너무 행복했고, 정말 감사했습니다.<br><br>부디 아프지 마시고, 편안하게 저희 곁에 조금만 더 머물러 주세요.<br>사랑합니다, 할머니."
쇼츠,[Playlist] 인스타 쇼츠 그 노래들 | 팝송 플레이리스트 /감성 플리 / pop,https://www.youtube.com/watch?v=Cc2tuIvEDJw,26.02.03 입대 후 첫 휴가나오고 내일 복귄데 진짜 너무 막막하다...스트레스 만땅에 현타도 오고 .. 전역 날 다시 오겠습니다.
쇼츠,[Playlist] 인스타 쇼츠 그 노래들 | 팝송 플레이리스트 /감성 플리 / pop,https://www.youtube.com/watch?v=Cc2tuIvEDJw,많이 사랑하고 많이 좋아하는데<br>넌 날 안 봐주네
쇼츠,[Playlist] 인스타 쇼츠 그 노래들 | 팝송 플레이리스트 /감성 플리 / pop,https://www.youtube.com/watch?v=Cc2tuIvEDJw,우리 엄마 행복하게 해주세요 ❤
쇼츠,[Playlist] 인스타 쇼츠 그 노래들 | 팝송 플레이리스트 /감성 플리 / pop,https://www.youtube.com/watch?v=Cc2tuIvEDJw,"왕할머니께,<br><br>이 편지를 쓰는 지금도 아직 마음이 따라가지 못한 채, 그저 멍하니 앉아 왕할머니를 떠올리고 있어요. 분명 알고는 있는데, 머리로는 이해하고 있는데도… 가슴이 그 사실을 받아들이지 못하는 것 같아요. 언제나 그 자리에 계실 것 같았고, 늘 그대로일 것 같았던 왕할머니가 이제는 안 계시다는 게 믿기지 않습니다.<br><br>왕할머니를 떠올리면 가장 먼저 떠오르는 건 ‘따뜻함’이에요. 말 한마디, 눈빛 하나, 손길 하나까지 모두 따뜻했던 분이었잖아요. 어릴 때는 그저 당연한 줄만 알았던 그 다정함이, 지금 생각해보면 얼마나 크고 깊은 사랑이었는지 이제야 조금씩 알 것 같아요. 아무 이유 없이 챙겨주시고, 아무 조건 없이 사랑해주셨던 그 마음이 얼마나 소중한지요.<br><br>왕할머니 댁에 가면 늘 느껴지던 그 편안한 분위기, 그리고 저를 반겨주시던 모습이 아직도 선명해요. 제가 무슨 말을 하든 웃으시며 들어주시고, 별것 아닌 이야기에도 고개를 끄덕여주시던 모습… 그게 저에게는 참 큰 위로였어요. 세상에서 가장 편안한 곳이 어디냐고 물으면, 저는 늘 왕할머니 곁이라고 말할 수 있을 만큼요.<br><br>시간이 지나면서 자주 찾아뵙지 못했던 게 자꾸 마음에 남아요. 바쁘다는 이유로, 나중에 가도 된다는 생각으로 미뤘던 순간들이 이제는 모두 아쉬움으로 남습니다. 그때 조금만 더 시간을 냈더라면, 조금만 더 이야기를 나눴더라면 하는 후회가 자꾸 밀려와요. 하지만 왕할머니는 그런 저를 보며 오히려 “괜찮다”고, “잘 지내면 됐다”고 웃어주셨을 것 같아요. 그래서 더 마음이 아프면서도, 한편으로는 그 따뜻함에 다시 한번 감사하게 됩니다.<br><br>왕할머니께서 저에게 주신 것들은 눈에 보이는 것보다 훨씬 더 큰 것들이에요. 사람을 대하는 마음, 가족을 생각하는 마음, 그리고 작은 것에도 감사할 줄 아는 마음까지… 저는 그 모든 걸 왕할머니에게서 배웠어요. 그래서 앞으로 살아가면서도, 힘든 일이 있을 때마다 “왕할머니라면 어떻게 하셨을까” 하고 떠올리게 될 것 같아요.<br><br>이제는 직접 뵐 수 없다는 게 너무 슬프지만, 왕할머니와 함께했던 기억들은 제 마음속에서 사라지지 않을 거예요. 오히려 시간이 지날수록 더 또렷해지고, 더 소중해질 것 같아요. 웃으시던 모습, 제 이름을 불러주시던 목소리, 손을 잡아주시던 그 따뜻함… 그 모든 게 제 안에 그대로 남아 있으니까요.<br><br>왕할머니, 그곳에서는 부디 아프지 마시고 편안하게 쉬고 계셨으면 좋겠어요. 여기서는 저희가 잘 지내고 있으니까 너무 걱정하지 않으셨으면 해요. 저도 더 단단해지고, 더 좋은 사람이 되어가면서 왕할머니가 자랑스러워하실 수 있는 모습으로 살아갈게요. 그렇게 살아가는 것이 왕할머니께서 주신 사랑에 대한 작은 보답이라고 생각합니다.<br><br>언젠가 시간이 많이 흐르고, 다시 만날 수 있는 날이 온다면 그때는 못다 한 이야기들을 천천히 나누고 싶어요. 그때까지 왕할머니는 그곳에서 편안하게 쉬고 계세요. 그리고 가끔은 저희를 지켜봐 주세요. 제가 힘들 때, 길을 잃을 때, 왕할머니의 따뜻한 마음이 제 곁에 있다는 걸 느낄 수 있도록요.<br><br>정말 많이 보고 싶어요. 그리고 그보다 더 많이 사랑합니다.<br>제 인생에서 왕할머니는 언제나 가장 따뜻한 사람이었습니다.<br><br>그동안 저를 지켜주시고, 사랑해주시고, 품어주셔서 진심으로 감사합니다.<br>잊지 않을게요. 그리고 평생 마음속에 간직하며 살아갈게요.<br><br>편안히 쉬세요, 왕할머니.<br><br>사랑하는 손자가."
쇼츠,[Playlist] 인스타 쇼츠 그 노래들 | 팝송 플레이리스트 /감성 플리 / pop,https://www.youtube.com/watch?v=Cc2tuIvEDJw,내가 가진것에 감사하며 사는삶을 살길
쇼츠,[Playlist] 인스타 쇼츠 그 노래들 | 팝송 플레이리스트 /감성 플리 / pop,https://www.youtube.com/watch?v=Cc2tuIvEDJw,나도 내가 가장 젊고 열정 있었을때로 돌아가고싶다. 그립다.내청춘이
쇼츠,[Playlist] 인스타 쇼츠 그 노래들 | 팝송 플레이리스트 /감성 플리 / pop,https://www.youtube.com/watch?v=Cc2tuIvEDJw,시외버스터미널에서 음악들으며 댓글들 읽으니 눈물이 줄줄나서 사연 있는 여자 되버렸네.... 😢
쇼츠,[Playlist] 인스타 쇼츠 그 노래들 | 팝송 플레이리스트 /감성 플리 / pop,https://www.youtube.com/watch?v=Cc2tuIvEDJw,플리미친진짜개좋아요
쇼츠,[Playlist] 인스타 쇼츠 그 노래들 | 팝송 플레이리스트 /감성 플리 / pop,https://www.youtube.com/watch?v=Cc2tuIvEDJw,쇼츠의 노래들 중에서도 선곡이 정말 좋네요 구독했어요!
쇼츠,[Playlist] 인스타 쇼츠 그 노래들 | 팝송 플레이리스트 /감성 플리 / pop,https://www.youtube.com/watch?v=Cc2tuIvEDJw,"안녕하세요. 저는 작가 지망생이에요,,! 아직 5학년이지만 작가라는 확실한 장래희망을 갖고 있어요. 최근 좋은 소재를 발견해서 오랜만에 글 쓸 맛이 나더라고요! 지금 2000자 정도 썼는데, 얼른 제가 쓰고싶은 하이라이트 부분까지 오는날이 어서 오면 좋겠네요! 네, ㅎ 그냥 주접 떨어봤어요 ㅋㅋ여러분도 모두 꿈 이루시길 바라고 즐거운 하루 보내시면 좋겠어요😊😊"
쇼츠,[Playlist] 인스타 쇼츠 그 노래들 | 팝송 플레이리스트 /감성 플리 / pop,https://www.youtube.com/watch?v=Cc2tuIvEDJw,내가 사랑하는 모든 것들에게..<br>잊을 수 없는 시간들을 품으며
쇼츠,[Playlist] 인스타 쇼츠 그 노래들 | 팝송 플레이리스트 /감성 플리 / pop,https://www.youtube.com/watch?v=Cc2tuIvEDJw,아들 엄마가 넌 꼭 지켜줄게 지금 너가 불안해하는것들 엄마가 다~안아줄게 엄마가 꼭 지켜줄게 꼭 너가 안정감을 가질수 있는 엄마가 될게 사랑하고 또 사랑하고 사랑해 맨날 미안하다해서 미안해 정말 사랑해 많이 많이
쇼츠,[Playlist] 인스타 쇼츠 그 노래들 | 팝송 플레이리스트 /감성 플리 / pop,https://www.youtube.com/watch?v=Cc2tuIvEDJw,제발 제 외모정병이 낫게 해주세요 제발요제발..
쇼츠,[Playlist] 인스타 쇼츠 그 노래들 | 팝송 플레이리스트 /감성 플리 / pop,https://www.youtube.com/watch?v=Cc2tuIvEDJw,헉..첫곡부터 인스타에서 자주듣던 감정 움직이는 좋은노래
쇼츠,[Playlist] 인스타 쇼츠 그 노래들 | 팝송 플레이리스트 /감성 플리 / pop,https://www.youtube.com/watch?v=Cc2tuIvEDJw,내일 시험 잘치게 해주세요.. 정말 최선을 다해서 한달동안 공부했어요 전 시험보다 성장한 내가 되기 위해서 열심히 노력했어요 진짜 열심히 노력했어요 제발요
쇼츠,[Playlist] 인스타 쇼츠 그 노래들 | 팝송 플레이리스트 /감성 플리 / pop,https://www.youtube.com/watch?v=Cc2tuIvEDJw,선곡 진짜 맘에들어요 앞으로 여기로 올거같아요😊
쇼츠,[Playlist] 인스타 쇼츠 그 노래들 | 팝송 플레이리스트 /감성 플리 / pop,https://www.youtube.com/watch?v=Cc2tuIvEDJw,재생 리스트 제목  순서대로 좀 적어주시면 안될까요?
쇼츠,[Playlist] 인스타 쇼츠 그 노래들 | 팝송 플레이리스트 /감성 플리 / pop,https://www.youtube.com/watch?v=Cc2tuIvEDJw,중간고사 한 번 못보면 어때 라는 생각 가지고 이 영상을 들으며 공부하고 있습니다 공부 열심히 해서 원하는 대학인 중경건국 합격하겠습니다 그나저나 노래 너무 눈물나요ㅜㅠ 다들 항상 행복하세요
쇼츠,[Playlist] 인스타 쇼츠 그 노래들 | 팝송 플레이리스트 /감성 플리 / pop,https://www.youtube.com/watch?v=Cc2tuIvEDJw,"다들 사연 고백하시길래 저도 올려봅니다...<br>어린나이에 기흉수술을 두번 받으면서 흉부외과의사가 되고자하는 깊은 결심을 하게 되었고 그때부터 연필을 잡아 열심히 달려왔습니다.. 그런데 의사가 되기까지의 과정이 이렇게 힘든줄은 꿈에도 몰랐네요...ㅋㅋ 열심히만 하면 될 줄 알았으나 마음대로 되지않더군요.. 결국 서울대학교에 들어가긴 했으나 여긴 제가 목표하던 곳이 아니다보니.. 미련이 계속 남고 고통스러운 나날을 보냈습니다... 그리고 그 결과 고등학교를 졸업하고도 의사가 되고자 하는 마음을 가지고 다시 한번 도전하고 있습니다.. 안좋게 보는 사람도 많고 남들 재밌게 노는 시기에 혼자 공부한다는 것 자체가 제가 너무 불행한 것 같은 생각이 들더군요.. 그럴때마다 이 노래들 들으면서 새로운 마음가짐으로 공부중입니다! 언제가 될지는 모르겠으나.. 한명의 흉부외과의사로서 수많은 사람들을 만나고, 살리고, 돕는 제 모습을 희미하게나마 그려보며 매일을 다시 일어서고 나아가는 것 같네요..! 저처럼 스스로가 불행하다고 생각하시는 분들 모두 불행은 끝이 있기 마련이고, 나중에 돌이켜보면 불행이 아니었구나 하는 마음을 가질 수 있을겁니다!! 다들 각자의 목표 꼭 성취하시길 바랄게요!!"
쇼츠,[Playlist] 인스타 쇼츠 그 노래들 | 팝송 플레이리스트 /감성 플리 / pop,https://www.youtube.com/watch?v=Cc2tuIvEDJw,영원이 존재하지 않듯 너도 곧 영원일거라 믿었던 그녀와 끝나길
쇼츠,[Playlist] 인스타 쇼츠 그 노래들 | 팝송 플레이리스트 /감성 플리 / pop,https://www.youtube.com/watch?v=Cc2tuIvEDJw,공부 다 내려놓고 훌쩍 여행이나 가고 싶다. 아니면 푹신한 침대에서 자거나
쇼츠,[Playlist] 인스타 쇼츠 그 노래들 | 팝송 플레이리스트 /감성 플리 / pop,https://www.youtube.com/watch?v=Cc2tuIvEDJw,몇년 안 살았지만 인생 참 어렵네요
쇼츠,[Playlist] 인스타 쇼츠 그 노래들 | 팝송 플레이리스트 /감성 플리 / pop,https://www.youtube.com/watch?v=Cc2tuIvEDJw,다들 행복한 일들만 가득했으면 좋겠어요 한 번 사는 인생인데.. 행복하세요 모두
쇼츠,[Playlist] 인스타 쇼츠 그 노래들 | 팝송 플레이리스트 /감성 플리 / pop,https://www.youtube.com/watch?v=Cc2tuIvEDJw,제가 꼭 하고싶은 직업이 있는데 이루면 다시 댓글 달러올게요 ~
쇼츠,[Playlist] 인스타 쇼츠 그 노래들 | 팝송 플레이리스트 /감성 플리 / pop,https://www.youtube.com/watch?v=Cc2tuIvEDJw,인간은 그 자체로 신성한 것이다 그러니 있을 때 잘해라.
쇼츠,[Playlist] 인스타 쇼츠 그 노래들 | 팝송 플레이리스트 /감성 플리 / pop,https://www.youtube.com/watch?v=Cc2tuIvEDJw,인천 안남중 3학년1반양예준 이거듣는거 다 알고있으니깐 내 3천원 돌려줘라
쇼츠,[Playlist] 인스타 쇼츠 그 노래들 | 팝송 플레이리스트 /감성 플리 / pop,https://www.youtube.com/watch?v=Cc2tuIvEDJw,앙김좆
쇼츠,[Playlist] 인스타 쇼츠 그 노래들 | 팝송 플레이리스트 /감성 플리 / pop,https://www.youtube.com/watch?v=Cc2tuIvEDJw,"저도 인생 열심히 살아보고싶습니다. 하지만 제 의지가 박약해서 항상 마음다짐했던 일들이 3일이면 열정이 확 식어버립니다 어떡할까요.. 학교보다 더 큰사회에 나가면 내가 잘해쳐나갈수 있을까 하는 걱정도 내가 지금 이렇게 하고있는게 맞을까, 나는 과연 어떤사람이 될지 아니 되고싶은지를 알아가는것조차도 지금 중3으로썬 벅찬것같습니다. 그런데 이 노래들을 들으며 생각해보면 어찌 생각이 술술나더라고요. 여러분들도 쉽게 결정할 수 없는 일이나 상황이 닥쳤을때 노래를 들으며 노래가사를 곰곰히 곱씹으며 마음에 와닸게 한다면 일이 잘풀릴거에요 그럼 저희 7년뒤에 각자 성공해서 이 댓글에 답글 남겨 주세요<br><br>2026 4 18(토)"
쇼츠,[Playlist] 인스타 쇼츠 그 노래들 | 팝송 플레이리스트 /감성 플리 / pop,https://www.youtube.com/watch?v=Cc2tuIvEDJw,전남친이랑 보드게임 카페에서 첫데이트 때 이거 들었는데
쇼츠,[Playlist] 인스타 쇼츠 그 노래들 | 팝송 플레이리스트 /감성 플리 / pop,https://www.youtube.com/watch?v=Cc2tuIvEDJw,.
쇼츠,[Playlist] 인스타 쇼츠 그 노래들 | 팝송 플레이리스트 /감성 플리 / pop,https://www.youtube.com/watch?v=Cc2tuIvEDJw,지금 겪고 있는 일들은 삶의 아주 작은 일부라는 사실을 알기<br>그 일부가 혹여 잘못된다 하더라도 되돌릴 수 있다는 사실을 알기<br>나는 뭐든지 마음만 먹으면 해낼 수 있다는 사실을 알기<br>나를 어떤 순간 어떤 일이든 응원해주는 사람이 있다는 사실을 알기
쇼츠,[Playlist] 인스타 쇼츠 그 노래들 | 팝송 플레이리스트 /감성 플리 / pop,https://www.youtube.com/watch?v=Cc2tuIvEDJw,"그냥 가만히 노래만 감상하고 싶은데 시간이없네요, 공부가 너무 독해요 살려주세요..."
쇼츠,[Playlist] 인스타 쇼츠 그 노래들 | 팝송 플레이리스트 /감성 플리 / pop,https://www.youtube.com/watch?v=Cc2tuIvEDJw,벼락치기 하고잇습니다 다들 시험 잘보시길
쇼츠,[Playlist] 인스타 쇼츠 그 노래들 | 팝송 플레이리스트 /감성 플리 / pop,https://www.youtube.com/watch?v=Cc2tuIvEDJw,이걸 원했다
쇼츠,[Playlist] 인스타 쇼츠 그 노래들 | 팝송 플레이리스트 /감성 플리 / pop,https://www.youtube.com/watch?v=Cc2tuIvEDJw,덕수고 화이팅!!
쇼츠,[Playlist] 인스타 쇼츠 그 노래들 | 팝송 플레이리스트 /감성 플리 / pop,https://www.youtube.com/watch?v=Cc2tuIvEDJw,결핍에서 풍요로 어둠에서 빛으로 두려움에서 사랑으로 😊
쇼츠,[Playlist] 인스타 쇼츠 그 노래들 | 팝송 플레이리스트 /감성 플리 / pop,https://www.youtube.com/watch?v=Cc2tuIvEDJw,감천사는 남정현 허각노래 그만들어라 3년째다
쇼츠,[Playlist] 인스타 쇼츠 그 노래들 | 팝송 플레이리스트 /감성 플리 / pop,https://www.youtube.com/watch?v=Cc2tuIvEDJw,시간 참 빠르네요..
쇼츠,[Playlist] 인스타 쇼츠 그 노래들 | 팝송 플레이리스트 /감성 플리 / pop,https://www.youtube.com/watch?v=Cc2tuIvEDJw,힘들다 인간관계
쇼츠,[Playlist] 인스타 쇼츠 그 노래들 | 팝송 플레이리스트 /감성 플리 / pop,https://www.youtube.com/watch?v=Cc2tuIvEDJw,"그거아시나요, 잠깐의 고통 끝엔 분명 좋은 결말이 있다는거"
쇼츠,[Playlist] 인스타 쇼츠 그 노래들 | 팝송 플레이리스트 /감성 플리 / pop,https://www.youtube.com/watch?v=Cc2tuIvEDJw,지금 이 순간도 다시 돌아올 수 없는 소중한 시간이다 소증한 시간을 소중한 인연들과 보내길 모두에게 만남의 축복이 있기를
쇼츠,[Playlist] 인스타 쇼츠 그 노래들 | 팝송 플레이리스트 /감성 플리 / pop,https://www.youtube.com/watch?v=Cc2tuIvEDJw,"저는 학생 입니다. 네, 누구보다 밝고 친구들과 뛰어노는 학생 이였던 사람입니다. 전 어린 나이에 정말 증거도 없고 교묘한 은따를 당했습니다. 혹시 외모 때문인가 이유를 제 자신에게 찾기 시작했습니다. 그래서 10kg을 감량 했지만 여전히 통통했고 점점 자신감이 떨어져 갔습니다. 매일 울었습니다.근데 진짜 언젠가는 보상이 찾아온다는 말이 어느정도는 맞는 것 같습니다. 그때보다 지금은 정말 밝아 졌고 아직도 가끔 울지만 점점 단단해지고 있습니다. 물론 가짜 친구 말고 좋은 친구도 사귀었습니다 . 그때보다 살이 쪘는데도 불구하고 자신감이 더 높아졌습니다. <br>그래서 이 글을 보고계신분께 하고 싶은 말은 괴롭힘을 당하거나 힘들때 이유를 자신에게 찾지 말아주세요. 여러분 잘못이 아닙니다. 그러면 그럴수록 내 자신이 미워집니다. 괴롭히고 힘들게 하는사람 잘못입니다. 저는 여러분이 누구보다 아니 적어도 저보다 행복했으면 좋겠습니다."
쇼츠,[Playlist] 인스타 쇼츠 그 노래들 | 팝송 플레이리스트 /감성 플리 / pop,https://www.youtube.com/watch?v=Cc2tuIvEDJw,이글 보는 모든 분들 좋은하루 되세요^^
쇼츠,[Playlist] 인스타 쇼츠 그 노래들 | 팝송 플레이리스트 /감성 플리 / pop,https://www.youtube.com/watch?v=Cc2tuIvEDJw,"<a href=""https://www.youtube.com/watch?v=Cc2tuIvEDJw&amp;t=658"">10:58</a> 노래 만든사람 사형 기원."
쇼츠,[Playlist] 인스타 쇼츠 그 노래들 | 팝송 플레이리스트 /감성 플리 / pop,https://www.youtube.com/watch?v=Cc2tuIvEDJw,저 뒤에 있는 배경 사진 같은거는 어디서 구해요?
쇼츠,[Playlist] 인스타 쇼츠 그 노래들 | 팝송 플레이리스트 /감성 플리 / pop,https://www.youtube.com/watch?v=Cc2tuIvEDJw,혼자가 편하지만 외로운 건 왜 일까 오늘 밤 정말 지독하게도 외롭구나
쇼츠,[Playlist] 인스타 쇼츠 그 노래들 | 팝송 플레이리스트 /감성 플리 / pop,https://www.youtube.com/watch?v=Cc2tuIvEDJw,와 첫곡 나오자마자 놀랐어요 이 곡을 흥얼거리다가 플레이한거거든요!  너무 신기해서 덧글답니다❤
쇼츠,[Playlist] 인스타 쇼츠 그 노래들 | 팝송 플레이리스트 /감성 플리 / pop,https://www.youtube.com/watch?v=Cc2tuIvEDJw,선생님 죄송해요
쇼츠,[Playlist] 인스타 쇼츠 그 노래들 | 팝송 플레이리스트 /감성 플리 / pop,https://www.youtube.com/watch?v=Cc2tuIvEDJw,분명 개학전에는 연애 하고 싶은 마음이 없었는데 지금은 왜 하고 싶은 마음이 생긴지 모르겠네요..<br>외로워서 그런가.. 요즘 마음도 힘들고.. 그렇다고 주변엔 여잔 없고..ㅎ
쇼츠,[Playlist] 인스타 쇼츠 그 노래들 | 팝송 플레이리스트 /감성 플리 / pop,https://www.youtube.com/watch?v=Cc2tuIvEDJw,오...아버지. 저는 언제까지 이 힘든 생을 계속해야 당신 곁으로 갈 수 있는 걸까요.
쇼츠,[Playlist] 인스타 쇼츠 그 노래들 | 팝송 플레이리스트 /감성 플리 / pop,https://www.youtube.com/watch?v=Cc2tuIvEDJw,예아 딱 좋은 플레이리스트입니노
쇼츠,[Playlist] 인스타 쇼츠 그 노래들 | 팝송 플레이리스트 /감성 플리 / pop,https://www.youtube.com/watch?v=Cc2tuIvEDJw,신님 이번년도에는 국가대표가 될수있을까요?
쇼츠,[Playlist] 인스타 쇼츠 그 노래들 | 팝송 플레이리스트 /감성 플리 / pop,https://www.youtube.com/watch?v=Cc2tuIvEDJw,엄마 아빠 보고 싶어
쇼츠,[Playlist] 인스타 쇼츠 그 노래들 | 팝송 플레이리스트 /감성 플리 / pop,https://www.youtube.com/watch?v=Cc2tuIvEDJw,이런 밝은 팝 음악 들으면 하루가 잘 풀릴 것 같은 느낌이에요.
쇼츠,[Playlist] 인스타 쇼츠 그 노래들 | 팝송 플레이리스트 /감성 플리 / pop,https://www.youtube.com/watch?v=Cc2tuIvEDJw,"sns 쇼츠를 별로 좋아하지 않지만, 이런 올드팝, 잊혀전 곡들이 다시 살아나게 만드는 장점이 있는거 같기도.."
쇼츠,[Playlist] 인스타 쇼츠 그 노래들 | 팝송 플레이리스트 /감성 플리 / pop,https://www.youtube.com/watch?v=Cc2tuIvEDJw,오늘따라 유독 지치고 힘든 하루<br>아 참 어렵네
쇼츠,[Playlist] 인스타 쇼츠 그 노래들 | 팝송 플레이리스트 /감성 플리 / pop,https://www.youtube.com/watch?v=Cc2tuIvEDJw,다른 분들에 비해 아무것도 아니지만 다니는 학원이 너무 힘듭니다 그래서 부모님께 학원 힘들다고 해도 &quot;아들 할 수 있어 넌 다 잘해&quot; 이 말 뿐이고 학원 옮겨달라 해도 부모님이 안된다 하네요 그래서 학원 무단결석 무단 지각을 해서 제적처리 당할까 고민중 입니다
쇼츠,[Playlist] 인스타 쇼츠 그 노래들 | 팝송 플레이리스트 /감성 플리 / pop,https://www.youtube.com/watch?v=Cc2tuIvEDJw,지원아 사랑해
쇼츠,[Playlist] 인스타 쇼츠 그 노래들 | 팝송 플레이리스트 /감성 플리 / pop,https://www.youtube.com/watch?v=Cc2tuIvEDJw,좋은 음악 감사합니다.
쇼츠,[Playlist] 인스타 쇼츠 그 노래들 | 팝송 플레이리스트 /감성 플리 / pop,https://www.youtube.com/watch?v=Cc2tuIvEDJw,여러분은 정말 소중한 존재에요 힘든일 슬픈일 있을때마다 여러분은 정말로 소중하다는걸 생각해주셨으면해요 이 노래를 듣는 모든분들이 행복하길 바래요
쇼츠,[Playlist] 인스타 쇼츠 그 노래들 | 팝송 플레이리스트 /감성 플리 / pop,https://www.youtube.com/watch?v=Cc2tuIvEDJw,공부만 아니였으면 많이 표현했을텐데 미안해  평생 못 잊을 것 같아
쇼츠,[Playlist] 인스타 쇼츠 그 노래들 | 팝송 플레이리스트 /감성 플리 / pop,https://www.youtube.com/watch?v=Cc2tuIvEDJw,하루종일 듣게 되네요
쇼츠,[Playlist] 인스타 쇼츠 그 노래들 | 팝송 플레이리스트 /감성 플리 / pop,https://www.youtube.com/watch?v=Cc2tuIvEDJw,제가 이제 12살인데 너무 인생이힘들어요 친구문제때문에 미치겠어요 그래서 맨날 저녁마다 노래들으면서 잘때 노래만 유일하게 힐링을하고 마음을치료해줘요 가족도 제마음을 모르고 짜증나게만하는데 이 플리가 너무 좋아요😢
쇼츠,[Playlist] 인스타 쇼츠 그 노래들 | 팝송 플레이리스트 /감성 플리 / pop,https://www.youtube.com/watch?v=Cc2tuIvEDJw,안녕하세요 31살백수모솔아다입니다. <br>감사합니다.
쇼츠,[Playlist] 인스타 쇼츠 그 노래들 | 팝송 플레이리스트 /감성 플리 / pop,https://www.youtube.com/watch?v=Cc2tuIvEDJw,고마워
쇼츠,[Playlist] 인스타 쇼츠 그 노래들 | 팝송 플레이리스트 /감성 플리 / pop,https://www.youtube.com/watch?v=Cc2tuIvEDJw,수원 수성고 오윤택인데 전에 너가 6개월 기다려 준다고 했잖아 아직 기간 남았다
쇼츠,[Playlist] 인스타 쇼츠 그 노래들 | 팝송 플레이리스트 /감성 플리 / pop,https://www.youtube.com/watch?v=Cc2tuIvEDJw,🤧
쇼츠,[Playlist] 인스타 쇼츠 그 노래들 | 팝송 플레이리스트 /감성 플리 / pop,https://www.youtube.com/watch?v=Cc2tuIvEDJw,"그냥 노래 들으니까 생각나서 쓰는데요,,<br>맨날 놀기만 하면서 성적 떨어진다고 우는 나 자신이 너무 싫습니다.<br>그렇게 열심히 하지도 않으면서..<br>숙제는 고사하고 추가 공부도 겁나게 해야될 판에 지금 이게 뭔가 싶습니다..<br>중학교,고등학교,대학교 세 개 다 목표하는 곳이 있는데<br>그곳에 갈 수 있을지도 모르겠고..<br>또 가정사는 뭣같고..젠장<br>가끔 이 세상과 분리되고 싶습니다.(ㅈㅅ하고 싶다고요)<br>인간 혐오증이라는 게 이런 건가 싶을 정도로 같은 인간이 너무 싫고요,<br>집나가고 싶습니다 진짜 제발 다들 정신 차렸으면 좋겠어요 내가 이런 사람들 밑에서 태어났다니 하고 너무 자괴감 듭니다 하 또 이런 글 쓰고 있지 뭘 잘했다고<br>됐다 우울전시 그만 처 하고 숙제나 할게요"
쇼츠,[Playlist] 인스타 쇼츠 그 노래들 | 팝송 플레이리스트 /감성 플리 / pop,https://www.youtube.com/watch?v=Cc2tuIvEDJw,직장이 멀어지면서 역기러기(다른 가족은 모여 살고 나만 나와 사는)가 되었습니다. 제 아들을 저 대신 사랑으로 키워주시는 시어머님 너무 죄송하고 감사하고.. 아직 어린 아들한텐 미안하고.. 커리어를 이어나갈 수 있게 지지해 주는 남편한텐 고맙습니다. 아직은 서울 집값이 많이 비싸서 같이 모여 살진 못하지만 열심히 돈 모아서 꼭 다같이 모여살 수 있게 힘내보겠습니다. 다들 각자의 짐을 짊어지고 하루를 살아내는 중 이실텐데 모두 힘내세요..!
쇼츠,[Playlist] 인스타 쇼츠 그 노래들 | 팝송 플레이리스트 /감성 플리 / pop,https://www.youtube.com/watch?v=Cc2tuIvEDJw,👍🏻😎👍🏻
쇼츠,[Playlist] 인스타 쇼츠 그 노래들 | 팝송 플레이리스트 /감성 플리 / pop,https://www.youtube.com/watch?v=Cc2tuIvEDJw,이 노래를 좋아하는 너를 좋아해
쇼츠,[Playlist] 인스타 쇼츠 그 노래들 | 팝송 플레이리스트 /감성 플리 / pop,https://www.youtube.com/watch?v=Cc2tuIvEDJw,"남은 고등학교 생활 잘 풀려나갔으면 좋겠고, 제 주변 사람들이 행복했으면 좋겠어요."
쇼츠,[Playlist] 인스타 쇼츠 그 노래들 | 팝송 플레이리스트 /감성 플리 / pop,https://www.youtube.com/watch?v=Cc2tuIvEDJw,왜 항상 이런 플레이리스트에는 슬픈 글이 대부분인지 왜 사람들에게 그런 시련을 주는지 창조주에게 묻고 싶다
쇼츠,[Playlist] 인스타 쇼츠 그 노래들 | 팝송 플레이리스트 /감성 플리 / pop,https://www.youtube.com/watch?v=Cc2tuIvEDJw,"결혼하고나면 감성적인 내 모습이 어떻게 변할까 생각했는데 그건 없어지지 않더라 다만, 연애할 때의 감성적이던 내 성격들이 아이들이 자라는 모습, 부모님이 나이들어가는 모습, 내 눈가에 주름이 잡히는 모습들을 보며 다른 느낌의 감성들이 변했을 뿐. 물론 난 연프 좋아하는 40대 중반의 아줌마가 됐지만, 뭐 나름 나쁘지 않네 <br>지금 플레이리스트는 첫 곡부터 내 취향❤"
쇼츠,[Playlist] 인스타 쇼츠 그 노래들 | 팝송 플레이리스트 /감성 플리 / pop,https://www.youtube.com/watch?v=Cc2tuIvEDJw,다들 감성에 젖으신거 같은데 저 하나만 말할께요... 저 친하게지내던 썸타던 여자애한테 다른 애들이 헛소문을 퍼트려서 패드립먹고 차단당했네요... 여러분들은 조심하세요^^
쇼츠,[Playlist] 인스타 쇼츠 그 노래들 | 팝송 플레이리스트 /감성 플리 / pop,https://www.youtube.com/watch?v=Cc2tuIvEDJw,ㄹㅇ 쇼츠 다봤네
쇼츠,[Playlist] 인스타 쇼츠 그 노래들 | 팝송 플레이리스트 /감성 플리 / pop,https://www.youtube.com/watch?v=Cc2tuIvEDJw,10 정유찬이다
쇼츠,[Playlist] 인스타 쇼츠 그 노래들 | 팝송 플레이리스트 /감성 플리 / pop,https://www.youtube.com/watch?v=Cc2tuIvEDJw,"d4vd 미1친새기가 누구인가 했는데 이런 띵곡을 만든 애구나,,,,"
쇼츠,[Playlist] 인스타 쇼츠 그 노래들 | 팝송 플레이리스트 /감성 플리 / pop,https://www.youtube.com/watch?v=Cc2tuIvEDJw,행복하고싶내요
쇼츠,[Playlist] 인스타 쇼츠 그 노래들 | 팝송 플레이리스트 /감성 플리 / pop,https://www.youtube.com/watch?v=Cc2tuIvEDJw,슬픈 노래들만 가장 많이 들은 게 슬프다 ㅜ
쇼츠,[Playlist] 인스타 쇼츠 그 노래들 | 팝송 플레이리스트 /감성 플리 / pop,https://www.youtube.com/watch?v=Cc2tuIvEDJw,방학때만 느낄수있는 새벽감성
쇼츠,[Playlist] 인스타 쇼츠 그 노래들 | 팝송 플레이리스트 /감성 플리 / pop,https://www.youtube.com/watch?v=Cc2tuIvEDJw,&#39;사랑을 알려줬던 사람이 이별을 알려준다는 것은&#39;
쇼츠,[Playlist] 인스타 쇼츠 그 노래들 | 팝송 플레이리스트 /감성 플리 / pop,https://www.youtube.com/watch?v=Cc2tuIvEDJw,매일같이 야근하네요.. 새벽 5시반에 일어나서 집가면 밤 12시 넘고.. 진짜 너무 힘들고 지칩니다.. 빚은 많고 가진 자격은 없고 회사에서 욕만 먹고 저는 왜 이럴가요. 저도 꿈꾸던 것들이 있었는데 왜 내 꿈에 멀어진 삶을 사는지.. 31살인데 금방 마흔이 될텐데.. 너무 힘이 드는 하루하루입니다
쇼츠,[Playlist] 인스타 쇼츠 그 노래들 | 팝송 플레이리스트 /감성 플리 / pop,https://www.youtube.com/watch?v=Cc2tuIvEDJw,보고싶어
쇼츠,[Playlist] 인스타 쇼츠 그 노래들 | 팝송 플레이리스트 /감성 플리 / pop,https://www.youtube.com/watch?v=Cc2tuIvEDJw,기분 안좋으면 2배속으로 들으셈 순식간에 컨츄리됨
쇼츠,[Playlist] 인스타 쇼츠 그 노래들 | 팝송 플레이리스트 /감성 플리 / pop,https://www.youtube.com/watch?v=Cc2tuIvEDJw,다들 사랑해~~~~~~ 다들 행복해라
쇼츠,[Playlist] 인스타 쇼츠 그 노래들 | 팝송 플레이리스트 /감성 플리 / pop,https://www.youtube.com/watch?v=Cc2tuIvEDJw,아이고 첫노래가 너무 심금을 울리니 다들 따듯한 말을 하고 계시네. 아주 좋아. 우리 이렇게만 살아가자고요. 따듯하게.
쇼츠,[Playlist] 인스타 쇼츠 그 노래들 | 팝송 플레이리스트 /감성 플리 / pop,https://www.youtube.com/watch?v=Cc2tuIvEDJw,안녕하세요. 평범한 중학생입니다.<br>이번 방학이 왜 이리 힘들까요.<br>제가 재작년부터 좋아하던 친구가 있습니다. 근데 이번에 같은반이 되서 고백을 했지만 안탑깝게도 차였습니다.<br>그래서 그때부터 그냥 친구로 지냇는데<br>얼마전 그 친구 집 근처에 학교가 생겨<br>전학을 갔어요. 근데 생각해보니<br>전 걔한테 해준게 없더군요. <br>잘 챙겨준다 해놓고는 항상 장난만 치고<br>걔한테는 이게 상처였으면 어떻하지<br>그런 생각이 지금 드네요.<br>근데 이제 후회해봤자 저만 힘든다는것을<br>알면서 자꾸 저의 꿈에 나타나고 눈앞에<br>아른거려요. 정말 보고싶네요.
쇼츠,[Playlist] 인스타 쇼츠 그 노래들 | 팝송 플레이리스트 /감성 플리 / pop,https://www.youtube.com/watch?v=Cc2tuIvEDJw,"“어두운 바다 사이에서 한줄기의 빛을 내는 등대처럼. 바다의 거친 파도를 이끄는 바람처럼. 당신도 빛을내며 자신을 이끌고 나아가길바랍니다.” - 여러분보다, 인생을 덜살고, 아직 세상을 경험하지 못한, 그저 지나가는 학생이."
쇼츠,[Playlist] 인스타 쇼츠 그 노래들 | 팝송 플레이리스트 /감성 플리 / pop,https://www.youtube.com/watch?v=Cc2tuIvEDJw,미친 노래틀고 잠시 일하다가 왔는데 벌써 끝나버렸어..
쇼츠,[Playlist] 인스타 쇼츠 그 노래들 | 팝송 플레이리스트 /감성 플리 / pop,https://www.youtube.com/watch?v=Cc2tuIvEDJw,플리 듣고 행복 했던적은 처음인데..
쇼츠,[Playlist] 인스타 쇼츠 그 노래들 | 팝송 플레이리스트 /감성 플리 / pop,https://www.youtube.com/watch?v=Cc2tuIvEDJw,"안녕하세요.중2인 남학생입니다.초1때 부모님이 이혼하면서 할머니 할아버지랑 살고 있습니다.항상 저를 위해 밥을 차려주시는 할머니. 저 에게 학원 끝나고 점심먹으라고 돈 챙겨주시는 할아버지.저에게 가장 소중한 여동생. 이런 상황속에도 저는 프로게이머 라는 꿈을 꾸게 돼었습니다.지금 3년쯤 준비하는데 너무 힘들었고,슬프고,벅차 올랐습니다.<br>드디어 내년에 대회를 치루게 돼었는데 <br>지금 까지 고생한 거를 생각하니 힘든거는 하나도 생각나지 않고 행복했습니다.앞으로도 저는 제가 포기하지 않고 나아가기를 바랍니다."
쇼츠,[Playlist] 인스타 쇼츠 그 노래들 | 팝송 플레이리스트 /감성 플리 / pop,https://www.youtube.com/watch?v=Cc2tuIvEDJw,노래가 너무조아여
쇼츠,[Playlist] 인스타 쇼츠 그 노래들 | 팝송 플레이리스트 /감성 플리 / pop,https://www.youtube.com/watch?v=Cc2tuIvEDJw,좋네요 ❤
쇼츠,[Playlist] 인스타 쇼츠 그 노래들 | 팝송 플레이리스트 /감성 플리 / pop,https://www.youtube.com/watch?v=Cc2tuIvEDJw,불면증이라서 이걸로 버텨요..
쇼츠,[Playlist] 인스타 쇼츠 그 노래들 | 팝송 플레이리스트 /감성 플리 / pop,https://www.youtube.com/watch?v=Cc2tuIvEDJw,고1도 도와주시나요??
쇼츠,[Playlist] 인스타 쇼츠 그 노래들 | 팝송 플레이리스트 /감성 플리 / pop,https://www.youtube.com/watch?v=Cc2tuIvEDJw,내가 조금이라도 더 잘해줬어야되는데<br>지금와서 또 미안해지냐...<br>너 덕분에 내 인생에 빛이 있었고 항상 내 기억속에 남을거같아 고마웠어
쇼츠,[Playlist] 인스타 쇼츠 그 노래들 | 팝송 플레이리스트 /감성 플리 / pop,https://www.youtube.com/watch?v=Cc2tuIvEDJw,숙제로 쌓인 내삶
쇼츠,[Playlist] 인스타 쇼츠 그 노래들 | 팝송 플레이리스트 /감성 플리 / pop,https://www.youtube.com/watch?v=Cc2tuIvEDJw,ㅅㅎ아 결혼 축하해<br>행복해야 돼
쇼츠,[Playlist] 인스타 쇼츠 그 노래들 | 팝송 플레이리스트 /감성 플리 / pop,https://www.youtube.com/watch?v=Cc2tuIvEDJw,플레이리스트 전체 흐름이 자연스러워서 처음부터 끝까지 끊김 없이 잘 들었어요. 선곡 센스가 느껴집니다.
쇼츠,[Playlist] 인스타 쇼츠 그 노래들 | 팝송 플레이리스트 /감성 플리 / pop,https://www.youtube.com/watch?v=Cc2tuIvEDJw,너때문에 울고 너때문에 설렜다 너는 몰라도 이거만 알아줘라 엄청 사랑했다는거
쇼츠,[Playlist] 인스타 쇼츠 그 노래들 | 팝송 플레이리스트 /감성 플리 / pop,https://www.youtube.com/watch?v=Cc2tuIvEDJw,"It&#39;s 3 a.m., different countries, different people, maybe thousands of people, and we&#39;ll never see each other, but I hope everyone here lives a healthy life and achieves their goals and dreams. The last thing I want to say is how fast time flies. I&#39;m 23, and time flies incredibly fast. It wasn&#39;t like this when I was a kid. Appreciate your time, never waste your day. Go to the gym, live in the moment, and have fun."
쇼츠,[Playlist] 인스타 쇼츠 그 노래들 | 팝송 플레이리스트 /감성 플리 / pop,https://www.youtube.com/watch?v=Cc2tuIvEDJw,"이런 곳 댓글엔 다 털어놓을수 있고 , 하나가 되는 느낌이예요 ㅋㅋ <br>여러분께 행복 한 나날들만 가득 했으면 해요 ❤😊"
쇼츠,[Playlist] 인스타 쇼츠 그 노래들 | 팝송 플레이리스트 /감성 플리 / pop,https://www.youtube.com/watch?v=Cc2tuIvEDJw,"올해 고3이 된 08년생 여러분 수험생활은 길고 깜깜할 겁니다. <br>여러분이 지금 버티고 있는 이 시간은, 아무 의미 없이 흘러가는 시간이 아닙니다. 누군가는 쉽게 지나치는 하루를, 여러분은 참고 견디며 살아내고 있습니다. 그 사실만으로도 이미 충분히 잘하고 있습니다. <br>분명 지치는 날이 올 겁니다. 아무리 해도 나아지지 않는 것 같고, 혼자 어둠 속에 남겨진 기분이 들 때도 있을 겁니다. 그래도 괜찮습니다. 흔들린다는 건 포기하지 않았다는 증거니까요.<br>오늘 울었다면, 그만큼 간절했다는 뜻이고 오늘 멈춰 섰다면, 다시 걷기 위해 숨을 고른 것뿐입니다.<br>여러분은 무너지고 있는 게 아니라, 버티며 성장하고 있습니다.<br>수험생활이라는 이 어두운 터널도 끝이 있습니다. 지금은 보이지 않아도, 여러분이 멈추지 않는 한 반드시 빠져나옵니다. 언젠가 이 시기를 떠올리며 그래도 그때의 내가 있었기에 지금의 내가 있다고 말하게 될 날이 옵니다.<br>그러니 오늘 하루도 스스로를 포기하지 말아주세요. 그리고 오늘 하루의 끝을 잘 마무리해주세요.<br>여러분은 충분히 잘하고 있고 수능이라는 터널에서 끝까지 갈 힘이 있습니다.<br>2008년생 수험생 여러분 진심으로 응원합니다. 화이팅!"
쇼츠,[Playlist] 인스타 쇼츠 그 노래들 | 팝송 플레이리스트 /감성 플리 / pop,https://www.youtube.com/watch?v=Cc2tuIvEDJw,여러분 모두 한번뿐인 인생 끊임없이 노력해보고 하고싶은일(범죄 제외)모두 하시길.....
쇼츠,[Playlist] 인스타 쇼츠 그 노래들 | 팝송 플레이리스트 /감성 플리 / pop,https://www.youtube.com/watch?v=Cc2tuIvEDJw,나는 바보다 !!
쇼츠,[Playlist] 인스타 쇼츠 그 노래들 | 팝송 플레이리스트 /감성 플리 / pop,https://www.youtube.com/watch?v=Cc2tuIvEDJw,감성터져서 사망한다
쇼츠,[Playlist] 인스타 쇼츠 그 노래들 | 팝송 플레이리스트 /감성 플리 / pop,https://www.youtube.com/watch?v=Cc2tuIvEDJw,인생 플리 등극..🥹
쇼츠,[Playlist] 인스타 쇼츠 그 노래들 | 팝송 플레이리스트 /감성 플리 / pop,https://www.youtube.com/watch?v=Cc2tuIvEDJw,"나도 다른애들처럼 엄마랑 쇼핑가고 엄마랑 같이 여행가고 엄마랑 같이 목욕탕도 가고..그랬으면 그냥 만나기라도 했으면 좋겠다. 그냥 많이 안바라는데.,,,평범한 가족이 되고싶다..왜 살아있는데 못만나지 왜 보고싶은데 왜 못보지?"
쇼츠,[Playlist] 인스타 쇼츠 그 노래들 | 팝송 플레이리스트 /감성 플리 / pop,https://www.youtube.com/watch?v=Cc2tuIvEDJw,취향저격👍
쇼츠,[Playlist] 인스타 쇼츠 그 노래들 | 팝송 플레이리스트 /감성 플리 / pop,https://www.youtube.com/watch?v=Cc2tuIvEDJw,이제 중2올라갑니다 <br>참 모르겠습니다 내 나름대로 노력은 하고 있는데 항상 더 상황이 나빠지는것 같고<br>점점 도망치게 됩니다. 언젠가 기억 속에만 남을 일이란것을 알면서도 <br>매 순간마다 신경쓸곳이 너무나도 많습니다 언젠가 나중에 커서 이 댓글을 다시 한번 본다면 친구들사이는<br>잘 정리했는지 공부는 잘하고 있고 또 쉴곳은 있는지 울고 있진 않은지 미래의 나에게 물어보고 싶네요.
쇼츠,[Playlist] 인스타 쇼츠 그 노래들 | 팝송 플레이리스트 /감성 플리 / pop,https://www.youtube.com/watch?v=Cc2tuIvEDJw,삶이란 무엇일까?<br>삶 자체엔 답이 없어 그 누구도 정의를 내리지 못함 내 생각엔 삶이란 의미를 찾는 것임 삶의 의미 각자의 삶의 의미를 찾아서 넓은 바다를 향해 항해하시길. 드넓은 파도가 덮쳐도 견디지 못할 쓰나미가 와도 어디로 갈 지 갈피를 못 잡을 거 같더라도 거기서 각자의 의미를 찾고 길을 찾는 거라고 생각함 후회도 해보고 실수도 하고 넘어지기도 하는 게 삶임. 걱정하지 마셈 자기 자신을 믿자 모두 행복하시길
쇼츠,[Playlist] 인스타 쇼츠 그 노래들 | 팝송 플레이리스트 /감성 플리 / pop,https://www.youtube.com/watch?v=Cc2tuIvEDJw,용인의왕 최정훈 너 이거보면서 감성타고 있는거 다 안다.
쇼츠,[Playlist] 인스타 쇼츠 그 노래들 | 팝송 플레이리스트 /감성 플리 / pop,https://www.youtube.com/watch?v=Cc2tuIvEDJw,<b>내일의 내가 오늘의 나보다 낫도록</b>
쇼츠,[Playlist] 인스타 쇼츠 그 노래들 | 팝송 플레이리스트 /감성 플리 / pop,https://www.youtube.com/watch?v=Cc2tuIvEDJw,감성 빠져있을 시간이 없다 숙제용이다 ㅠㅠㅠㅠ
쇼츠,[Playlist] 인스타 쇼츠 그 노래들 | 팝송 플레이리스트 /감성 플리 / pop,https://www.youtube.com/watch?v=Cc2tuIvEDJw,나 인찬이인데 덕이고 전수연 존나 사랑했다…..
쇼츠,[Playlist] 인스타 쇼츠 그 노래들 | 팝송 플레이리스트 /감성 플리 / pop,https://www.youtube.com/watch?v=Cc2tuIvEDJw,날도 추운데 감성만 터져버렷❤
쇼츠,[Playlist] 인스타 쇼츠 그 노래들 | 팝송 플레이리스트 /감성 플리 / pop,https://www.youtube.com/watch?v=Cc2tuIvEDJw,시간은 되돌릴수없고 인생은 한번뿐입니다.당신이 원하는것을하고 하고싶은걸하고 꿈을 향해 이루어내시길 빕니다.힘들었던 시간은 뒤로하고 이젠 우리 행복해요.저의 울먹하고 행복한 감정을 글론 표현이 불가하네요.. 여러분도 그러시나요? 지금은 어떠신가요 하루가 끝났는데 많이 힘드신가요? 힘내세요.행복한날은 옵니다. 근데 그 가는길이 힘들어 죽을순 없습니다.당신은 이 세상에서 가장 소중한 존재입니다 힘내세요
쇼츠,[Playlist] 인스타 쇼츠 그 노래들 | 팝송 플레이리스트 /감성 플리 / pop,https://www.youtube.com/watch?v=Cc2tuIvEDJw,사랑한다 5학년1반
쇼츠,[Playlist] 인스타 쇼츠 그 노래들 | 팝송 플레이리스트 /감성 플리 / pop,https://www.youtube.com/watch?v=Cc2tuIvEDJw,Here  with me 는  검정치마 Everthing을 표절한듯... 왜  가만있지  소송이라도 걸어야되는거 아님!!
쇼츠,[Playlist] 인스타 쇼츠 그 노래들 | 팝송 플레이리스트 /감성 플리 / pop,https://www.youtube.com/watch?v=Cc2tuIvEDJw,다 좋은데 광고가 진짜 너무 많아서 프리미엄 아닌 사람은 슬픕니다..
쇼츠,[Playlist] 인스타 쇼츠 그 노래들 | 팝송 플레이리스트 /감성 플리 / pop,https://www.youtube.com/watch?v=Cc2tuIvEDJw,"<a href=""https://www.youtube.com/watch?v=Cc2tuIvEDJw&amp;t=1240"">20:40</a>에 radiohead 에요.. 수정해주실 수 있다면 수정해주세요!! 감사합니다😃"
쇼츠,[Playlist] 인스타 쇼츠 그 노래들 | 팝송 플레이리스트 /감성 플리 / pop,https://www.youtube.com/watch?v=Cc2tuIvEDJw,우아함을 넘어선 아름다움
쇼츠,[Playlist] 인스타 쇼츠 그 노래들 | 팝송 플레이리스트 /감성 플리 / pop,https://www.youtube.com/watch?v=Cc2tuIvEDJw,ㅠ이 댓글창 너무 좋아요 중학교 가서 변해버린 애들만 보고 듣다가 이렇게 잠시 쉬어갈 수 있는 힐링되는 공간에 머물러 있으니 마음까지 편안해지고 리프레쉬할 수 있었어요! 덕분에 흔들렸던 마음이 단단해진 거 같아요! <br>모두들 2026년에도 건강하고 행복하시길 바랄게요!!!<br>원하는 거 모두 이루시고 맛있는 것도 원하는 만큼 드셔요:3<br>이런 좋은 플레이리스트 만들어주셔서 감사합니다!!!
쇼츠,[Playlist] 인스타 쇼츠 그 노래들 | 팝송 플레이리스트 /감성 플리 / pop,https://www.youtube.com/watch?v=Cc2tuIvEDJw,"요즘새벽 3시까지 공부하는 예비 중1인데, <br>이렇게까지 공부를 해야될까.. 싶어서 무기력해지는 나날이였는데<br>노래를 들으니 노근해지는 느낌이 들며 마음의 위로가 되네요.<br>모두들 화이팅입니다!!"
쇼츠,[Playlist] 인스타 쇼츠 그 노래들 | 팝송 플레이리스트 /감성 플리 / pop,https://www.youtube.com/watch?v=Cc2tuIvEDJw,정말 마음이 편안해져요 🎶
쇼츠,[Playlist] 인스타 쇼츠 그 노래들 | 팝송 플레이리스트 /감성 플리 / pop,https://www.youtube.com/watch?v=Cc2tuIvEDJw,정말 죽고싶었던 2025년도를 뒤로하고 2026년도에는 행복한 날만 있기를 기도합니다.
쇼츠,[Playlist] 인스타 쇼츠 그 노래들 | 팝송 플레이리스트 /감성 플리 / pop,https://www.youtube.com/watch?v=Cc2tuIvEDJw,자태가 봉황과도 같은 왕이 죽자 사람들은 오열하였다. 하지만 그 왕도 잊혀지고 이제 그누구도 그를 기억하지 못한다. 하늘은 내가 죽거늘 슬퍼하지 않느리라.
쇼츠,[Playlist] 인스타 쇼츠 그 노래들 | 팝송 플레이리스트 /감성 플리 / pop,https://www.youtube.com/watch?v=Cc2tuIvEDJw,"이 넓은 우주에서 생명체가 살기 좋은 지구에서 태어난것도 모자라 먹이사슬 끝자락에 있는 인간으로 태어난 것보다 더큰 행복은 없는데 우린 왜 그 행복을 누릴 세도 없이 서로를 질투하며 살아가는가.. 웃었던 순간들, 화나고 두려웠던 순간, 혼나던 순간, 사랑과 이별을 겪은 순간 그리고 아무 필요 없다고 느꼈던 순간들 이 순간들 마저도 추억이 되어 나에 기억 한켠 끝자락에 남아 슬픔을 준다. 그리고 나에게 세상과의 이별이 다가오는 순간 이 볼품없을 것 같았던 나에 인생과 순간들이 헤아릴수 없을 만큼 값지다는 걸 알게되었다."
쇼츠,[Playlist] 인스타 쇼츠 그 노래들 | 팝송 플레이리스트 /감성 플리 / pop,https://www.youtube.com/watch?v=Cc2tuIvEDJw,"AI 플레이리스트가 판치는 요즘에 이런 플리는 소중하다. 물론 AI플리도 다 정말 좋은 곡들인데, 뭔가 멀리하고 싶어지는 마음."
쇼츠,[Playlist] 인스타 쇼츠 그 노래들 | 팝송 플레이리스트 /감성 플리 / pop,https://www.youtube.com/watch?v=Cc2tuIvEDJw,행복하자 애들아! 모두 화이팅이야~❤
쇼츠,[Playlist] 인스타 쇼츠 그 노래들 | 팝송 플레이리스트 /감성 플리 / pop,https://www.youtube.com/watch?v=Cc2tuIvEDJw,숏츠를 듣는 것 같다
쇼츠,[Playlist] 인스타 쇼츠 그 노래들 | 팝송 플레이리스트 /감성 플리 / pop,https://www.youtube.com/watch?v=Cc2tuIvEDJw,chezile 인트로가 좋네요.. 옛 기억이 새록새록😊
쇼츠,[Playlist] 인스타 쇼츠 그 노래들 | 팝송 플레이리스트 /감성 플리 / pop,https://www.youtube.com/watch?v=Cc2tuIvEDJw,"누구한테는 슬픈 2025년 누구한테는 기쁜 2025년 하지만 새로운 년도인 2026년. 이번년도는 다들 슬픈일, 괴로운일 없고 그냥 다행복했으면 좋겠습니다"
쇼츠,[Playlist] 인스타 쇼츠 그 노래들 | 팝송 플레이리스트 /감성 플리 / pop,https://www.youtube.com/watch?v=Cc2tuIvEDJw,이거보고 움직이면 게이
쇼츠,[Playlist] 인스타 쇼츠 그 노래들 | 팝송 플레이리스트 /감성 플리 / pop,https://www.youtube.com/watch?v=Cc2tuIvEDJw,스트레스 풀릴 때 듣기 좋아요.
쇼츠,[Playlist] 인스타 쇼츠 그 노래들 | 팝송 플레이리스트 /감성 플리 / pop,https://www.youtube.com/watch?v=Cc2tuIvEDJw,애들아 졸업 축하해🎉🎉 나중에 성인되면 꼭 다시 만나자 너희 같은 착한 친구가 있어서 행복했던 학교 생활이 였던것 같더라 무조건 돈많이 버는 직업 가져라 사랑한다 애들아~❤
쇼츠,[Playlist] 인스타 쇼츠 그 노래들 | 팝송 플레이리스트 /감성 플리 / pop,https://www.youtube.com/watch?v=Cc2tuIvEDJw,평택중3학년5반 짱이다.잘지내라
쇼츠,[Playlist] 인스타 쇼츠 그 노래들 | 팝송 플레이리스트 /감성 플리 / pop,https://www.youtube.com/watch?v=Cc2tuIvEDJw,저는예전에 할아버지 댁에가서 놀고 먹고 쉬고하는걸좋아했는데 할아버지가 병원에 입원하면서점점  볼수없어서  그런가본다했는데 갑자기 돌아가셔서 장례식 을 치렀는데 정말로 이글을쓰면서 눈물이나오네요😢 정말로 살아있을때잘햇어야했네요
쇼츠,[Playlist] 인스타 쇼츠 그 노래들 | 팝송 플레이리스트 /감성 플리 / pop,https://www.youtube.com/watch?v=Cc2tuIvEDJw,미래의 내가 지금 이 순간을 후회하지 않게 해주세요
쇼츠,[Playlist] 인스타 쇼츠 그 노래들 | 팝송 플레이리스트 /감성 플리 / pop,https://www.youtube.com/watch?v=Cc2tuIvEDJw,W speed❤
쇼츠,[Playlist] 인스타 쇼츠 그 노래들 | 팝송 플레이리스트 /감성 플리 / pop,https://www.youtube.com/watch?v=Cc2tuIvEDJw,"<a href=""https://www.youtube.com/watch?v=Cc2tuIvEDJw&amp;t=2716"">45:16</a>"
쇼츠,[Playlist] 인스타 쇼츠 그 노래들 | 팝송 플레이리스트 /감성 플리 / pop,https://www.youtube.com/watch?v=Cc2tuIvEDJw,"학예회에서 친구들이랑 greenday- last night on earth 를 합주했는데,<br>이제 곧 졸업이네요. 다들 너무 보고 싶을 거에요. 어른이 되는게 두려워요 어떡하죠"
쇼츠,[Playlist] 인스타 쇼츠 그 노래들 | 팝송 플레이리스트 /감성 플리 / pop,https://www.youtube.com/watch?v=Cc2tuIvEDJw,이런 모음 너무 좋아요 도움이됩니다
쇼츠,[Playlist] 인스타 쇼츠 그 노래들 | 팝송 플레이리스트 /감성 플리 / pop,https://www.youtube.com/watch?v=Cc2tuIvEDJw,2026년 한해는 이루고 싶은거 다 이루고 후회 없는 한해 보내고 싶습니다.
쇼츠,[Playlist] 인스타 쇼츠 그 노래들 | 팝송 플레이리스트 /감성 플리 / pop,https://www.youtube.com/watch?v=Cc2tuIvEDJw,"안녕하세요 여러분, 제 이름은 ALI입니다. 저는 한국어를 배우고 있으며 2027년에 부사이로 날아가 그곳에서 일할 생각입니다. 저는 꿈을 꿉니다"
쇼츠,[Playlist] 인스타 쇼츠 그 노래들 | 팝송 플레이리스트 /감성 플리 / pop,https://www.youtube.com/watch?v=Cc2tuIvEDJw,"새해가 밝았습니다 이 댓글 보시는 분들 다 행복,건강 하시고 원하는 목표 꼭 이루시길 바라겠습니다🎉 새해 복 많이 받으세요"
쇼츠,[Playlist] 인스타 쇼츠 그 노래들 | 팝송 플레이리스트 /감성 플리 / pop,https://www.youtube.com/watch?v=Cc2tuIvEDJw,"2025년 다들 수고하셨습니다<br>올해에는 원하는 일 다 이루시고, 항상 어제보다 더 행복한 하루 보내시길 바랍니다"
쇼츠,[Playlist] 인스타 쇼츠 그 노래들 | 팝송 플레이리스트 /감성 플리 / pop,https://www.youtube.com/watch?v=Cc2tuIvEDJw,.
쇼츠,[Playlist] 인스타 쇼츠 그 노래들 | 팝송 플레이리스트 /감성 플리 / pop,https://www.youtube.com/watch?v=Cc2tuIvEDJw,"안녕하세요 여러분, 2025년한해동안 정말 수고많으셨어요 2026년에는 좋은일만 가득하실거에요!!미리 새해 복 많이 받으세요"
쇼츠,[Playlist] 인스타 쇼츠 그 노래들 | 팝송 플레이리스트 /감성 플리 / pop,https://www.youtube.com/watch?v=Cc2tuIvEDJw,제물포고 이준범인데 송다민 돈갚아라
쇼츠,[Playlist] 인스타 쇼츠 그 노래들 | 팝송 플레이리스트 /감성 플리 / pop,https://www.youtube.com/watch?v=Cc2tuIvEDJw,"에고고,,벌써 내일이 월요일이네요!!주말은 어찌이렇게 빨리가는지 신기할 따름입니다. 이렇게 빠른걸음으로 지나가게 되는 주말처럼 돌아보니 저희들의 인생도 참 빠르게 지나간것 같습니다. 걷고있을땐 걱정도 되고 확신도 안서고 했던것도 지나고 나서 돌아보면 가볍게 웃어보이며 내가 걸었던 길을 자랑스레 바라볼수 있는거 아닌가 싶습니다. 그러니 여러분들도 나중의 미소를 기약하며 오늘도 내일도 힘내세요!!"
쇼츠,[Playlist] 인스타 쇼츠 그 노래들 | 팝송 플레이리스트 /감성 플리 / pop,https://www.youtube.com/watch?v=Cc2tuIvEDJw,여러분들 저 원래 댓글 안쓰는게 하나만 쓰고 갈게요 크리스마스 3일전에 헤어졌어요 근데 앞으로 있을 시련에 비하면 이런것 쯤이야 뭐 별거 있겠습니까? 그냥 좋은 경험이였다 생각하면 나중에는 이런일이 있다 ~ 하면서 웃으면서 넘어갈겁니다 그러니 이 댓글을 보신분들은 전부 언제나 웃으면서 사시길바래요 우는날보다 웃는날이 더 많고 일상에 소중함을 느끼면서 행복감을 느껴보세요 그 행복감을 느낄때 당신은 진정한 자기가 되어있을거고 작은거에 소중함을 느끼는 멋진 사람이 되어있을겁니다 항상 행복하세요 !!
쇼츠,[Playlist] 인스타 쇼츠 그 노래들 | 팝송 플레이리스트 /감성 플리 / pop,https://www.youtube.com/watch?v=Cc2tuIvEDJw,많은 생각이 드는 새벽이네요....<br>3년 가까이 만난 여자친구와 긴 여정을 <br>끝냈습니다 정이 많이 들어서 제겐 정말<br>가족같은 사람이였는데 사람일은 아무도 모르네요 모두들 따듯힌 연애 하시길 바랍니다
쇼츠,[Playlist] 인스타 쇼츠 그 노래들 | 팝송 플레이리스트 /감성 플리 / pop,https://www.youtube.com/watch?v=Cc2tuIvEDJw,"24.07.01 입대하여 25.12.31일 전역까지 10일 남겨두고 있는 현역 육군 말년 병장입니다.. 이 노래 들으니 많은 추억들이 떠오르네요 처음 입대할떄의 막막함, 힘듬 외로움 등등 그런 감정들을 이겨내고 즐거웠던 추억들도 생겼고 힘들었지만 꽤나 재밌었던 시간이였던거 같네요. 추억 떠오르게 해주는 노래 감사합니다. 몸 건강히 전역하겠습니다 ㅎㅎ"
쇼츠,[Playlist] 인스타 쇼츠 그 노래들 | 팝송 플레이리스트 /감성 플리 / pop,https://www.youtube.com/watch?v=Cc2tuIvEDJw,กกง
쇼츠,[Playlist] 인스타 쇼츠 그 노래들 | 팝송 플레이리스트 /감성 플리 / pop,https://www.youtube.com/watch?v=Cc2tuIvEDJw,댓글에서 다들 감성 타는 거 몽글몽글하다ㅏ
쇼츠,[Playlist] 인스타 쇼츠 그 노래들 | 팝송 플레이리스트 /감성 플리 / pop,https://www.youtube.com/watch?v=Cc2tuIvEDJw,잘해주는사람한테 늘잘하세요
쇼츠,[Playlist] 인스타 쇼츠 그 노래들 | 팝송 플레이리스트 /감성 플리 / pop,https://www.youtube.com/watch?v=Cc2tuIvEDJw,"이 노래를 들으며 떠올린 그 사람이, 당신이 좋아하는 사람일겁니다… 제가 빌어드릴게요 그 인연이 이루어져 연인이 될수 있게….,,"
쇼츠,[Playlist] 인스타 쇼츠 그 노래들 | 팝송 플레이리스트 /감성 플리 / pop,https://www.youtube.com/watch?v=Cc2tuIvEDJw,"안녕하세요. 그냥 글 하나 올려봅니다..<br>저는 고2입니다. 중1때부터 사귄 첫사랑 그러니 첫 여자친구랑 4년째 사귀고 있었습니다. 그런데 1달전에 여자친구가 교통사고로 먼저 별이 되었습니다…. 그날 이후 메일을 후회 하며.. 여자친구랑 나눈 인스타 내역을 봤는데 차마 이플리를 못들어 오겠더라고요. 제 여자친구가 마지막으로 추천 해준 플리이자 제 여자친구가 가장 좋아하는 플리 이니…너무 보고 싶어지네요.. 물론 1달이 지났지만 주변 친구 어른들은 다들 고등학생이니 학업에 집중해라.. 너가 후회 해봤자 달라질게 없다.. 이런말만 하니.. 너무 화도 나고.. 그렇다고 제가 화낸다고 달라질것도 없고.. 지금 이노래를 들으며 밤에 손잡고 산책한게 막 떠오르네요.. 보고 싶다.. 너가 학교에서 <br>맨날 매점가서 사달라고 조르는 모습, 학원 마치고 대리러 와주는 모습, 둘다 우산 안가지고 와서 비맞고 집가는 날 모든게 다 추억이네..근데 못 잊겠어.. 미안 내가 <br>너무 다 잘못했고 더 잘해줬어야 했는데..<br>내가 더 맛있는거 사주고 더 옆에  있어 줘야 했는데…미안해.. 혹시 너가 내방 올까봐 너가 가장 좋아하는 칸쵸랑 abc초콜릿 맨날 내 침대 옆 선반에 올려두고 있어…<br>혹시나 나 보러와주면 꼭 먹고.. 자는 나 한번만 꼭 안아주라.. 내가 미안해..<br>그리고 사랑해…<br><br>2026 2/3<br>벌써 너가 내 옆에 없어진지 3달이 다되어 가네..<br>오늘은 눈이 엄청 많이 왔어.. 너랑 눈 처음 보는날이 떠오르네.. 너 눈 돠게 좋아했잔아 내가 여효시미 쓸려고 하는데 눈물꺄매 오타가 너무 많이나..너무 보고싶어..핫팩 가져와줘야지.. 나 손시려워.. 손 잡아줘야지.. 나 쪼그 많이 힘둔데 그랴도 억찌로라도 씩씩하게 지내고 있어. 꼭 항상 나 보러 와쥬ㅓ야돼.. 미안해 사랑해.."
쇼츠,[Playlist] 인스타 쇼츠 그 노래들 | 팝송 플레이리스트 /감성 플리 / pop,https://www.youtube.com/watch?v=Cc2tuIvEDJw,리스트 너무 맛있네요
쇼츠,[Playlist] 인스타 쇼츠 그 노래들 | 팝송 플레이리스트 /감성 플리 / pop,https://www.youtube.com/watch?v=Cc2tuIvEDJw,아 기말이야ㅠㅠㅠ
쇼츠,[Playlist] 인스타 쇼츠 그 노래들 | 팝송 플레이리스트 /감성 플리 / pop,https://www.youtube.com/watch?v=Cc2tuIvEDJw,불멍 때릴 때 그 노래 자꾸 뭐였더라 했는데  덕분에 제목이 here with me 라는 걸 알고 갑니다. 감사합니다.
쇼츠,[Playlist] 인스타 쇼츠 그 노래들 | 팝송 플레이리스트 /감성 플리 / pop,https://www.youtube.com/watch?v=Cc2tuIvEDJw,동양고 정해찬 ㅅㅂ 온리업 존나 못한다 제발 게임 좀 열심히 해라 시ㅣ ㅣ발롬아
쇼츠,[Playlist] 인스타 쇼츠 그 노래들 | 팝송 플레이리스트 /감성 플리 / pop,https://www.youtube.com/watch?v=Cc2tuIvEDJw,이거보는 민준아 너한테 빌린돈 안갚을꺼다
쇼츠,[Playlist] 인스타 쇼츠 그 노래들 | 팝송 플레이리스트 /감성 플리 / pop,https://www.youtube.com/watch?v=Cc2tuIvEDJw,"노래 짱 좋아요!! 잘때 듣기도 좋고,<br>잔잔하고 짱입니다!!🥰💕"
쇼츠,[Playlist] 인스타 쇼츠 그 노래들 | 팝송 플레이리스트 /감성 플리 / pop,https://www.youtube.com/watch?v=Cc2tuIvEDJw,everything 있어야함
쇼츠,[Playlist] 인스타 쇼츠 그 노래들 | 팝송 플레이리스트 /감성 플리 / pop,https://www.youtube.com/watch?v=Cc2tuIvEDJw,"올해 막 제대로 된 인생 시작한 중1입니다.<br>며칠 학교 나오면 곧 방학이라는게 정말 믿기지 않네요. 돌아보면 정말 좋은 추억 많았던 것 같습니다. 지금도 당장 몇 개월 전이 추억인데, 20대가 되면 얼마나 그리울까요. 이제 일 년 정도 지나고 나면 지금 이 순간도, 다가올 미래도 추억이 되어있겠죠. 아직 인생 시작한지 얼마 되지도 않았지만 올 한해 정말 즐거웠던 것 같습니다. 시간은 생각보다 빨리 지나가요. 여러분들도 지나가는 시간의 소중함을 깨닫고 낭비하지 않으며 하루하루 꿈을 향해 달려가며 보내시길 바라겠습니다. 시간은 돌아오지 않으니까요."
쇼츠,[Playlist] 인스타 쇼츠 그 노래들 | 팝송 플레이리스트 /감성 플리 / pop,https://www.youtube.com/watch?v=Cc2tuIvEDJw,졸업은 다가오고 할일은 밀려오는 듯한 생각에 너무 조급해ㅜㅜㅜㅜ
쇼츠,[Playlist] 인스타 쇼츠 그 노래들 | 팝송 플레이리스트 /감성 플리 / pop,https://www.youtube.com/watch?v=Cc2tuIvEDJw,노래 들으니까 감성적으로 사람이 변하네요 ㅋㅋㅋ 이번에 전교 부회장을 나가는게 시험 기간이랑 겹쳐서 많이 힘들었는데 이 노래만 들어도 이미 위로가 되네요.. 어떻게 될 지는 모르겠지만 모든 분들 다 화이팅 하시고 좋은 일만 가득하시길 바라요 😊
쇼츠,[Playlist] 인스타 쇼츠 그 노래들 | 팝송 플레이리스트 /감성 플리 / pop,https://www.youtube.com/watch?v=Cc2tuIvEDJw,노래를 듣다가 너무 울컥해서 댓글을 써요<br>47년 인생중 가장 슬펐던 순간인 우영이 할머니가 돌아가신 날이 생각이나네요..<br>우영이 할머니 보고싶네요. 우영이가 참 할머니 좋아했는데...<br>이 댓글을 보는 여러분도 행복한 시간되세요~~<br>여러분은 우영이 처럼 할매 뒤지지 않앗으면 좋겟어요~~~~
쇼츠,[Playlist] 인스타 쇼츠 그 노래들 | 팝송 플레이리스트 /감성 플리 / pop,https://www.youtube.com/watch?v=Cc2tuIvEDJw,곡 고른 센스 ㅈ된다 진짜
쇼츠,[Playlist] 인스타 쇼츠 그 노래들 | 팝송 플레이리스트 /감성 플리 / pop,https://www.youtube.com/watch?v=Cc2tuIvEDJw,이사람 이제보니까 영상만든지 7년됬는데 꾸준하다... 구독 박고감
쇼츠,[Playlist] 인스타 쇼츠 그 노래들 | 팝송 플레이리스트 /감성 플리 / pop,https://www.youtube.com/watch?v=Cc2tuIvEDJw,이거 듣는 3학년 허준우 돈갚아라
쇼츠,[Playlist] 인스타 쇼츠 그 노래들 | 팝송 플레이리스트 /감성 플리 / pop,https://www.youtube.com/watch?v=Cc2tuIvEDJw,ชอบเพลงนี้มากก
쇼츠,[Playlist] 인스타 쇼츠 그 노래들 | 팝송 플레이리스트 /감성 플리 / pop,https://www.youtube.com/watch?v=Cc2tuIvEDJw,기말고사 평균 90 넘게해주세요.
쇼츠,[Playlist] 인스타 쇼츠 그 노래들 | 팝송 플레이리스트 /감성 플리 / pop,https://www.youtube.com/watch?v=Cc2tuIvEDJw,26년에는 꼭 원하는 기업에 붙었으면 좋겠습니다!!!!!!!!!!!
쇼츠,[Playlist] 인스타 쇼츠 그 노래들 | 팝송 플레이리스트 /감성 플리 / pop,https://www.youtube.com/watch?v=Cc2tuIvEDJw,"우리학교 내신 상에서는 사실상 마지막으로 성적을 올릴 수 있는 2학기 기말 3일전에 독감 걸리고,,, 그동안 2 3시간씩 자면서 누구보다 많이 깨어있고 집중해왔는데... 아픈 몸에 약기운까지 정신없이 책상에 엎드려 기절과 좌절만 반복하고있네요 2학년 마무리까지 도와주신 하나님 이번에는 왜 저를 저버리셨는가요? 천주교 학교지만 제가 무교라서 그런걸까요 이제껏 아침 기도도 꽤 열심히 드려왔다고 생각했는데 고작 일주일이 모자라 이런 시련을 겪게 하시는지요. 많은거 안바랐고 이번 2학기 성적 유지만 하면 목표대학에 지원할 수 있다고 생각했어요. 왜 저는 시험 직전에 남들보다 뒤쳐지게 되었나요? 울면서 겨우 떨리는 온몸을 다스려 책상에 앉았는데 읽히는건 하나없고 제 인생은, 대학은 이렇게 망했는데 저는 원망할 것도 없이 스스로 무너지는걸 지켜봐야하네요. 정말 이럴때 미운 하늘에 계신 우리 아버지 아버지의 이름이 거룩히 빛나시며 아버지의 나라가 오시며 아버지의 뜻이 하늘에서와 같이 땅에서도 이루어지소서 오늘 저희에게 일용할 양식을 주시고 저희에게 잘못한 일을 저희가 용서하오니, 부디 저의 잘못을 용서하시고, 부디 저를 유혹에 빠지지 않게 하시고, 꼭 악에서 구하소서."
쇼츠,[Playlist] 인스타 쇼츠 그 노래들 | 팝송 플레이리스트 /감성 플리 / pop,https://www.youtube.com/watch?v=Cc2tuIvEDJw,Let&#39;s all cheer up!
쇼츠,[Playlist] 인스타 쇼츠 그 노래들 | 팝송 플레이리스트 /감성 플리 / pop,https://www.youtube.com/watch?v=Cc2tuIvEDJw,첫 기말고사 잘 보게 해주세요
쇼츠,[Playlist] 인스타 쇼츠 그 노래들 | 팝송 플레이리스트 /감성 플리 / pop,https://www.youtube.com/watch?v=Cc2tuIvEDJw,쇼츠가 아니라 릴스인데 ㅋㅋㅋㅋㅋㅋㅋㅋㅋㅋㅋㅋㅋㅋㅋㅋㅋㅋㅋㅋㅋㅋㅋㅋㅋ
쇼츠,[Playlist] 인스타 쇼츠 그 노래들 | 팝송 플레이리스트 /감성 플리 / pop,https://www.youtube.com/watch?v=Cc2tuIvEDJw,첫 눈 오니까 생각나서 ..
쇼츠,[Playlist] 인스타 쇼츠 그 노래들 | 팝송 플레이리스트 /감성 플리 / pop,https://www.youtube.com/watch?v=Cc2tuIvEDJw,너무 좋아요.. 평생 지우지 말아주세요
쇼츠,[Playlist] 인스타 쇼츠 그 노래들 | 팝송 플레이리스트 /감성 플리 / pop,https://www.youtube.com/watch?v=Cc2tuIvEDJw,크리스마스에 이런팝송들으며 은은한 전구색조명에 치킨먹는게 스트레스 풀게함
쇼츠,[Playlist] 인스타 쇼츠 그 노래들 | 팝송 플레이리스트 /감성 플리 / pop,https://www.youtube.com/watch?v=Cc2tuIvEDJw,수원 수성고 3학년 6반 오윤택 이거 보면 5만원 갚아라. 이거 맨날 듣는거 다 안다.
쇼츠,[Playlist] 인스타 쇼츠 그 노래들 | 팝송 플레이리스트 /감성 플리 / pop,https://www.youtube.com/watch?v=Cc2tuIvEDJw,파이팅 한국외대 28학번🤍
쇼츠,[Playlist] 인스타 쇼츠 그 노래들 | 팝송 플레이리스트 /감성 플리 / pop,https://www.youtube.com/watch?v=Cc2tuIvEDJw,곧 기말인데..하루에 이 플리 다섯번씩 듣고 힘내고 있어요 <br>모두 좋은결과 있길바래요
쇼츠,[Playlist] 인스타 쇼츠 그 노래들 | 팝송 플레이리스트 /감성 플리 / pop,https://www.youtube.com/watch?v=Cc2tuIvEDJw,감사합니다. 이노래를 들으니 인생의 소중함이 무엇인지 알게 되었고 앞으로도 자신감을 얻고 인생을 살아나갈것 같습니다. 노래는 한사람을 일깨워준다.
쇼츠,[Playlist] 인스타 쇼츠 그 노래들 | 팝송 플레이리스트 /감성 플리 / pop,https://www.youtube.com/watch?v=Cc2tuIvEDJw,사랑은 타이밍이라는말 어리석게도 어린 저는 몰랐어요 결국 놓쳤지만 다시 만나길..
쇼츠,[Playlist] 인스타 쇼츠 그 노래들 | 팝송 플레이리스트 /감성 플리 / pop,https://www.youtube.com/watch?v=Cc2tuIvEDJw,기말고사 다들 잘보셨나요 이제 내년까지 한달 남았네요 남은 한달동안 열심히 하시고 이겨내세요 꼭 다치지 마시고 힘내세요
쇼츠,[Playlist] 인스타 쇼츠 그 노래들 | 팝송 플레이리스트 /감성 플리 / pop,https://www.youtube.com/watch?v=Cc2tuIvEDJw,"<a href=""https://www.youtube.com/watch?v=Cc2tuIvEDJw&amp;t=525"">8:45</a> 아 존나 미스터리한 일을 소개해야할거같은 기분이 듦"
쇼츠,[Playlist] 인스타 쇼츠 그 노래들 | 팝송 플레이리스트 /감성 플리 / pop,https://www.youtube.com/watch?v=Cc2tuIvEDJw,이걸 보신 분들 모두 얼마 남지 않은 2025년 알차게 보내시구 2026년에도 밝게 빛나는 하루 보내세요:)
쇼츠,쇼츠가 시험이라면?ㅋㅋㅋㅋ(다 맞추면 전교1등) #shorts,https://www.youtube.com/watch?v=oKBSNyDOknI,이노래에 리믹스를 하면 30만 유튜버가 댓글담 친구듷 한테가서 자랑해요 30만 유튜버가 댓글 달아줌
쇼츠,쇼츠가 시험이라면?ㅋㅋㅋㅋ(다 맞추면 전교1등) #shorts,https://www.youtube.com/watch?v=oKBSNyDOknI,선생님이 틀렸네ㅋㅋㅎㅎ😂😂
쇼츠,쇼츠가 시험이라면?ㅋㅋㅋㅋ(다 맞추면 전교1등) #shorts,https://www.youtube.com/watch?v=oKBSNyDOknI,우리는 학교에서 편집하는거 배우는데
쇼츠,쇼츠가 시험이라면?ㅋㅋㅋㅋ(다 맞추면 전교1등) #shorts,https://www.youtube.com/watch?v=oKBSNyDOknI,앞 뒤 가 아니라앞 앞 앞 인데.................
쇼츠,쇼츠가 시험이라면?ㅋㅋㅋㅋ(다 맞추면 전교1등) #shorts,https://www.youtube.com/watch?v=oKBSNyDOknI,급식걸즈에나오는도라이같다 ㅋㅋ 만는겄같은겄같은사람
쇼츠,쇼츠가 시험이라면?ㅋㅋㅋㅋ(다 맞추면 전교1등) #shorts,https://www.youtube.com/watch?v=oKBSNyDOknI,&quot;???????????????????????????????????????????????????????????????????????????????????????????
쇼츠,쇼츠가 시험이라면?ㅋㅋㅋㅋ(다 맞추면 전교1등) #shorts,https://www.youtube.com/watch?v=oKBSNyDOknI,응답하라 1988 덕선이 친구같음
쇼츠,쇼츠가 시험이라면?ㅋㅋㅋㅋ(다 맞추면 전교1등) #shorts,https://www.youtube.com/watch?v=oKBSNyDOknI,ㅋㅋㅋㅋㅋㅋㅋㅋㅋㅋㅋㅋㅋㅋㅋ
쇼츠,쇼츠가 시험이라면?ㅋㅋㅋㅋ(다 맞추면 전교1등) #shorts,https://www.youtube.com/watch?v=oKBSNyDOknI,라이님이 너무 예뻐서 놀았죠?
쇼츠,쇼츠가 시험이라면?ㅋㅋㅋㅋ(다 맞추면 전교1등) #shorts,https://www.youtube.com/watch?v=oKBSNyDOknI,지금 저의 과학 교과서랑 똑같아요
쇼츠,쇼츠가 시험이라면?ㅋㅋㅋㅋ(다 맞추면 전교1등) #shorts,https://www.youtube.com/watch?v=oKBSNyDOknI,과학책 저거 우리가 쓰는데
쇼츠,쇼츠가 시험이라면?ㅋㅋㅋㅋ(다 맞추면 전교1등) #shorts,https://www.youtube.com/watch?v=oKBSNyDOknI,100년후 라이언니가 100년전으로 온거 보고싶당❤😊
쇼츠,쇼츠가 시험이라면?ㅋㅋㅋㅋ(다 맞추면 전교1등) #shorts,https://www.youtube.com/watch?v=oKBSNyDOknI,이노래을리믹스를하던30십만유튜버가드디어40삽만유튜버로성장했네구독여려분들감사합니다.  왕클세종맞죠
쇼츠,쇼츠가 시험이라면?ㅋㅋㅋㅋ(다 맞추면 전교1등) #shorts,https://www.youtube.com/watch?v=oKBSNyDOknI,나중엔 그대 춤을추는 나물 같아요😊
쇼츠,쇼츠가 시험이라면?ㅋㅋㅋㅋ(다 맞추면 전교1등) #shorts,https://www.youtube.com/watch?v=oKBSNyDOknI,ㅋ
쇼츠,쇼츠가 시험이라면?ㅋㅋㅋㅋ(다 맞추면 전교1등) #shorts,https://www.youtube.com/watch?v=oKBSNyDOknI,와 진짜 옛날꺼ㄷ
쇼츠,쇼츠가 시험이라면?ㅋㅋㅋㅋ(다 맞추면 전교1등) #shorts,https://www.youtube.com/watch?v=oKBSNyDOknI,99년 남았네
쇼츠,쇼츠가 시험이라면?ㅋㅋㅋㅋ(다 맞추면 전교1등) #shorts,https://www.youtube.com/watch?v=oKBSNyDOknI,지금보니까 추억이다
쇼츠,쇼츠가 시험이라면?ㅋㅋㅋㅋ(다 맞추면 전교1등) #shorts,https://www.youtube.com/watch?v=oKBSNyDOknI,100년후까지살고싶은사람<br>ㅣ<br>ㅣ<br>ㅣ<br>ㅣ
쇼츠,쇼츠가 시험이라면?ㅋㅋㅋㅋ(다 맞추면 전교1등) #shorts,https://www.youtube.com/watch?v=oKBSNyDOknI,ㅅㅂ
쇼츠,쇼츠가 시험이라면?ㅋㅋㅋㅋ(다 맞추면 전교1등) #shorts,https://www.youtube.com/watch?v=oKBSNyDOknI,언젠가<br>두쫀쿠도 나올거 같아서<br>놀랐죠?
쇼츠,쇼츠가 시험이라면?ㅋㅋㅋㅋ(다 맞추면 전교1등) #shorts,https://www.youtube.com/watch?v=oKBSNyDOknI,아이스크림!!!!!!
쇼츠,쇼츠가 시험이라면?ㅋㅋㅋㅋ(다 맞추면 전교1등) #shorts,https://www.youtube.com/watch?v=oKBSNyDOknI,라이누나화이팅
쇼츠,쇼츠가 시험이라면?ㅋㅋㅋㅋ(다 맞추면 전교1등) #shorts,https://www.youtube.com/watch?v=oKBSNyDOknI,30만이 아니라 50만이다☠️
쇼츠,쇼츠가 시험이라면?ㅋㅋㅋㅋ(다 맞추면 전교1등) #shorts,https://www.youtube.com/watch?v=oKBSNyDOknI,ㅇㅋㅅㅈ
쇼츠,쇼츠가 시험이라면?ㅋㅋㅋㅋ(다 맞추면 전교1등) #shorts,https://www.youtube.com/watch?v=oKBSNyDOknI,미래:나중엔 하늘나는 차도 나오겠지?<br>과거: 미래에는 하늘나는 차도나오게지?
쇼츠,쇼츠가 시험이라면?ㅋㅋㅋㅋ(다 맞추면 전교1등) #shorts,https://www.youtube.com/watch?v=oKBSNyDOknI,댓글에 왕클세종님 왔을것 같아서 댓글창 연거라 놀랐죠.?
쇼츠,쇼츠가 시험이라면?ㅋㅋㅋㅋ(다 맞추면 전교1등) #shorts,https://www.youtube.com/watch?v=oKBSNyDOknI,브레인롯😊
쇼츠,쇼츠가 시험이라면?ㅋㅋㅋㅋ(다 맞추면 전교1등) #shorts,https://www.youtube.com/watch?v=oKBSNyDOknI,진쩌 저런 문제나오면 다맞출 자신잇다 손<br>물론 난 브레인롯(라바카사투르놐 사투르니탘)
쇼츠,쇼츠가 시험이라면?ㅋㅋㅋㅋ(다 맞추면 전교1등) #shorts,https://www.youtube.com/watch?v=oKBSNyDOknI,라이님 저 지금 너무 아파요😢😢지금 라이님을 사랑하는 만큼 아파요😢😢😢😢저 지금 열이 38.2도쯤이예요😭😭😭사실은 라이님을 그것보다 더 좋아욥ㅎㅎㅎ
쇼츠,쇼츠가 시험이라면?ㅋㅋㅋㅋ(다 맞추면 전교1등) #shorts,https://www.youtube.com/watch?v=oKBSNyDOknI,딩딩딩딩딩딩딩
쇼츠,쇼츠가 시험이라면?ㅋㅋㅋㅋ(다 맞추면 전교1등) #shorts,https://www.youtube.com/watch?v=oKBSNyDOknI,왕클세종온줄알고댓글들어와서놀랐죠?
쇼츠,쇼츠가 시험이라면?ㅋㅋㅋㅋ(다 맞추면 전교1등) #shorts,https://www.youtube.com/watch?v=oKBSNyDOknI,근대 지금 생각해 보니까 저출산땜에 학교자체가 없을것같은데
쇼츠,쇼츠가 시험이라면?ㅋㅋㅋㅋ(다 맞추면 전교1등) #shorts,https://www.youtube.com/watch?v=oKBSNyDOknI,70만유튜버에요
쇼츠,쇼츠가 시험이라면?ㅋㅋㅋㅋ(다 맞추면 전교1등) #shorts,https://www.youtube.com/watch?v=oKBSNyDOknI,ㅋㅋㅋㅋㅋㅋㅋㅋㅋㅋㅋㅋㅋㅋ
쇼츠,쇼츠가 시험이라면?ㅋㅋㅋㅋ(다 맞추면 전교1등) #shorts,https://www.youtube.com/watch?v=oKBSNyDOknI,😅😂😂😂😂😂😂😂🎉🎉🎉
쇼츠,쇼츠가 시험이라면?ㅋㅋㅋㅋ(다 맞추면 전교1등) #shorts,https://www.youtube.com/watch?v=oKBSNyDOknI,왕클세종님???😮 여기서 나오네ㅋㅋ😮😮
쇼츠,쇼츠가 시험이라면?ㅋㅋㅋㅋ(다 맞추면 전교1등) #shorts,https://www.youtube.com/watch?v=oKBSNyDOknI,나중엔 윤정아 윤정아도 나올것같아서 놀랐죠?
쇼츠,쇼츠가 시험이라면?ㅋㅋㅋㅋ(다 맞추면 전교1등) #shorts,https://www.youtube.com/watch?v=oKBSNyDOknI,제발 2026거 노래 올려 주세요
쇼츠,쇼츠가 시험이라면?ㅋㅋㅋㅋ(다 맞추면 전교1등) #shorts,https://www.youtube.com/watch?v=oKBSNyDOknI,손이 괜찮아 부분은 맞는데 딩딩딩딩딩딩딩딩은<br>틀렸습니다요
쇼츠,쇼츠가 시험이라면?ㅋㅋㅋㅋ(다 맞추면 전교1등) #shorts,https://www.youtube.com/watch?v=oKBSNyDOknI,라이님 언제 봐도 진짜 너무 웃긴영상들 많구❤❤너무 예뻐요 ㅠㅠ❤❤❤❤❤❤❤❤❤❤라이님 현실에서 만나면 더 예쁠것같아요 ㅠ❤
쇼츠,쇼츠가 시험이라면?ㅋㅋㅋㅋ(다 맞추면 전교1등) #shorts,https://www.youtube.com/watch?v=oKBSNyDOknI,볼펌사람있서요
쇼츠,쇼츠가 시험이라면?ㅋㅋㅋㅋ(다 맞추면 전교1등) #shorts,https://www.youtube.com/watch?v=oKBSNyDOknI,그정도야?????
쇼츠,쇼츠가 시험이라면?ㅋㅋㅋㅋ(다 맞추면 전교1등) #shorts,https://www.youtube.com/watch?v=oKBSNyDOknI,너무 재밌어요(=^ェ^=)
쇼츠,쇼츠가 시험이라면?ㅋㅋㅋㅋ(다 맞추면 전교1등) #shorts,https://www.youtube.com/watch?v=oKBSNyDOknI,ㅋㅋ
쇼츠,쇼츠가 시험이라면?ㅋㅋㅋㅋ(다 맞추면 전교1등) #shorts,https://www.youtube.com/watch?v=oKBSNyDOknI,꿀젬ㅋㅋㅋㅋㅋㅋㅋ
쇼츠,쇼츠가 시험이라면?ㅋㅋㅋㅋ(다 맞추면 전교1등) #shorts,https://www.youtube.com/watch?v=oKBSNyDOknI,학교에서 걸즈앤판처 애니로 가르치는 걸로 해주세요 ㅋㅋㅋ
쇼츠,쇼츠가 시험이라면?ㅋㅋㅋㅋ(다 맞추면 전교1등) #shorts,https://www.youtube.com/watch?v=oKBSNyDOknI,100년 뒤 학생 머리색이 더 노래졌네
쇼츠,쇼츠가 시험이라면?ㅋㅋㅋㅋ(다 맞추면 전교1등) #shorts,https://www.youtube.com/watch?v=oKBSNyDOknI,100년뒤면 우리나라 아이들이 없지않나?😢
쇼츠,쇼츠가 시험이라면?ㅋㅋㅋㅋ(다 맞추면 전교1등) #shorts,https://www.youtube.com/watch?v=oKBSNyDOknI,왕클세종
쇼츠,쇼츠가 시험이라면?ㅋㅋㅋㅋ(다 맞추면 전교1등) #shorts,https://www.youtube.com/watch?v=oKBSNyDOknI,와시 나 100년 뒤에 저교 1등 아싸!!!
쇼츠,쇼츠가 시험이라면?ㅋㅋㅋㅋ(다 맞추면 전교1등) #shorts,https://www.youtube.com/watch?v=oKBSNyDOknI,미래에서 왔다.(2)
쇼츠,쇼츠가 시험이라면?ㅋㅋㅋㅋ(다 맞추면 전교1등) #shorts,https://www.youtube.com/watch?v=oKBSNyDOknI,또 손동작 틀렸다😂
쇼츠,쇼츠가 시험이라면?ㅋㅋㅋㅋ(다 맞추면 전교1등) #shorts,https://www.youtube.com/watch?v=oKBSNyDOknI,급식걸즈 교복
쇼츠,쇼츠가 시험이라면?ㅋㅋㅋㅋ(다 맞추면 전교1등) #shorts,https://www.youtube.com/watch?v=oKBSNyDOknI,라이 언니가 좋은이유<br>1.댓글 하나하나에 답글 달아줌<br>2.연기잘함<br>3.이쁨❤<br>등등등등
쇼츠,쇼츠가 시험이라면?ㅋㅋㅋㅋ(다 맞추면 전교1등) #shorts,https://www.youtube.com/watch?v=oKBSNyDOknI,1.왕클세종2.쪼코민또요리모아나따
쇼츠,쇼츠가 시험이라면?ㅋㅋㅋㅋ(다 맞추면 전교1등) #shorts,https://www.youtube.com/watch?v=oKBSNyDOknI,😂
쇼츠,쇼츠가 시험이라면?ㅋㅋㅋㅋ(다 맞추면 전교1등) #shorts,https://www.youtube.com/watch?v=oKBSNyDOknI,고전쇼츠
쇼츠,쇼츠가 시험이라면?ㅋㅋㅋㅋ(다 맞추면 전교1등) #shorts,https://www.youtube.com/watch?v=oKBSNyDOknI,언니 아이브 노래 해주새요❤❤
쇼츠,쇼츠가 시험이라면?ㅋㅋㅋㅋ(다 맞추면 전교1등) #shorts,https://www.youtube.com/watch?v=oKBSNyDOknI,딩ㄷㅣㅇ딩딩딩 할때도 약간 다름
쇼츠,쇼츠가 시험이라면?ㅋㅋㅋㅋ(다 맞추면 전교1등) #shorts,https://www.youtube.com/watch?v=oKBSNyDOknI,ㅋㅎㅋㅎ
쇼츠,쇼츠가 시험이라면?ㅋㅋㅋㅋ(다 맞추면 전교1등) #shorts,https://www.youtube.com/watch?v=oKBSNyDOknI,뭐양? 교과서가 내가 하구 있는건데여?<br>시험기간이 젤 싫지만 빨리 끝나니까 좋아영
쇼츠,쇼츠가 시험이라면?ㅋㅋㅋㅋ(다 맞추면 전교1등) #shorts,https://www.youtube.com/watch?v=oKBSNyDOknI,딩딩딩딩 할때 저 포즈가 틀린것 같은데..
쇼츠,쇼츠가 시험이라면?ㅋㅋㅋㅋ(다 맞추면 전교1등) #shorts,https://www.youtube.com/watch?v=oKBSNyDOknI,저희 학교 교과서 ㅋㅋㅋ
쇼츠,쇼츠가 시험이라면?ㅋㅋㅋㅋ(다 맞추면 전교1등) #shorts,https://www.youtube.com/watch?v=oKBSNyDOknI,춤또틀림<br>ㅋㅋㅋ
쇼츠,쇼츠가 시험이라면?ㅋㅋㅋㅋ(다 맞추면 전교1등) #shorts,https://www.youtube.com/watch?v=oKBSNyDOknI,이와중에
쇼츠,쇼츠가 시험이라면?ㅋㅋㅋㅋ(다 맞추면 전교1등) #shorts,https://www.youtube.com/watch?v=oKBSNyDOknI,그럼 초등학교에서 핸드폰 가능인가??
쇼츠,쇼츠가 시험이라면?ㅋㅋㅋㅋ(다 맞추면 전교1등) #shorts,https://www.youtube.com/watch?v=oKBSNyDOknI,아기 자 뭘 좋아해 쪼꼬미 또 아니 나 안 왔다이 키자 말 좋아해 뚜뚜 레 리 보 까 말로노 있다하이 마이 좋아해 아리 크림보다 바로 너 미 나 말 좋아해 뚜뚜라리 보자 바로 너
쇼츠,쇼츠가 시험이라면?ㅋㅋㅋㅋ(다 맞추면 전교1등) #shorts,https://www.youtube.com/watch?v=oKBSNyDOknI,만성중학교
쇼츠,쇼츠가 시험이라면?ㅋㅋㅋㅋ(다 맞추면 전교1등) #shorts,https://www.youtube.com/watch?v=oKBSNyDOknI,저거우리학교과학책인데?
쇼츠,쇼츠가 시험이라면?ㅋㅋㅋㅋ(다 맞추면 전교1등) #shorts,https://www.youtube.com/watch?v=oKBSNyDOknI,순간 쇼츠보다가 우리 학교 천재교육 과학책 나와서 놀랐네...ㅎㅎ
쇼츠,쇼츠가 시험이라면?ㅋㅋㅋㅋ(다 맞추면 전교1등) #shorts,https://www.youtube.com/watch?v=oKBSNyDOknI,마지막에 AI 목소리 진짜웃기네ㅋㅋㅋ
쇼츠,쇼츠가 시험이라면?ㅋㅋㅋㅋ(다 맞추면 전교1등) #shorts,https://www.youtube.com/watch?v=oKBSNyDOknI,머리 색 바뀌셨네요!
쇼츠,쇼츠가 시험이라면?ㅋㅋㅋㅋ(다 맞추면 전교1등) #shorts,https://www.youtube.com/watch?v=oKBSNyDOknI,라이님딩딩딩딩닝닝닝닝이에요😅❤라이님사랑해요❤❤❤
쇼츠,쇼츠가 시험이라면?ㅋㅋㅋㅋ(다 맞추면 전교1등) #shorts,https://www.youtube.com/watch?v=oKBSNyDOknI,하이.가 빠졌당
쇼츠,쇼츠가 시험이라면?ㅋㅋㅋㅋ(다 맞추면 전교1등) #shorts,https://www.youtube.com/watch?v=oKBSNyDOknI,나두100년뒤로가고싶어용!!!!!저도대려가주세욤!
쇼츠,쇼츠가 시험이라면?ㅋㅋㅋㅋ(다 맞추면 전교1등) #shorts,https://www.youtube.com/watch?v=oKBSNyDOknI,라이라이 도라이야~❤
쇼츠,쇼츠가 시험이라면?ㅋㅋㅋㅋ(다 맞추면 전교1등) #shorts,https://www.youtube.com/watch?v=oKBSNyDOknI,과학교과서 우리 학교꺼랑 똑같다!
쇼츠,쇼츠가 시험이라면?ㅋㅋㅋㅋ(다 맞추면 전교1등) #shorts,https://www.youtube.com/watch?v=oKBSNyDOknI,라이님 전교일등 축하합니다 🎉<br>ㅣ
쇼츠,쇼츠가 시험이라면?ㅋㅋㅋㅋ(다 맞추면 전교1등) #shorts,https://www.youtube.com/watch?v=oKBSNyDOknI,둘다틀려는데
쇼츠,쇼츠가 시험이라면?ㅋㅋㅋㅋ(다 맞추면 전교1등) #shorts,https://www.youtube.com/watch?v=oKBSNyDOknI,ㅋㅋ 개그재밌다. ㅋㅋ
쇼츠,쇼츠가 시험이라면?ㅋㅋㅋㅋ(다 맞추면 전교1등) #shorts,https://www.youtube.com/watch?v=oKBSNyDOknI,와! 우리반 담임쌤이 맞고 있는 과화책 나왔다😊😊
쇼츠,쇼츠가 시험이라면?ㅋㅋㅋㅋ(다 맞추면 전교1등) #shorts,https://www.youtube.com/watch?v=oKBSNyDOknI,어 저 과학책 우리교과선데
쇼츠,쇼츠가 시험이라면?ㅋㅋㅋㅋ(다 맞추면 전교1등) #shorts,https://www.youtube.com/watch?v=oKBSNyDOknI,미안한 되염 딩이 아니라 닝이에욤
쇼츠,쇼츠가 시험이라면?ㅋㅋㅋㅋ(다 맞추면 전교1등) #shorts,https://www.youtube.com/watch?v=oKBSNyDOknI,우딘딘딘 마 딘 딘딘 딘
쇼츠,쇼츠가 시험이라면?ㅋㅋㅋㅋ(다 맞추면 전교1등) #shorts,https://www.youtube.com/watch?v=oKBSNyDOknI,괜찮아 춤 다른데요
쇼츠,쇼츠가 시험이라면?ㅋㅋㅋㅋ(다 맞추면 전교1등) #shorts,https://www.youtube.com/watch?v=oKBSNyDOknI,왕클세종님이 이영상 봐야할텐데
쇼츠,쇼츠가 시험이라면?ㅋㅋㅋㅋ(다 맞추면 전교1등) #shorts,https://www.youtube.com/watch?v=oKBSNyDOknI,근데  왜 라이만나와
쇼츠,쇼츠가 시험이라면?ㅋㅋㅋㅋ(다 맞추면 전교1등) #shorts,https://www.youtube.com/watch?v=oKBSNyDOknI,에뻐욤!!!❤
쇼츠,쇼츠가 시험이라면?ㅋㅋㅋㅋ(다 맞추면 전교1등) #shorts,https://www.youtube.com/watch?v=oKBSNyDOknI,우왕!!!❤❤라이언니에뻐욤❤❤
쇼츠,쇼츠가 시험이라면?ㅋㅋㅋㅋ(다 맞추면 전교1등) #shorts,https://www.youtube.com/watch?v=oKBSNyDOknI,루비짱 하이 나니다스키쪼꼬민또아리모아나따아리모짱하이나니다스키스트로베리쿠네다리아나따스키짱하이나니다스키쿠키앤덬<br>크리미다라아나따
쇼츠,쇼츠가 시험이라면?ㅋㅋㅋㅋ(다 맞추면 전교1등) #shorts,https://www.youtube.com/watch?v=oKBSNyDOknI,시킬이 아니라 시킨아니에요?
쇼츠,쇼츠가 시험이라면?ㅋㅋㅋㅋ(다 맞추면 전교1등) #shorts,https://www.youtube.com/watch?v=oKBSNyDOknI,언니200만  가으쟈!!!!!~~~♡☆♡☆
쇼츠,쇼츠가 시험이라면?ㅋㅋㅋㅋ(다 맞추면 전교1등) #shorts,https://www.youtube.com/watch?v=oKBSNyDOknI,팔을왜그렇게ㅋ
쇼츠,쇼츠가 시험이라면?ㅋㅋㅋㅋ(다 맞추면 전교1등) #shorts,https://www.youtube.com/watch?v=oKBSNyDOknI,루비짱!! &quot;하이!!&quot; 나기가스키에서 &quot;하이!!&quot;빠졋는데
쇼츠,쇼츠가 시험이라면?ㅋㅋㅋㅋ(다 맞추면 전교1등) #shorts,https://www.youtube.com/watch?v=oKBSNyDOknI,그럼 나도 이쪽세계에가면 나도 1등쌉가능!
쇼츠,쇼츠가 시험이라면?ㅋㅋㅋㅋ(다 맞추면 전교1등) #shorts,https://www.youtube.com/watch?v=oKBSNyDOknI,발 가 락 쌩
쇼츠,쇼츠가 시험이라면?ㅋㅋㅋㅋ(다 맞추면 전교1등) #shorts,https://www.youtube.com/watch?v=oKBSNyDOknI,라이 다 !
쇼츠,쇼츠가 시험이라면?ㅋㅋㅋㅋ(다 맞추면 전교1등) #shorts,https://www.youtube.com/watch?v=oKBSNyDOknI,하이가 않들어서요ㅋㅋㅋ
쇼츠,쇼츠가 시험이라면?ㅋㅋㅋㅋ(다 맞추면 전교1등) #shorts,https://www.youtube.com/watch?v=oKBSNyDOknI,그레도 틀련..?.
쇼츠,쇼츠가 시험이라면?ㅋㅋㅋㅋ(다 맞추면 전교1등) #shorts,https://www.youtube.com/watch?v=oKBSNyDOknI,쪼꼬민또 보다너라구<br>ᆢ짱네어떤게좋아ㆍㆍ나니가스끼스트로베리맜보다너라구<br>ᆢ짱네어떤게나니가스끼쿠키엔도크림보다너라구<br>모두들네어떤게좋아당현이모두가좋아하는것은아이스크림😊
쇼츠,쇼츠가 시험이라면?ㅋㅋㅋㅋ(다 맞추면 전교1등) #shorts,https://www.youtube.com/watch?v=oKBSNyDOknI,라이다
쇼츠,쇼츠가 시험이라면?ㅋㅋㅋㅋ(다 맞추면 전교1등) #shorts,https://www.youtube.com/watch?v=oKBSNyDOknI,저거 우리학교 교과서다!!!
쇼츠,쇼츠가 시험이라면?ㅋㅋㅋㅋ(다 맞추면 전교1등) #shorts,https://www.youtube.com/watch?v=oKBSNyDOknI,어머 저희 학교 과학 교과서네요!
쇼츠,쇼츠가 시험이라면?ㅋㅋㅋㅋ(다 맞추면 전교1등) #shorts,https://www.youtube.com/watch?v=oKBSNyDOknI,와 나도 쌉 가능이다 100년뒤 전교1등 가자!!
쇼츠,쇼츠가 시험이라면?ㅋㅋㅋㅋ(다 맞추면 전교1등) #shorts,https://www.youtube.com/watch?v=oKBSNyDOknI,오 딘딘딘딘  둔 마 딘딘딘 둔
쇼츠,쇼츠가 시험이라면?ㅋㅋㅋㅋ(다 맞추면 전교1등) #shorts,https://www.youtube.com/watch?v=oKBSNyDOknI,하이!는 왜빼셨죠?
쇼츠,쇼츠가 시험이라면?ㅋㅋㅋㅋ(다 맞추면 전교1등) #shorts,https://www.youtube.com/watch?v=oKBSNyDOknI,루비짱하이나니가스키아님?
쇼츠,쇼츠가 시험이라면?ㅋㅋㅋㅋ(다 맞추면 전교1등) #shorts,https://www.youtube.com/watch?v=oKBSNyDOknI,왕클세종 알아요?
쇼츠,쇼츠가 시험이라면?ㅋㅋㅋㅋ(다 맞추면 전교1등) #shorts,https://www.youtube.com/watch?v=oKBSNyDOknI,혹시
쇼츠,쇼츠가 시험이라면?ㅋㅋㅋㅋ(다 맞추면 전교1등) #shorts,https://www.youtube.com/watch?v=oKBSNyDOknI,웃긴것:100년이 지났는데도 핸드폰은 똑같음
쇼츠,쇼츠가 시험이라면?ㅋㅋㅋㅋ(다 맞추면 전교1등) #shorts,https://www.youtube.com/watch?v=oKBSNyDOknI,왕클세종❤<br>아이스크림
쇼츠,쇼츠가 시험이라면?ㅋㅋㅋㅋ(다 맞추면 전교1등) #shorts,https://www.youtube.com/watch?v=oKBSNyDOknI,초코민또
쇼츠,쇼츠가 시험이라면?ㅋㅋㅋㅋ(다 맞추면 전교1등) #shorts,https://www.youtube.com/watch?v=oKBSNyDOknI,이런 영상 앞으로 자주 올리시면 떡상 할 것 같아요!💖
쇼츠,쇼츠가 시험이라면?ㅋㅋㅋㅋ(다 맞추면 전교1등) #shorts,https://www.youtube.com/watch?v=oKBSNyDOknI,100년 뒤에 칠판은 다시 초록칠판인가
쇼츠,쇼츠가 시험이라면?ㅋㅋㅋㅋ(다 맞추면 전교1등) #shorts,https://www.youtube.com/watch?v=oKBSNyDOknI,왕클세종
쇼츠,쇼츠가 시험이라면?ㅋㅋㅋㅋ(다 맞추면 전교1등) #shorts,https://www.youtube.com/watch?v=oKBSNyDOknI,1988년에왕클세종이있나?
쇼츠,쇼츠가 시험이라면?ㅋㅋㅋㅋ(다 맞추면 전교1등) #shorts,https://www.youtube.com/watch?v=oKBSNyDOknI,우리 과학 교과서당
쇼츠,쇼츠가 시험이라면?ㅋㅋㅋㅋ(다 맞추면 전교1등) #shorts,https://www.youtube.com/watch?v=oKBSNyDOknI,머리 색깔 이제 노란색 이네요~❤❤❤😊😊
쇼츠,쇼츠가 시험이라면?ㅋㅋㅋㅋ(다 맞추면 전교1등) #shorts,https://www.youtube.com/watch?v=oKBSNyDOknI,우리 학교 과학책이랑 똑같다😊
쇼츠,쇼츠가 시험이라면?ㅋㅋㅋㅋ(다 맞추면 전교1등) #shorts,https://www.youtube.com/watch?v=oKBSNyDOknI,내가쓰는중학교1학년과학책이다!!!!
쇼츠,쇼츠가 시험이라면?ㅋㅋㅋㅋ(다 맞추면 전교1등) #shorts,https://www.youtube.com/watch?v=oKBSNyDOknI,100년 뒤로 보내주세요ㅠ재발요ㅠㅠ거이 유튜브만 5시간 이상을로 바요ㅠ 재발 100년 후로 보내주세요ㅠㅠ
쇼츠,쇼츠가 시험이라면?ㅋㅋㅋㅋ(다 맞추면 전교1등) #shorts,https://www.youtube.com/watch?v=oKBSNyDOknI,와.. 과학 교과서를 여기서 본다..
쇼츠,쇼츠가 시험이라면?ㅋㅋㅋㅋ(다 맞추면 전교1등) #shorts,https://www.youtube.com/watch?v=oKBSNyDOknI,와   우
쇼츠,쇼츠가 시험이라면?ㅋㅋㅋㅋ(다 맞추면 전교1등) #shorts,https://www.youtube.com/watch?v=oKBSNyDOknI,저 핑크 과학책 제가 지금 쓰는데😀
쇼츠,쇼츠가 시험이라면?ㅋㅋㅋㅋ(다 맞추면 전교1등) #shorts,https://www.youtube.com/watch?v=oKBSNyDOknI,헐 우리 과학책이랑 똑같다!
쇼츠,쇼츠가 시험이라면?ㅋㅋㅋㅋ(다 맞추면 전교1등) #shorts,https://www.youtube.com/watch?v=oKBSNyDOknI,라이님 진짜 너무 재미있어요❤ 오늘도 재밌는 영상 감사합니다 구독 해드릴께요❤ 좋아여는 덤
쇼츠,쇼츠가 시험이라면?ㅋㅋㅋㅋ(다 맞추면 전교1등) #shorts,https://www.youtube.com/watch?v=oKBSNyDOknI,그 과학교과서 저희 학교 교과서 에요!❤❤
쇼츠,쇼츠가 시험이라면?ㅋㅋㅋㅋ(다 맞추면 전교1등) #shorts,https://www.youtube.com/watch?v=oKBSNyDOknI,아파트
쇼츠,쇼츠가 시험이라면?ㅋㅋㅋㅋ(다 맞추면 전교1등) #shorts,https://www.youtube.com/watch?v=oKBSNyDOknI,어 우리학교 과학채이네
쇼츠,쇼츠가 시험이라면?ㅋㅋㅋㅋ(다 맞추면 전교1등) #shorts,https://www.youtube.com/watch?v=oKBSNyDOknI,ㅋㅋㅋㅋㅋㅋㅋㅋㅋㅋㅋㅋㅋㅋㅋㅋㅋ
쇼츠,쇼츠가 시험이라면?ㅋㅋㅋㅋ(다 맞추면 전교1등) #shorts,https://www.youtube.com/watch?v=oKBSNyDOknI,우리 학교 과학책이넼ㅋㅋ
쇼츠,쇼츠가 시험이라면?ㅋㅋㅋㅋ(다 맞추면 전교1등) #shorts,https://www.youtube.com/watch?v=oKBSNyDOknI,100년뒤에 유튜브쇼츠가 있다고..?ㅋㅋㅋㅋ<br>지구가 멸종했거나 AI인공지능이 활약하겠지..ㅋㅋ
쇼츠,쇼츠가 시험이라면?ㅋㅋㅋㅋ(다 맞추면 전교1등) #shorts,https://www.youtube.com/watch?v=oKBSNyDOknI,ㅋㅋㅋ
쇼츠,쇼츠가 시험이라면?ㅋㅋㅋㅋ(다 맞추면 전교1등) #shorts,https://www.youtube.com/watch?v=oKBSNyDOknI,사랑해요 💜
쇼츠,쇼츠가 시험이라면?ㅋㅋㅋㅋ(다 맞추면 전교1등) #shorts,https://www.youtube.com/watch?v=oKBSNyDOknI,100년 뒤로 나도 가고싶당ㅇㅇ❤
쇼츠,쇼츠가 시험이라면?ㅋㅋㅋㅋ(다 맞추면 전교1등) #shorts,https://www.youtube.com/watch?v=oKBSNyDOknI,우와 과학책 우리학고 과학책ㅋㅋ
쇼츠,쇼츠가 시험이라면?ㅋㅋㅋㅋ(다 맞추면 전교1등) #shorts,https://www.youtube.com/watch?v=oKBSNyDOknI,야!!라이님 납신다!
쇼츠,쇼츠가 시험이라면?ㅋㅋㅋㅋ(다 맞추면 전교1등) #shorts,https://www.youtube.com/watch?v=oKBSNyDOknI,라이언니도 100년뒤에도 전교1등<br>잘되길 바랄께 ❤❤❤❤
쇼츠,쇼츠가 시험이라면?ㅋㅋㅋㅋ(다 맞추면 전교1등) #shorts,https://www.youtube.com/watch?v=oKBSNyDOknI,ㅋ
쇼츠,쇼츠가 시험이라면?ㅋㅋㅋㅋ(다 맞추면 전교1등) #shorts,https://www.youtube.com/watch?v=oKBSNyDOknI,라이님 언제봐도 너무 아름다워요♥️😊
쇼츠,쇼츠가 시험이라면?ㅋㅋㅋㅋ(다 맞추면 전교1등) #shorts,https://www.youtube.com/watch?v=oKBSNyDOknI,오늘도 영상 올려주셔서 감사합니다!!!!
쇼츠,쇼츠가 시험이라면?ㅋㅋㅋㅋ(다 맞추면 전교1등) #shorts,https://www.youtube.com/watch?v=oKBSNyDOknI,와 엄청 부럽다 역시 부자들의 삶👍 나도 저때면 전교 1등 가능 나도 저때로가면 전교 1등이다!!!!!!!
쇼츠,쇼츠가 시험이라면?ㅋㅋㅋㅋ(다 맞추면 전교1등) #shorts,https://www.youtube.com/watch?v=oKBSNyDOknI,10빠!!!
쇼츠,쇼츠가 시험이라면?ㅋㅋㅋㅋ(다 맞추면 전교1등) #shorts,https://www.youtube.com/watch?v=oKBSNyDOknI,❤❤❤❤❤
쇼츠,쇼츠가 시험이라면?ㅋㅋㅋㅋ(다 맞추면 전교1등) #shorts,https://www.youtube.com/watch?v=oKBSNyDOknI,이게무슨ㅋㅋㅋ
쇼츠,쇼츠가 시험이라면?ㅋㅋㅋㅋ(다 맞추면 전교1등) #shorts,https://www.youtube.com/watch?v=oKBSNyDOknI,100년뒤  ㅋㅋ 생각만해도 정말 궁금하네요  ❤🎉
쇼츠,쇼츠가 시험이라면?ㅋㅋㅋㅋ(다 맞추면 전교1등) #shorts,https://www.youtube.com/watch?v=oKBSNyDOknI,재밌다!!!!!!
쇼츠,쇼츠가 시험이라면?ㅋㅋㅋㅋ(다 맞추면 전교1등) #shorts,https://www.youtube.com/watch?v=oKBSNyDOknI,딩딩딩딩 할때 손동작이 저거였나?
쇼츠,쇼츠가 시험이라면?ㅋㅋㅋㅋ(다 맞추면 전교1등) #shorts,https://www.youtube.com/watch?v=oKBSNyDOknI,와 2분전
쇼츠,쇼츠가 시험이라면?ㅋㅋㅋㅋ(다 맞추면 전교1등) #shorts,https://www.youtube.com/watch?v=oKBSNyDOknI,일찍왔다!!❤
쇼츠,쇼츠가 시험이라면?ㅋㅋㅋㅋ(다 맞추면 전교1등) #shorts,https://www.youtube.com/watch?v=oKBSNyDOknI,헐 일찍 왔댱 (참고 아빠폰임)
쇼츠,쇼츠가 시험이라면?ㅋㅋㅋㅋ(다 맞추면 전교1등) #shorts,https://www.youtube.com/watch?v=oKBSNyDOknI,ㅋ
쇼츠,절대 따라하지 마세요...? #Shorts,https://www.youtube.com/watch?v=vK48dTSOzqE,이쑤시개라 못짜름 그냥 손으로 잡아서 띁어!
쇼츠,절대 따라하지 마세요...? #Shorts,https://www.youtube.com/watch?v=vK48dTSOzqE,위험할 것 같은데...
쇼츠,절대 따라하지 마세요...? #Shorts,https://www.youtube.com/watch?v=vK48dTSOzqE,신고 했습니다
쇼츠,절대 따라하지 마세요...? #Shorts,https://www.youtube.com/watch?v=vK48dTSOzqE,근데 일부러 짧치 입고 컨텐츠 찍는거에요? 굳이?
쇼츠,절대 따라하지 마세요...? #Shorts,https://www.youtube.com/watch?v=vK48dTSOzqE,좀 야한데? ;;
쇼츠,절대 따라하지 마세요...? #Shorts,https://www.youtube.com/watch?v=vK48dTSOzqE,ㅋㅋㅋ❤❤❤❤❤
쇼츠,절대 따라하지 마세요...? #Shorts,https://www.youtube.com/watch?v=vK48dTSOzqE,짜른다는게 손가락이죠
쇼츠,절대 따라하지 마세요...? #Shorts,https://www.youtube.com/watch?v=vK48dTSOzqE,나빠
쇼츠,절대 따라하지 마세요...? #Shorts,https://www.youtube.com/watch?v=vK48dTSOzqE,가위로잘라 ㅋㅋㅋ
쇼츠,절대 따라하지 마세요...? #Shorts,https://www.youtube.com/watch?v=vK48dTSOzqE,ㅋㅋㅋㅋ
쇼츠,절대 따라하지 마세요...? #Shorts,https://www.youtube.com/watch?v=vK48dTSOzqE,삔히 알면서 자기 여자 성상품화 시키는 이런 놈들은 언제가 됐든 버려라 일찍 버릴수록 더 좋고~
쇼츠,절대 따라하지 마세요...? #Shorts,https://www.youtube.com/watch?v=vK48dTSOzqE,3분 춘그니가   도발했네
쇼츠,절대 따라하지 마세요...? #Shorts,https://www.youtube.com/watch?v=vK48dTSOzqE,이해가  안됨
쇼츠,절대 따라하지 마세요...? #Shorts,https://www.youtube.com/watch?v=vK48dTSOzqE,짤르면 님 먹고 살려고
쇼츠,절대 따라하지 마세요...? #Shorts,https://www.youtube.com/watch?v=vK48dTSOzqE,ㅣ
쇼츠,절대 따라하지 마세요...? #Shorts,https://www.youtube.com/watch?v=vK48dTSOzqE,짜르면  누구 손해인대 ㅋㅋㅋ
쇼츠,절대 따라하지 마세요...? #Shorts,https://www.youtube.com/watch?v=vK48dTSOzqE,마스크는 언제 벗나요
쇼츠,절대 따라하지 마세요...? #Shorts,https://www.youtube.com/watch?v=vK48dTSOzqE,걍 빨때이빨로뜯어버력
쇼츠,절대 따라하지 마세요...? #Shorts,https://www.youtube.com/watch?v=vK48dTSOzqE,연출... ㅡㅡ
쇼츠,절대 따라하지 마세요...? #Shorts,https://www.youtube.com/watch?v=vK48dTSOzqE,언젠간  짤리겠군.
쇼츠,절대 따라하지 마세요...? #Shorts,https://www.youtube.com/watch?v=vK48dTSOzqE,시작화면에서 똥침놓는줄 알고 욕할려고했는데
쇼츠,절대 따라하지 마세요...? #Shorts,https://www.youtube.com/watch?v=vK48dTSOzqE,새우깡  녹여버린다  해야징 ㅋㅋㅋㅋㅋㅋㅋㅋㅋㅋㅋ
쇼츠,절대 따라하지 마세요...? #Shorts,https://www.youtube.com/watch?v=vK48dTSOzqE,이집 아줌씨 뒤태가 너무 이뿌다...아름다워~^^❤❤
쇼츠,절대 따라하지 마세요...? #Shorts,https://www.youtube.com/watch?v=vK48dTSOzqE,저 여성은 주입식교육이 필요합니다
쇼츠,절대 따라하지 마세요...? #Shorts,https://www.youtube.com/watch?v=vK48dTSOzqE,전동드릴은 아무잘못 없습니다.<br>와이프만 바꾸면 됩니다..😂😂
쇼츠,절대 따라하지 마세요...? #Shorts,https://www.youtube.com/watch?v=vK48dTSOzqE,올바른 생각만 했습니다.
쇼츠,절대 따라하지 마세요...? #Shorts,https://www.youtube.com/watch?v=vK48dTSOzqE,난 또 다른......  흠<br>실망 입니다 <br>실망이에요 !!
쇼츠,절대 따라하지 마세요...? #Shorts,https://www.youtube.com/watch?v=vK48dTSOzqE,먹고살기 힘들다
쇼츠,절대 따라하지 마세요...? #Shorts,https://www.youtube.com/watch?v=vK48dTSOzqE,사람의 목숨은 하나입니다. 잘 지킵시다.ㅋㅋㅋ
쇼츠,절대 따라하지 마세요...? #Shorts,https://www.youtube.com/watch?v=vK48dTSOzqE,ㅋㅋㅋㅋㅋㅋㅋㅋㅋㅋ
쇼츠,절대 따라하지 마세요...? #Shorts,https://www.youtube.com/watch?v=vK48dTSOzqE,남자분 재미 지네요
쇼츠,절대 따라하지 마세요...? #Shorts,https://www.youtube.com/watch?v=vK48dTSOzqE,다행이다 위험한 상상을 했었네
쇼츠,절대 따라하지 마세요...? #Shorts,https://www.youtube.com/watch?v=vK48dTSOzqE,자를께 있나용 ㅎㅎ
쇼츠,절대 따라하지 마세요...? #Shorts,https://www.youtube.com/watch?v=vK48dTSOzqE,여자 얼굴이ㅜㅜ
쇼츠,절대 따라하지 마세요...? #Shorts,https://www.youtube.com/watch?v=vK48dTSOzqE,질알들하네
쇼츠,절대 따라하지 마세요...? #Shorts,https://www.youtube.com/watch?v=vK48dTSOzqE,꽉
쇼츠,절대 따라하지 마세요...? #Shorts,https://www.youtube.com/watch?v=vK48dTSOzqE,뭘짜른다고??? 🌶?
쇼츠,절대 따라하지 마세요...? #Shorts,https://www.youtube.com/watch?v=vK48dTSOzqE,명탐정 코난이 쓰는 돋보기 빌려드릴께요..<br>안그러면 찾기 힘들다면서요~?
쇼츠,절대 따라하지 마세요...? #Shorts,https://www.youtube.com/watch?v=vK48dTSOzqE,짤라ㅣ버리면 지만손해쥐
쇼츠,절대 따라하지 마세요...? #Shorts,https://www.youtube.com/watch?v=vK48dTSOzqE,저걸 넣버린줄 아랏내~~즐길줄 아내
쇼츠,절대 따라하지 마세요...? #Shorts,https://www.youtube.com/watch?v=vK48dTSOzqE,있긴해요?
쇼츠,절대 따라하지 마세요...? #Shorts,https://www.youtube.com/watch?v=vK48dTSOzqE,가위 들고 짤라버린다는게 어딜 짤라요?
쇼츠,절대 따라하지 마세요...? #Shorts,https://www.youtube.com/watch?v=vK48dTSOzqE,짜르면 누구 손핸데?<br>새우깡 소중한지 아셔야지 ㅋㅋㅋㅋㅋ
쇼츠,절대 따라하지 마세요...? #Shorts,https://www.youtube.com/watch?v=vK48dTSOzqE,저 짜증내는 말투 평생 들을 생각하니까 숨이 막힌다
쇼츠,절대 따라하지 마세요...? #Shorts,https://www.youtube.com/watch?v=vK48dTSOzqE,드릴 똥 ㄲ 넣는줄 알았는데..
쇼츠,절대 따라하지 마세요...? #Shorts,https://www.youtube.com/watch?v=vK48dTSOzqE,마누라팔아~
쇼츠,절대 따라하지 마세요...? #Shorts,https://www.youtube.com/watch?v=vK48dTSOzqE,짤라 버린다가 오ㅔ 거시기를 말하는거 같지. . . . . . . . . .?
쇼츠,절대 따라하지 마세요...? #Shorts,https://www.youtube.com/watch?v=vK48dTSOzqE,새우깡을 짤라야 어따가 쓸려고..
쇼츠,절대 따라하지 마세요...? #Shorts,https://www.youtube.com/watch?v=vK48dTSOzqE,꼬추
쇼츠,절대 따라하지 마세요...? #Shorts,https://www.youtube.com/watch?v=vK48dTSOzqE,💩💩😅
쇼츠,절대 따라하지 마세요...? #Shorts,https://www.youtube.com/watch?v=vK48dTSOzqE,등짝이 아직 살아있는건가....
쇼츠,절대 따라하지 마세요...? #Shorts,https://www.youtube.com/watch?v=vK48dTSOzqE,짤라버린다ㄷㄷㅋㅋㅋㅋㅋㅋㅋㅋㅋㅋㅋㅋㅋㅋㅋㅋㅋㅋㅋㅋㅋㅋㅋㅋ
쇼츠,절대 따라하지 마세요...? #Shorts,https://www.youtube.com/watch?v=vK48dTSOzqE,노모딕
쇼츠,절대 따라하지 마세요...? #Shorts,https://www.youtube.com/watch?v=vK48dTSOzqE,나는 나쁜아이야...
쇼츠,절대 따라하지 마세요...? #Shorts,https://www.youtube.com/watch?v=vK48dTSOzqE,부부는 이렇게살아야지.. ㅎㅎ
쇼츠,절대 따라하지 마세요...? #Shorts,https://www.youtube.com/watch?v=vK48dTSOzqE,네즈코는 음 박보영???
쇼츠,절대 따라하지 마세요...? #Shorts,https://www.youtube.com/watch?v=vK48dTSOzqE,재미도없고<br>내용도없고
쇼츠,절대 따라하지 마세요...? #Shorts,https://www.youtube.com/watch?v=vK48dTSOzqE,뭘잘라여?
쇼츠,절대 따라하지 마세요...? #Shorts,https://www.youtube.com/watch?v=vK48dTSOzqE,지나친 팩트는 상태에게........
쇼츠,절대 따라하지 마세요...? #Shorts,https://www.youtube.com/watch?v=vK48dTSOzqE,너를 잘라 버린다
쇼츠,절대 따라하지 마세요...? #Shorts,https://www.youtube.com/watch?v=vK48dTSOzqE,공포의 가워 왜나와. 무섭.
쇼츠,절대 따라하지 마세요...? #Shorts,https://www.youtube.com/watch?v=vK48dTSOzqE,상태가안좋네
쇼츠,절대 따라하지 마세요...? #Shorts,https://www.youtube.com/watch?v=vK48dTSOzqE,제끼고뒤치기에적합한의상좋아요
쇼츠,절대 따라하지 마세요...? #Shorts,https://www.youtube.com/watch?v=vK48dTSOzqE,이런 더러운거말고 다른걸 찍어라 ㅋ
쇼츠,절대 따라하지 마세요...? #Shorts,https://www.youtube.com/watch?v=vK48dTSOzqE,얘네들은 그냥 너무 싼티나
쇼츠,절대 따라하지 마세요...? #Shorts,https://www.youtube.com/watch?v=vK48dTSOzqE,처음에 식겁했네 ㄷㄷ
쇼츠,절대 따라하지 마세요...? #Shorts,https://www.youtube.com/watch?v=vK48dTSOzqE,꽈추는 따는 맛이죠
쇼츠,절대 따라하지 마세요...? #Shorts,https://www.youtube.com/watch?v=vK48dTSOzqE,드릴가지고 보지 슈셔랏
쇼츠,절대 따라하지 마세요...? #Shorts,https://www.youtube.com/watch?v=vK48dTSOzqE,얇은 나뭇가지인데 굳이 가위를 쓸 필요가..
쇼츠,절대 따라하지 마세요...? #Shorts,https://www.youtube.com/watch?v=vK48dTSOzqE,이자식은
쇼츠,절대 따라하지 마세요...? #Shorts,https://www.youtube.com/watch?v=vK48dTSOzqE,뭘짤라?
쇼츠,절대 따라하지 마세요...? #Shorts,https://www.youtube.com/watch?v=vK48dTSOzqE,임팩... 아니 드릴을  못쓰시네... 드릴로 모닝커피 타주시면 검토해보겠습니다 본인은 장난이지만 저한테는 밥줄이라서요..<br>손드라이버로 믹스커피 만들기 전까지 신고하겠습니다
쇼츠,절대 따라하지 마세요...? #Shorts,https://www.youtube.com/watch?v=vK48dTSOzqE,짤라버리면 자기만손해지ㅋㅋ
쇼츠,절대 따라하지 마세요...? #Shorts,https://www.youtube.com/watch?v=vK48dTSOzqE,ㅋㅎㅎ😂
쇼츠,절대 따라하지 마세요...? #Shorts,https://www.youtube.com/watch?v=vK48dTSOzqE,똘 아이 유투버 꺼져
쇼츠,절대 따라하지 마세요...? #Shorts,https://www.youtube.com/watch?v=vK48dTSOzqE,존나 재미읍어
쇼츠,절대 따라하지 마세요...? #Shorts,https://www.youtube.com/watch?v=vK48dTSOzqE,나만 처음에 이상한 생각 들었냐
쇼츠,절대 따라하지 마세요...? #Shorts,https://www.youtube.com/watch?v=vK48dTSOzqE,똥꼬를 휘저어 버린다는 의미인가 처음장면
쇼츠,절대 따라하지 마세요...? #Shorts,https://www.youtube.com/watch?v=vK48dTSOzqE,조심혀라이😅
쇼츠,절대 따라하지 마세요...? #Shorts,https://www.youtube.com/watch?v=vK48dTSOzqE,😂😂😂
쇼츠,절대 따라하지 마세요...? #Shorts,https://www.youtube.com/watch?v=vK48dTSOzqE,헐
쇼츠,절대 따라하지 마세요...? #Shorts,https://www.youtube.com/watch?v=vK48dTSOzqE,너네늘은 너무 유치해
쇼츠,절대 따라하지 마세요...? #Shorts,https://www.youtube.com/watch?v=vK48dTSOzqE,삭뚝 ㅎㅎ
쇼츠,절대 따라하지 마세요...? #Shorts,https://www.youtube.com/watch?v=vK48dTSOzqE,김남국이모교수<br>있었어?
쇼츠,절대 따라하지 마세요...? #Shorts,https://www.youtube.com/watch?v=vK48dTSOzqE,장난이선넘엇다..
쇼츠,절대 따라하지 마세요...? #Shorts,https://www.youtube.com/watch?v=vK48dTSOzqE,변비에 좋타 힌터네.ㅋㅋㅋㅋ
쇼츠,절대 따라하지 마세요...? #Shorts,https://www.youtube.com/watch?v=vK48dTSOzqE,야이ㅆ  장난하나 그걸로 되겠냐고
쇼츠,절대 따라하지 마세요...? #Shorts,https://www.youtube.com/watch?v=vK48dTSOzqE,과연 짜를 수 있을까? 후회 할텐데...ㅋㅋㅋㅋ
쇼츠,절대 따라하지 마세요...? #Shorts,https://www.youtube.com/watch?v=vK48dTSOzqE,우하하하
쇼츠,절대 따라하지 마세요...? #Shorts,https://www.youtube.com/watch?v=vK48dTSOzqE,19금인데 첫영상이 좀<br><br>그런데 님 변태시죠???? 저걸로 그런거 하나봐요?
쇼츠,절대 따라하지 마세요...? #Shorts,https://www.youtube.com/watch?v=vK48dTSOzqE,하지마라
쇼츠,절대 따라하지 마세요...? #Shorts,https://www.youtube.com/watch?v=vK48dTSOzqE,보들인가  그분은 연기인데 이 여자분은 진짜같음 ㅋㅋㅋㅋㅋ
쇼츠,절대 따라하지 마세요...? #Shorts,https://www.youtube.com/watch?v=vK48dTSOzqE,새우깡과생최고의위기;;;
쇼츠,절대 따라하지 마세요...? #Shorts,https://www.youtube.com/watch?v=vK48dTSOzqE,인생을 거시네요. ㅎㅎ
쇼츠,절대 따라하지 마세요...? #Shorts,https://www.youtube.com/watch?v=vK48dTSOzqE,구멍에넣고 돌리는줄.
쇼츠,절대 따라하지 마세요...? #Shorts,https://www.youtube.com/watch?v=vK48dTSOzqE,내가 커피를 저렇게 쏟았다면<br>울마눌 손에 3초컷으로 저승을 맛봤을것이다
쇼츠,절대 따라하지 마세요...? #Shorts,https://www.youtube.com/watch?v=vK48dTSOzqE,난 또...뒤에서 넣는줄...
쇼츠,절대 따라하지 마세요...? #Shorts,https://www.youtube.com/watch?v=vK48dTSOzqE,마지막 문 막고있는거 공포게임에서 본것같은데 ㅋㅋㅋ
쇼츠,절대 따라하지 마세요...? #Shorts,https://www.youtube.com/watch?v=vK48dTSOzqE,처음 아내분 뒷태가 진짜 예술이시네요. 연애할때 매력포인트였겠음. 다리가 예쁘셔서 치마도 너무 달어울리시고.
쇼츠,절대 따라하지 마세요...? #Shorts,https://www.youtube.com/watch?v=vK48dTSOzqE,ㅋㄱㅎㅋㄱㅎㅋㄱㅎㅋㄱㅎㅋㄱㅎ
쇼츠,절대 따라하지 마세요...? #Shorts,https://www.youtube.com/watch?v=vK48dTSOzqE,너무  그쪽으로만  간다     슬슬  짜증이
쇼츠,절대 따라하지 마세요...? #Shorts,https://www.youtube.com/watch?v=vK48dTSOzqE,남자는 철이 안드는 생물임 이제하면서 키워
쇼츠,절대 따라하지 마세요...? #Shorts,https://www.youtube.com/watch?v=vK48dTSOzqE,진짜 이런말 하면 안되지만 와이프분 다리가 정말 이쁘다..
쇼츠,절대 따라하지 마세요...? #Shorts,https://www.youtube.com/watch?v=vK48dTSOzqE,나 처음에 저 치마 뚫고 거기를 갈아버린다 라는 줄ㅋㅋ
쇼츠,절대 따라하지 마세요...? #Shorts,https://www.youtube.com/watch?v=vK48dTSOzqE,썰어야
쇼츠,절대 따라하지 마세요...? #Shorts,https://www.youtube.com/watch?v=vK48dTSOzqE,흠..  영상의 목적이 뭘까😮
쇼츠,절대 따라하지 마세요...? #Shorts,https://www.youtube.com/watch?v=vK48dTSOzqE,치마가    너무짧아서   다보일듯
쇼츠,절대 따라하지 마세요...? #Shorts,https://www.youtube.com/watch?v=vK48dTSOzqE,눈알 다쳐요
쇼츠,절대 따라하지 마세요...? #Shorts,https://www.youtube.com/watch?v=vK48dTSOzqE,다른 상상을 해버렸다..
쇼츠,절대 따라하지 마세요...? #Shorts,https://www.youtube.com/watch?v=vK48dTSOzqE,😄😃
쇼츠,절대 따라하지 마세요...? #Shorts,https://www.youtube.com/watch?v=vK48dTSOzqE,크흠...ㅜㅜ
쇼츠,절대 따라하지 마세요...? #Shorts,https://www.youtube.com/watch?v=vK48dTSOzqE,미친거 맞지?
쇼츠,절대 따라하지 마세요...? #Shorts,https://www.youtube.com/watch?v=vK48dTSOzqE,형 살아있지?
쇼츠,절대 따라하지 마세요...? #Shorts,https://www.youtube.com/watch?v=vK48dTSOzqE,이건 보고 따라할까봐. 무섭네요... <br>점점 수위가 올라가고 있는 중?
쇼츠,절대 따라하지 마세요...? #Shorts,https://www.youtube.com/watch?v=vK48dTSOzqE,보.라.고? 서울사람들은 진짜 이렇게 말하구나 ㅋㅋ
쇼츠,절대 따라하지 마세요...? #Shorts,https://www.youtube.com/watch?v=vK48dTSOzqE,저걸루. 똥침하는줄 ㅋㅋ
쇼츠,절대 따라하지 마세요...? #Shorts,https://www.youtube.com/watch?v=vK48dTSOzqE,하도 짤라서  심지도 없겠네
쇼츠,절대 따라하지 마세요...? #Shorts,https://www.youtube.com/watch?v=vK48dTSOzqE,근데 머하는거임
쇼츠,절대 따라하지 마세요...? #Shorts,https://www.youtube.com/watch?v=vK48dTSOzqE,뭐하긴 유튜브 영상만들지 <br>알면서
쇼츠,절대 따라하지 마세요...? #Shorts,https://www.youtube.com/watch?v=vK48dTSOzqE,그냥괜찮아요그냥짤라버린다고하면해봐라고해서할거면경찰신고하고<br>아니면창문에도아줘세요살여줘세요여자친구가 살인마쳐려절짤라버린대요라고하면대요<br>🤗🫨
쇼츠,절대 따라하지 마세요...? #Shorts,https://www.youtube.com/watch?v=vK48dTSOzqE,디졌어
쇼츠,절대 따라하지 마세요...? #Shorts,https://www.youtube.com/watch?v=vK48dTSOzqE,혀니님 건들지말라냐옹 😊😊😊😊😊😊😊😊😊😊😊😊😊😊😊혀니님은 장난쳐도 귀여웡 짤라버려요 ㅋㅋㅋㅋㅋㅋㅋㅋㅋㅋ
쇼츠,절대 따라하지 마세요...? #Shorts,https://www.youtube.com/watch?v=vK48dTSOzqE,"재미 포인트점,, 뭐가 재밌다는거야"
쇼츠,절대 따라하지 마세요...? #Shorts,https://www.youtube.com/watch?v=vK48dTSOzqE,와....진짜 여자말투 미치겠다.남편 죽여서 잘근잘근 씹어먹는 82kg김지용세대
쇼츠,절대 따라하지 마세요...? #Shorts,https://www.youtube.com/watch?v=vK48dTSOzqE,구녕에 넣고 돌려야지
쇼츠,절대 따라하지 마세요...? #Shorts,https://www.youtube.com/watch?v=vK48dTSOzqE,첨에 찟재명 인줄;; 위치가 애바인듯
쇼츠,절대 따라하지 마세요...? #Shorts,https://www.youtube.com/watch?v=vK48dTSOzqE,"이게 재밋냐?,,,,,,,,,,,"
쇼츠,절대 따라하지 마세요...? #Shorts,https://www.youtube.com/watch?v=vK48dTSOzqE,잘라버린다 ㅋㅋ
쇼츠,절대 따라하지 마세요...? #Shorts,https://www.youtube.com/watch?v=vK48dTSOzqE,끼리끼리 만난다고 저런걸 참는다고ㅡㅡ?
쇼츠,절대 따라하지 마세요...? #Shorts,https://www.youtube.com/watch?v=vK48dTSOzqE,곧휴 짜르면 부부생활 못합니다 그러니 심한말은 삼가해야 하며 그러한 발언은 국회에서 하는게 적당하다고 봅니다
쇼츠,절대 따라하지 마세요...? #Shorts,https://www.youtube.com/watch?v=vK48dTSOzqE,ㅋㅋㅋㅋㅋㅋㅋ
쇼츠,절대 따라하지 마세요...? #Shorts,https://www.youtube.com/watch?v=vK48dTSOzqE,뭘 짤라요
쇼츠,절대 따라하지 마세요...? #Shorts,https://www.youtube.com/watch?v=vK48dTSOzqE,근데 진짜 저걸로 와잎 응꼬 돌린겨? 다른 영상에서 좀.....
쇼츠,절대 따라하지 마세요...? #Shorts,https://www.youtube.com/watch?v=vK48dTSOzqE,😂😂😂
쇼츠,절대 따라하지 마세요...? #Shorts,https://www.youtube.com/watch?v=vK48dTSOzqE,아니 컨셉이 아니라 자기 와이프를.대상으로 댓글이 이렇게나 심각한데 방관하는것도웃기고 썸네일 야하게 어그로 끌어서 조회수빨아먹는 남편들 참 한심하다.. 장인어른 장모님한테 미안하지도 않니?;;
쇼츠,절대 따라하지 마세요...? #Shorts,https://www.youtube.com/watch?v=vK48dTSOzqE,일단 현미경으로 먼저 찾으세요
쇼츠,절대 따라하지 마세요...? #Shorts,https://www.youtube.com/watch?v=vK48dTSOzqE,이거 보고 아이디어 떠오름 조금 손바서 울마누라 빤스속에 돌려주면 사랑받을듯한데? 맞을란가?
쇼츠,절대 따라하지 마세요...? #Shorts,https://www.youtube.com/watch?v=vK48dTSOzqE,난또
쇼츠,절대 따라하지 마세요...? #Shorts,https://www.youtube.com/watch?v=vK48dTSOzqE,빙새네
쇼츠,절대 따라하지 마세요...? #Shorts,https://www.youtube.com/watch?v=vK48dTSOzqE,뭔내용?
쇼츠,절대 따라하지 마세요...? #Shorts,https://www.youtube.com/watch?v=vK48dTSOzqE,주작 주작 주작 주작
쇼츠,절대 따라하지 마세요...? #Shorts,https://www.youtube.com/watch?v=vK48dTSOzqE,싸대기 날라오겠누 ㅋㅋㅋ
쇼츠,절대 따라하지 마세요...? #Shorts,https://www.youtube.com/watch?v=vK48dTSOzqE,드릴 그런데 쓰는거 아님^^
쇼츠,절대 따라하지 마세요...? #Shorts,https://www.youtube.com/watch?v=vK48dTSOzqE,몸매 지린다
쇼츠,절대 따라하지 마세요...? #Shorts,https://www.youtube.com/watch?v=vK48dTSOzqE,전동드릴선 잘라버린는거죠?
쇼츠,절대 따라하지 마세요...? #Shorts,https://www.youtube.com/watch?v=vK48dTSOzqE,썸넬보고 기대잔뜩하고 들어왔는데...
쇼츠,절대 따라하지 마세요...? #Shorts,https://www.youtube.com/watch?v=vK48dTSOzqE,매를 벌어요!
쇼츠,절대 따라하지 마세요...? #Shorts,https://www.youtube.com/watch?v=vK48dTSOzqE,저거 초코가루로 했으면 흰색 이라서 거의 자살시도임
쇼츠,절대 따라하지 마세요...? #Shorts,https://www.youtube.com/watch?v=vK48dTSOzqE,와이프 눈 진짜 작네요
쇼츠,절대 따라하지 마세요...? #Shorts,https://www.youtube.com/watch?v=vK48dTSOzqE,이남자분   좀맞자
쇼츠,절대 따라하지 마세요...? #Shorts,https://www.youtube.com/watch?v=vK48dTSOzqE,ㅋㅋㅋㅋ
쇼츠,절대 따라하지 마세요...? #Shorts,https://www.youtube.com/watch?v=vK48dTSOzqE,미친늠~
쇼츠,절대 따라하지 마세요...? #Shorts,https://www.youtube.com/watch?v=vK48dTSOzqE,ㅋㅋㅋ
쇼츠,절대 따라하지 마세요...? #Shorts,https://www.youtube.com/watch?v=vK48dTSOzqE,뭔얘기임??
쇼츠,절대 따라하지 마세요...? #Shorts,https://www.youtube.com/watch?v=vK48dTSOzqE,ㅋㅋ 장난이 너무심함
쇼츠,절대 따라하지 마세요...? #Shorts,https://www.youtube.com/watch?v=vK48dTSOzqE,우리집 마당에 묶여있는 진돗개도 저 눈보단 크겠다
쇼츠,절대 따라하지 마세요...? #Shorts,https://www.youtube.com/watch?v=vK48dTSOzqE,맨다리가 매우 이쁨 발라버리고 싶다
쇼츠,절대 따라하지 마세요...? #Shorts,https://www.youtube.com/watch?v=vK48dTSOzqE,저런 짓을 하면 등싸대기 휴려 맞지요~ㅎㅎ
쇼츠,절대 따라하지 마세요...? #Shorts,https://www.youtube.com/watch?v=vK48dTSOzqE,드릴으로 똥침놓는줄
쇼츠,절대 따라하지 마세요...? #Shorts,https://www.youtube.com/watch?v=vK48dTSOzqE,없노?
쇼츠,절대 따라하지 마세요...? #Shorts,https://www.youtube.com/watch?v=vK48dTSOzqE,미치넘 빌짓을 다한다.
쇼츠,절대 따라하지 마세요...? #Shorts,https://www.youtube.com/watch?v=vK48dTSOzqE,난또 응꼬에 장난지는줄
쇼츠,절대 따라하지 마세요...? #Shorts,https://www.youtube.com/watch?v=vK48dTSOzqE,축하드립니다 이혼 하신걸
쇼츠,절대 따라하지 마세요...? #Shorts,https://www.youtube.com/watch?v=vK48dTSOzqE,저놈 인성은 죽을때까지 안바뀐다 여자가 불쌍하다 연기해준다고
쇼츠,절대 따라하지 마세요...? #Shorts,https://www.youtube.com/watch?v=vK48dTSOzqE,헐ㅋ장난하다 짤릴뻔하심ㅎㅎ소중이는 안녕하신지요ㅋ
쇼츠,절대 따라하지 마세요...? #Shorts,https://www.youtube.com/watch?v=vK48dTSOzqE,어우 보에다 넣는줄알았네 드릴을
쇼츠,절대 따라하지 마세요...? #Shorts,https://www.youtube.com/watch?v=vK48dTSOzqE,어우.... 넣어 버리는줄.. 소름.. 첫 장면 ㄷㄷ
쇼츠,절대 따라하지 마세요...? #Shorts,https://www.youtube.com/watch?v=vK48dTSOzqE,짤라버릴꺼야 ㅋㄱㄱㅋ
쇼츠,절대 따라하지 마세요...? #Shorts,https://www.youtube.com/watch?v=vK48dTSOzqE,썸넬이 너무 그럴듯했다...
쇼츠,절대 따라하지 마세요...? #Shorts,https://www.youtube.com/watch?v=vK48dTSOzqE,내 뇌는 썩었다
쇼츠,절대 따라하지 마세요...? #Shorts,https://www.youtube.com/watch?v=vK48dTSOzqE,저거를 넣고 돌렸어야지
쇼츠,절대 따라하지 마세요...? #Shorts,https://www.youtube.com/watch?v=vK48dTSOzqE,똥침하는줄 ㅋㅋ
쇼츠,절대 따라하지 마세요...? #Shorts,https://www.youtube.com/watch?v=vK48dTSOzqE,질압으로 짤라주시는건가요...❤
쇼츠,절대 따라하지 마세요...? #Shorts,https://www.youtube.com/watch?v=vK48dTSOzqE,뭘 자름?
쇼츠,절대 따라하지 마세요...? #Shorts,https://www.youtube.com/watch?v=vK48dTSOzqE,??? : 내 뾰루지 짤렸잖아 붙혀 뭐해~
쇼츠,절대 따라하지 마세요...? #Shorts,https://www.youtube.com/watch?v=vK48dTSOzqE,ㅂㅅ들 ㅈㄹ하네
쇼츠,절대 따라하지 마세요...? #Shorts,https://www.youtube.com/watch?v=vK48dTSOzqE,그대로 직진하는줄아랐네
쇼츠,절대 따라하지 마세요...? #Shorts,https://www.youtube.com/watch?v=vK48dTSOzqE,언제 부턴가 아내분의 엉덩이를 컨텐츠 도구와 소재로 삼고 있네.
쇼츠,절대 따라하지 마세요...? #Shorts,https://www.youtube.com/watch?v=vK48dTSOzqE,처음에 구도가 조금….
쇼츠,절대 따라하지 마세요...? #Shorts,https://www.youtube.com/watch?v=vK48dTSOzqE,아휴 짜증나!! 장난이래도 저건 진짜 사람 밑바닥 건드리는
쇼츠,절대 따라하지 마세요...? #Shorts,https://www.youtube.com/watch?v=vK48dTSOzqE,씨리끼리잘만낫ㄴㅎㅋㅋㅋ
쇼츠,절대 따라하지 마세요...? #Shorts,https://www.youtube.com/watch?v=vK48dTSOzqE,무...뭐....뭐를 잘라요....?
쇼츠,절대 따라하지 마세요...? #Shorts,https://www.youtube.com/watch?v=vK48dTSOzqE,저 전동드릴로 설마 똥꼬찌르나 싶었다..
쇼츠,절대 따라하지 마세요...? #Shorts,https://www.youtube.com/watch?v=vK48dTSOzqE,얘네하루에 몇번떡칠까
쇼츠,절대 따라하지 마세요...? #Shorts,https://www.youtube.com/watch?v=vK48dTSOzqE,난 또 숟가락으로 아내 거기 파내려는 줄 알았네
쇼츠,절대 따라하지 마세요...? #Shorts,https://www.youtube.com/watch?v=vK48dTSOzqE,바로 발작 ㅋㅋㅋㅋㅋㅋㅋ
쇼츠,절대 따라하지 마세요...? #Shorts,https://www.youtube.com/watch?v=vK48dTSOzqE,개 웃김
쇼츠,절대 따라하지 마세요...? #Shorts,https://www.youtube.com/watch?v=vK48dTSOzqE,아직도 마스크쓰고있네
쇼츠,절대 따라하지 마세요...? #Shorts,https://www.youtube.com/watch?v=vK48dTSOzqE,가위
쇼츠,절대 따라하지 마세요...? #Shorts,https://www.youtube.com/watch?v=vK48dTSOzqE,헉! 가워
쇼츠,절대 따라하지 마세요...? #Shorts,https://www.youtube.com/watch?v=vK48dTSOzqE,😂😂😂😂😂😂😂
쇼츠,절대 따라하지 마세요...? #Shorts,https://www.youtube.com/watch?v=vK48dTSOzqE,아니 숟가락으로 저딴 장난치지말고<br>엉덩이를 때려 차라리 ㅋㅋㅋ
쇼츠,절대 따라하지 마세요...? #Shorts,https://www.youtube.com/watch?v=vK48dTSOzqE,고추 짤라버린다.로 들리네 ㅋㅋㅋ
쇼츠,절대 따라하지 마세요...? #Shorts,https://www.youtube.com/watch?v=vK48dTSOzqE,스커트 말아버린줄 알아짜너😂
쇼츠,절대 따라하지 마세요...? #Shorts,https://www.youtube.com/watch?v=vK48dTSOzqE,와 ㅋㅋ
쇼츠,절대 따라하지 마세요...? #Shorts,https://www.youtube.com/watch?v=vK48dTSOzqE,중국식 주작 영상의 느낌이 난다
쇼츠,절대 따라하지 마세요...? #Shorts,https://www.youtube.com/watch?v=vK48dTSOzqE,왜?이러는걸까요?
쇼츠,절대 따라하지 마세요...? #Shorts,https://www.youtube.com/watch?v=vK48dTSOzqE,난또..전동드릴로 문 부수고 죽여버리는줄;;
쇼츠,절대 따라하지 마세요...? #Shorts,https://www.youtube.com/watch?v=vK48dTSOzqE,아~~~<br>맞을짓을 하는군...
쇼츠,절대 따라하지 마세요...? #Shorts,https://www.youtube.com/watch?v=vK48dTSOzqE,정신병😢
쇼츠,요즘 쇼츠에 많이 보이는 유튜버 5명 쇼츠로 패러디하기 6탄 #Shorts,https://www.youtube.com/watch?v=NPnT3TwAxH4,"7탄: <a href=""https://www.youtube.com/shorts/I9vRfNmnqF0"">https://www.youtube.com/shorts/I9vRfNmnqF0</a>"
쇼츠,요즘 쇼츠에 많이 보이는 유튜버 5명 쇼츠로 패러디하기 6탄 #Shorts,https://www.youtube.com/watch?v=NPnT3TwAxH4,이게 벌서3년전..
쇼츠,요즘 쇼츠에 많이 보이는 유튜버 5명 쇼츠로 패러디하기 6탄 #Shorts,https://www.youtube.com/watch?v=NPnT3TwAxH4,"먹스나님, 자검님 진짜 겁나떡같음 ㅋㅋ"
쇼츠,요즘 쇼츠에 많이 보이는 유튜버 5명 쇼츠로 패러디하기 6탄 #Shorts,https://www.youtube.com/watch?v=NPnT3TwAxH4,나 먹스나님에서 유튭 한판만 보고 7살때 배속인줄 몰라서 밥먹을때마다 빠르게 먹었는데 살 오지게 찜ㅋㅋㅋㅋㅋㅋㅋㅋㅋㅋ
쇼츠,요즘 쇼츠에 많이 보이는 유튜버 5명 쇼츠로 패러디하기 6탄 #Shorts,https://www.youtube.com/watch?v=NPnT3TwAxH4,알고리즘의 문제가ㄷㄷ
쇼츠,요즘 쇼츠에 많이 보이는 유튜버 5명 쇼츠로 패러디하기 6탄 #Shorts,https://www.youtube.com/watch?v=NPnT3TwAxH4,먹는데 배속하는거 필수임 ㅋㅋㅋ
쇼츠,요즘 쇼츠에 많이 보이는 유튜버 5명 쇼츠로 패러디하기 6탄 #Shorts,https://www.youtube.com/watch?v=NPnT3TwAxH4,맛없는걸 나만 알았다고?
쇼츠,요즘 쇼츠에 많이 보이는 유튜버 5명 쇼츠로 패러디하기 6탄 #Shorts,https://www.youtube.com/watch?v=NPnT3TwAxH4,아니 뭐야 잃게 맛없는걸 나만 알았다고? ㅋㅋㅋㅋ 겁나 웃기네
쇼츠,요즘 쇼츠에 많이 보이는 유튜버 5명 쇼츠로 패러디하기 6탄 #Shorts,https://www.youtube.com/watch?v=NPnT3TwAxH4,레시피 못만드는 남자<br>레못남
쇼츠,요즘 쇼츠에 많이 보이는 유튜버 5명 쇼츠로 패러디하기 6탄 #Shorts,https://www.youtube.com/watch?v=NPnT3TwAxH4,자곰님은 자막 밑에 영어가 영어 번역이 아니잖아요ㅋㅋ
쇼츠,요즘 쇼츠에 많이 보이는 유튜버 5명 쇼츠로 패러디하기 6탄 #Shorts,https://www.youtube.com/watch?v=NPnT3TwAxH4,ㅋㅋㅋㅋ
쇼츠,요즘 쇼츠에 많이 보이는 유튜버 5명 쇼츠로 패러디하기 6탄 #Shorts,https://www.youtube.com/watch?v=NPnT3TwAxH4,랜던 음료수 고르는데 맥주가 왜 있냐고 ㅋㅋㅋ
쇼츠,요즘 쇼츠에 많이 보이는 유튜버 5명 쇼츠로 패러디하기 6탄 #Shorts,https://www.youtube.com/watch?v=NPnT3TwAxH4,아시바 아 마지막 보고 나 진짜ㄷ죽었음
쇼츠,요즘 쇼츠에 많이 보이는 유튜버 5명 쇼츠로 패러디하기 6탄 #Shorts,https://www.youtube.com/watch?v=NPnT3TwAxH4,퀵😂😂😂😂😂
쇼츠,요즘 쇼츠에 많이 보이는 유튜버 5명 쇼츠로 패러디하기 6탄 #Shorts,https://www.youtube.com/watch?v=NPnT3TwAxH4,&quot;쇼츠 1세대&quot;
쇼츠,요즘 쇼츠에 많이 보이는 유튜버 5명 쇼츠로 패러디하기 6탄 #Shorts,https://www.youtube.com/watch?v=NPnT3TwAxH4,이렇게 맛없는걸 나만알았다고? 에서 터짐ㅋㅋㅋ
쇼츠,요즘 쇼츠에 많이 보이는 유튜버 5명 쇼츠로 패러디하기 6탄 #Shorts,https://www.youtube.com/watch?v=NPnT3TwAxH4,😢버터떽해주세요
쇼츠,요즘 쇼츠에 많이 보이는 유튜버 5명 쇼츠로 패러디하기 6탄 #Shorts,https://www.youtube.com/watch?v=NPnT3TwAxH4,자곰님은 어디가셨지?
쇼츠,요즘 쇼츠에 많이 보이는 유튜버 5명 쇼츠로 패러디하기 6탄 #Shorts,https://www.youtube.com/watch?v=NPnT3TwAxH4,아닠ㅋㅋㅋ 첨엔 뭐지 했는데 너무 웃겨욬ㅋㅋ
쇼츠,요즘 쇼츠에 많이 보이는 유튜버 5명 쇼츠로 패러디하기 6탄 #Shorts,https://www.youtube.com/watch?v=NPnT3TwAxH4,이게 왜 지금 뜨는데요 ㅋㅋㅋㅋㅋ
쇼츠,요즘 쇼츠에 많이 보이는 유튜버 5명 쇼츠로 패러디하기 6탄 #Shorts,https://www.youtube.com/watch?v=NPnT3TwAxH4,아 뭐야 이거 이사람 꺼 였네 ㅋㅋㅋㅋㅋ
쇼츠,요즘 쇼츠에 많이 보이는 유튜버 5명 쇼츠로 패러디하기 6탄 #Shorts,https://www.youtube.com/watch?v=NPnT3TwAxH4,마지막 개웃기네 ㅋㅋ
쇼츠,요즘 쇼츠에 많이 보이는 유튜버 5명 쇼츠로 패러디하기 6탄 #Shorts,https://www.youtube.com/watch?v=NPnT3TwAxH4,음료 뽑았을때 웃참 하신거 같은데 ㅋㅋㅋ
쇼츠,요즘 쇼츠에 많이 보이는 유튜버 5명 쇼츠로 패러디하기 6탄 #Shorts,https://www.youtube.com/watch?v=NPnT3TwAxH4,렛츠교우님 인기순으로 영상 정주행하기이 😆😆
쇼츠,요즘 쇼츠에 많이 보이는 유튜버 5명 쇼츠로 패러디하기 6탄 #Shorts,https://www.youtube.com/watch?v=NPnT3TwAxH4,먹고싶다
쇼츠,요즘 쇼츠에 많이 보이는 유튜버 5명 쇼츠로 패러디하기 6탄 #Shorts,https://www.youtube.com/watch?v=NPnT3TwAxH4,인기순으로 보러온사람<br>👇<br>👇<br>👇
쇼츠,요즘 쇼츠에 많이 보이는 유튜버 5명 쇼츠로 패러디하기 6탄 #Shorts,https://www.youtube.com/watch?v=NPnT3TwAxH4,여기나온유튜버들있을줄알고온사람<br>ㅜ<br>ㅜ
쇼츠,요즘 쇼츠에 많이 보이는 유튜버 5명 쇼츠로 패러디하기 6탄 #Shorts,https://www.youtube.com/watch?v=NPnT3TwAxH4,웃기다
쇼츠,요즘 쇼츠에 많이 보이는 유튜버 5명 쇼츠로 패러디하기 6탄 #Shorts,https://www.youtube.com/watch?v=NPnT3TwAxH4,맛있게당 ㅠ
쇼츠,요즘 쇼츠에 많이 보이는 유튜버 5명 쇼츠로 패러디하기 6탄 #Shorts,https://www.youtube.com/watch?v=NPnT3TwAxH4,쥬시쿨 이랑 갈배는 섞으면 ㄱ맛있는데 초코에몽은..
쇼츠,요즘 쇼츠에 많이 보이는 유튜버 5명 쇼츠로 패러디하기 6탄 #Shorts,https://www.youtube.com/watch?v=NPnT3TwAxH4,2026년에본는사람
쇼츠,요즘 쇼츠에 많이 보이는 유튜버 5명 쇼츠로 패러디하기 6탄 #Shorts,https://www.youtube.com/watch?v=NPnT3TwAxH4,쓸대없이 잘했네ㅋㅋㅋ
쇼츠,요즘 쇼츠에 많이 보이는 유튜버 5명 쇼츠로 패러디하기 6탄 #Shorts,https://www.youtube.com/watch?v=NPnT3TwAxH4,Cocoa ajrrhtlcek zzzz
쇼츠,요즘 쇼츠에 많이 보이는 유튜버 5명 쇼츠로 패러디하기 6탄 #Shorts,https://www.youtube.com/watch?v=NPnT3TwAxH4,여자인줄ㅋㅋ
쇼츠,요즘 쇼츠에 많이 보이는 유튜버 5명 쇼츠로 패러디하기 6탄 #Shorts,https://www.youtube.com/watch?v=NPnT3TwAxH4,ㅋ
쇼츠,요즘 쇼츠에 많이 보이는 유튜버 5명 쇼츠로 패러디하기 6탄 #Shorts,https://www.youtube.com/watch?v=NPnT3TwAxH4,화이팅입니다
쇼츠,요즘 쇼츠에 많이 보이는 유튜버 5명 쇼츠로 패러디하기 6탄 #Shorts,https://www.youtube.com/watch?v=NPnT3TwAxH4,똥같다
쇼츠,요즘 쇼츠에 많이 보이는 유튜버 5명 쇼츠로 패러디하기 6탄 #Shorts,https://www.youtube.com/watch?v=NPnT3TwAxH4,목소리가좋아요그래서<br>촣아요해서요
쇼츠,요즘 쇼츠에 많이 보이는 유튜버 5명 쇼츠로 패러디하기 6탄 #Shorts,https://www.youtube.com/watch?v=NPnT3TwAxH4,4.자곰떄 토나오는맛이란 자막일때 이상한영어가 있는데 이걸 컴퓨터로 한국어로치면&#39;우웩 진짜 개노맛&#39;이라 합니다
쇼츠,요즘 쇼츠에 많이 보이는 유튜버 5명 쇼츠로 패러디하기 6탄 #Shorts,https://www.youtube.com/watch?v=NPnT3TwAxH4,왜마지막에 맥주가?
쇼츠,요즘 쇼츠에 많이 보이는 유튜버 5명 쇼츠로 패러디하기 6탄 #Shorts,https://www.youtube.com/watch?v=NPnT3TwAxH4,ㅋㅋㅋ
쇼츠,요즘 쇼츠에 많이 보이는 유튜버 5명 쇼츠로 패러디하기 6탄 #Shorts,https://www.youtube.com/watch?v=NPnT3TwAxH4,왜 맛없는걸 알려주세요?
쇼츠,요즘 쇼츠에 많이 보이는 유튜버 5명 쇼츠로 패러디하기 6탄 #Shorts,https://www.youtube.com/watch?v=NPnT3TwAxH4,그래서 맛있나여? (죄송하지만 게으름에 충실한 편)
쇼츠,요즘 쇼츠에 많이 보이는 유튜버 5명 쇼츠로 패러디하기 6탄 #Shorts,https://www.youtube.com/watch?v=NPnT3TwAxH4,"1번,2번,3번,5번만 봄"
쇼츠,요즘 쇼츠에 많이 보이는 유튜버 5명 쇼츠로 패러디하기 6탄 #Shorts,https://www.youtube.com/watch?v=NPnT3TwAxH4,이사람들 댓글로 오면 좋겟다 ㄹㅇㅋ
쇼츠,요즘 쇼츠에 많이 보이는 유튜버 5명 쇼츠로 패러디하기 6탄 #Shorts,https://www.youtube.com/watch?v=NPnT3TwAxH4,3750빠
쇼츠,요즘 쇼츠에 많이 보이는 유튜버 5명 쇼츠로 패러디하기 6탄 #Shorts,https://www.youtube.com/watch?v=NPnT3TwAxH4,2025년에 보는사람<br>ㅜ<br>ㅜ
쇼츠,요즘 쇼츠에 많이 보이는 유튜버 5명 쇼츠로 패러디하기 6탄 #Shorts,https://www.youtube.com/watch?v=NPnT3TwAxH4,에초에 저럼것을 어디서 배우는거야 ㅋㅋㅋㅋㅋ
쇼츠,요즘 쇼츠에 많이 보이는 유튜버 5명 쇼츠로 패러디하기 6탄 #Shorts,https://www.youtube.com/watch?v=NPnT3TwAxH4,이분이 렛츠교우였음??ㅋㅋㅋㅋ<br>1~2년쯤 전에 보고 개웃기다 생각 했는데ㅋㅋㅋㅋ
쇼츠,요즘 쇼츠에 많이 보이는 유튜버 5명 쇼츠로 패러디하기 6탄 #Shorts,https://www.youtube.com/watch?v=NPnT3TwAxH4,흰색옷 불편해..ㅠㅋㅋ
쇼츠,요즘 쇼츠에 많이 보이는 유튜버 5명 쇼츠로 패러디하기 6탄 #Shorts,https://www.youtube.com/watch?v=NPnT3TwAxH4,옜 채널도요<br><br>와~ 이걸모른다고?
쇼츠,요즘 쇼츠에 많이 보이는 유튜버 5명 쇼츠로 패러디하기 6탄 #Shorts,https://www.youtube.com/watch?v=NPnT3TwAxH4,맛 없는거 ㅈㄴ웃기네ㅜㅋㅋㅋㅋㅋㅋ
쇼츠,요즘 쇼츠에 많이 보이는 유튜버 5명 쇼츠로 패러디하기 6탄 #Shorts,https://www.youtube.com/watch?v=NPnT3TwAxH4,흰색 옷 불편ㅋㅋ
쇼츠,요즘 쇼츠에 많이 보이는 유튜버 5명 쇼츠로 패러디하기 6탄 #Shorts,https://www.youtube.com/watch?v=NPnT3TwAxH4,목소리엄청똑같아 ㅋㅋ
쇼츠,요즘 쇼츠에 많이 보이는 유튜버 5명 쇼츠로 패러디하기 6탄 #Shorts,https://www.youtube.com/watch?v=NPnT3TwAxH4,자곰 ㅋㅋㅋㅋㅋㅋ 아 개웃겨
쇼츠,요즘 쇼츠에 많이 보이는 유튜버 5명 쇼츠로 패러디하기 6탄 #Shorts,https://www.youtube.com/watch?v=NPnT3TwAxH4,먹스나가왜 수염이...
쇼츠,요즘 쇼츠에 많이 보이는 유튜버 5명 쇼츠로 패러디하기 6탄 #Shorts,https://www.youtube.com/watch?v=NPnT3TwAxH4,ㅋㅋㅋ
쇼츠,요즘 쇼츠에 많이 보이는 유튜버 5명 쇼츠로 패러디하기 6탄 #Shorts,https://www.youtube.com/watch?v=NPnT3TwAxH4,악토미이크?
쇼츠,요즘 쇼츠에 많이 보이는 유튜버 5명 쇼츠로 패러디하기 6탄 #Shorts,https://www.youtube.com/watch?v=NPnT3TwAxH4,자곰님 나오나?
쇼츠,요즘 쇼츠에 많이 보이는 유튜버 5명 쇼츠로 패러디하기 6탄 #Shorts,https://www.youtube.com/watch?v=NPnT3TwAxH4,처음건 맜있던데......
쇼츠,요즘 쇼츠에 많이 보이는 유튜버 5명 쇼츠로 패러디하기 6탄 #Shorts,https://www.youtube.com/watch?v=NPnT3TwAxH4,ㅇㅇ
쇼츠,요즘 쇼츠에 많이 보이는 유튜버 5명 쇼츠로 패러디하기 6탄 #Shorts,https://www.youtube.com/watch?v=NPnT3TwAxH4,ㅇㅇ
쇼츠,요즘 쇼츠에 많이 보이는 유튜버 5명 쇼츠로 패러디하기 6탄 #Shorts,https://www.youtube.com/watch?v=NPnT3TwAxH4,3번째거 그분 진짜 닮았어용ㅋㅎ<br>(제 의견입니당
쇼츠,요즘 쇼츠에 많이 보이는 유튜버 5명 쇼츠로 패러디하기 6탄 #Shorts,https://www.youtube.com/watch?v=NPnT3TwAxH4,ㅋㅋㅋ
쇼츠,요즘 쇼츠에 많이 보이는 유튜버 5명 쇼츠로 패러디하기 6탄 #Shorts,https://www.youtube.com/watch?v=NPnT3TwAxH4,"먹스나,자곰이랑 누구더라?"
쇼츠,요즘 쇼츠에 많이 보이는 유튜버 5명 쇼츠로 패러디하기 6탄 #Shorts,https://www.youtube.com/watch?v=NPnT3TwAxH4,앜ㅋㅋㅋ 이거보고 영상 넘겼는데 먹스나밍 영상나왔엌ㅋㅋㅋㅋㅋㅋ
쇼츠,요즘 쇼츠에 많이 보이는 유튜버 5명 쇼츠로 패러디하기 6탄 #Shorts,https://www.youtube.com/watch?v=NPnT3TwAxH4,자곰님 목소리톤이랑 똑같은 것 같은데요😮
쇼츠,요즘 쇼츠에 많이 보이는 유튜버 5명 쇼츠로 패러디하기 6탄 #Shorts,https://www.youtube.com/watch?v=NPnT3TwAxH4,2025년에 본사람??😊<br>👇
쇼츠,요즘 쇼츠에 많이 보이는 유튜버 5명 쇼츠로 패러디하기 6탄 #Shorts,https://www.youtube.com/watch?v=NPnT3TwAxH4,ㅇㄴ 먹스나님 ㅋㅎㅋㅎㅋ
쇼츠,요즘 쇼츠에 많이 보이는 유튜버 5명 쇼츠로 패러디하기 6탄 #Shorts,https://www.youtube.com/watch?v=NPnT3TwAxH4,이 굴캐릭터 이름 아시는 분 ㅠㅠ
쇼츠,요즘 쇼츠에 많이 보이는 유튜버 5명 쇼츠로 패러디하기 6탄 #Shorts,https://www.youtube.com/watch?v=NPnT3TwAxH4,왼손잡이시다
쇼츠,요즘 쇼츠에 많이 보이는 유튜버 5명 쇼츠로 패러디하기 6탄 #Shorts,https://www.youtube.com/watch?v=NPnT3TwAxH4,첫번째꺼 음료수 따라한 이상한놈은없겠지<br><br><br><br>그게나임
쇼츠,요즘 쇼츠에 많이 보이는 유튜버 5명 쇼츠로 패러디하기 6탄 #Shorts,https://www.youtube.com/watch?v=NPnT3TwAxH4,2024에도 보는사람?
쇼츠,요즘 쇼츠에 많이 보이는 유튜버 5명 쇼츠로 패러디하기 6탄 #Shorts,https://www.youtube.com/watch?v=NPnT3TwAxH4,교우님 젓가락 저랑 똑같눜ㅋ
쇼츠,요즘 쇼츠에 많이 보이는 유튜버 5명 쇼츠로 패러디하기 6탄 #Shorts,https://www.youtube.com/watch?v=NPnT3TwAxH4,ㅋㅋㅋㅋㅋ
쇼츠,요즘 쇼츠에 많이 보이는 유튜버 5명 쇼츠로 패러디하기 6탄 #Shorts,https://www.youtube.com/watch?v=NPnT3TwAxH4,먹스나님 패러디 다음에 토글씨인지?
쇼츠,요즘 쇼츠에 많이 보이는 유튜버 5명 쇼츠로 패러디하기 6탄 #Shorts,https://www.youtube.com/watch?v=NPnT3TwAxH4,토클 까지 따라하놐ㅋㅋ
쇼츠,요즘 쇼츠에 많이 보이는 유튜버 5명 쇼츠로 패러디하기 6탄 #Shorts,https://www.youtube.com/watch?v=NPnT3TwAxH4,여장하지마세요 죄입니다
쇼츠,요즘 쇼츠에 많이 보이는 유튜버 5명 쇼츠로 패러디하기 6탄 #Shorts,https://www.youtube.com/watch?v=NPnT3TwAxH4,"눈에는 눈, 솔에 눈"
쇼츠,요즘 쇼츠에 많이 보이는 유튜버 5명 쇼츠로 패러디하기 6탄 #Shorts,https://www.youtube.com/watch?v=NPnT3TwAxH4,저 처음 왔는데 저 불펌 한줄알았어요ㅋㄲ
쇼츠,요즘 쇼츠에 많이 보이는 유튜버 5명 쇼츠로 패러디하기 6탄 #Shorts,https://www.youtube.com/watch?v=NPnT3TwAxH4,"&quot;뭐야,이 맛없는걸 나만알았다고?&quot; ㅋㅋㅋ진심 개 웃기네"
쇼츠,요즘 쇼츠에 많이 보이는 유튜버 5명 쇼츠로 패러디하기 6탄 #Shorts,https://www.youtube.com/watch?v=NPnT3TwAxH4,이거댓다는거다 바꼈당
쇼츠,요즘 쇼츠에 많이 보이는 유튜버 5명 쇼츠로 패러디하기 6탄 #Shorts,https://www.youtube.com/watch?v=NPnT3TwAxH4,겁나 잘따라 한다!!😮
쇼츠,요즘 쇼츠에 많이 보이는 유튜버 5명 쇼츠로 패러디하기 6탄 #Shorts,https://www.youtube.com/watch?v=NPnT3TwAxH4,이게 2년 전이라니... 시간 빠르다😢
쇼츠,요즘 쇼츠에 많이 보이는 유튜버 5명 쇼츠로 패러디하기 6탄 #Shorts,https://www.youtube.com/watch?v=NPnT3TwAxH4,와 ㅅㅂ ㅈㄴ재미없나
쇼츠,요즘 쇼츠에 많이 보이는 유튜버 5명 쇼츠로 패러디하기 6탄 #Shorts,https://www.youtube.com/watch?v=NPnT3TwAxH4,중간에 카스는 왜나와ㅋ
쇼츠,요즘 쇼츠에 많이 보이는 유튜버 5명 쇼츠로 패러디하기 6탄 #Shorts,https://www.youtube.com/watch?v=NPnT3TwAxH4,썸네일 보고 선바인줄
쇼츠,요즘 쇼츠에 많이 보이는 유튜버 5명 쇼츠로 패러디하기 6탄 #Shorts,https://www.youtube.com/watch?v=NPnT3TwAxH4,근디왜우리한테맛없은거왜알려주세요 ㅋㅋㅋㅋ
쇼츠,요즘 쇼츠에 많이 보이는 유튜버 5명 쇼츠로 패러디하기 6탄 #Shorts,https://www.youtube.com/watch?v=NPnT3TwAxH4,아니 이분 이제보니까 흑백요리사 트리플스타 닮으심 ㅋㅋㅋㅋㅋㅋ
쇼츠,요즘 쇼츠에 많이 보이는 유튜버 5명 쇼츠로 패러디하기 6탄 #Shorts,https://www.youtube.com/watch?v=NPnT3TwAxH4,진짜웃겨요
쇼츠,요즘 쇼츠에 많이 보이는 유튜버 5명 쇼츠로 패러디하기 6탄 #Shorts,https://www.youtube.com/watch?v=NPnT3TwAxH4,너  남자잔아~
쇼츠,요즘 쇼츠에 많이 보이는 유튜버 5명 쇼츠로 패러디하기 6탄 #Shorts,https://www.youtube.com/watch?v=NPnT3TwAxH4,ㅋㅋㅋ
쇼츠,요즘 쇼츠에 많이 보이는 유튜버 5명 쇼츠로 패러디하기 6탄 #Shorts,https://www.youtube.com/watch?v=NPnT3TwAxH4,아니 자곰님 패러디할때 손으로 가린거 풀때 저 &quot;아 조졌다...&quot;하는 표정이 너무 웃김 ㅋㅋㅋㅋ
쇼츠,요즘 쇼츠에 많이 보이는 유튜버 5명 쇼츠로 패러디하기 6탄 #Shorts,https://www.youtube.com/watch?v=NPnT3TwAxH4,조짐남 왤케 닮았냐ㅋㅋㅋㅋㅋㅋㅋ
쇼츠,요즘 쇼츠에 많이 보이는 유튜버 5명 쇼츠로 패러디하기 6탄 #Shorts,https://www.youtube.com/watch?v=NPnT3TwAxH4,몬스터 ㅋㅋㅋ
쇼츠,요즘 쇼츠에 많이 보이는 유튜버 5명 쇼츠로 패러디하기 6탄 #Shorts,https://www.youtube.com/watch?v=NPnT3TwAxH4,맥주보고 터졌닼ㅋㅋㅋㅋㅋㅋㅋㅋㅋㅋ
쇼츠,요즘 쇼츠에 많이 보이는 유튜버 5명 쇼츠로 패러디하기 6탄 #Shorts,https://www.youtube.com/watch?v=NPnT3TwAxH4,"챔별님 따라해주세요!!구독도 했어요!챔별님을 소개하면 아기 이유식만드는 유튜버(?)에요.아기이유식을 질소,산소 썩어서 만들어 달라는 말.영상 잼있게보고갑니다."
쇼츠,요즘 쇼츠에 많이 보이는 유튜버 5명 쇼츠로 패러디하기 6탄 #Shorts,https://www.youtube.com/watch?v=NPnT3TwAxH4,ㅋㅋㅋㅋㅋㅋㅋㅋㅋ고무장갑
쇼츠,요즘 쇼츠에 많이 보이는 유튜버 5명 쇼츠로 패러디하기 6탄 #Shorts,https://www.youtube.com/watch?v=NPnT3TwAxH4,가발ㅋㅋ
쇼츠,요즘 쇼츠에 많이 보이는 유튜버 5명 쇼츠로 패러디하기 6탄 #Shorts,https://www.youtube.com/watch?v=NPnT3TwAxH4,할머니asmr이라 쳤는데 왜 이분이..ㅋㅋ
쇼츠,요즘 쇼츠에 많이 보이는 유튜버 5명 쇼츠로 패러디하기 6탄 #Shorts,https://www.youtube.com/watch?v=NPnT3TwAxH4,추억이네 ㅋㅋ
쇼츠,요즘 쇼츠에 많이 보이는 유튜버 5명 쇼츠로 패러디하기 6탄 #Shorts,https://www.youtube.com/watch?v=NPnT3TwAxH4,무조권 쇼츠 넘기다 나온 유튜버 ㅋㅋㅋ
쇼츠,요즘 쇼츠에 많이 보이는 유튜버 5명 쇼츠로 패러디하기 6탄 #Shorts,https://www.youtube.com/watch?v=NPnT3TwAxH4,따라하는거허락받음?
쇼츠,요즘 쇼츠에 많이 보이는 유튜버 5명 쇼츠로 패러디하기 6탄 #Shorts,https://www.youtube.com/watch?v=NPnT3TwAxH4,맛있게 먹자곰~!
쇼츠,요즘 쇼츠에 많이 보이는 유튜버 5명 쇼츠로 패러디하기 6탄 #Shorts,https://www.youtube.com/watch?v=NPnT3TwAxH4,ㅋ
쇼츠,요즘 쇼츠에 많이 보이는 유튜버 5명 쇼츠로 패러디하기 6탄 #Shorts,https://www.youtube.com/watch?v=NPnT3TwAxH4,개웃기네ㅋㅋㅋㅋㅋㅋㅋㅋㅋㅋㅋㅋㅋㅋㅋ
쇼츠,요즘 쇼츠에 많이 보이는 유튜버 5명 쇼츠로 패러디하기 6탄 #Shorts,https://www.youtube.com/watch?v=NPnT3TwAxH4,꼭 더 성공하세요 ㅋㅋㅋㅋ
쇼츠,요즘 쇼츠에 많이 보이는 유튜버 5명 쇼츠로 패러디하기 6탄 #Shorts,https://www.youtube.com/watch?v=NPnT3TwAxH4,ㅋㅋㅋ
쇼츠,요즘 쇼츠에 많이 보이는 유튜버 5명 쇼츠로 패러디하기 6탄 #Shorts,https://www.youtube.com/watch?v=NPnT3TwAxH4,자곰은 너무똑같자나욬ㅋㅋㅋ
쇼츠,요즘 쇼츠에 많이 보이는 유튜버 5명 쇼츠로 패러디하기 6탄 #Shorts,https://www.youtube.com/watch?v=NPnT3TwAxH4,와 진짜 맵질이다…
쇼츠,요즘 쇼츠에 많이 보이는 유튜버 5명 쇼츠로 패러디하기 6탄 #Shorts,https://www.youtube.com/watch?v=NPnT3TwAxH4,가발벗깈ㅋㅋㅋㅋㅋㅋㅋㅋㅋㅋㅋㅋㅋㅋ
쇼츠,요즘 쇼츠에 많이 보이는 유튜버 5명 쇼츠로 패러디하기 6탄 #Shorts,https://www.youtube.com/watch?v=NPnT3TwAxH4,조짐남 할때 약간 얼굴이 비슷했름
쇼츠,요즘 쇼츠에 많이 보이는 유튜버 5명 쇼츠로 패러디하기 6탄 #Shorts,https://www.youtube.com/watch?v=NPnT3TwAxH4,자곰님이랑 흑백돼지ㅋㅋㅋ진짜 똑같다
쇼츠,요즘 쇼츠에 많이 보이는 유튜버 5명 쇼츠로 패러디하기 6탄 #Shorts,https://www.youtube.com/watch?v=NPnT3TwAxH4,공감
쇼츠,요즘 쇼츠에 많이 보이는 유튜버 5명 쇼츠로 패러디하기 6탄 #Shorts,https://www.youtube.com/watch?v=NPnT3TwAxH4,자곰 톤 개똑같다
쇼츠,요즘 쇼츠에 많이 보이는 유튜버 5명 쇼츠로 패러디하기 6탄 #Shorts,https://www.youtube.com/watch?v=NPnT3TwAxH4,또 만들어 주세요 7탄 고고
쇼츠,요즘 쇼츠에 많이 보이는 유튜버 5명 쇼츠로 패러디하기 6탄 #Shorts,https://www.youtube.com/watch?v=NPnT3TwAxH4,먹스나:오늘은 제가 여러분들에게 하고싶은말을 적어 보았어요 맞춰보세요 초성은 ㅅㅂ입니다
쇼츠,요즘 쇼츠에 많이 보이는 유튜버 5명 쇼츠로 패러디하기 6탄 #Shorts,https://www.youtube.com/watch?v=NPnT3TwAxH4,처음에 진짜 인줄 알았네 ㅋㅋㅋㅋ 퀄리티 넘 좋은디?ᩚ!
쇼츠,요즘 쇼츠에 많이 보이는 유튜버 5명 쇼츠로 패러디하기 6탄 #Shorts,https://www.youtube.com/watch?v=NPnT3TwAxH4,먹스나 따라하지마세요
쇼츠,요즘 쇼츠에 많이 보이는 유튜버 5명 쇼츠로 패러디하기 6탄 #Shorts,https://www.youtube.com/watch?v=NPnT3TwAxH4,제목안보고봤는데 사칭인줄ㅋㅋ
쇼츠,요즘 쇼츠에 많이 보이는 유튜버 5명 쇼츠로 패러디하기 6탄 #Shorts,https://www.youtube.com/watch?v=NPnT3TwAxH4,근데 이년들 다 어디감?
쇼츠,요즘 쇼츠에 많이 보이는 유튜버 5명 쇼츠로 패러디하기 6탄 #Shorts,https://www.youtube.com/watch?v=NPnT3TwAxH4,맛없는거+맛없는거니까 당연히 맛없지ㅋㅋㅋ
쇼츠,요즘 쇼츠에 많이 보이는 유튜버 5명 쇼츠로 패러디하기 6탄 #Shorts,https://www.youtube.com/watch?v=NPnT3TwAxH4,이명박
쇼츠,요즘 쇼츠에 많이 보이는 유튜버 5명 쇼츠로 패러디하기 6탄 #Shorts,https://www.youtube.com/watch?v=NPnT3TwAxH4,겁나 잘 따라하네ㅋㅋㅋㅋ
쇼츠,요즘 쇼츠에 많이 보이는 유튜버 5명 쇼츠로 패러디하기 6탄 #Shorts,https://www.youtube.com/watch?v=NPnT3TwAxH4,ㅋ
쇼츠,요즘 쇼츠에 많이 보이는 유튜버 5명 쇼츠로 패러디하기 6탄 #Shorts,https://www.youtube.com/watch?v=NPnT3TwAxH4,나는 왜 이걸 지금 봤는가ㅋㅋㅋ 너무 재밌네요
쇼츠,요즘 쇼츠에 많이 보이는 유튜버 5명 쇼츠로 패러디하기 6탄 #Shorts,https://www.youtube.com/watch?v=NPnT3TwAxH4,자곰님 따라할때 맥주가 왜있누
쇼츠,요즘 쇼츠에 많이 보이는 유튜버 5명 쇼츠로 패러디하기 6탄 #Shorts,https://www.youtube.com/watch?v=NPnT3TwAxH4,쓸때없이 고퀄이야
쇼츠,요즘 쇼츠에 많이 보이는 유튜버 5명 쇼츠로 패러디하기 6탄 #Shorts,https://www.youtube.com/watch?v=NPnT3TwAxH4,아니 조짐남 따라하는거 소리만 들으면 개웃김<br><br>ㄱ..그래 그 안에 들어ㄱ… 아핫….<br>이번엔 진짜 가자 핫… 발싸 발싸… 발싸…! 아흣!!!
쇼츠,요즘 쇼츠에 많이 보이는 유튜버 5명 쇼츠로 패러디하기 6탄 #Shorts,https://www.youtube.com/watch?v=NPnT3TwAxH4,"레시피 읽어주는 여자, 먹스나, 자곰, 흑백리뷰ㅋㅋㅋ"
쇼츠,요즘 쇼츠에 많이 보이는 유튜버 5명 쇼츠로 패러디하기 6탄 #Shorts,https://www.youtube.com/watch?v=NPnT3TwAxH4,랜덤음료 섞어먹기 할때 영어 아무거나 쓴게 킬포..ㅋㅋ
쇼츠,요즘 쇼츠에 많이 보이는 유튜버 5명 쇼츠로 패러디하기 6탄 #Shorts,https://www.youtube.com/watch?v=NPnT3TwAxH4,솔의 눈 아니고 혐의 눈
쇼츠,요즘 쇼츠에 많이 보이는 유튜버 5명 쇼츠로 패러디하기 6탄 #Shorts,https://www.youtube.com/watch?v=NPnT3TwAxH4,ㅂ...발사 발사🥵 아악🔥🔥
쇼츠,요즘 쇼츠에 많이 보이는 유튜버 5명 쇼츠로 패러디하기 6탄 #Shorts,https://www.youtube.com/watch?v=NPnT3TwAxH4,다 똑같ㅋㅋ
쇼츠,요즘 쇼츠에 많이 보이는 유튜버 5명 쇼츠로 패러디하기 6탄 #Shorts,https://www.youtube.com/watch?v=NPnT3TwAxH4,다음 영상이 2번 영상이얔ㅋㅋㅋㅋㅋㅋㅋㅋㅋㅋㅋㅋ
쇼츠,요즘 쇼츠에 많이 보이는 유튜버 5명 쇼츠로 패러디하기 6탄 #Shorts,https://www.youtube.com/watch?v=NPnT3TwAxH4,처음에 &quot;이렇게 맛 없는 걸 나만 알았다고?&quot; 이거 때문에 너무 웃겨서 지하철에서  침 흘렸잖아요 ㅋㅋㅋㅋ ;ㅅ;<br>아..사람 많은데..8ㅁ8
쇼츠,요즘 쇼츠에 많이 보이는 유튜버 5명 쇼츠로 패러디하기 6탄 #Shorts,https://www.youtube.com/watch?v=NPnT3TwAxH4,카스가왜있어ㅋㅋ
쇼츠,요즘 쇼츠에 많이 보이는 유튜버 5명 쇼츠로 패러디하기 6탄 #Shorts,https://www.youtube.com/watch?v=NPnT3TwAxH4,똑같닼ㅋㅋㅋ
쇼츠,요즘 쇼츠에 많이 보이는 유튜버 5명 쇼츠로 패러디하기 6탄 #Shorts,https://www.youtube.com/watch?v=NPnT3TwAxH4,님들아 요즘 솔의눈 맛있어졌음 시원함
쇼츠,요즘 쇼츠에 많이 보이는 유튜버 5명 쇼츠로 패러디하기 6탄 #Shorts,https://www.youtube.com/watch?v=NPnT3TwAxH4,ㅈㄴ웃기네 ㅋㅋㅋㅋㅋㅋㅋㅋㅋㅋㅋㅋㅋ
쇼츠,요즘 쇼츠에 많이 보이는 유튜버 5명 쇼츠로 패러디하기 6탄 #Shorts,https://www.youtube.com/watch?v=NPnT3TwAxH4,아뇨.자곰님은 음료를 드시기 전에 동그랗고 큰 얼음을 넜어욬ㅋㅋㅋ
쇼츠,요즘 쇼츠에 많이 보이는 유튜버 5명 쇼츠로 패러디하기 6탄 #Shorts,https://www.youtube.com/watch?v=NPnT3TwAxH4,왜 이 영상을 지금 봤죠???넘 재밌어여ㅋㅎㅎㅋㅎㅋ
쇼츠,요즘 쇼츠에 많이 보이는 유튜버 5명 쇼츠로 패러디하기 6탄 #Shorts,https://www.youtube.com/watch?v=NPnT3TwAxH4,꼭 한번 먹어보세요는 자기만 당할 수 없다 이런 마인든데ㅋㅋㅋ
쇼츠,요즘 쇼츠에 많이 보이는 유튜버 5명 쇼츠로 패러디하기 6탄 #Shorts,https://www.youtube.com/watch?v=NPnT3TwAxH4,왜 똑같음?ㅋㅋㅋㅋ
쇼츠,요즘 쇼츠에 많이 보이는 유튜버 5명 쇼츠로 패러디하기 6탄 #Shorts,https://www.youtube.com/watch?v=NPnT3TwAxH4,앜ㅋㅋㅋㅋㅋㅇㅈ하기 싫은뎈ㅋㅋㅋㅇㅈ이 왜됰ㅋㅋㅋ?
쇼츠,요즘 쇼츠에 많이 보이는 유튜버 5명 쇼츠로 패러디하기 6탄 #Shorts,https://www.youtube.com/watch?v=NPnT3TwAxH4,누군가가문득문득스쳐감ㅋㅋㅋㅋㅋㅋㅋㅋㅋㅋㅋㅋㅋㅋㅋㅋㅋㅋㅋㅋㅋㅋ
쇼츠,요즘 쇼츠에 많이 보이는 유튜버 5명 쇼츠로 패러디하기 6탄 #Shorts,https://www.youtube.com/watch?v=NPnT3TwAxH4,레읽녀 할때 고무장갑부터 존나 웃기넼ㅋㅋㅋ
쇼츠,요즘 쇼츠에 많이 보이는 유튜버 5명 쇼츠로 패러디하기 6탄 #Shorts,https://www.youtube.com/watch?v=NPnT3TwAxH4,전부다 처음봄.. 이게 왜 내 알고리즘에 떴을까
쇼츠,요즘 쇼츠에 많이 보이는 유튜버 5명 쇼츠로 패러디하기 6탄 #Shorts,https://www.youtube.com/watch?v=NPnT3TwAxH4,ㅋㅋㅋㅋㅋ짇짜 특징 잘 잡으시네여
쇼츠,요즘 쇼츠에 많이 보이는 유튜버 5명 쇼츠로 패러디하기 6탄 #Shorts,https://www.youtube.com/watch?v=NPnT3TwAxH4,ㅇㅈ
쇼츠,요즘 쇼츠에 많이 보이는 유튜버 5명 쇼츠로 패러디하기 6탄 #Shorts,https://www.youtube.com/watch?v=NPnT3TwAxH4,“여기한 남성이 유명유튜버들을 따라하는데요”
쇼츠,요즘 쇼츠에 많이 보이는 유튜버 5명 쇼츠로 패러디하기 6탄 #Shorts,https://www.youtube.com/watch?v=NPnT3TwAxH4,지금먹스나님따라한겁니까?
쇼츠,요즘 쇼츠에 많이 보이는 유튜버 5명 쇼츠로 패러디하기 6탄 #Shorts,https://www.youtube.com/watch?v=NPnT3TwAxH4,랜덤음
쇼츠,요즘 쇼츠에 많이 보이는 유튜버 5명 쇼츠로 패러디하기 6탄 #Shorts,https://www.youtube.com/watch?v=NPnT3TwAxH4,이렇게 맛업다곸ㅋㅋㅋ
쇼츠,요즘 쇼츠에 많이 보이는 유튜버 5명 쇼츠로 패러디하기 6탄 #Shorts,https://www.youtube.com/watch?v=NPnT3TwAxH4,카스 왜나오는데ㅋㅋㅋㅋ
쇼츠,요즘 쇼츠에 많이 보이는 유튜버 5명 쇼츠로 패러디하기 6탄 #Shorts,https://www.youtube.com/watch?v=NPnT3TwAxH4,"패러디넘웃곀ㅋㅋㅋ레시피읽어주는여자랑먹스나,조진남,자곰?!1분안에몇명의유튜버을따라하는거얔ㅋㅋㅋ이거도대단하넼ㅋㅋ"
쇼츠,요즘 쇼츠에 많이 보이는 유튜버 5명 쇼츠로 패러디하기 6탄 #Shorts,https://www.youtube.com/watch?v=NPnT3TwAxH4,진짜 똑같다ㅋㅋ
쇼츠,요즘 쇼츠에 많이 보이는 유튜버 5명 쇼츠로 패러디하기 6탄 #Shorts,https://www.youtube.com/watch?v=NPnT3TwAxH4,아니1번째음식없을때왜…한판만님따라해여…(악플아님니다…기분나쁘셨다면죄송합니다…한판만님따라하는거싫어하실까봐그랬습니다…)
쇼츠,요즘 쇼츠에 많이 보이는 유튜버 5명 쇼츠로 패러디하기 6탄 #Shorts,https://www.youtube.com/watch?v=NPnT3TwAxH4,아닠 ㅋㅋㅋ넘웃기고기여워용&gt;&lt;
쇼츠,요즘 쇼츠에 많이 보이는 유튜버 5명 쇼츠로 패러디하기 6탄 #Shorts,https://www.youtube.com/watch?v=NPnT3TwAxH4,이건엄마계정이지만광자빌런이랑해도됄뜻ㅋㅋㅋㅋ😂😂😂
쇼츠,요즘 쇼츠에 많이 보이는 유튜버 5명 쇼츠로 패러디하기 6탄 #Shorts,https://www.youtube.com/watch?v=NPnT3TwAxH4,진짜 조짐남이냌ㅋ
쇼츠,요즘 쇼츠에 많이 보이는 유튜버 5명 쇼츠로 패러디하기 6탄 #Shorts,https://www.youtube.com/watch?v=NPnT3TwAxH4,먹스나 짭퉁
쇼츠,요즘 쇼츠에 많이 보이는 유튜버 5명 쇼츠로 패러디하기 6탄 #Shorts,https://www.youtube.com/watch?v=NPnT3TwAxH4,조진남은돼게똑같다
쇼츠,요즘 쇼츠에 많이 보이는 유튜버 5명 쇼츠로 패러디하기 6탄 #Shorts,https://www.youtube.com/watch?v=NPnT3TwAxH4,개웃김
쇼츠,요즘 쇼츠에 많이 보이는 유튜버 5명 쇼츠로 패러디하기 6탄 #Shorts,https://www.youtube.com/watch?v=NPnT3TwAxH4,패러디 당할때까지 유튜브 열심히 하겠습니다
쇼츠,요즘 쇼츠에 많이 보이는 유튜버 5명 쇼츠로 패러디하기 6탄 #Shorts,https://www.youtube.com/watch?v=NPnT3TwAxH4,이 분 왜 안뜨심..ㅠ
쇼츠,요즘 쇼츠에 많이 보이는 유튜버 5명 쇼츠로 패러디하기 6탄 #Shorts,https://www.youtube.com/watch?v=NPnT3TwAxH4,재밌게 돌려까네
쇼츠,요즘 쇼츠에 많이 보이는 유튜버 5명 쇼츠로 패러디하기 6탄 #Shorts,https://www.youtube.com/watch?v=NPnT3TwAxH4,ㅅㅂ 남자여 여자야 ㅂ신 왜 이런짓꺼리야
쇼츠,요즘 쇼츠에 많이 보이는 유튜버 5명 쇼츠로 패러디하기 6탄 #Shorts,https://www.youtube.com/watch?v=NPnT3TwAxH4,고소해랔ㅋㅋㅋ
쇼츠,요즘 쇼츠에 많이 보이는 유튜버 5명 쇼츠로 패러디하기 6탄 #Shorts,https://www.youtube.com/watch?v=NPnT3TwAxH4,이건 맛있을 수가 없는 조합인데?
쇼츠,요즘 쇼츠에 많이 보이는 유튜버 5명 쇼츠로 패러디하기 6탄 #Shorts,https://www.youtube.com/watch?v=NPnT3TwAxH4,ㅋㅋㅋㅋㅋㅋㅋㅋㅋㅋㅋㅋㅋㅋㅋㅋㅋㅋㅋㅋㅋㅋㅋㅋㅋㅋㅋㅋㅋㅋㅋㅋㅋㅋㅋㅋㅋㅋㅋㅋㅋㅋㅋㅋ존나똑같노
쇼츠,요즘 쇼츠에 많이 보이는 유튜버 5명 쇼츠로 패러디하기 6탄 #Shorts,https://www.youtube.com/watch?v=NPnT3TwAxH4,여기서 자곰님이 나오니까 밑에서 자곰님 영상 나왔어요 ㅋㅋ
쇼츠,요즘 쇼츠에 많이 보이는 유튜버 5명 쇼츠로 패러디하기 6탄 #Shorts,https://www.youtube.com/watch?v=NPnT3TwAxH4,바로밑 영상에 5명 연달아 나옴요 ㅋㅋㅋㅋㅋㅋ
쇼츠,요즘 쇼츠에 많이 보이는 유튜버 5명 쇼츠로 패러디하기 6탄 #Shorts,https://www.youtube.com/watch?v=NPnT3TwAxH4,그와중에 싱크로율 100%라 더 웃긴게 킬포ㅋㅋㅋㅋㅋㅋ
쇼츠,요즘 쇼츠에 많이 보이는 유튜버 5명 쇼츠로 패러디하기 6탄 #Shorts,https://www.youtube.com/watch?v=NPnT3TwAxH4,토나오는맛ㅋㅋ
쇼츠,요즘 쇼츠에 많이 보이는 유튜버 5명 쇼츠로 패러디하기 6탄 #Shorts,https://www.youtube.com/watch?v=NPnT3TwAxH4,여자목소리 내신게 라도여자랍니다 그 분하고 비슷해요
쇼츠,요즘 쇼츠에 많이 보이는 유튜버 5명 쇼츠로 패러디하기 6탄 #Shorts,https://www.youtube.com/watch?v=NPnT3TwAxH4,ㅋㅋㅋ 아니 왜 비슷한데ㅋㅋㅋ
쇼츠,요즘 쇼츠에 많이 보이는 유튜버 5명 쇼츠로 패러디하기 6탄 #Shorts,https://www.youtube.com/watch?v=NPnT3TwAxH4,또맛없게만드는방법있어요/아침햇살+이프로+고구마우유/기말고사할때좋대요😊
쇼츠,요즘 쇼츠에 많이 보이는 유튜버 5명 쇼츠로 패러디하기 6탄 #Shorts,https://www.youtube.com/watch?v=NPnT3TwAxH4,ㅋㅋㅋㅋㅋㅋㅋㅋㅋ
쇼츠,요즘 쇼츠에 많이 보이는 유튜버 5명 쇼츠로 패러디하기 6탄 #Shorts,https://www.youtube.com/watch?v=NPnT3TwAxH4,아니 알 몰 뭐얔ㅋㅋㅋㅋㅋㅋㅋㅋㅋㅋ
쇼츠,요즘 쇼츠에 많이 보이는 유튜버 5명 쇼츠로 패러디하기 6탄 #Shorts,https://www.youtube.com/watch?v=NPnT3TwAxH4,썸네일 팔로알톤줄;
쇼츠,요즘 쇼츠에 많이 보이는 유튜버 5명 쇼츠로 패러디하기 6탄 #Shorts,https://www.youtube.com/watch?v=NPnT3TwAxH4,와 진짜 패러디 잘하셨당 ㅋㅋ 구독 눌르고 갑니다.😂🎉
쇼츠,요즘 쇼츠에 많이 보이는 유튜버 5명 쇼츠로 패러디하기 6탄 #Shorts,https://www.youtube.com/watch?v=NPnT3TwAxH4,나도 돼끼님 만나보고 싶당~❤
쇼츠,요즘 쇼츠에 많이 보이는 유튜버 5명 쇼츠로 패러디하기 6탄 #Shorts,https://www.youtube.com/watch?v=NPnT3TwAxH4,ㅋㅋㅋㅋ 진짜 ㅋ
쇼츠,요즘 쇼츠에 많이 보이는 유튜버 5명 쇼츠로 패러디하기 6탄 #Shorts,https://www.youtube.com/watch?v=NPnT3TwAxH4,"멕,,멕주가!!!"
쇼츠,요즘 쇼츠에 많이 보이는 유튜버 5명 쇼츠로 패러디하기 6탄 #Shorts,https://www.youtube.com/watch?v=NPnT3TwAxH4,조짐남은 그 소리지를때 특유의 음정깨짐현상이 포인튼데ㅎㅎ
쇼츠,요즘 쇼츠에 많이 보이는 유튜버 5명 쇼츠로 패러디하기 6탄 #Shorts,https://www.youtube.com/watch?v=NPnT3TwAxH4,ㅇㄴ 자곰 유튜브에 실수로 여따가 달걸 저따가 닮.. 그나저나 자곰 패러디할때 영자막 뭔내용이에여? ㅋㅋ
쇼츠,요즘 쇼츠에 많이 보이는 유튜버 5명 쇼츠로 패러디하기 6탄 #Shorts,https://www.youtube.com/watch?v=NPnT3TwAxH4,자곰님 ㅋㅋㅋ
쇼츠,요즘 쇼츠에 많이 보이는 유튜버 5명 쇼츠로 패러디하기 6탄 #Shorts,https://www.youtube.com/watch?v=NPnT3TwAxH4,아니 먹스나님 할때 두부 너무 맛없어 하는 입과 눈인데 ㅋㅋㅋ
쇼츠,요즘 쇼츠에 많이 보이는 유튜버 5명 쇼츠로 패러디하기 6탄 #Shorts,https://www.youtube.com/watch?v=NPnT3TwAxH4,역시 소리 질르는건 황원준님이지 ㅋㅋ
쇼츠,요즘 쇼츠에 많이 보이는 유튜버 5명 쇼츠로 패러디하기 6탄 #Shorts,https://www.youtube.com/watch?v=NPnT3TwAxH4,다음엔 마법사로 가시죠
쇼츠,요즘 쇼츠에 많이 보이는 유튜버 5명 쇼츠로 패러디하기 6탄 #Shorts,https://www.youtube.com/watch?v=NPnT3TwAxH4,영어 자막잌ㅋㅋㅋㅋㅋㅋㅋ 그냥 영어자판으로 한ㄴ국어 친거잖아욬ㅋ큐ㅠ큐ㅠㅋ큨ㅋㅋㅋㅋㅋ
쇼츠,요즘 쇼츠에 많이 보이는 유튜버 5명 쇼츠로 패러디하기 6탄 #Shorts,https://www.youtube.com/watch?v=NPnT3TwAxH4,그 때는 먹어유 배운돼지 였지 하지만…<br>지금은 흑백리뷰이다
쇼츠,요즘 쇼츠에 많이 보이는 유튜버 5명 쇼츠로 패러디하기 6탄 #Shorts,https://www.youtube.com/watch?v=NPnT3TwAxH4,랜덤칵테일에서 카스나온거 왜 언급안함?
쇼츠,요즘 쇼츠에 많이 보이는 유튜버 5명 쇼츠로 패러디하기 6탄 #Shorts,https://www.youtube.com/watch?v=NPnT3TwAxH4,&quot;랜덤 음료수 섞어먹기&quot; <br>개똑같네 ㅋㅋㅋㅋㅋㅋㅋㅋㅋ
쇼츠,요즘 쇼츠에 많이 보이는 유튜버 5명 쇼츠로 패러디하기 6탄 #Shorts,https://www.youtube.com/watch?v=NPnT3TwAxH4,씨바 존나 병맛인데 존나 비슷해ㅋㅋㅋㅋ
쇼츠,요즘 쇼츠에 많이 보이는 유튜버 5명 쇼츠로 패러디하기 6탄 #Shorts,https://www.youtube.com/watch?v=NPnT3TwAxH4,진짜 존나 웃기네<br>하 ㅌㅋㅋㅌㅋㅋ
쇼츠,요즘 쇼츠에 많이 보이는 유튜버 5명 쇼츠로 패러디하기 6탄 #Shorts,https://www.youtube.com/watch?v=NPnT3TwAxH4,영상 퍼오는 양산형 유튜버 마크 양산형 유튜버 주작 유튜버 양산형 유튜버가 80%를 차지 하고 있는 지금보니 저때가 그립다 ㅠㅠ
쇼츠,요즘 쇼츠에 많이 보이는 유튜버 5명 쇼츠로 패러디하기 6탄 #Shorts,https://www.youtube.com/watch?v=NPnT3TwAxH4,"<a href=""https://www.youtube.com/watch?v=NPnT3TwAxH4&amp;t=20"">0:20</a>"
쇼츠,요즘 쇼츠에 많이 보이는 유튜버 5명 쇼츠로 패러디하기 6탄 #Shorts,https://www.youtube.com/watch?v=NPnT3TwAxH4,어..먹스나님..성형하셨어요...? 어디에요? 망했는데..얼굴 괜찮아요?
쇼츠,“사람 탈 쓴 동물이 나타났다”#쇼츠 #shorts #viral #fyp #유튜브쇼츠#유연성끝판왕 #인간아님 #움직임실화냐 #개구리점프 #게걷기,https://www.youtube.com/watch?v=FkgRikEFa3o,대박...이네요
쇼츠,“사람 탈 쓴 동물이 나타났다”#쇼츠 #shorts #viral #fyp #유튜브쇼츠#유연성끝판왕 #인간아님 #움직임실화냐 #개구리점프 #게걷기,https://www.youtube.com/watch?v=FkgRikEFa3o,흑인이네
쇼츠,“사람 탈 쓴 동물이 나타났다”#쇼츠 #shorts #viral #fyp #유튜브쇼츠#유연성끝판왕 #인간아님 #움직임실화냐 #개구리점프 #게걷기,https://www.youtube.com/watch?v=FkgRikEFa3o,이름이 뭐예요
쇼츠,“사람 탈 쓴 동물이 나타났다”#쇼츠 #shorts #viral #fyp #유튜브쇼츠#유연성끝판왕 #인간아님 #움직임실화냐 #개구리점프 #게걷기,https://www.youtube.com/watch?v=FkgRikEFa3o,허락받고 올리는 거임?
쇼츠,“사람 탈 쓴 동물이 나타났다”#쇼츠 #shorts #viral #fyp #유튜브쇼츠#유연성끝판왕 #인간아님 #움직임실화냐 #개구리점프 #게걷기,https://www.youtube.com/watch?v=FkgRikEFa3o,이거 어디서 가져오심? ㅎ
쇼츠,“사람 탈 쓴 동물이 나타났다”#쇼츠 #shorts #viral #fyp #유튜브쇼츠#유연성끝판왕 #인간아님 #움직임실화냐 #개구리점프 #게걷기,https://www.youtube.com/watch?v=FkgRikEFa3o,사람 아니라며 ㅇㅈㄹㄱ
쇼츠,“사람 탈 쓴 동물이 나타났다”#쇼츠 #shorts #viral #fyp #유튜브쇼츠#유연성끝판왕 #인간아님 #움직임실화냐 #개구리점프 #게걷기,https://www.youtube.com/watch?v=FkgRikEFa3o,유연성이 레전드다
쇼츠,“사람 탈 쓴 동물이 나타났다”#쇼츠 #shorts #viral #fyp #유튜브쇼츠#유연성끝판왕 #인간아님 #움직임실화냐 #개구리점프 #게걷기,https://www.youtube.com/watch?v=FkgRikEFa3o,실제에요주작이예용?
쇼츠,“사람 탈 쓴 동물이 나타났다”#쇼츠 #shorts #viral #fyp #유튜브쇼츠#유연성끝판왕 #인간아님 #움직임실화냐 #개구리점프 #게걷기,https://www.youtube.com/watch?v=FkgRikEFa3o,이게모염...이상해요...
쇼츠,“사람 탈 쓴 동물이 나타났다”#쇼츠 #shorts #viral #fyp #유튜브쇼츠#유연성끝판왕 #인간아님 #움직임실화냐 #개구리점프 #게걷기,https://www.youtube.com/watch?v=FkgRikEFa3o,신기해요
쇼츠,“사람 탈 쓴 동물이 나타났다”#쇼츠 #shorts #viral #fyp #유튜브쇼츠#유연성끝판왕 #인간아님 #움직임실화냐 #개구리점프 #게걷기,https://www.youtube.com/watch?v=FkgRikEFa3o,진짜 이름이 뭔데요??❤
쇼츠,“사람 탈 쓴 동물이 나타났다”#쇼츠 #shorts #viral #fyp #유튜브쇼츠#유연성끝판왕 #인간아님 #움직임실화냐 #개구리점프 #게걷기,https://www.youtube.com/watch?v=FkgRikEFa3o,유연성이............
쇼츠,“사람 탈 쓴 동물이 나타났다”#쇼츠 #shorts #viral #fyp #유튜브쇼츠#유연성끝판왕 #인간아님 #움직임실화냐 #개구리점프 #게걷기,https://www.youtube.com/watch?v=FkgRikEFa3o,🎉🎉축하해요❤ 저도 그러게 해보고 싶어요❤❤🎉😮😮
쇼츠,당근 조리방법별 혈당 비교 #조이키토 #영양식 #꿀팁 #쇼츠,https://www.youtube.com/watch?v=Cug3LPMRnBE,당근 올라서 안먹었는데 생당근은 안오르네요~~~
쇼츠,당근 조리방법별 혈당 비교 #조이키토 #영양식 #꿀팁 #쇼츠,https://www.youtube.com/watch?v=Cug3LPMRnBE,"키토님<br>문의 드립니다.<br>피클은 따로 레서피가 있으신지요<br>아님 시중 레서피대로<br>식초 설탕 넣코 한걸 말씀하시는건가요,<br>항상 존 영상 감사드립니다."
쇼츠,당근 조리방법별 혈당 비교 #조이키토 #영양식 #꿀팁 #쇼츠,https://www.youtube.com/watch?v=Cug3LPMRnBE,당근 오일 뿌려 구워먹는거도 마찬가지일까요? 오일이 좀 혈당 오르는걸 방지해 줄까요 아님 미비할까요
쇼츠,당근 조리방법별 혈당 비교 #조이키토 #영양식 #꿀팁 #쇼츠,https://www.youtube.com/watch?v=Cug3LPMRnBE,아...ㅜㅜ<br>저 요즘 찐 당근하고 버터에 완전 빠져있는데ㅜㅜ<br>같이 먹으면 극락이거든요ㅜㅜ<br>하루에 다섯개씩 먹는데ㅜㅜ<br>당근은 참 먹기 힘든 작물같아요.<br>오일에 익혀 먹어야 제대로 흡수가 된다는데<br>익히면 혈당이 올라가구.<br>당근 먹기 힘드네여ㅜ<br>그리고 식초와 같이 먹으면 뭐가 안좋다고 본 것 같은데 아닌가요.
쇼츠,당근 조리방법별 혈당 비교 #조이키토 #영양식 #꿀팁 #쇼츠,https://www.youtube.com/watch?v=Cug3LPMRnBE,혹시 피클당근에 피클은 식초만 넣어야 할까요?
쇼츠,당근 조리방법별 혈당 비교 #조이키토 #영양식 #꿀팁 #쇼츠,https://www.youtube.com/watch?v=Cug3LPMRnBE,피클 만들 때 설탕이 들어가도 괜찮아요?
쇼츠,당근 조리방법별 혈당 비교 #조이키토 #영양식 #꿀팁 #쇼츠,https://www.youtube.com/watch?v=Cug3LPMRnBE,감사합니다 ❤❤❤❤❤
쇼츠,당근 조리방법별 혈당 비교 #조이키토 #영양식 #꿀팁 #쇼츠,https://www.youtube.com/watch?v=Cug3LPMRnBE,"당근 푹 쪄드시는 분 ✋<br>전당뇨라면 그게 제일 위험해요.<br>같은 당근 100g, 직접 먹어봤어요<br><br>🥕 쪄먹기: 95 → 165 (+75)<br>🥕 생당근: 92 → 110 (+18)<br>🥕 피클: 103 → 97 (-6)<br>쪄먹은 당근, 라면 한 그릇 식후혈당과 비슷하네요<br>피클은 오히려 내려갔어요.<br>식초가 당 흡수를 늦춰준 거죠.<br><br>전당뇨라면<br>👉 당근은 생으로 한 줌<br>👉 또는 피클로 식전에<br><br>혈당 흔들리는 분들,<br>@joyketo_official 팔로우하고 바짝 같이 관리해 당뇨 진행을 멈춰요 🙌<br><br>같은 음식, 다른 혈당.<br>다음 편은 고구마 3종 비교입니다<br><br>※ 1인 CGM 측정 사례. 혈당 반응은 개인차가 있으며, 의학적 조언이 아닙니다."
쇼츠,"삼성전자 노조, 21일 예정 총파업 강행한다 #쇼츠 #삼성전자 #노조 #총파업 #긴급조정권 #노사",https://www.youtube.com/watch?v=8R40lkx5ZPI,정신차려라
쇼츠,"삼성전자 노조, 21일 예정 총파업 강행한다 #쇼츠 #삼성전자 #노조 #총파업 #긴급조정권 #노사",https://www.youtube.com/watch?v=8R40lkx5ZPI,미개하고 이기심의 극치 한국인=중국인
쇼츠,"삼성전자 노조, 21일 예정 총파업 강행한다 #쇼츠 #삼성전자 #노조 #총파업 #긴급조정권 #노사",https://www.youtube.com/watch?v=8R40lkx5ZPI,까짓거 온누리 상품권으로 줘라ㅋ
쇼츠,"삼성전자 노조, 21일 예정 총파업 강행한다 #쇼츠 #삼성전자 #노조 #총파업 #긴급조정권 #노사",https://www.youtube.com/watch?v=8R40lkx5ZPI,한 말은 지키시길~ 그래야 노조 없애는 명분이 서겠죠
쇼츠,"삼성전자 노조, 21일 예정 총파업 강행한다 #쇼츠 #삼성전자 #노조 #총파업 #긴급조정권 #노사",https://www.youtube.com/watch?v=8R40lkx5ZPI,정치권 기어들어올라고 큰 그림 그리나??<br>뒷배경이 누구냐 ??? 중국이냐?????<br><br>관상봐라 진짜 ㅋㅋㅋ
쇼츠,"삼성전자 노조, 21일 예정 총파업 강행한다 #쇼츠 #삼성전자 #노조 #총파업 #긴급조정권 #노사",https://www.youtube.com/watch?v=8R40lkx5ZPI,나라에서힘되어삼성부터살리자대모하지못하게좀하지
쇼츠,"삼성전자 노조, 21일 예정 총파업 강행한다 #쇼츠 #삼성전자 #노조 #총파업 #긴급조정권 #노사",https://www.youtube.com/watch?v=8R40lkx5ZPI,삼성이대우가최고건만잘해주니저런다ㅉㅉ다짤라버리지
쇼츠,"삼성전자 노조, 21일 예정 총파업 강행한다 #쇼츠 #삼성전자 #노조 #총파업 #긴급조정권 #노사",https://www.youtube.com/watch?v=8R40lkx5ZPI,나라망하고저브만잘먹고잘살자고이건순친일파보다더하고빨갱이족속
쇼츠,"삼성전자 노조, 21일 예정 총파업 강행한다 #쇼츠 #삼성전자 #노조 #총파업 #긴급조정권 #노사",https://www.youtube.com/watch?v=8R40lkx5ZPI,배가쳐불러가지고 ㅋㅋ 진짜 대기업다니더니 진짜 뇌가녹앗나
쇼츠,"삼성전자 노조, 21일 예정 총파업 강행한다 #쇼츠 #삼성전자 #노조 #총파업 #긴급조정권 #노사",https://www.youtube.com/watch?v=8R40lkx5ZPI,최대 빠른시간에 물갈이 해야함<br>영업이익 없으면 직원급여 삭감 추가하는 법도 만들어야함
쇼츠,"삼성전자 노조, 21일 예정 총파업 강행한다 #쇼츠 #삼성전자 #노조 #총파업 #긴급조정권 #노사",https://www.youtube.com/watch?v=8R40lkx5ZPI,누가 점마 납치라도 해라 진짜ㅡㅡ
쇼츠,"삼성전자 노조, 21일 예정 총파업 강행한다 #쇼츠 #삼성전자 #노조 #총파업 #긴급조정권 #노사",https://www.youtube.com/watch?v=8R40lkx5ZPI,불만많게생겻노 ㅋㅋㅋㅋㅋ해고시키길ㅋㅋㅋㅋ협상안하면 중국에 기술유출????협박이 말이되냐? 가라 중국인아
쇼츠,"삼성전자 노조, 21일 예정 총파업 강행한다 #쇼츠 #삼성전자 #노조 #총파업 #긴급조정권 #노사",https://www.youtube.com/watch?v=8R40lkx5ZPI,때려잡자 최성호<br>무찌러자  최성호
쇼츠,"삼성전자 노조, 21일 예정 총파업 강행한다 #쇼츠 #삼성전자 #노조 #총파업 #긴급조정권 #노사",https://www.youtube.com/watch?v=8R40lkx5ZPI,돈 많이 벌고 싶어요? 나라를 키우세요..넓게 보지 못하는 승마네요..사람을 노조 대표로 모시세요
쇼츠,"삼성전자 노조, 21일 예정 총파업 강행한다 #쇼츠 #삼성전자 #노조 #총파업 #긴급조정권 #노사",https://www.youtube.com/watch?v=8R40lkx5ZPI,관상 그런거 안믿지만 진짜 말안통하는 개꼰대 같네
쇼츠,"삼성전자 노조, 21일 예정 총파업 강행한다 #쇼츠 #삼성전자 #노조 #총파업 #긴급조정권 #노사",https://www.youtube.com/watch?v=8R40lkx5ZPI,저놈들만 쏙 빼고 다 정상출근
쇼츠,"삼성전자 노조, 21일 예정 총파업 강행한다 #쇼츠 #삼성전자 #노조 #총파업 #긴급조정권 #노사",https://www.youtube.com/watch?v=8R40lkx5ZPI,쟤넨 국가차원에서 국적박탈하고 추방해야함 재산 몰수하고
쇼츠,"삼성전자 노조, 21일 예정 총파업 강행한다 #쇼츠 #삼성전자 #노조 #총파업 #긴급조정권 #노사",https://www.youtube.com/watch?v=8R40lkx5ZPI,위원장 1000만원씩 부당수익 받는답니다
쇼츠,"삼성전자 노조, 21일 예정 총파업 강행한다 #쇼츠 #삼성전자 #노조 #총파업 #긴급조정권 #노사",https://www.youtube.com/watch?v=8R40lkx5ZPI,파업하면 불법쟁의가 되고 빅테크 어디도 영업이익 기준으로 직원에게 돈 안준다고. 90년생아. 세상을 좀 넓게 봐라.  주주 정부 사측 다 등돌리고 있는데 되겠니?
쇼츠,"삼성전자 노조, 21일 예정 총파업 강행한다 #쇼츠 #삼성전자 #노조 #총파업 #긴급조정권 #노사",https://www.youtube.com/watch?v=8R40lkx5ZPI,그냥 문닫고 다 자르자...!!!!<br>삼성 다시 일서설 수 있다
쇼츠,"삼성전자 노조, 21일 예정 총파업 강행한다 #쇼츠 #삼성전자 #노조 #총파업 #긴급조정권 #노사",https://www.youtube.com/watch?v=8R40lkx5ZPI,합의 잘되서 다시 삼성잘되바야 좋을거없다 적자봐도 다 잘라라그냥
쇼츠,"삼성전자 노조, 21일 예정 총파업 강행한다 #쇼츠 #삼성전자 #노조 #총파업 #긴급조정권 #노사",https://www.youtube.com/watch?v=8R40lkx5ZPI,긴급조정쓰면 너네어케되는지는 알지?
쇼츠,"삼성전자 노조, 21일 예정 총파업 강행한다 #쇼츠 #삼성전자 #노조 #총파업 #긴급조정권 #노사",https://www.youtube.com/watch?v=8R40lkx5ZPI,뭘 자꾸 지연하세요 파업하세요 ㅎㅎ<br>같잖네 돈 받으려고 게속 지연 ㅎㅎ
쇼츠,"삼성전자 노조, 21일 예정 총파업 강행한다 #쇼츠 #삼성전자 #노조 #총파업 #긴급조정권 #노사",https://www.youtube.com/watch?v=8R40lkx5ZPI,"민주당이 만든 노란봉투법은  내란을  조장하는 법은 인가...... <br>이런 것이 바로 내란이다... <br>국가의 중요 산업인 삼성전자를 파괴시키려는  것은 내란과 마찬가지다.....<br>     구속 해야한다...."
쇼츠,"삼성전자 노조, 21일 예정 총파업 강행한다 #쇼츠 #삼성전자 #노조 #총파업 #긴급조정권 #노사",https://www.youtube.com/watch?v=8R40lkx5ZPI,나라에서 그냥 돈 줘라<br>노란거  합법이라 했는데<br>이제와서 안된다고 하면<br>이사람들은 뭐가 되냐?<br>그냥 5~6억 줘라<br>나중에 ai 로봇 으로 대체해도<br>나라에서 저 사람들 또 <br>돈 줘라<br>저 위원장이 적법하잖아
쇼츠,"삼성전자 노조, 21일 예정 총파업 강행한다 #쇼츠 #삼성전자 #노조 #총파업 #긴급조정권 #노사",https://www.youtube.com/watch?v=8R40lkx5ZPI,삼성노조 새끼들 잘 들어. 나도 앞으로 니들 일하러 가면 돈 많이 받겠다. 그래도 나는 내 일하고 돈 받는 거고 니들은 니들 일 하는 게 아니고 삼성 다닌다는 이유로 돈 많이 받는 거니 내가 더 양심적인 거 아니냐?
쇼츠,"삼성전자 노조, 21일 예정 총파업 강행한다 #쇼츠 #삼성전자 #노조 #총파업 #긴급조정권 #노사",https://www.youtube.com/watch?v=8R40lkx5ZPI,보기도 싫다싫어~~
쇼츠,"삼성전자 노조, 21일 예정 총파업 강행한다 #쇼츠 #삼성전자 #노조 #총파업 #긴급조정권 #노사",https://www.youtube.com/watch?v=8R40lkx5ZPI,간첩인가
쇼츠,"삼성전자 노조, 21일 예정 총파업 강행한다 #쇼츠 #삼성전자 #노조 #총파업 #긴급조정권 #노사",https://www.youtube.com/watch?v=8R40lkx5ZPI,노조원들 다 자르세요<br>회사를 갖고 장난치냐?<br>카메라 갖다대니 얼굴가리고<br>떳떳하면 쌍판대기 쳐들고 있지 <br>숨지말고 왜 쪽팔리더냐?
쇼츠,"삼성전자 노조, 21일 예정 총파업 강행한다 #쇼츠 #삼성전자 #노조 #총파업 #긴급조정권 #노사",https://www.youtube.com/watch?v=8R40lkx5ZPI,그게 적법한 거냐?<br>정부가 너희들 뒷배냐?
쇼츠,"삼성전자 노조, 21일 예정 총파업 강행한다 #쇼츠 #삼성전자 #노조 #총파업 #긴급조정권 #노사",https://www.youtube.com/watch?v=8R40lkx5ZPI,나쁜인간 나라손해가 얼마나큰데 혼줄내야  다시는 이런 인간 안나온다
쇼츠,"삼성전자 노조, 21일 예정 총파업 강행한다 #쇼츠 #삼성전자 #노조 #총파업 #긴급조정권 #노사",https://www.youtube.com/watch?v=8R40lkx5ZPI,금융치료 해줘라
쇼츠,"삼성전자 노조, 21일 예정 총파업 강행한다 #쇼츠 #삼성전자 #노조 #총파업 #긴급조정권 #노사",https://www.youtube.com/watch?v=8R40lkx5ZPI,광주공업고등학교.<br>저 동네는 암같애. 광주에 그냥 있지
쇼츠,"삼성전자 노조, 21일 예정 총파업 강행한다 #쇼츠 #삼성전자 #노조 #총파업 #긴급조정권 #노사",https://www.youtube.com/watch?v=8R40lkx5ZPI,적법하지 않습니다
쇼츠,"삼성전자 노조, 21일 예정 총파업 강행한다 #쇼츠 #삼성전자 #노조 #총파업 #긴급조정권 #노사",https://www.youtube.com/watch?v=8R40lkx5ZPI,삼성서 등따시고 배불려 놨드만 이번 한건에 올인하고 죽을때까지 먹고 살 돈 뜯어내려하네..진짜 월급을 안준것도 아니고 니들이 큰소리치는 이유를 알수가 없다
쇼츠,"삼성전자 노조, 21일 예정 총파업 강행한다 #쇼츠 #삼성전자 #노조 #총파업 #긴급조정권 #노사",https://www.youtube.com/watch?v=8R40lkx5ZPI,나라 망할라나봐<br>삼성가고 시픈사람들이 천지 가득인데<br>다 짜르고 새로뽑아
쇼츠,"삼성전자 노조, 21일 예정 총파업 강행한다 #쇼츠 #삼성전자 #노조 #총파업 #긴급조정권 #노사",https://www.youtube.com/watch?v=8R40lkx5ZPI,아깝지만 문닫고 다 짤라 버려라
쇼츠,정원오 판결문 분석해 온 개혁신당 김정철 #쇼츠 #정원오 #폭행 #판결문,https://www.youtube.com/watch?v=FBcNXtujTTo,서울시장 후보 김정철 후보의 분석을 들어보니 정원오는 쓰레기 수준이네
쇼츠,정원오 판결문 분석해 온 개혁신당 김정철 #쇼츠 #정원오 #폭행 #판결문,https://www.youtube.com/watch?v=FBcNXtujTTo,하고 싶은 말이 뭐야??? <br>판결문에 정치적 문제라고 나와있다는 거야 없다는거야.ㅡㅡ;??<br>.<br>니가 개 혁신당에 있는거랑 국짐에 있는거랑 뭐가 다른거냐??아... 국짐공천 못받은 애가 있다던데?? 앤가??
쇼츠,정원오 판결문 분석해 온 개혁신당 김정철 #쇼츠 #정원오 #폭행 #판결문,https://www.youtube.com/watch?v=FBcNXtujTTo,형사법 일타강사의 정원오 판결문 해석
쇼츠,&#39;카르텔&#39; 지목 뒤 3년… 처참한 현실 #shorts #쇼츠,https://www.youtube.com/watch?v=vyKYRVWnTgs,윤건희 작품이구먼🥵
쇼츠,&#39;카르텔&#39; 지목 뒤 3년… 처참한 현실 #shorts #쇼츠,https://www.youtube.com/watch?v=vyKYRVWnTgs,Mbc  <br>모든게 이해가됌<br>그렇게 차단 했는데 <br>버퀴벌레인가?
쇼츠,&#39;카르텔&#39; 지목 뒤 3년… 처참한 현실 #shorts #쇼츠,https://www.youtube.com/watch?v=vyKYRVWnTgs,전기도 부족하다는데<br>왜 태양광을조사했을까<br>혹 다른업체에게 밀어줄려구<br>한거아닐까
쇼츠,&#39;카르텔&#39; 지목 뒤 3년… 처참한 현실 #shorts #쇼츠,https://www.youtube.com/watch?v=vyKYRVWnTgs,주제 파악못하는 댓글 ᆢ ㅎ
쇼츠,&#39;카르텔&#39; 지목 뒤 3년… 처참한 현실 #shorts #쇼츠,https://www.youtube.com/watch?v=vyKYRVWnTgs,태양광 만드는것들이 더 잘알걸.이게 얼마나 비리가 많은 쓸데없는 짓거리인걸.<br>역시 믿고 거르는 MBC지.
쇼츠,&#39;카르텔&#39; 지목 뒤 3년… 처참한 현실 #shorts #쇼츠,https://www.youtube.com/watch?v=vyKYRVWnTgs,윤석열이 한국 태양광산업의 미래를 짓밟았다.
쇼츠,&#39;카르텔&#39; 지목 뒤 3년… 처참한 현실 #shorts #쇼츠,https://www.youtube.com/watch?v=vyKYRVWnTgs,원전카르텔이 태양광을 죽인거지 이기적인것들
쇼츠,&#39;카르텔&#39; 지목 뒤 3년… 처참한 현실 #shorts #쇼츠,https://www.youtube.com/watch?v=vyKYRVWnTgs,1찍들이 다 해먹었지..국토 황폐화시키고.
쇼츠,&#39;카르텔&#39; 지목 뒤 3년… 처참한 현실 #shorts #쇼츠,https://www.youtube.com/watch?v=vyKYRVWnTgs,문재인이재명정동영....
쇼츠,&#39;카르텔&#39; 지목 뒤 3년… 처참한 현실 #shorts #쇼츠,https://www.youtube.com/watch?v=vyKYRVWnTgs,한놈은 원전망치고 한놈은 태양광 망치고
쇼츠,&#39;카르텔&#39; 지목 뒤 3년… 처참한 현실 #shorts #쇼츠,https://www.youtube.com/watch?v=vyKYRVWnTgs,조달청도 털어주세요!!
쇼츠,&#39;카르텔&#39; 지목 뒤 3년… 처참한 현실 #shorts #쇼츠,https://www.youtube.com/watch?v=vyKYRVWnTgs,투표의 중요성입니다.
쇼츠,&#39;카르텔&#39; 지목 뒤 3년… 처참한 현실 #shorts #쇼츠,https://www.youtube.com/watch?v=vyKYRVWnTgs,아이고....빽이없었네.......좌파들한테 찍혔네
쇼츠,&#39;카르텔&#39; 지목 뒤 3년… 처참한 현실 #shorts #쇼츠,https://www.youtube.com/watch?v=vyKYRVWnTgs,윤두창이랑 원전마피아들의 합작품
쇼츠,&#39;카르텔&#39; 지목 뒤 3년… 처참한 현실 #shorts #쇼츠,https://www.youtube.com/watch?v=vyKYRVWnTgs,고인 물은 썩는다😅
쇼츠,&#39;카르텔&#39; 지목 뒤 3년… 처참한 현실 #shorts #쇼츠,https://www.youtube.com/watch?v=vyKYRVWnTgs,떡열이 정부들어서면서인가?
쇼츠,&#39;카르텔&#39; 지목 뒤 3년… 처참한 현실 #shorts #쇼츠,https://www.youtube.com/watch?v=vyKYRVWnTgs,삼성전자 벽걸이 티비 벽걸이 지지대 직접 안만들면 회사 망하는 거였냐?
쇼츠,&#39;카르텔&#39; 지목 뒤 3년… 처참한 현실 #shorts #쇼츠,https://www.youtube.com/watch?v=vyKYRVWnTgs,지지대를 직접제작 하는 회사가 있기는 하냐?? 미친늠이 날뛴다고 칼춤추는 모지리 공무원들...ㅠ
쇼츠,&#39;카르텔&#39; 지목 뒤 3년… 처참한 현실 #shorts #쇼츠,https://www.youtube.com/watch?v=vyKYRVWnTgs,태양광 죽이려고 전국 은행 태양광 대출 싹다 조사해서 아주 작살을 내놓았지.
쇼츠,&#39;카르텔&#39; 지목 뒤 3년… 처참한 현실 #shorts #쇼츠,https://www.youtube.com/watch?v=vyKYRVWnTgs,아이고야 망한 회사. 어쩌냐 이제라도 제대로 공사할수 있게 이정부가 도와주세요
쇼츠,&#39;카르텔&#39; 지목 뒤 3년… 처참한 현실 #shorts #쇼츠,https://www.youtube.com/watch?v=vyKYRVWnTgs,무식한 것들이 나라를 말아먹었구나
쇼츠,&#39;카르텔&#39; 지목 뒤 3년… 처참한 현실 #shorts #쇼츠,https://www.youtube.com/watch?v=vyKYRVWnTgs,세상에.. 별 시비상간으로 남의 회사 망하게 했구만.
쇼츠,&#39;카르텔&#39; 지목 뒤 3년… 처참한 현실 #shorts #쇼츠,https://www.youtube.com/watch?v=vyKYRVWnTgs,참 무자격자가 지도자로오르니
쇼츠,&#39;카르텔&#39; 지목 뒤 3년… 처참한 현실 #shorts #쇼츠,https://www.youtube.com/watch?v=vyKYRVWnTgs,쓰레기 윤석열 때문에 나라가 100년 뒤로 갔다
숏폼,중국의 한 훠궈집의 매출 비결,https://www.youtube.com/watch?v=ym2z8VkRkAE,빤스가 안보여 빵점
숏폼,중국의 한 훠궈집의 매출 비결,https://www.youtube.com/watch?v=ym2z8VkRkAE,머리가 크다
숏폼,중국의 한 훠궈집의 매출 비결,https://www.youtube.com/watch?v=ym2z8VkRkAE,오우 남편좋겠다. 컨셉
숏폼,중국의 한 훠궈집의 매출 비결,https://www.youtube.com/watch?v=ym2z8VkRkAE,처재네
숏폼,중국의 한 훠궈집의 매출 비결,https://www.youtube.com/watch?v=ym2z8VkRkAE,중국은 역시 로봇 강국 😊
숏폼,중국의 한 훠궈집의 매출 비결,https://www.youtube.com/watch?v=ym2z8VkRkAE,멸공!!!!
숏폼,중국의 한 훠궈집의 매출 비결,https://www.youtube.com/watch?v=ym2z8VkRkAE,국내에서는 너무느려서 안됨ㅋ
숏폼,중국의 한 훠궈집의 매출 비결,https://www.youtube.com/watch?v=ym2z8VkRkAE,비율 이상하노 목길고 어깨좁고
숏폼,중국의 한 훠궈집의 매출 비결,https://www.youtube.com/watch?v=ym2z8VkRkAE,"남편좋겠다,"
숏폼,중국의 한 훠궈집의 매출 비결,https://www.youtube.com/watch?v=ym2z8VkRkAE,대가리 뭐이리 크냐?
숏폼,중국의 한 훠궈집의 매출 비결,https://www.youtube.com/watch?v=ym2z8VkRkAE,ㅋㅋㅋ 저런거에 호응한다고. 참 희한한 민족이야.
숏폼,중국의 한 훠궈집의 매출 비결,https://www.youtube.com/watch?v=ym2z8VkRkAE,공포 인형이네
숏폼,중국의 한 훠궈집의 매출 비결,https://www.youtube.com/watch?v=ym2z8VkRkAE,로봇임 목 긴게 부자연 스럽잖아
숏폼,중국의 한 훠궈집의 매출 비결,https://www.youtube.com/watch?v=ym2z8VkRkAE,머리 왜케 큼
숏폼,중국의 한 훠궈집의 매출 비결,https://www.youtube.com/watch?v=ym2z8VkRkAE,🎉
숏폼,중국의 한 훠궈집의 매출 비결,https://www.youtube.com/watch?v=ym2z8VkRkAE,사라져.
숏폼,중국의 한 훠궈집의 매출 비결,https://www.youtube.com/watch?v=ym2z8VkRkAE,요즘은 로봇도 저렇게 안움직여.
숏폼,중국의 한 훠궈집의 매출 비결,https://www.youtube.com/watch?v=ym2z8VkRkAE,대가리 졸라크네
숏폼,중국의 한 훠궈집의 매출 비결,https://www.youtube.com/watch?v=ym2z8VkRkAE,간지나는 염병은. 아니네~
숏폼,중국의 한 훠궈집의 매출 비결,https://www.youtube.com/watch?v=ym2z8VkRkAE,모 ㅆ발 사람 같은디
숏폼,중국의 한 훠궈집의 매출 비결,https://www.youtube.com/watch?v=ym2z8VkRkAE,징그러워 목이 엄청길다
숏폼,중국의 한 훠궈집의 매출 비결,https://www.youtube.com/watch?v=ym2z8VkRkAE,아니야 여러분 옷때문임 ㅋㅋ
숏폼,중국의 한 훠궈집의 매출 비결,https://www.youtube.com/watch?v=ym2z8VkRkAE,중꿔는 아직도 식당에서 흡연 ㅋ<br>이러니 후진국
숏폼,중국의 한 훠궈집의 매출 비결,https://www.youtube.com/watch?v=ym2z8VkRkAE,마네킹이 못샹겼네
숏폼,중국의 한 훠궈집의 매출 비결,https://www.youtube.com/watch?v=ym2z8VkRkAE,괴랄하다ᆢ
숏폼,중국의 한 훠궈집의 매출 비결,https://www.youtube.com/watch?v=ym2z8VkRkAE,떡치자~~
숏폼,중국의 한 훠궈집의 매출 비결,https://www.youtube.com/watch?v=ym2z8VkRkAE,로봇인줄알고 키갈부터 날릴려고 했는데...까비
숏폼,중국의 한 훠궈집의 매출 비결,https://www.youtube.com/watch?v=ym2z8VkRkAE,얼굴 수선한게 저거야?
숏폼,중국의 한 훠궈집의 매출 비결,https://www.youtube.com/watch?v=ym2z8VkRkAE,사람같은 데 ㅋㅋㅋㅋㅋ참할짓없다
숏폼,중국의 한 훠궈집의 매출 비결,https://www.youtube.com/watch?v=ym2z8VkRkAE,人对吗？
숏폼,중국의 한 훠궈집의 매출 비결,https://www.youtube.com/watch?v=ym2z8VkRkAE,대과리 개크다
숏폼,중국의 한 훠궈집의 매출 비결,https://www.youtube.com/watch?v=ym2z8VkRkAE,중국년은 먹을만해.ㅋㅋ
숏폼,중국의 한 훠궈집의 매출 비결,https://www.youtube.com/watch?v=ym2z8VkRkAE,사장?????? 와우..
숏폼,중국의 한 훠궈집의 매출 비결,https://www.youtube.com/watch?v=ym2z8VkRkAE,대가리가 왜케 크노
숏폼,중국의 한 훠궈집의 매출 비결,https://www.youtube.com/watch?v=ym2z8VkRkAE,징그럽다
숏폼,중국의 한 훠궈집의 매출 비결,https://www.youtube.com/watch?v=ym2z8VkRkAE,눈 어케 안깜음..?
숏폼,중국의 한 훠궈집의 매출 비결,https://www.youtube.com/watch?v=ym2z8VkRkAE,못생겼는데
숏폼,중국의 한 훠궈집의 매출 비결,https://www.youtube.com/watch?v=ym2z8VkRkAE,고물 로봇이네...요즘 얼마나 자연 스러운데...
숏폼,중국의 한 훠궈집의 매출 비결,https://www.youtube.com/watch?v=ym2z8VkRkAE,음... 라떼? 시절 ㄲㄹ들은 늘 서커스를<br>잘한다고 여겼는데 저들은 변하지<br>않네!
숏폼,중국의 한 훠궈집의 매출 비결,https://www.youtube.com/watch?v=ym2z8VkRkAE,저정도 되면 반대로 로봇이 사람연기하는거 아님?
숏폼,중국의 한 훠궈집의 매출 비결,https://www.youtube.com/watch?v=ym2z8VkRkAE,먹고살기 벅업다
숏폼,중국의 한 훠궈집의 매출 비결,https://www.youtube.com/watch?v=ym2z8VkRkAE,몸이 로봇이네!
숏폼,중국의 한 훠궈집의 매출 비결,https://www.youtube.com/watch?v=ym2z8VkRkAE,소변기를 만저보면 로봇인지 사람인지 대번에 안다.
숏폼,중국의 한 훠궈집의 매출 비결,https://www.youtube.com/watch?v=ym2z8VkRkAE,로봇 몸매 너무 흉해
숏폼,중국의 한 훠궈집의 매출 비결,https://www.youtube.com/watch?v=ym2z8VkRkAE,존나힘들겠다
숏폼,중국의 한 훠궈집의 매출 비결,https://www.youtube.com/watch?v=ym2z8VkRkAE,만지고싶다 😅
숏폼,중국의 한 훠궈집의 매출 비결,https://www.youtube.com/watch?v=ym2z8VkRkAE,어좁이
숏폼,중국의 한 훠궈집의 매출 비결,https://www.youtube.com/watch?v=ym2z8VkRkAE,성형을 하다 못해 그냥 인공 그 자체가 됐네
숏폼,중국의 한 훠궈집의 매출 비결,https://www.youtube.com/watch?v=ym2z8VkRkAE,불가능😅😅😂😂
숏폼,중국의 한 훠궈집의 매출 비결,https://www.youtube.com/watch?v=ym2z8VkRkAE,진짜 AI 로봇인줄 알았음 ㅋ
숏폼,중국의 한 훠궈집의 매출 비결,https://www.youtube.com/watch?v=ym2z8VkRkAE,테슬라 옵티머스 나오면 뭐하고 살려나
숏폼,중국의 한 훠궈집의 매출 비결,https://www.youtube.com/watch?v=ym2z8VkRkAE,목존나기네
숏폼,중국의 한 훠궈집의 매출 비결,https://www.youtube.com/watch?v=ym2z8VkRkAE,중국여자들 몸매 진짜 예쁨 가본사람은 안다
숏폼,중국의 한 훠궈집의 매출 비결,https://www.youtube.com/watch?v=ym2z8VkRkAE,저거도 짱개거라 일주일 있다 고장 나겠네
숏폼,중국의 한 훠궈집의 매출 비결,https://www.youtube.com/watch?v=ym2z8VkRkAE,똥을싸라
숏폼,중국의 한 훠궈집의 매출 비결,https://www.youtube.com/watch?v=ym2z8VkRkAE,보러가고싶다
숏폼,중국의 한 훠궈집의 매출 비결,https://www.youtube.com/watch?v=ym2z8VkRkAE,지린다 ㄷㄷ
숏폼,중국의 한 훠궈집의 매출 비결,https://www.youtube.com/watch?v=ym2z8VkRkAE,몸은 말랐고 작은데 서든어택에 왕대캐릭같음
숏폼,중국의 한 훠궈집의 매출 비결,https://www.youtube.com/watch?v=ym2z8VkRkAE,쭝국꺼는 모두시러ㅡ😂
숏폼,중국의 한 훠궈집의 매출 비결,https://www.youtube.com/watch?v=ym2z8VkRkAE,힘들게산다 ㅋㅋㅋ
숏폼,중국의 한 훠궈집의 매출 비결,https://www.youtube.com/watch?v=ym2z8VkRkAE,”인체가 신비로워졌다“
숏폼,중국의 한 훠궈집의 매출 비결,https://www.youtube.com/watch?v=ym2z8VkRkAE,❤❤❤
숏폼,중국의 한 훠궈집의 매출 비결,https://www.youtube.com/watch?v=ym2z8VkRkAE,할매다리
숏폼,중국의 한 훠궈집의 매출 비결,https://www.youtube.com/watch?v=ym2z8VkRkAE,많이 기괴한 모습이지만 그녀는 엄청난 재능을 가졌네요 피해주는 것도 아니고 그녀 스스로가 행복하다면 상관없죠.
숏폼,중국의 한 훠궈집의 매출 비결,https://www.youtube.com/watch?v=ym2z8VkRkAE,춤추는데 팬티가 가려지니까  치마를 올려 팬티를보여주네
숏폼,중국의 한 훠궈집의 매출 비결,https://www.youtube.com/watch?v=ym2z8VkRkAE,이분 한국인으로 알고 있는데 맞나요?
숏폼,중국의 한 훠궈집의 매출 비결,https://www.youtube.com/watch?v=ym2z8VkRkAE,비율 개쓰레기네 ㅠ
숏폼,중국의 한 훠궈집의 매출 비결,https://www.youtube.com/watch?v=ym2z8VkRkAE,얼굴이 왜케 큼
숏폼,중국의 한 훠궈집의 매출 비결,https://www.youtube.com/watch?v=ym2z8VkRkAE,목이 기린임
숏폼,중국의 한 훠궈집의 매출 비결,https://www.youtube.com/watch?v=ym2z8VkRkAE,징그럽다 징그러워
숏폼,중국의 한 훠궈집의 매출 비결,https://www.youtube.com/watch?v=ym2z8VkRkAE,짱개 식당에서 담배 쳐 피는거봐라..
숏폼,중국의 한 훠궈집의 매출 비결,https://www.youtube.com/watch?v=ym2z8VkRkAE,이샤발렷 왜자꾸뜨는겨
숏폼,중국의 한 훠궈집의 매출 비결,https://www.youtube.com/watch?v=ym2z8VkRkAE,이게 어떻게 인형이야~ 인형이 먼지 모름?ㅋㅋㅋㅋㅋ
숏폼,중국의 한 훠궈집의 매출 비결,https://www.youtube.com/watch?v=ym2z8VkRkAE,텅빈 동공 연기 어케하냐ㄷㄷ 대단하네
숏폼,중국의 한 훠궈집의 매출 비결,https://www.youtube.com/watch?v=ym2z8VkRkAE,주면 먹는다
숏폼,중국의 한 훠궈집의 매출 비결,https://www.youtube.com/watch?v=ym2z8VkRkAE,완전  로봇보다  로봇마네킹같네🎉
숏폼,중국의 한 훠궈집의 매출 비결,https://www.youtube.com/watch?v=ym2z8VkRkAE,으 중국어 듣기싫어 중국인들 제발 한국오지마라
숏폼,중국의 한 훠궈집의 매출 비결,https://www.youtube.com/watch?v=ym2z8VkRkAE,비율 왜이럼…?
숏폼,중국의 한 훠궈집의 매출 비결,https://www.youtube.com/watch?v=ym2z8VkRkAE,와씨 머리가 너무커서 진짜 로봇인줄...
숏폼,중국의 한 훠궈집의 매출 비결,https://www.youtube.com/watch?v=ym2z8VkRkAE,수술 부작용도😢
숏폼,중국의 한 훠궈집의 매출 비결,https://www.youtube.com/watch?v=ym2z8VkRkAE,징그러
숏폼,중국의 한 훠궈집의 매출 비결,https://www.youtube.com/watch?v=ym2z8VkRkAE,보지만지면 바로 인간화됨
숏폼,중국의 한 훠궈집의 매출 비결,https://www.youtube.com/watch?v=ym2z8VkRkAE,치마아래에다가 소주병 집어넣어서 반응없으면 로봇맞을듯
숏폼,중국의 한 훠궈집의 매출 비결,https://www.youtube.com/watch?v=ym2z8VkRkAE,와 존나 잘부르시네요 형
숏폼,중국의 한 훠궈집의 매출 비결,https://www.youtube.com/watch?v=ym2z8VkRkAE,속는애들이 바보아니냐
숏폼,중국의 한 훠궈집의 매출 비결,https://www.youtube.com/watch?v=ym2z8VkRkAE,눈을 깜빡이지 않는게 신기하네
숏폼,중국의 한 훠궈집의 매출 비결,https://www.youtube.com/watch?v=ym2z8VkRkAE,로봇이될 상이군...
숏폼,중국의 한 훠궈집의 매출 비결,https://www.youtube.com/watch?v=ym2z8VkRkAE,고것참
숏폼,중국의 한 훠궈집의 매출 비결,https://www.youtube.com/watch?v=ym2z8VkRkAE,음식값이 사악함.시수기릿이가  다녀옴  음식ㅇ값이  사악하다함 손님없음  로봇하고있으면 한국돈으로  시간당 얼마라든데  여튼  가격이  사악
숏폼,중국의 한 훠궈집의 매출 비결,https://www.youtube.com/watch?v=ym2z8VkRkAE,목이 너무 길어..
숏폼,중국의 한 훠궈집의 매출 비결,https://www.youtube.com/watch?v=ym2z8VkRkAE,무섭다....
숏폼,중국의 한 훠궈집의 매출 비결,https://www.youtube.com/watch?v=ym2z8VkRkAE,마네킹인줄 알고 엉덩이 만진 사람 없나
숏폼,중국의 한 훠궈집의 매출 비결,https://www.youtube.com/watch?v=ym2z8VkRkAE,사람이잖아 ㅋ
숏폼,중국의 한 훠궈집의 매출 비결,https://www.youtube.com/watch?v=ym2z8VkRkAE,막 만져도되낭
숏폼,중국의 한 훠궈집의 매출 비결,https://www.youtube.com/watch?v=ym2z8VkRkAE,대가리 존나크네
숏폼,중국의 한 훠궈집의 매출 비결,https://www.youtube.com/watch?v=ym2z8VkRkAE,어휴  개쓰레기 우한폐렴... 개더럽다.ㅋ
숏폼,중국의 한 훠궈집의 매출 비결,https://www.youtube.com/watch?v=ym2z8VkRkAE,대가리가 존나크네
숏폼,중국의 한 훠궈집의 매출 비결,https://www.youtube.com/watch?v=ym2z8VkRkAE,로봇 특유의 걸음?을 잘표현한거같다
숏폼,중국의 한 훠궈집의 매출 비결,https://www.youtube.com/watch?v=ym2z8VkRkAE,딱봐도 사람이 로봇춤 추는데 뭘 인형은..
숏폼,중국의 한 훠궈집의 매출 비결,https://www.youtube.com/watch?v=ym2z8VkRkAE,목각인형같네 ㅋㅋ
숏폼,중국의 한 훠궈집의 매출 비결,https://www.youtube.com/watch?v=ym2z8VkRkAE,열심히 사네
숏폼,중국의 한 훠궈집의 매출 비결,https://www.youtube.com/watch?v=ym2z8VkRkAE,사람이었네 눈을 아래로하고있었어..와 믿을수없다.
숏폼,중국의 한 훠궈집의 매출 비결,https://www.youtube.com/watch?v=ym2z8VkRkAE,어쩌리고 편딥자 거디새갸
숏폼,중국의 한 훠궈집의 매출 비결,https://www.youtube.com/watch?v=ym2z8VkRkAE,사람인데 영상 끝까지 ai인것처럼 말하시넹ㅋㅋ
숏폼,중국의 한 훠궈집의 매출 비결,https://www.youtube.com/watch?v=ym2z8VkRkAE,어색한데😂
숏폼,중국의 한 훠궈집의 매출 비결,https://www.youtube.com/watch?v=ym2z8VkRkAE,걷다가라는 유투버의 동영상에 이 사람과 비슷한 용모의 로봇 나옴
숏폼,중국의 한 훠궈집의 매출 비결,https://www.youtube.com/watch?v=ym2z8VkRkAE,요즘 baccara 첫매 안주는곳 많은데 여기는 오퍼나준다는데 대박
숏폼,중국의 한 훠궈집의 매출 비결,https://www.youtube.com/watch?v=ym2z8VkRkAE,진짜 비율이 로봇같네
숏폼,중국의 한 훠궈집의 매출 비결,https://www.youtube.com/watch?v=ym2z8VkRkAE,그냥 비율이 씹창났네 ㅋㅋㅋㅋㅋㅋㅋㅋㅋ
숏폼,중국의 한 훠궈집의 매출 비결,https://www.youtube.com/watch?v=ym2z8VkRkAE,다리 벌어져 무효~~
숏폼,중국의 한 훠궈집의 매출 비결,https://www.youtube.com/watch?v=ym2z8VkRkAE,대단합니다!
숏폼,중국의 한 훠궈집의 매출 비결,https://www.youtube.com/watch?v=ym2z8VkRkAE,죱대가리처럼 생김...
숏폼,중국의 한 훠궈집의 매출 비결,https://www.youtube.com/watch?v=ym2z8VkRkAE,짱께엿군.. 꺼지라 방송할게없어 이런걸 자랑이리고 올리나?
숏폼,중국의 한 훠궈집의 매출 비결,https://www.youtube.com/watch?v=ym2z8VkRkAE,뭔가 흥분된다
숏폼,중국의 한 훠궈집의 매출 비결,https://www.youtube.com/watch?v=ym2z8VkRkAE,매출비결은 로봇흉내가  아니고<br>그냥  짧은 치마네..<br>보일듯말듯한 치마가 비결이구만..
숏폼,중국의 한 훠궈집의 매출 비결,https://www.youtube.com/watch?v=ym2z8VkRkAE,몇몇분들 중국인의 저주받은 비율이라 하시는데 그럼 저희나라도 저주받은비율이죠 나라차별하지 맙시다 중국에도 좋은점 나쁜점 있고 우리나라도 좋은점 많고 나쁜점 많아요
숏폼,중국의 한 훠궈집의 매출 비결,https://www.youtube.com/watch?v=ym2z8VkRkAE,지금은 인공지능 로봇으로 열심히 활동중이라고 합니다.
숏폼,중국의 한 훠궈집의 매출 비결,https://www.youtube.com/watch?v=ym2z8VkRkAE,"웃긴거 보여줘서, 푸하하 웃음 터지게 만들면 웃기겠다"
숏폼,중국의 한 훠궈집의 매출 비결,https://www.youtube.com/watch?v=ym2z8VkRkAE,팔 얇으니까 존나길어보이네
숏폼,중국의 한 훠궈집의 매출 비결,https://www.youtube.com/watch?v=ym2z8VkRkAE,로봇인지  아닌지  간지럼  펴보면 알수있음
숏폼,중국의 한 훠궈집의 매출 비결,https://www.youtube.com/watch?v=ym2z8VkRkAE,사람갖고 장난하는거 아니다!
숏폼,중국의 한 훠궈집의 매출 비결,https://www.youtube.com/watch?v=ym2z8VkRkAE,얼굴도 로봇이고<br>체형도 로봇이네
숏폼,중국의 한 훠궈집의 매출 비결,https://www.youtube.com/watch?v=ym2z8VkRkAE,참 돈 벌기 힘들다...
숏폼,중국의 한 훠궈집의 매출 비결,https://www.youtube.com/watch?v=ym2z8VkRkAE,면상을 성형 지대로 햇네
숏폼,중국의 한 훠궈집의 매출 비결,https://www.youtube.com/watch?v=ym2z8VkRkAE,어깨 넓이가 사람이 안닌데?
숏폼,중국의 한 훠궈집의 매출 비결,https://www.youtube.com/watch?v=ym2z8VkRkAE,그냥 무서운 귀신같다 😢
숏폼,중국의 한 훠궈집의 매출 비결,https://www.youtube.com/watch?v=ym2z8VkRkAE,스포츠 댄스가 아니라 스트릿 댄스 아닌가?
숏폼,중국의 한 훠궈집의 매출 비결,https://www.youtube.com/watch?v=ym2z8VkRkAE,Robot : 🤖 I am being developed to be human like..to attract people <br><br>humans : We&#39;re trying to become like Robots <br><br> to attract customers .
숏폼,중국의 한 훠궈집의 매출 비결,https://www.youtube.com/watch?v=ym2z8VkRkAE,존나 맛 있겠다
숏폼,중국의 한 훠궈집의 매출 비결,https://www.youtube.com/watch?v=ym2z8VkRkAE,목비율오바이트나온다 이 분명근친상간에서나온애다
숏폼,중국의 한 훠궈집의 매출 비결,https://www.youtube.com/watch?v=ym2z8VkRkAE,몸에 비해 대그빡이 엄청크네.
숏폼,중국의 한 훠궈집의 매출 비결,https://www.youtube.com/watch?v=ym2z8VkRkAE,너무느여 😃😃😃😃
숏폼,중국의 한 훠궈집의 매출 비결,https://www.youtube.com/watch?v=ym2z8VkRkAE,무섭다 무서워 😅😅😅
숏폼,중국의 한 훠궈집의 매출 비결,https://www.youtube.com/watch?v=ym2z8VkRkAE,머리 진짜크네
숏폼,중국의 한 훠궈집의 매출 비결,https://www.youtube.com/watch?v=ym2z8VkRkAE,장애인 아닌가 로봇보다 허리디스크 걸린 사람 같은데 ㅋㅋ
숏폼,중국의 한 훠궈집의 매출 비결,https://www.youtube.com/watch?v=ym2z8VkRkAE,그만 올려라
숏폼,중국의 한 훠궈집의 매출 비결,https://www.youtube.com/watch?v=ym2z8VkRkAE,만지면 성희롱 성립 되나요?
숏폼,중국의 한 훠궈집의 매출 비결,https://www.youtube.com/watch?v=ym2z8VkRkAE,모여라꿈동산.
숏폼,중국의 한 훠궈집의 매출 비결,https://www.youtube.com/watch?v=ym2z8VkRkAE,칭따오 그 아저씨보다 한수위네
숏폼,중국의 한 훠궈집의 매출 비결,https://www.youtube.com/watch?v=ym2z8VkRkAE,이쁘당
숏폼,중국의 한 훠궈집의 매출 비결,https://www.youtube.com/watch?v=ym2z8VkRkAE,극한직업이네
숏폼,중국의 한 훠궈집의 매출 비결,https://www.youtube.com/watch?v=ym2z8VkRkAE,로봇 연기 할때 뭔가<br>게임 아토믹 하트에서 나오는 휴먼 로이드 <br>중국 버전 같음ㅋㅋㅋ<br><br>그와중에 로봇 연기 진짜 잘함 👍👍
숏폼,중국의 한 훠궈집의 매출 비결,https://www.youtube.com/watch?v=ym2z8VkRkAE,파묘 괴물
숏폼,중국의 한 훠궈집의 매출 비결,https://www.youtube.com/watch?v=ym2z8VkRkAE,피부가 플라스틱<br>같음 ㅋㅋㅋ
숏폼,중국의 한 훠궈집의 매출 비결,https://www.youtube.com/watch?v=ym2z8VkRkAE,팝핀현준 중국버젼
숏폼,중국의 한 훠궈집의 매출 비결,https://www.youtube.com/watch?v=ym2z8VkRkAE,모지..날씬한....대가리가....머리내려야겠네.
숏폼,중국의 한 훠궈집의 매출 비결,https://www.youtube.com/watch?v=ym2z8VkRkAE,근대 인형 같지는 않네요.
숏폼,중국의 한 훠궈집의 매출 비결,https://www.youtube.com/watch?v=ym2z8VkRkAE,Can they under stand the robot
숏폼,중국의 한 훠궈집의 매출 비결,https://www.youtube.com/watch?v=ym2z8VkRkAE,Hows it talking without moving the mouth
숏폼,중국의 한 훠궈집의 매출 비결,https://www.youtube.com/watch?v=ym2z8VkRkAE,Is that a human
숏폼,중국의 한 훠궈집의 매출 비결,https://www.youtube.com/watch?v=ym2z8VkRkAE,목을 완전히 안끼웠는데?
숏폼,중국의 한 훠궈집의 매출 비결,https://www.youtube.com/watch?v=ym2z8VkRkAE,브라질리언 왁싱혔냐?
숏폼,중국의 한 훠궈집의 매출 비결,https://www.youtube.com/watch?v=ym2z8VkRkAE,"뉴스에도 나왔던 분입니다 😅<br><br><a href=""https://www.youtube.com/watch?v=MS6_r04k9KE"">https://youtu.be/MS6_r04k9KE?si=FISEo4NHOKCrRgdD</a>"
숏폼,중국의 한 훠궈집의 매출 비결,https://www.youtube.com/watch?v=ym2z8VkRkAE,눈빛이 진짜..
숏폼,중국의 한 훠궈집의 매출 비결,https://www.youtube.com/watch?v=ym2z8VkRkAE,로봇이라해야지  뭔인형  ㅎ ㅎ
숏폼,중국의 한 훠궈집의 매출 비결,https://www.youtube.com/watch?v=ym2z8VkRkAE,로봇인줄 알았다하고 ㅉㅉ 만지면  ㅅㅌㅊ네
숏폼,중국의 한 훠궈집의 매출 비결,https://www.youtube.com/watch?v=ym2z8VkRkAE,생긴게 마네킹 같아서 더 로봇같다
숏폼,중국의 한 훠궈집의 매출 비결,https://www.youtube.com/watch?v=ym2z8VkRkAE,차이나 패스
숏폼,중국의 한 훠궈집의 매출 비결,https://www.youtube.com/watch?v=ym2z8VkRkAE,불쾌한 골짜기 끝판왕이네....ㄷㄷ
숏폼,중국의 한 훠궈집의 매출 비결,https://www.youtube.com/watch?v=ym2z8VkRkAE,김정수기가 다음 생에 태어나고 싶어하는 몸과 얼굴
숏폼,중국의 한 훠궈집의 매출 비결,https://www.youtube.com/watch?v=ym2z8VkRkAE,한국에도 저런가게 있으면 놀러가겠다<br>로봇댄스 되는 얘들 많을텬데<br>아이디어 좋지않나요?
숏폼,중국의 한 훠궈집의 매출 비결,https://www.youtube.com/watch?v=ym2z8VkRkAE,진짜 로봇인줄 알고 치마 들춰보는 섹히 분명히 있음.
숏폼,중국의 한 훠궈집의 매출 비결,https://www.youtube.com/watch?v=ym2z8VkRkAE,중국답다
숏폼,중국의 한 훠궈집의 매출 비결,https://www.youtube.com/watch?v=ym2z8VkRkAE,혐오스럽다
숏폼,중국의 한 훠궈집의 매출 비결,https://www.youtube.com/watch?v=ym2z8VkRkAE,최고입니다
숏폼,중국의 한 훠궈집의 매출 비결,https://www.youtube.com/watch?v=ym2z8VkRkAE,와  보면서   AI인줄<br>대박이당
숏폼,중국의 한 훠궈집의 매출 비결,https://www.youtube.com/watch?v=ym2z8VkRkAE,진짜로봇이잖아요 에휴. 속이기참쉽다 ㅉㅉ
숏폼,중국의 한 훠궈집의 매출 비결,https://www.youtube.com/watch?v=ym2z8VkRkAE,예전 한국도 문밖에서 로보트가 인사하는 수준인데<br>진짜 여자였군<br>역시 중국이다 아휴
숏폼,중국의 한 훠궈집의 매출 비결,https://www.youtube.com/watch?v=ym2z8VkRkAE,비율 개똥이네ㅋㅋㅋ
숏폼,중국의 한 훠궈집의 매출 비결,https://www.youtube.com/watch?v=ym2z8VkRkAE,China
숏폼,중국의 한 훠궈집의 매출 비결,https://www.youtube.com/watch?v=ym2z8VkRkAE,인형이 마시면   고장나는거<br>아니죠 ㅋㅋㅋ
숏폼,중국의 한 훠궈집의 매출 비결,https://www.youtube.com/watch?v=ym2z8VkRkAE,로봇도탈모오나
숏폼,중국의 한 훠궈집의 매출 비결,https://www.youtube.com/watch?v=ym2z8VkRkAE,니영상 아니잖아. 이렇게 남의 영상 옮겨서 올리는 넌 왜 유투브를 하는거니? 돈때문에 이런짓 하지 말자.
숏폼,중국의 한 훠궈집의 매출 비결,https://www.youtube.com/watch?v=ym2z8VkRkAE,중국은 동남아와 가까워서 그런지 몰라도 진짜 신기하게 생긴 사람들이 많아
숏폼,중국의 한 훠궈집의 매출 비결,https://www.youtube.com/watch?v=ym2z8VkRkAE,각기 짱!👍
숏폼,중국의 한 훠궈집의 매출 비결,https://www.youtube.com/watch?v=ym2z8VkRkAE,중국 싫어.  이런 컨셉도 좀 낡지 않았나?
숏폼,중국의 한 훠궈집의 매출 비결,https://www.youtube.com/watch?v=ym2z8VkRkAE,트름을 해야지 술마시고
숏폼,중국의 한 훠궈집의 매출 비결,https://www.youtube.com/watch?v=ym2z8VkRkAE,김건희 닮음
숏폼,중국의 한 훠궈집의 매출 비결,https://www.youtube.com/watch?v=ym2z8VkRkAE,She  must  be  로봇🤔
숏폼,중국의 한 훠궈집의 매출 비결,https://www.youtube.com/watch?v=ym2z8VkRkAE,저얼굴보고 밥이 넘어가나
숏폼,중국의 한 훠궈집의 매출 비결,https://www.youtube.com/watch?v=ym2z8VkRkAE,주성치가 영화를 더이상 안찍는 이유 !
숏폼,중국의 한 훠궈집의 매출 비결,https://www.youtube.com/watch?v=ym2z8VkRkAE,로봇 흉내낼 때는 몰랐는데 몸의 선이 정말 예쁘시네요.. 스포츠 댄스로 진짜 좀 날려주실 듯!! 👍
숏폼,중국의 한 훠궈집의 매출 비결,https://www.youtube.com/watch?v=ym2z8VkRkAE,사장엔딩 ㅋㅋㅋㅋ
숏폼,중국의 한 훠궈집의 매출 비결,https://www.youtube.com/watch?v=ym2z8VkRkAE,어릴때 분명히 체조나 그런거 엄청 배운 사람일 확률 99%
숏폼,중국의 한 훠궈집의 매출 비결,https://www.youtube.com/watch?v=ym2z8VkRkAE,손님도 몇없군ㅡㅡ
숏폼,중국의 한 훠궈집의 매출 비결,https://www.youtube.com/watch?v=ym2z8VkRkAE,자기 노력으로 돈버는건 칭찬해야지 칭찬 햇 😂
숏폼,중국의 한 훠궈집의 매출 비결,https://www.youtube.com/watch?v=ym2z8VkRkAE,만져봐도 되요?
숏폼,중국의 한 훠궈집의 매출 비결,https://www.youtube.com/watch?v=ym2z8VkRkAE,중국은 뭘해도 기분나쁜나라임 신기해..
숏폼,중국의 한 훠궈집의 매출 비결,https://www.youtube.com/watch?v=ym2z8VkRkAE,얼굴성형 잘되었네요?ㅋㅋㅋ<br>로봇같아요
숏폼,중국의 한 훠궈집의 매출 비결,https://www.youtube.com/watch?v=ym2z8VkRkAE,원래 중국 로봇이구만
숏폼,중국의 한 훠궈집의 매출 비결,https://www.youtube.com/watch?v=ym2z8VkRkAE,진짜 로봇같이 생겼네
숏폼,중국의 한 훠궈집의 매출 비결,https://www.youtube.com/watch?v=ym2z8VkRkAE,먹길이가 거의 실린이내 ㄷㄷ
숏폼,중국의 한 훠궈집의 매출 비결,https://www.youtube.com/watch?v=ym2z8VkRkAE,와 진짜 로봇인줄?? 중국 기술 지리네 샹걱했다..
숏폼,중국의 한 훠궈집의 매출 비결,https://www.youtube.com/watch?v=ym2z8VkRkAE,항상 머리안쓰고 몸으로 때우는 유사인간 나라....
숏폼,중국의 한 훠궈집의 매출 비결,https://www.youtube.com/watch?v=ym2z8VkRkAE,비켜봐 해볼게 있어! <br><br><br><br><br>이글이 없네
숏폼,중국의 한 훠궈집의 매출 비결,https://www.youtube.com/watch?v=ym2z8VkRkAE,몸 자체는 예쁜데 얼굴이랑 비율이 좀 안맞는듯..무용한몸이라 그런지 선도이쁜거같구 여리여리하니 이쁜디
숏폼,중국의 한 훠궈집의 매출 비결,https://www.youtube.com/watch?v=ym2z8VkRkAE,허리가 겁나기네
숏폼,중국의 한 훠궈집의 매출 비결,https://www.youtube.com/watch?v=ym2z8VkRkAE,옆구리 간지럽혀보고싶다
숏폼,중국의 한 훠궈집의 매출 비결,https://www.youtube.com/watch?v=ym2z8VkRkAE,체형이  이상하네
숏폼,중국의 한 훠궈집의 매출 비결,https://www.youtube.com/watch?v=ym2z8VkRkAE,눈동자도 안 움직이는디
숏폼,"&quot;26년 쇼츠, 이 주제로 하세요&quot; 구독자 0명으로 시작해 AI 숏폼으로 2주만에 돈 쓸어담은 30대 주부",https://www.youtube.com/watch?v=mIJK1F8HXXM,"촬영, 구독자 없이도 2주 만에 수익화! 단비님의 쇼핑 숏폼 노하우가 궁금하다면?<br><a href=""https://m.site.naver.com/22yJi"">https://m.site.naver.com/22yJi</a><br>(위 링크에서 단톡방에 입장하시면 무료 전자책, 템플릿을 드립니다)<br><br>🔥신청 방법🔥<br>1. 구독 후 댓글에 &quot;신청합니다&quot; 라고 작성해주세요<br>2. 위 링크 클릭 후 단톡방에 입장하면 신청 완료!<br><br>📢 단 하루! 단비 대표님 무료 특강 04월 14일 (화) 저녁 <a href=""https://www.youtube.com/watch?v=mIJK1F8HXXM&amp;t=450"">7:30</a><br> ❌ 다시보기 없습니다!❌"
숏폼,"&quot;26년 쇼츠, 이 주제로 하세요&quot; 구독자 0명으로 시작해 AI 숏폼으로 2주만에 돈 쓸어담은 30대 주부",https://www.youtube.com/watch?v=mIJK1F8HXXM,신청합니다
숏폼,"&quot;26년 쇼츠, 이 주제로 하세요&quot; 구독자 0명으로 시작해 AI 숏폼으로 2주만에 돈 쓸어담은 30대 주부",https://www.youtube.com/watch?v=mIJK1F8HXXM,신청합니다!
숏폼,"&quot;26년 쇼츠, 이 주제로 하세요&quot; 구독자 0명으로 시작해 AI 숏폼으로 2주만에 돈 쓸어담은 30대 주부",https://www.youtube.com/watch?v=mIJK1F8HXXM,너무 늦었네요. 전자책과 템플릿 받을 수 있는 방법이 없을까요?
숏폼,"&quot;26년 쇼츠, 이 주제로 하세요&quot; 구독자 0명으로 시작해 AI 숏폼으로 2주만에 돈 쓸어담은 30대 주부",https://www.youtube.com/watch?v=mIJK1F8HXXM,14일 지나면 못받는거죠..?
숏폼,"&quot;26년 쇼츠, 이 주제로 하세요&quot; 구독자 0명으로 시작해 AI 숏폼으로 2주만에 돈 쓸어담은 30대 주부",https://www.youtube.com/watch?v=mIJK1F8HXXM,신청합니다
숏폼,"&quot;26년 쇼츠, 이 주제로 하세요&quot; 구독자 0명으로 시작해 AI 숏폼으로 2주만에 돈 쓸어담은 30대 주부",https://www.youtube.com/watch?v=mIJK1F8HXXM,구독 신청합니다
숏폼,"&quot;26년 쇼츠, 이 주제로 하세요&quot; 구독자 0명으로 시작해 AI 숏폼으로 2주만에 돈 쓸어담은 30대 주부",https://www.youtube.com/watch?v=mIJK1F8HXXM,구독 신청합니다.
숏폼,"&quot;26년 쇼츠, 이 주제로 하세요&quot; 구독자 0명으로 시작해 AI 숏폼으로 2주만에 돈 쓸어담은 30대 주부",https://www.youtube.com/watch?v=mIJK1F8HXXM,구독.산청합니다
숏폼,"&quot;26년 쇼츠, 이 주제로 하세요&quot; 구독자 0명으로 시작해 AI 숏폼으로 2주만에 돈 쓸어담은 30대 주부",https://www.youtube.com/watch?v=mIJK1F8HXXM,구독 신청합니다.
숏폼,"&quot;26년 쇼츠, 이 주제로 하세요&quot; 구독자 0명으로 시작해 AI 숏폼으로 2주만에 돈 쓸어담은 30대 주부",https://www.youtube.com/watch?v=mIJK1F8HXXM,신청합니다
숏폼,"&quot;26년 쇼츠, 이 주제로 하세요&quot; 구독자 0명으로 시작해 AI 숏폼으로 2주만에 돈 쓸어담은 30대 주부",https://www.youtube.com/watch?v=mIJK1F8HXXM,구독했어요. 자료 부탁드립니다.
숏폼,"&quot;26년 쇼츠, 이 주제로 하세요&quot; 구독자 0명으로 시작해 AI 숏폼으로 2주만에 돈 쓸어담은 30대 주부",https://www.youtube.com/watch?v=mIJK1F8HXXM,구독... 자료요청 합니다.
숏폼,"&quot;26년 쇼츠, 이 주제로 하세요&quot; 구독자 0명으로 시작해 AI 숏폼으로 2주만에 돈 쓸어담은 30대 주부",https://www.youtube.com/watch?v=mIJK1F8HXXM,신청합니다
숏폼,"&quot;26년 쇼츠, 이 주제로 하세요&quot; 구독자 0명으로 시작해 AI 숏폼으로 2주만에 돈 쓸어담은 30대 주부",https://www.youtube.com/watch?v=mIJK1F8HXXM,전자책 신청합니다. 감사합니다~<br>그런데 저 링크 들어가면 강의만 나오고 단톡방 입장이 안되요. 😅 강의는 종료됐네요 ㅠㅠ
숏폼,"&quot;26년 쇼츠, 이 주제로 하세요&quot; 구독자 0명으로 시작해 AI 숏폼으로 2주만에 돈 쓸어담은 30대 주부",https://www.youtube.com/watch?v=mIJK1F8HXXM,신청합니다!
숏폼,"&quot;26년 쇼츠, 이 주제로 하세요&quot; 구독자 0명으로 시작해 AI 숏폼으로 2주만에 돈 쓸어담은 30대 주부",https://www.youtube.com/watch?v=mIJK1F8HXXM,구독~ 신청합니다
숏폼,"&quot;26년 쇼츠, 이 주제로 하세요&quot; 구독자 0명으로 시작해 AI 숏폼으로 2주만에 돈 쓸어담은 30대 주부",https://www.youtube.com/watch?v=mIJK1F8HXXM,구독 신청합니다
숏폼,"&quot;26년 쇼츠, 이 주제로 하세요&quot; 구독자 0명으로 시작해 AI 숏폼으로 2주만에 돈 쓸어담은 30대 주부",https://www.youtube.com/watch?v=mIJK1F8HXXM,신청합니다
숏폼,"&quot;26년 쇼츠, 이 주제로 하세요&quot; 구독자 0명으로 시작해 AI 숏폼으로 2주만에 돈 쓸어담은 30대 주부",https://www.youtube.com/watch?v=mIJK1F8HXXM,신청합니다~~
숏폼,"&quot;26년 쇼츠, 이 주제로 하세요&quot; 구독자 0명으로 시작해 AI 숏폼으로 2주만에 돈 쓸어담은 30대 주부",https://www.youtube.com/watch?v=mIJK1F8HXXM,신청합니다!
숏폼,"&quot;26년 쇼츠, 이 주제로 하세요&quot; 구독자 0명으로 시작해 AI 숏폼으로 2주만에 돈 쓸어담은 30대 주부",https://www.youtube.com/watch?v=mIJK1F8HXXM,구독 신청합니다 ^^
숏폼,"&quot;26년 쇼츠, 이 주제로 하세요&quot; 구독자 0명으로 시작해 AI 숏폼으로 2주만에 돈 쓸어담은 30대 주부",https://www.youtube.com/watch?v=mIJK1F8HXXM,신청합니다.
숏폼,"&quot;26년 쇼츠, 이 주제로 하세요&quot; 구독자 0명으로 시작해 AI 숏폼으로 2주만에 돈 쓸어담은 30대 주부",https://www.youtube.com/watch?v=mIJK1F8HXXM,신청완료했습니다
숏폼,"&quot;26년 쇼츠, 이 주제로 하세요&quot; 구독자 0명으로 시작해 AI 숏폼으로 2주만에 돈 쓸어담은 30대 주부",https://www.youtube.com/watch?v=mIJK1F8HXXM,신청합니다.
숏폼,"&quot;26년 쇼츠, 이 주제로 하세요&quot; 구독자 0명으로 시작해 AI 숏폼으로 2주만에 돈 쓸어담은 30대 주부",https://www.youtube.com/watch?v=mIJK1F8HXXM,"구독, 신청합니다^^"
숏폼,"&quot;26년 쇼츠, 이 주제로 하세요&quot; 구독자 0명으로 시작해 AI 숏폼으로 2주만에 돈 쓸어담은 30대 주부",https://www.youtube.com/watch?v=mIJK1F8HXXM,신청합니다 ^
숏폼,"&quot;26년 쇼츠, 이 주제로 하세요&quot; 구독자 0명으로 시작해 AI 숏폼으로 2주만에 돈 쓸어담은 30대 주부",https://www.youtube.com/watch?v=mIJK1F8HXXM,신청합니다
숏폼,"&quot;26년 쇼츠, 이 주제로 하세요&quot; 구독자 0명으로 시작해 AI 숏폼으로 2주만에 돈 쓸어담은 30대 주부",https://www.youtube.com/watch?v=mIJK1F8HXXM,신청합니다
숏폼,"&quot;26년 쇼츠, 이 주제로 하세요&quot; 구독자 0명으로 시작해 AI 숏폼으로 2주만에 돈 쓸어담은 30대 주부",https://www.youtube.com/watch?v=mIJK1F8HXXM,신청했습니다^^
숏폼,"&quot;26년 쇼츠, 이 주제로 하세요&quot; 구독자 0명으로 시작해 AI 숏폼으로 2주만에 돈 쓸어담은 30대 주부",https://www.youtube.com/watch?v=mIJK1F8HXXM,구독 했어요<br>자료  요청 합니다
숏폼,"&quot;26년 쇼츠, 이 주제로 하세요&quot; 구독자 0명으로 시작해 AI 숏폼으로 2주만에 돈 쓸어담은 30대 주부",https://www.youtube.com/watch?v=mIJK1F8HXXM,자로 신청합니다
숏폼,"&quot;26년 쇼츠, 이 주제로 하세요&quot; 구독자 0명으로 시작해 AI 숏폼으로 2주만에 돈 쓸어담은 30대 주부",https://www.youtube.com/watch?v=mIJK1F8HXXM,신청합니다
숏폼,"&quot;26년 쇼츠, 이 주제로 하세요&quot; 구독자 0명으로 시작해 AI 숏폼으로 2주만에 돈 쓸어담은 30대 주부",https://www.youtube.com/watch?v=mIJK1F8HXXM,진자책 부탁드립니다
숏폼,"&quot;26년 쇼츠, 이 주제로 하세요&quot; 구독자 0명으로 시작해 AI 숏폼으로 2주만에 돈 쓸어담은 30대 주부",https://www.youtube.com/watch?v=mIJK1F8HXXM,저도 처믐이에요
숏폼,"&quot;26년 쇼츠, 이 주제로 하세요&quot; 구독자 0명으로 시작해 AI 숏폼으로 2주만에 돈 쓸어담은 30대 주부",https://www.youtube.com/watch?v=mIJK1F8HXXM,구독했어요 자료 요청합니다~
숏폼,"&quot;26년 쇼츠, 이 주제로 하세요&quot; 구독자 0명으로 시작해 AI 숏폼으로 2주만에 돈 쓸어담은 30대 주부",https://www.youtube.com/watch?v=mIJK1F8HXXM,구독 신청합니다
숏폼,"&quot;26년 쇼츠, 이 주제로 하세요&quot; 구독자 0명으로 시작해 AI 숏폼으로 2주만에 돈 쓸어담은 30대 주부",https://www.youtube.com/watch?v=mIJK1F8HXXM,안녕하세요 너무 내용이 이쁘고 괜찮아요 좀 알려 주세요
숏폼,"&quot;26년 쇼츠, 이 주제로 하세요&quot; 구독자 0명으로 시작해 AI 숏폼으로 2주만에 돈 쓸어담은 30대 주부",https://www.youtube.com/watch?v=mIJK1F8HXXM,구독했어요 자료요청요 ㅎ
숏폼,"&quot;26년 쇼츠, 이 주제로 하세요&quot; 구독자 0명으로 시작해 AI 숏폼으로 2주만에 돈 쓸어담은 30대 주부",https://www.youtube.com/watch?v=mIJK1F8HXXM,영상유익했어요. 자료 요청합니다.
숏폼,"&quot;26년 쇼츠, 이 주제로 하세요&quot; 구독자 0명으로 시작해 AI 숏폼으로 2주만에 돈 쓸어담은 30대 주부",https://www.youtube.com/watch?v=mIJK1F8HXXM,신청합니다 😂
숏폼,"&quot;26년 쇼츠, 이 주제로 하세요&quot; 구독자 0명으로 시작해 AI 숏폼으로 2주만에 돈 쓸어담은 30대 주부",https://www.youtube.com/watch?v=mIJK1F8HXXM,신청합니다^^
숏폼,"&quot;26년 쇼츠, 이 주제로 하세요&quot; 구독자 0명으로 시작해 AI 숏폼으로 2주만에 돈 쓸어담은 30대 주부",https://www.youtube.com/watch?v=mIJK1F8HXXM,구독! 신청합니다.
숏폼,"&quot;26년 쇼츠, 이 주제로 하세요&quot; 구독자 0명으로 시작해 AI 숏폼으로 2주만에 돈 쓸어담은 30대 주부",https://www.youtube.com/watch?v=mIJK1F8HXXM,톡구독합니다<br>자료부탁드립니다
숏폼,"&quot;26년 쇼츠, 이 주제로 하세요&quot; 구독자 0명으로 시작해 AI 숏폼으로 2주만에 돈 쓸어담은 30대 주부",https://www.youtube.com/watch?v=mIJK1F8HXXM,구독 신청합니다
숏폼,"&quot;26년 쇼츠, 이 주제로 하세요&quot; 구독자 0명으로 시작해 AI 숏폼으로 2주만에 돈 쓸어담은 30대 주부",https://www.youtube.com/watch?v=mIJK1F8HXXM,신청합니다
숏폼,"&quot;26년 쇼츠, 이 주제로 하세요&quot; 구독자 0명으로 시작해 AI 숏폼으로 2주만에 돈 쓸어담은 30대 주부",https://www.youtube.com/watch?v=mIJK1F8HXXM,신청합니다.
숏폼,"&quot;26년 쇼츠, 이 주제로 하세요&quot; 구독자 0명으로 시작해 AI 숏폼으로 2주만에 돈 쓸어담은 30대 주부",https://www.youtube.com/watch?v=mIJK1F8HXXM,신청합니다
숏폼,"&quot;26년 쇼츠, 이 주제로 하세요&quot; 구독자 0명으로 시작해 AI 숏폼으로 2주만에 돈 쓸어담은 30대 주부",https://www.youtube.com/watch?v=mIJK1F8HXXM,구독 <br> 자료부탁합니다~
숏폼,"&quot;26년 쇼츠, 이 주제로 하세요&quot; 구독자 0명으로 시작해 AI 숏폼으로 2주만에 돈 쓸어담은 30대 주부",https://www.youtube.com/watch?v=mIJK1F8HXXM,도움이 되네요.자료부탁드려요
숏폼,"&quot;26년 쇼츠, 이 주제로 하세요&quot; 구독자 0명으로 시작해 AI 숏폼으로 2주만에 돈 쓸어담은 30대 주부",https://www.youtube.com/watch?v=mIJK1F8HXXM,신청합니다
숏폼,"&quot;26년 쇼츠, 이 주제로 하세요&quot; 구독자 0명으로 시작해 AI 숏폼으로 2주만에 돈 쓸어담은 30대 주부",https://www.youtube.com/watch?v=mIJK1F8HXXM,근데 단톡방이 어디있나요? 링크눌러도 없는데요
숏폼,"&quot;26년 쇼츠, 이 주제로 하세요&quot; 구독자 0명으로 시작해 AI 숏폼으로 2주만에 돈 쓸어담은 30대 주부",https://www.youtube.com/watch?v=mIJK1F8HXXM,구독 <br>신청합니다
숏폼,"&quot;26년 쇼츠, 이 주제로 하세요&quot; 구독자 0명으로 시작해 AI 숏폼으로 2주만에 돈 쓸어담은 30대 주부",https://www.youtube.com/watch?v=mIJK1F8HXXM,신청합니다
숏폼,"&quot;26년 쇼츠, 이 주제로 하세요&quot; 구독자 0명으로 시작해 AI 숏폼으로 2주만에 돈 쓸어담은 30대 주부",https://www.youtube.com/watch?v=mIJK1F8HXXM,구독했습니다.자료부탁드려요
숏폼,"&quot;26년 쇼츠, 이 주제로 하세요&quot; 구독자 0명으로 시작해 AI 숏폼으로 2주만에 돈 쓸어담은 30대 주부",https://www.youtube.com/watch?v=mIJK1F8HXXM,전자책 신청합니다~~
숏폼,"&quot;26년 쇼츠, 이 주제로 하세요&quot; 구독자 0명으로 시작해 AI 숏폼으로 2주만에 돈 쓸어담은 30대 주부",https://www.youtube.com/watch?v=mIJK1F8HXXM,구독했습니다. 신청합니다😊
숏폼,"&quot;26년 쇼츠, 이 주제로 하세요&quot; 구독자 0명으로 시작해 AI 숏폼으로 2주만에 돈 쓸어담은 30대 주부",https://www.youtube.com/watch?v=mIJK1F8HXXM,구독~ 신청합니다!
숏폼,"&quot;26년 쇼츠, 이 주제로 하세요&quot; 구독자 0명으로 시작해 AI 숏폼으로 2주만에 돈 쓸어담은 30대 주부",https://www.youtube.com/watch?v=mIJK1F8HXXM,구독 신청합니다~~*
숏폼,"&quot;26년 쇼츠, 이 주제로 하세요&quot; 구독자 0명으로 시작해 AI 숏폼으로 2주만에 돈 쓸어담은 30대 주부",https://www.youtube.com/watch?v=mIJK1F8HXXM,전자책은 강의 끝나고 올리시나요
숏폼,"&quot;26년 쇼츠, 이 주제로 하세요&quot; 구독자 0명으로 시작해 AI 숏폼으로 2주만에 돈 쓸어담은 30대 주부",https://www.youtube.com/watch?v=mIJK1F8HXXM,신청합니다
숏폼,"&quot;26년 쇼츠, 이 주제로 하세요&quot; 구독자 0명으로 시작해 AI 숏폼으로 2주만에 돈 쓸어담은 30대 주부",https://www.youtube.com/watch?v=mIJK1F8HXXM,구독 후 신청합니다
숏폼,"&quot;26년 쇼츠, 이 주제로 하세요&quot; 구독자 0명으로 시작해 AI 숏폼으로 2주만에 돈 쓸어담은 30대 주부",https://www.youtube.com/watch?v=mIJK1F8HXXM,신청합니다
숏폼,"&quot;26년 쇼츠, 이 주제로 하세요&quot; 구독자 0명으로 시작해 AI 숏폼으로 2주만에 돈 쓸어담은 30대 주부",https://www.youtube.com/watch?v=mIJK1F8HXXM,단톡방들어가도 무료 전자책 없던데 무료강의 들어야 받을 수 있는건가요?
숏폼,"&quot;26년 쇼츠, 이 주제로 하세요&quot; 구독자 0명으로 시작해 AI 숏폼으로 2주만에 돈 쓸어담은 30대 주부",https://www.youtube.com/watch?v=mIJK1F8HXXM,자료 부탁합니다 신청해요
숏폼,"&quot;26년 쇼츠, 이 주제로 하세요&quot; 구독자 0명으로 시작해 AI 숏폼으로 2주만에 돈 쓸어담은 30대 주부",https://www.youtube.com/watch?v=mIJK1F8HXXM,신청합니다!
숏폼,"&quot;26년 쇼츠, 이 주제로 하세요&quot; 구독자 0명으로 시작해 AI 숏폼으로 2주만에 돈 쓸어담은 30대 주부",https://www.youtube.com/watch?v=mIJK1F8HXXM,신청합니다
숏폼,"&quot;26년 쇼츠, 이 주제로 하세요&quot; 구독자 0명으로 시작해 AI 숏폼으로 2주만에 돈 쓸어담은 30대 주부",https://www.youtube.com/watch?v=mIJK1F8HXXM,구독했습니다 자료 부탁드립니다
숏폼,"&quot;26년 쇼츠, 이 주제로 하세요&quot; 구독자 0명으로 시작해 AI 숏폼으로 2주만에 돈 쓸어담은 30대 주부",https://www.youtube.com/watch?v=mIJK1F8HXXM,구독했읍니다 자료요청합니다
숏폼,"&quot;26년 쇼츠, 이 주제로 하세요&quot; 구독자 0명으로 시작해 AI 숏폼으로 2주만에 돈 쓸어담은 30대 주부",https://www.youtube.com/watch?v=mIJK1F8HXXM,신청이요!
숏폼,"&quot;26년 쇼츠, 이 주제로 하세요&quot; 구독자 0명으로 시작해 AI 숏폼으로 2주만에 돈 쓸어담은 30대 주부",https://www.youtube.com/watch?v=mIJK1F8HXXM,구독했습니다 자료부탁드립니다
숏폼,"&quot;26년 쇼츠, 이 주제로 하세요&quot; 구독자 0명으로 시작해 AI 숏폼으로 2주만에 돈 쓸어담은 30대 주부",https://www.youtube.com/watch?v=mIJK1F8HXXM,구독~~신청합니다
숏폼,"&quot;26년 쇼츠, 이 주제로 하세요&quot; 구독자 0명으로 시작해 AI 숏폼으로 2주만에 돈 쓸어담은 30대 주부",https://www.youtube.com/watch?v=mIJK1F8HXXM,구독자입니다 부탁드려요
숏폼,"&quot;26년 쇼츠, 이 주제로 하세요&quot; 구독자 0명으로 시작해 AI 숏폼으로 2주만에 돈 쓸어담은 30대 주부",https://www.youtube.com/watch?v=mIJK1F8HXXM,구독했습니다~자료 꼭부탁드립니다
숏폼,"&quot;26년 쇼츠, 이 주제로 하세요&quot; 구독자 0명으로 시작해 AI 숏폼으로 2주만에 돈 쓸어담은 30대 주부",https://www.youtube.com/watch?v=mIJK1F8HXXM,걸스데이 유라 닮으셨어요 너무 이쁘시구 목소리도 너무 좋아서 설명이 귀에 잘 들어와요 ^^
숏폼,"&quot;26년 쇼츠, 이 주제로 하세요&quot; 구독자 0명으로 시작해 AI 숏폼으로 2주만에 돈 쓸어담은 30대 주부",https://www.youtube.com/watch?v=mIJK1F8HXXM,신청합니다
숏폼,"&quot;26년 쇼츠, 이 주제로 하세요&quot; 구독자 0명으로 시작해 AI 숏폼으로 2주만에 돈 쓸어담은 30대 주부",https://www.youtube.com/watch?v=mIJK1F8HXXM,신청합니다.
숏폼,"&quot;26년 쇼츠, 이 주제로 하세요&quot; 구독자 0명으로 시작해 AI 숏폼으로 2주만에 돈 쓸어담은 30대 주부",https://www.youtube.com/watch?v=mIJK1F8HXXM,신청합니다
숏폼,"&quot;26년 쇼츠, 이 주제로 하세요&quot; 구독자 0명으로 시작해 AI 숏폼으로 2주만에 돈 쓸어담은 30대 주부",https://www.youtube.com/watch?v=mIJK1F8HXXM,신청합니다.
숏폼,"&quot;26년 쇼츠, 이 주제로 하세요&quot; 구독자 0명으로 시작해 AI 숏폼으로 2주만에 돈 쓸어담은 30대 주부",https://www.youtube.com/watch?v=mIJK1F8HXXM,신청합니다
숏폼,"&quot;26년 쇼츠, 이 주제로 하세요&quot; 구독자 0명으로 시작해 AI 숏폼으로 2주만에 돈 쓸어담은 30대 주부",https://www.youtube.com/watch?v=mIJK1F8HXXM,신청합니다
숏폼,"&quot;26년 쇼츠, 이 주제로 하세요&quot; 구독자 0명으로 시작해 AI 숏폼으로 2주만에 돈 쓸어담은 30대 주부",https://www.youtube.com/watch?v=mIJK1F8HXXM,신청해요
숏폼,"&quot;26년 쇼츠, 이 주제로 하세요&quot; 구독자 0명으로 시작해 AI 숏폼으로 2주만에 돈 쓸어담은 30대 주부",https://www.youtube.com/watch?v=mIJK1F8HXXM,저도 신청했습니다!
숏폼,"&quot;26년 쇼츠, 이 주제로 하세요&quot; 구독자 0명으로 시작해 AI 숏폼으로 2주만에 돈 쓸어담은 30대 주부",https://www.youtube.com/watch?v=mIJK1F8HXXM,전자책 을 좀 받을수 있을까요
숏폼,"&quot;26년 쇼츠, 이 주제로 하세요&quot; 구독자 0명으로 시작해 AI 숏폼으로 2주만에 돈 쓸어담은 30대 주부",https://www.youtube.com/watch?v=mIJK1F8HXXM,신청합니다
숏폼,"&quot;26년 쇼츠, 이 주제로 하세요&quot; 구독자 0명으로 시작해 AI 숏폼으로 2주만에 돈 쓸어담은 30대 주부",https://www.youtube.com/watch?v=mIJK1F8HXXM,신청합니다
숏폼,"&quot;26년 쇼츠, 이 주제로 하세요&quot; 구독자 0명으로 시작해 AI 숏폼으로 2주만에 돈 쓸어담은 30대 주부",https://www.youtube.com/watch?v=mIJK1F8HXXM,신청합니다!
숏폼,"&quot;26년 쇼츠, 이 주제로 하세요&quot; 구독자 0명으로 시작해 AI 숏폼으로 2주만에 돈 쓸어담은 30대 주부",https://www.youtube.com/watch?v=mIJK1F8HXXM,영상잘봤습니다.<br>저도배우고싶어요.<br>신청합니다
숏폼,"&quot;26년 쇼츠, 이 주제로 하세요&quot; 구독자 0명으로 시작해 AI 숏폼으로 2주만에 돈 쓸어담은 30대 주부",https://www.youtube.com/watch?v=mIJK1F8HXXM,신청합니다~
숏폼,"&quot;26년 쇼츠, 이 주제로 하세요&quot; 구독자 0명으로 시작해 AI 숏폼으로 2주만에 돈 쓸어담은 30대 주부",https://www.youtube.com/watch?v=mIJK1F8HXXM,신청합니다!
숏폼,"&quot;26년 쇼츠, 이 주제로 하세요&quot; 구독자 0명으로 시작해 AI 숏폼으로 2주만에 돈 쓸어담은 30대 주부",https://www.youtube.com/watch?v=mIJK1F8HXXM,신청 합니다
숏폼,"&quot;26년 쇼츠, 이 주제로 하세요&quot; 구독자 0명으로 시작해 AI 숏폼으로 2주만에 돈 쓸어담은 30대 주부",https://www.youtube.com/watch?v=mIJK1F8HXXM,신청합니다
숏폼,"&quot;26년 쇼츠, 이 주제로 하세요&quot; 구독자 0명으로 시작해 AI 숏폼으로 2주만에 돈 쓸어담은 30대 주부",https://www.youtube.com/watch?v=mIJK1F8HXXM,신청합니다
숏폼,"&quot;26년 쇼츠, 이 주제로 하세요&quot; 구독자 0명으로 시작해 AI 숏폼으로 2주만에 돈 쓸어담은 30대 주부",https://www.youtube.com/watch?v=mIJK1F8HXXM,신청했어요~~배우고싶습니다
숏폼,"&quot;26년 쇼츠, 이 주제로 하세요&quot; 구독자 0명으로 시작해 AI 숏폼으로 2주만에 돈 쓸어담은 30대 주부",https://www.youtube.com/watch?v=mIJK1F8HXXM,신청합니다
숏폼,"&quot;26년 쇼츠, 이 주제로 하세요&quot; 구독자 0명으로 시작해 AI 숏폼으로 2주만에 돈 쓸어담은 30대 주부",https://www.youtube.com/watch?v=mIJK1F8HXXM,신청합니다
숏폼,"&quot;26년 쇼츠, 이 주제로 하세요&quot; 구독자 0명으로 시작해 AI 숏폼으로 2주만에 돈 쓸어담은 30대 주부",https://www.youtube.com/watch?v=mIJK1F8HXXM,신청합니다
숏폼,"&quot;26년 쇼츠, 이 주제로 하세요&quot; 구독자 0명으로 시작해 AI 숏폼으로 2주만에 돈 쓸어담은 30대 주부",https://www.youtube.com/watch?v=mIJK1F8HXXM,신청합니다 ^^
숏폼,"&quot;26년 쇼츠, 이 주제로 하세요&quot; 구독자 0명으로 시작해 AI 숏폼으로 2주만에 돈 쓸어담은 30대 주부",https://www.youtube.com/watch?v=mIJK1F8HXXM,신청합니다
숏폼,"&quot;26년 쇼츠, 이 주제로 하세요&quot; 구독자 0명으로 시작해 AI 숏폼으로 2주만에 돈 쓸어담은 30대 주부",https://www.youtube.com/watch?v=mIJK1F8HXXM,신청합니다
숏폼,"&quot;26년 쇼츠, 이 주제로 하세요&quot; 구독자 0명으로 시작해 AI 숏폼으로 2주만에 돈 쓸어담은 30대 주부",https://www.youtube.com/watch?v=mIJK1F8HXXM,신청합니다
숏폼,"&quot;26년 쇼츠, 이 주제로 하세요&quot; 구독자 0명으로 시작해 AI 숏폼으로 2주만에 돈 쓸어담은 30대 주부",https://www.youtube.com/watch?v=mIJK1F8HXXM,신청합니다.~<br>선물 받고 싶어요~
숏폼,"&quot;26년 쇼츠, 이 주제로 하세요&quot; 구독자 0명으로 시작해 AI 숏폼으로 2주만에 돈 쓸어담은 30대 주부",https://www.youtube.com/watch?v=mIJK1F8HXXM,신청합니다.
숏폼,"&quot;26년 쇼츠, 이 주제로 하세요&quot; 구독자 0명으로 시작해 AI 숏폼으로 2주만에 돈 쓸어담은 30대 주부",https://www.youtube.com/watch?v=mIJK1F8HXXM,신청합니다
숏폼,"&quot;26년 쇼츠, 이 주제로 하세요&quot; 구독자 0명으로 시작해 AI 숏폼으로 2주만에 돈 쓸어담은 30대 주부",https://www.youtube.com/watch?v=mIJK1F8HXXM,신청합니다
숏폼,"&quot;26년 쇼츠, 이 주제로 하세요&quot; 구독자 0명으로 시작해 AI 숏폼으로 2주만에 돈 쓸어담은 30대 주부",https://www.youtube.com/watch?v=mIJK1F8HXXM,신청합니다
숏폼,"&quot;26년 쇼츠, 이 주제로 하세요&quot; 구독자 0명으로 시작해 AI 숏폼으로 2주만에 돈 쓸어담은 30대 주부",https://www.youtube.com/watch?v=mIJK1F8HXXM,신청합니다~ 무료강의 기대 됩니다~
숏폼,"&quot;26년 쇼츠, 이 주제로 하세요&quot; 구독자 0명으로 시작해 AI 숏폼으로 2주만에 돈 쓸어담은 30대 주부",https://www.youtube.com/watch?v=mIJK1F8HXXM,신청합니다
숏폼,"&quot;26년 쇼츠, 이 주제로 하세요&quot; 구독자 0명으로 시작해 AI 숏폼으로 2주만에 돈 쓸어담은 30대 주부",https://www.youtube.com/watch?v=mIJK1F8HXXM,신청합니다^^
숏폼,"&quot;26년 쇼츠, 이 주제로 하세요&quot; 구독자 0명으로 시작해 AI 숏폼으로 2주만에 돈 쓸어담은 30대 주부",https://www.youtube.com/watch?v=mIJK1F8HXXM,신청합니다
숏폼,"&quot;26년 쇼츠, 이 주제로 하세요&quot; 구독자 0명으로 시작해 AI 숏폼으로 2주만에 돈 쓸어담은 30대 주부",https://www.youtube.com/watch?v=mIJK1F8HXXM,신청합니다
숏폼,"&quot;26년 쇼츠, 이 주제로 하세요&quot; 구독자 0명으로 시작해 AI 숏폼으로 2주만에 돈 쓸어담은 30대 주부",https://www.youtube.com/watch?v=mIJK1F8HXXM,신청합니다
숏폼,"&quot;26년 쇼츠, 이 주제로 하세요&quot; 구독자 0명으로 시작해 AI 숏폼으로 2주만에 돈 쓸어담은 30대 주부",https://www.youtube.com/watch?v=mIJK1F8HXXM,신청합니다
숏폼,"&quot;26년 쇼츠, 이 주제로 하세요&quot; 구독자 0명으로 시작해 AI 숏폼으로 2주만에 돈 쓸어담은 30대 주부",https://www.youtube.com/watch?v=mIJK1F8HXXM,신청합니다!
숏폼,"&quot;26년 쇼츠, 이 주제로 하세요&quot; 구독자 0명으로 시작해 AI 숏폼으로 2주만에 돈 쓸어담은 30대 주부",https://www.youtube.com/watch?v=mIJK1F8HXXM,신청합니다!
숏폼,"&quot;26년 쇼츠, 이 주제로 하세요&quot; 구독자 0명으로 시작해 AI 숏폼으로 2주만에 돈 쓸어담은 30대 주부",https://www.youtube.com/watch?v=mIJK1F8HXXM,신청합니다
숏폼,"&quot;26년 쇼츠, 이 주제로 하세요&quot; 구독자 0명으로 시작해 AI 숏폼으로 2주만에 돈 쓸어담은 30대 주부",https://www.youtube.com/watch?v=mIJK1F8HXXM,신청합니다!
숏폼,"&quot;26년 쇼츠, 이 주제로 하세요&quot; 구독자 0명으로 시작해 AI 숏폼으로 2주만에 돈 쓸어담은 30대 주부",https://www.youtube.com/watch?v=mIJK1F8HXXM,신청합니다 감사합니다
숏폼,"&quot;26년 쇼츠, 이 주제로 하세요&quot; 구독자 0명으로 시작해 AI 숏폼으로 2주만에 돈 쓸어담은 30대 주부",https://www.youtube.com/watch?v=mIJK1F8HXXM,영상  잘 보았습니다.<br>넘 감사합니다♡
숏폼,"&quot;26년 쇼츠, 이 주제로 하세요&quot; 구독자 0명으로 시작해 AI 숏폼으로 2주만에 돈 쓸어담은 30대 주부",https://www.youtube.com/watch?v=mIJK1F8HXXM,선물받고 싶어요~♡
숏폼,"&quot;26년 쇼츠, 이 주제로 하세요&quot; 구독자 0명으로 시작해 AI 숏폼으로 2주만에 돈 쓸어담은 30대 주부",https://www.youtube.com/watch?v=mIJK1F8HXXM,신청합니다~~~~왜항상예쁜분들이머리도좋은건지
숏폼,"&quot;26년 쇼츠, 이 주제로 하세요&quot; 구독자 0명으로 시작해 AI 숏폼으로 2주만에 돈 쓸어담은 30대 주부",https://www.youtube.com/watch?v=mIJK1F8HXXM,안녕하세요~ 실례가 안된다면 영상 속 서재 방 뒤에 있는 하얀색 수납장+책장 브랜드를 알 수 있을까요?
숏폼,"&quot;26년 쇼츠, 이 주제로 하세요&quot; 구독자 0명으로 시작해 AI 숏폼으로 2주만에 돈 쓸어담은 30대 주부",https://www.youtube.com/watch?v=mIJK1F8HXXM,신청합니다~~저도 성공하고 싶어요^^
숏폼,"&quot;26년 쇼츠, 이 주제로 하세요&quot; 구독자 0명으로 시작해 AI 숏폼으로 2주만에 돈 쓸어담은 30대 주부",https://www.youtube.com/watch?v=mIJK1F8HXXM,신청합니다
숏폼,"&quot;26년 쇼츠, 이 주제로 하세요&quot; 구독자 0명으로 시작해 AI 숏폼으로 2주만에 돈 쓸어담은 30대 주부",https://www.youtube.com/watch?v=mIJK1F8HXXM,선물 받고 싶어요
숏폼,"&quot;26년 쇼츠, 이 주제로 하세요&quot; 구독자 0명으로 시작해 AI 숏폼으로 2주만에 돈 쓸어담은 30대 주부",https://www.youtube.com/watch?v=mIJK1F8HXXM,신청합니다
숏폼,"&quot;26년 쇼츠, 이 주제로 하세요&quot; 구독자 0명으로 시작해 AI 숏폼으로 2주만에 돈 쓸어담은 30대 주부",https://www.youtube.com/watch?v=mIJK1F8HXXM,"촬영, 구독자 없이도 2주 만에 수익화! 단비님의 쇼핑 숏폼 노하우가 궁금하다면?<br><a href=""https://m.site.naver.com/22yJi"">https://m.site.naver.com/22yJi</a><br>(위 링크에서 단톡방에 입장하시면 무료 전자책, 템플릿을 드립니다)<br><br>🔥신청 방법🔥<br>1. 구독 후 댓글에 &quot;신청합니다&quot; 라고 작성해주세요<br>2. 위 링크 클릭 후 단톡방에 입장하면 신청 완료!<br><br>📢 단 하루! 단비 대표님 무료 특강 04월 14일 (화) 저녁 <a href=""https://www.youtube.com/watch?v=mIJK1F8HXXM&amp;t=450"">7:30</a><br> ❌ 다시보기 없습니다!❌"
숏폼,초초초간단 숏폼 영상 제작 알려드림,https://www.youtube.com/watch?v=nhAe3w-qSUw,영상만들고나서 반응없어서 소셜부스터에서 구독자랑 좋아요 무료로 주길래 받아봤는데 초반에 도움 많이됐어요
숏폼,초초초간단 숏폼 영상 제작 알려드림,https://www.youtube.com/watch?v=nhAe3w-qSUw,나가서 일해 ㅋㅋㅋ
숏폼,초초초간단 숏폼 영상 제작 알려드림,https://www.youtube.com/watch?v=nhAe3w-qSUw,타입캐스트 다 유료입니다. 무료로 쓰고 영상에 ai목소리 타입캐스트라고 출처 안넣으면 수익 창출 없습니다.<br><br>그래서 결론은 유료임. 심지어 내 목소리로 하는건 한달에 4만원임
숏폼,초초초간단 숏폼 영상 제작 알려드림,https://www.youtube.com/watch?v=nhAe3w-qSUw,"이렇게 만들면 유튜브가 수익정지, 수익화 자체가 안돼. 허위 컨텐츠란다. 유튜브의 횡포를 벗어나질 못해. 헛수고만 하는 거야"
숏폼,초초초간단 숏폼 영상 제작 알려드림,https://www.youtube.com/watch?v=nhAe3w-qSUw,너무 빨라요<br>천천히좀 알려주세요😢
숏폼,초초초간단 숏폼 영상 제작 알려드림,https://www.youtube.com/watch?v=nhAe3w-qSUw,귀여워 말랑해보임
숏폼,초초초간단 숏폼 영상 제작 알려드림,https://www.youtube.com/watch?v=nhAe3w-qSUw,어떤프로그램에서 하는거에여? 핸드폰에서도 한다면 틱톡? 아님 어플이 따로 있나요?
숏폼,초초초간단 숏폼 영상 제작 알려드림,https://www.youtube.com/watch?v=nhAe3w-qSUw,숏부스트가.. 서비스 중단...하는데요..<br>ㅠㅠ
숏폼,초초초간단 숏폼 영상 제작 알려드림,https://www.youtube.com/watch?v=nhAe3w-qSUw,귀여워
숏폼,초초초간단 숏폼 영상 제작 알려드림,https://www.youtube.com/watch?v=nhAe3w-qSUw,마스크 매력있다
숏폼,초초초간단 숏폼 영상 제작 알려드림,https://www.youtube.com/watch?v=nhAe3w-qSUw,숏부스트 사이트 중단됬는데 일케 올리믄 어쩌라는건지
숏폼,초초초간단 숏폼 영상 제작 알려드림,https://www.youtube.com/watch?v=nhAe3w-qSUw,꿀팁 알려주셔서 감사합니다 떡상하세요
숏폼,초초초간단 숏폼 영상 제작 알려드림,https://www.youtube.com/watch?v=nhAe3w-qSUw,BESTX99.9
숏폼,초초초간단 숏폼 영상 제작 알려드림,https://www.youtube.com/watch?v=nhAe3w-qSUw,여기 닫았어요...ㅠㅠ
숏폼,초초초간단 숏폼 영상 제작 알려드림,https://www.youtube.com/watch?v=nhAe3w-qSUw,월정액으로 돈만 더 쓰지 뭘 돈을버냐
숏폼,초초초간단 숏폼 영상 제작 알려드림,https://www.youtube.com/watch?v=nhAe3w-qSUw,채널이 먼저네
숏폼,초초초간단 숏폼 영상 제작 알려드림,https://www.youtube.com/watch?v=nhAe3w-qSUw,접속하기전  유튭 채널 있어야 하죠?
숏폼,초초초간단 숏폼 영상 제작 알려드림,https://www.youtube.com/watch?v=nhAe3w-qSUw,돈을 벌고 싶은데 유료ai니까 돈을 쓰는거네
숏폼,초초초간단 숏폼 영상 제작 알려드림,https://www.youtube.com/watch?v=nhAe3w-qSUw,존나 감떨어지네.. 이걸로 돈방석 앉겠노....
숏폼,초초초간단 숏폼 영상 제작 알려드림,https://www.youtube.com/watch?v=nhAe3w-qSUw,숏부스트막힘
숏폼,초초초간단 숏폼 영상 제작 알려드림,https://www.youtube.com/watch?v=nhAe3w-qSUw,숏부스트 잠정준단했는데요 ??? 어리둥절
숏폼,초초초간단 숏폼 영상 제작 알려드림,https://www.youtube.com/watch?v=nhAe3w-qSUw,릴스 올리고 바로 반응 없으면 묻히는 경우 많은데 그래서 업로드 직후 10분 안에 소셜부스터로 조회수 채워주는데 바로 댓글 막 달림 ㅋㅋ
숏폼,초초초간단 숏폼 영상 제작 알려드림,https://www.youtube.com/watch?v=nhAe3w-qSUw,타입캐스트 무료인가요?
숏폼,초초초간단 숏폼 영상 제작 알려드림,https://www.youtube.com/watch?v=nhAe3w-qSUw,초보입니다 영상을보다보니 너무 이것거적 봐서 혼동만올뿐 어떻게할지 젼혀모르겠어요 도와주세요!
숏폼,초초초간단 숏폼 영상 제작 알려드림,https://www.youtube.com/watch?v=nhAe3w-qSUw,직접알려줄수있어
숏폼,초초초간단 숏폼 영상 제작 알려드림,https://www.youtube.com/watch?v=nhAe3w-qSUw,첨에 귀여운목소리 어디꺼예요?
숏폼,초초초간단 숏폼 영상 제작 알려드림,https://www.youtube.com/watch?v=nhAe3w-qSUw,숏부스트 망했나요
숏폼,초초초간단 숏폼 영상 제작 알려드림,https://www.youtube.com/watch?v=nhAe3w-qSUw,숏폼 만들때 영상을 먼저 컷편집 하시는 편이세요 음성AI를 먼저 만들고 하시는 편이세요?
숏폼,초초초간단 숏폼 영상 제작 알려드림,https://www.youtube.com/watch?v=nhAe3w-qSUw,목소리랑 음악이랑 섞여가지고... 정신하나도...
숏폼,초초초간단 숏폼 영상 제작 알려드림,https://www.youtube.com/watch?v=nhAe3w-qSUw,안되는데요?
숏폼,초초초간단 숏폼 영상 제작 알려드림,https://www.youtube.com/watch?v=nhAe3w-qSUw,Top ❤ 해봐야겠어요
숏폼,초초초간단 숏폼 영상 제작 알려드림,https://www.youtube.com/watch?v=nhAe3w-qSUw,혹시 처음 스타트 목소리 어케 적용한거죠?
숏폼,초초초간단 숏폼 영상 제작 알려드림,https://www.youtube.com/watch?v=nhAe3w-qSUw,숏부스터 잠정 중단이라네요 ㅠㅠ<br>움직이는 영상 만들고 싶었는데 아쉬워요
숏폼,초초초간단 숏폼 영상 제작 알려드림,https://www.youtube.com/watch?v=nhAe3w-qSUw,🎉🎉
숏폼,초초초간단 숏폼 영상 제작 알려드림,https://www.youtube.com/watch?v=nhAe3w-qSUw,"이거 브루로 만든 숏폼이에요??? 자막이 저렇게 통통 튀는거랑, 영상이 확대 축소되는게 브루로 가능해요?"
숏폼,초초초간단 숏폼 영상 제작 알려드림,https://www.youtube.com/watch?v=nhAe3w-qSUw,목소리 귀엽~~♡♡♡
숏폼,초초초간단 숏폼 영상 제작 알려드림,https://www.youtube.com/watch?v=nhAe3w-qSUw,브루보단 캡컷
숏폼,초초초간단 숏폼 영상 제작 알려드림,https://www.youtube.com/watch?v=nhAe3w-qSUw,돈다발하고 움직이는 펭귄은 영상편집 어떤 프로그램 쓰신건가요?
숏폼,초초초간단 숏폼 영상 제작 알려드림,https://www.youtube.com/watch?v=nhAe3w-qSUw,숏부스트 ㅠㅠㅠ종료ㅠㅠㅠㅠㅠ
숏폼,초초초간단 숏폼 영상 제작 알려드림,https://www.youtube.com/watch?v=nhAe3w-qSUw,숏부스트가 서비스 종료했다는데<br>다른 사이트는 없나요😢
숏폼,&quot;유튜브 쇼츠? 여기서 돈 터집니다&quot; 20초 숏폼으로 월 4천만원 달성한 28살 실제 인증,https://www.youtube.com/watch?v=jIIUgItVtos,"📌 쇼츠 하나로 월 1억?!<br>1소스 → 6유즈 수익화 구조 공개합니다!<br><br>👉 (클릭!) <a href=""https://m.site.naver.com/25gov"">https://m.site.naver.com/25gov</a><br>*박준휘님 무료특강 신청링크입니다.<br><br>🎁 오픈채팅방 입장만 해도 주는 혜택!<br>• 초보들을 위한 10분 쇼츠 수익화 액기스 전자책<br>• 67년생 친어머니에게 전수해드린 쇼츠 수익화핵심 공략<br>• 구독전환 높이는 비법<br>• 쇼핑쇼츠 완벽가이드 전자책<br><br>🎁 무료 라이브 혜택!<br>• 고수들의 쇼츠 소재 리스트<br>• 쇼츠운영전략<br>• 해외 진출을 위한 쇼츠 제작 봇<br><br>📢 무료 특강 신청 방법<br>1. 온라인프리덤 채널 구독 후 댓글에 “신청합니다” 작성<br>2. 위 링크 클릭 후 신청<br><br>선착순 마감입니다. 지금 바로 신청하세요 🔥"
숏폼,&quot;유튜브 쇼츠? 여기서 돈 터집니다&quot; 20초 숏폼으로 월 4천만원 달성한 28살 실제 인증,https://www.youtube.com/watch?v=jIIUgItVtos,신청합니다
숏폼,&quot;유튜브 쇼츠? 여기서 돈 터집니다&quot; 20초 숏폼으로 월 4천만원 달성한 28살 실제 인증,https://www.youtube.com/watch?v=jIIUgItVtos,남의꺼 영상 가져와서 편집에 편집을 더하는건가요
숏폼,&quot;유튜브 쇼츠? 여기서 돈 터집니다&quot; 20초 숏폼으로 월 4천만원 달성한 28살 실제 인증,https://www.youtube.com/watch?v=jIIUgItVtos,댓글 자꾸 지우네요<br>여러분 추적 60분 꼭 보고 오세요<br>쇼츠영상
숏폼,&quot;유튜브 쇼츠? 여기서 돈 터집니다&quot; 20초 숏폼으로 월 4천만원 달성한 28살 실제 인증,https://www.youtube.com/watch?v=jIIUgItVtos,신청합니다
숏폼,&quot;유튜브 쇼츠? 여기서 돈 터집니다&quot; 20초 숏폼으로 월 4천만원 달성한 28살 실제 인증,https://www.youtube.com/watch?v=jIIUgItVtos,신청합니다
숏폼,&quot;유튜브 쇼츠? 여기서 돈 터집니다&quot; 20초 숏폼으로 월 4천만원 달성한 28살 실제 인증,https://www.youtube.com/watch?v=jIIUgItVtos,박준희님 무료특강 신청
숏폼,&quot;유튜브 쇼츠? 여기서 돈 터집니다&quot; 20초 숏폼으로 월 4천만원 달성한 28살 실제 인증,https://www.youtube.com/watch?v=jIIUgItVtos,신청합니다
숏폼,&quot;유튜브 쇼츠? 여기서 돈 터집니다&quot; 20초 숏폼으로 월 4천만원 달성한 28살 실제 인증,https://www.youtube.com/watch?v=jIIUgItVtos,신청합니다
숏폼,&quot;유튜브 쇼츠? 여기서 돈 터집니다&quot; 20초 숏폼으로 월 4천만원 달성한 28살 실제 인증,https://www.youtube.com/watch?v=jIIUgItVtos,신청합니다
숏폼,&quot;유튜브 쇼츠? 여기서 돈 터집니다&quot; 20초 숏폼으로 월 4천만원 달성한 28살 실제 인증,https://www.youtube.com/watch?v=jIIUgItVtos,구독완료.강의 신청합니다
숏폼,&quot;유튜브 쇼츠? 여기서 돈 터집니다&quot; 20초 숏폼으로 월 4천만원 달성한 28살 실제 인증,https://www.youtube.com/watch?v=jIIUgItVtos,신청합니다
숏폼,&quot;유튜브 쇼츠? 여기서 돈 터집니다&quot; 20초 숏폼으로 월 4천만원 달성한 28살 실제 인증,https://www.youtube.com/watch?v=jIIUgItVtos,신청합니다
숏폼,&quot;유튜브 쇼츠? 여기서 돈 터집니다&quot; 20초 숏폼으로 월 4천만원 달성한 28살 실제 인증,https://www.youtube.com/watch?v=jIIUgItVtos,"구독 완료, 강의 신청합니다!"
숏폼,&quot;유튜브 쇼츠? 여기서 돈 터집니다&quot; 20초 숏폼으로 월 4천만원 달성한 28살 실제 인증,https://www.youtube.com/watch?v=jIIUgItVtos,"구독, 신청합니다."
숏폼,&quot;유튜브 쇼츠? 여기서 돈 터집니다&quot; 20초 숏폼으로 월 4천만원 달성한 28살 실제 인증,https://www.youtube.com/watch?v=jIIUgItVtos,신청합니다!
숏폼,&quot;유튜브 쇼츠? 여기서 돈 터집니다&quot; 20초 숏폼으로 월 4천만원 달성한 28살 실제 인증,https://www.youtube.com/watch?v=jIIUgItVtos,대단하십니다.단톡방에 참석하겠습니다.
숏폼,&quot;유튜브 쇼츠? 여기서 돈 터집니다&quot; 20초 숏폼으로 월 4천만원 달성한 28살 실제 인증,https://www.youtube.com/watch?v=jIIUgItVtos,"구독후 ,신청합니다"
숏폼,&quot;유튜브 쇼츠? 여기서 돈 터집니다&quot; 20초 숏폼으로 월 4천만원 달성한 28살 실제 인증,https://www.youtube.com/watch?v=jIIUgItVtos,신청합니다
숏폼,&quot;유튜브 쇼츠? 여기서 돈 터집니다&quot; 20초 숏폼으로 월 4천만원 달성한 28살 실제 인증,https://www.youtube.com/watch?v=jIIUgItVtos,신청합니다.
숏폼,&quot;유튜브 쇼츠? 여기서 돈 터집니다&quot; 20초 숏폼으로 월 4천만원 달성한 28살 실제 인증,https://www.youtube.com/watch?v=jIIUgItVtos,신청합니다.
숏폼,&quot;유튜브 쇼츠? 여기서 돈 터집니다&quot; 20초 숏폼으로 월 4천만원 달성한 28살 실제 인증,https://www.youtube.com/watch?v=jIIUgItVtos,신청합니다
숏폼,&quot;유튜브 쇼츠? 여기서 돈 터집니다&quot; 20초 숏폼으로 월 4천만원 달성한 28살 실제 인증,https://www.youtube.com/watch?v=jIIUgItVtos,구독했어요 신청합니다~
숏폼,&quot;유튜브 쇼츠? 여기서 돈 터집니다&quot; 20초 숏폼으로 월 4천만원 달성한 28살 실제 인증,https://www.youtube.com/watch?v=jIIUgItVtos,어리지만 존경스럽다.. 신청합니다. 인생을 바꾸고 싶습니다.
숏폼,&quot;유튜브 쇼츠? 여기서 돈 터집니다&quot; 20초 숏폼으로 월 4천만원 달성한 28살 실제 인증,https://www.youtube.com/watch?v=jIIUgItVtos,쇼츠만 했을 때 수익이 늘 불안했는데 카톡 네이버는 진짜 대박인데요ㄷㄷㄷ 여태까지 버린 돈 생각하믄 진짜 뼈아프네요... 좋은 정보 감사합니다
숏폼,&quot;유튜브 쇼츠? 여기서 돈 터집니다&quot; 20초 숏폼으로 월 4천만원 달성한 28살 실제 인증,https://www.youtube.com/watch?v=jIIUgItVtos,이분 눈 밑이 퀭한 게 진짠가보네.. 사무실 사는 거 부터 참 대단하다면 대단하네요😂😂
숏폼,숏폼 중독이 무서운 진짜 이유,https://www.youtube.com/watch?v=rojH_j1MgBI,"👇《멍청해지기 전에 읽는 뇌과학》 만나보기<br><a href=""https://short.millie.co.kr/xyngns"">https://short.millie.co.kr/xyngns</a><br><br>💬 심리학 고양이 오픈카톡방<br><a href=""https://open.kakao.com/o/gaUlhgwh"">https://open.kakao.com/o/gaUlhgwh</a><br><br>모두 새해 복 많이 받으세요 🙇♥️"
숏폼,숏폼 중독이 무서운 진짜 이유,https://www.youtube.com/watch?v=rojH_j1MgBI,쇼츠 요즘 엄청 안보는데 가끔 한달에 한번은 봐줘도 좋더라고용 가끔 인스턴트 식품 먹는느낌ㅋㅋ 뭔가 가끔 보고나면 휴식된 기분이고 무기력증이 조금 나아짐
숏폼,숏폼 중독이 무서운 진짜 이유,https://www.youtube.com/watch?v=rojH_j1MgBI,"짧고 굵게 쇼츠(짧은 동영상)에 관한 문제점을 지적하는 동시에 그에 기반한 적절한 자료와 음원을 통해 시각적으로도 공간적으로도 큰 깊이가 들어간 것 같습니다. <br><br>이 하나의 영상이 &quot;직접적으로 내용을 전달하고, 내용을 풀어 간략히 설명하고, 그걸 또 어느 연령대라도 쉽게 이해할 수 있게 한다&quot; 고 느껴지는 것 같습니다, 뜻 깊게 보았습니다, 옳은 영상은, 진실한 영상은 그만큼 <br>작은 파장을 일으킨다고 생각됩니다, 작은 눈 하나가 큰 눈 덩어리로 돌아와 이 사회 공동체에 있어 이러한 영상은 몇 만 명의 사람들에게 삶의 파장을 주었다는 것은 항상 느끼는 것이지만 보는 때 마다 <br>감탄을 안 할 수가 없습니다, 항상 바쁜 삶을 살아가는 와중에 이런 영상을 접하게 되어 영광입니다, 오늘도 좋은 하루 되시길 바랍니다."
숏폼,숏폼 중독이 무서운 진짜 이유,https://www.youtube.com/watch?v=rojH_j1MgBI,"숏폼 콘텐츠의 과도한 소비와 청소년 집중력 저하<br><br>요즘 청소년들은 유튜브 쇼츠, 틱톡, 릴스 같은 짧은 영상 콘텐츠를 자주 시청한다. 나도 평소 영상을 자주 보는 편인데, 짧고 자극적인 영상에 익숙해지면서 공부나 긴 글에 집중하기 어려워지는 문제가 있다고 느꼈다. 나는 미래에 영상편집자가 되고 싶어서 영상 콘텐츠가 사회에 미치는 영향에 관심이 생겨 이 주제를 선택하였다.<br><br>최근에는 스마트폰 사용 시간이 증가하면서 숏폼 콘텐츠 이용도 많아지고 있다.<br><br>시간의 관점에서 보면 예전에는 긴 영상 콘텐츠가 많았지만 최근에는 짧은 영상이 빠르게 유행하고 있다. 특히 코로나19 이후 스마트폰 사용 시간이 늘어나면서 숏폼 콘텐츠 이용도 증가하였다.<br><br>공간의 관점에서는 스마트폰만 있으면 어디서든 영상을 볼 수 있다는 특징이 있다. 학교, 집, 지하철 등 장소와 상관없이 쉽게 이용할 수 있어서 청소년들의 사용 시간이 더욱 늘어나고 있다.<br><br>사회적 관점에서는 짧고 자극적인 영상에 익숙해지면서 집중력이 낮아질 수 있다는 문제가 있다. 또한 조회수를 위해 자극적인 콘텐츠를 만드는 경우도 많아지고 있다.<br><br>윤리적 관점에서는 영상 제작자들의 책임감이 중요하다고 생각한다. 단순히 조회수만 노리는 것이 아니라 청소년들에게 좋은 영향을 줄 수 있는 콘텐츠를 만들어야 한다고 생각한다.<br><br>숏폼 콘텐츠는 편리하고 재미있다는 장점이 있지만 과도하게 사용하면 집중력 저하 같은 문제가 생길 수 있다. 그래서 스스로 사용 시간을 조절하려는 노력이 필요하다고 생각한다. 또한 미래의 영상편집자는 재미뿐만 아니라 사람들에게 긍정적인 영향을 줄 수 있는 영상을 만드는 것이 중요하다고 느꼈다.<br><br>⸻<br><br>자신의 진로와 관련하여 활동 소감<br><br>이번 활동을 통해 영상 콘텐츠가 사회에 큰 영향을 줄 수 있다는 것을 알게 되었다. 나는 미래에 영상편집자가 되고 싶기 때문에 영상의 재미뿐 아니라 시청자들에게 어떤 영향을 줄지도 생각해야 한다고 느꼈다. 앞으로 사람들에게 좋은 영향을 줄 수 있는 영상을 만드는 영상편집자가 되고 싶다."
숏폼,숏폼 중독이 무서운 진짜 이유,https://www.youtube.com/watch?v=rojH_j1MgBI,아 영화같이 긴 거 말고 시리즈 드라마가 재밌어진게 이 때문이었군요
숏폼,숏폼 중독이 무서운 진짜 이유,https://www.youtube.com/watch?v=rojH_j1MgBI,근데 일기를 아무 방식으로든 쓰기만 한다면 예방이 되는 것인가요?
숏폼,숏폼 중독이 무서운 진짜 이유,https://www.youtube.com/watch?v=rojH_j1MgBI,좋은 영상 감사합니다 잘봤어여😮
숏폼,숏폼 중독이 무서운 진짜 이유,https://www.youtube.com/watch?v=rojH_j1MgBI,"숏폼안봐이제 배속올려서 정상영상봄, 뇌가 힘들어"
숏폼,숏폼 중독이 무서운 진짜 이유,https://www.youtube.com/watch?v=rojH_j1MgBI,오늘 철학 심리학 영상 3 4개 본것중에 저에게 실천을 주는 영상이네요
숏폼,숏폼 중독이 무서운 진짜 이유,https://www.youtube.com/watch?v=rojH_j1MgBI,이거 아침에 바로 안하는 법 있음 유튜브 인스타 그런거 다 페이스 아이디 걸어두면 진짜 못 알아봄 그러면 인증 하다하다 짜증나서 그냥 안보게 됨
숏폼,숏폼 중독이 무서운 진짜 이유,https://www.youtube.com/watch?v=rojH_j1MgBI,숏츠가 왜 생겨서 ....  틱톡도 없어졌으면 좋겠고 유튜브도 숏츠 없앴으면 좋겠다......     진짜 문제는 요즘 어린아이들이 숏츠에 중독 되어서 못보게 하면 난폭해지던데 이 상태로 크면 이 세상이 어떻게 될런지...... 부모가 못보게 해야 하는건 맞지만 너무 접근이 쉬운게 문제.....
숏폼,숏폼 중독이 무서운 진짜 이유,https://www.youtube.com/watch?v=rojH_j1MgBI,내가 쇼츠중독에 공감이 안갔던 이유가 저거였구나<br>쇼츠 클릭으로만 보고 바로 나와서 다른건 검색해서 보는데
숏폼,숏폼 중독이 무서운 진짜 이유,https://www.youtube.com/watch?v=rojH_j1MgBI,백은종 최대 중독상태
숏폼,숏폼 중독이 무서운 진짜 이유,https://www.youtube.com/watch?v=rojH_j1MgBI,"요즘 저도 그렇고 제 동생도 쇼츠를 너무 많이 보는 것 같습니다<br>특히 동생은 원래 저보다 책도 잘 읽었는데, 어느새 책을 못 읽는 애가 됐어요...<br>동생 스스로도 쇼츠 끊어야되는데 끊질 못하겠대요 저도 못 끊고요 한 번 보기 시작하면 1시간이 삭제되어있어<br>폰만 잡으면 쇼츠 켜서 보고 있고 유튜브 보고 있고 계속 이러니까 주말에 딱 한 번이라도 쌓여있는 책 한 권 정독을 하려고 합니다<br>계속 하면 하루에 한 권 읽는 것도 되겠지"
숏폼,숏폼 중독이 무서운 진짜 이유,https://www.youtube.com/watch?v=rojH_j1MgBI,쇼츠 이제 끊겠습니다!<br>1일차
숏폼,숏폼 중독이 무서운 진짜 이유,https://www.youtube.com/watch?v=rojH_j1MgBI,마지막이 잴 핵심인듯. 너무 미래만 보면서 고봉밥 담는거 말고 지금 의미를 찾는거.
숏폼,숏폼 중독이 무서운 진짜 이유,https://www.youtube.com/watch?v=rojH_j1MgBI,이 영상 진짜 많은 것들을 담고있는 느낌임
숏폼,숏폼 중독이 무서운 진짜 이유,https://www.youtube.com/watch?v=rojH_j1MgBI,이영상은 재가 참 좋아 하는 영상 입니다.
숏폼,숏폼 중독이 무서운 진짜 이유,https://www.youtube.com/watch?v=rojH_j1MgBI,학생때 보던 라노벨이라도 다시읽고있음<br>대신 요즘 ebook들에는 독서노트라는 기능들이 있어서 메모하면서 읽을수있음<br>캐릭터 정보나 중요 대사를 기록하고 생각 적어가면서 읽어보고있음<br>지루한책 아니여도 이런게 시작아닐까함
숏폼,숏폼 중독이 무서운 진짜 이유,https://www.youtube.com/watch?v=rojH_j1MgBI,"1. 하루 30분 끊지않고 영상을 보기(드라마, 영화)<br>2. 디지털 디톡스 뜨개질 등 취미 활동<br>3. 3줄 일기 쓰기"
숏폼,숏폼 중독이 무서운 진짜 이유,https://www.youtube.com/watch?v=rojH_j1MgBI,숏품  증상이 마약중독이랑 비슷한데;;
숏폼,숏폼 중독이 무서운 진짜 이유,https://www.youtube.com/watch?v=rojH_j1MgBI,그래서 유튜버들 특히 숏폼제작하는 사람들은 마약사범임..
숏폼,숏폼 중독이 무서운 진짜 이유,https://www.youtube.com/watch?v=rojH_j1MgBI,난 항상 유튜브 보는데.. 언더스탠딩 슈카 등 경제 시사 관련된 채널이고 가끔 숏폼 어그로 끌려서 클릭하는데.. 바로 이딴 쓸모없는 잡쓰레기 영상올린다고 쌍욕댓글 다는데.. 난 뭐지 숏폼 절대면역자인가??
숏폼,숏폼 중독이 무서운 진짜 이유,https://www.youtube.com/watch?v=rojH_j1MgBI,이 영상 15초짜리 쇼츠로 만들어 주세요
숏폼,숏폼 중독이 무서운 진짜 이유,https://www.youtube.com/watch?v=rojH_j1MgBI,이건 마약이지
숏폼,숏폼 중독이 무서운 진짜 이유,https://www.youtube.com/watch?v=rojH_j1MgBI,500년후 식물에게 파워웨이드를 주는 현상이 꼭 올것같음... 50년 안에 인류 쫑나겠지만..
숏폼,숏폼 중독이 무서운 진짜 이유,https://www.youtube.com/watch?v=rojH_j1MgBI,의미를 찾으라 말하지만 결국 의미란 정의와 같은것이다.내 삶에. 인생에. 내가 경험하고 지각하는 모든세상에 무엇이 어떻게 아름답고 즐겁고 기쁜것인가를 결정하는 것이다.<br>그러니 당연히 관심과 집중과 선택. 관계성과 연결성. 운동성이 없이는 그 모든것들도 존재하지 않게 되는것이다. 젊은 시대의 문제점은 결국 그들자신이 무엇을 사랑하며 사랑하길 바라는지. 곧 자신이 누구로. 어떻게 살아가길 원하는지 모른다는것에서 시작되는것이다.<br>그러니 결국 자신을 안다는건 세상이 정의하고 규정한 가치와 의미가 나에게도 진정 그러한지에 대해 알아가는 과정. 투쟁과도 같다.
숏폼,숏폼 중독이 무서운 진짜 이유,https://www.youtube.com/watch?v=rojH_j1MgBI,숏폼 볼 시간에 차라리 게임을 하는게 훨씬 더 좋은거 같음.  숏폼은 아무생각없이 스크롤을 넘기면서 뇌가 망가지는 반면에 게임은 생각보다 머리를 꽤 많이 사용해야니까
숏폼,숏폼 중독이 무서운 진짜 이유,https://www.youtube.com/watch?v=rojH_j1MgBI,보드게임 시작하고 이런 걱정이 덜어짐. 여러분 보드게임 하세요
숏폼,숏폼 중독이 무서운 진짜 이유,https://www.youtube.com/watch?v=rojH_j1MgBI,"[영상의 존재 이유]<br>이 영상은 숏폼 중독을 단순한 &#39;시간 낭비&#39;나 &#39;의지 부족&#39;의 문제가 아니라, 뇌의 물리적 구조를 파괴하고 &#39;인지적 지구력&#39;을 말살하는 생물학적 재앙으로 정의합니다. 화자는 30 년간 수녀를 추적한 &#39;수녀 프로젝트&#39;와 런던 택시 기사 사례를 통해, 뇌세포가 손상되어도 치매를 막을 수 있는 유일한 방책이 &#39;다양한 뇌 영역을 고루 자극하는 균형 잡힌 일상&#39;임을 증명하며, 숏폼이 제공하는 &#39;단일 자극&#39;이 어떻게 뇌의 회복력을 무너뜨리는지 경고합니다.<br><br>[화자의 핵심 세계관]<br>1. 뇌는 &#39;단일 자극&#39;에 의존하면 구조적으로 위축된다 (편식 vs 균형)<br>이 관점의 독특함: 일반적인 조언이 &#39;집중력&#39;을 강조한다면, 이 화자는 뇌의 물리적 부피와 연결망 (거미줄)이 특정 활동 (스크롤) 에만 의존하면 다른 영역이 위축된다고 설명합니다.<br>경험적 배경: 수녀들의 30 년 추적 조사 결과, 뇌세포가 심하게 손상되었음에도 치매 증상이 없었던 이유는 &#39;다양한 활동&#39;이 뇌의 다른 부위 (해마, 선조체, 전두엽 등) 를 골고루 자극했기 때문입니다.<br>결정적 발언/일화: &quot;쇼폼은 시각 정보와 보상 회로 두 곳만 불타오르게 합니다. 이건 종일 초콜릿과 아이스크림만 퍼먹는 것과 비슷해, 해마와 전두엽이 위축됩니다.&quot;<br>우리에게 주는 질문: 나는 지금 뇌를 &#39;균형 잡힌 식단&#39;으로 먹이고 있는가, 아니면 &#39;초당각&#39;으로 뇌를 기아 상태에 빠뜨리고 있는가?<br>2. &#39;인지적 지구력&#39;은 뇌의 생존을 위한 필수 근육이다<br>이 관점의 독특함: 지루함을 견디는 능력을 &#39;인내심&#39;이 아닌 &#39;인지적 지구력 (Cognitive Endurance)&#39;이라는 뇌과학 용어로 정의하며, 이것이 뇌가 노화해도 기능을 유지하는 핵심 조건이라고 봅니다.<br>경험적 배경: 런던 택시 기사들은 25,000 개의 골목길을 외우며 해마 부피를 키웠고, 수녀들은 복잡한 글을 쓰고 정원을 가꾸며 뇌세포를 보호했습니다. 반면 숏폼은 15 초의 쾌락만 반복해 이 지구력을 마비시킵니다.<br>결정적 발언/일화: &quot;우리 인생은 100m 달리기가 아니라 마라톤입니다. 긴 글을 읽고 문맥을 파악하는 능력, 지루한 대화를 견디는 능력이 바로 인지적 지구력인데, 숏폼을 보는 사람의 뇌에서는 이 지구력이 사라집니다.&quot;<br>우리에게 주는 질문: 나는 지금 &#39;지루함&#39;을 견디며 뇌를 단련하고 있는가, 아니면 15 초의 쾌락에 뇌를 마비시키고 있는가?<br>3. 치매는 &#39;뇌세포의 죽음&#39;이 아니라 &#39;연결망의 단절&#39;이다 (인지 예비능)<br>이 관점의 독특함: 치매를 뇌세포가 죽는 &#39;질병&#39;으로 보기보다, 뇌세포가 죽어도 다양한 우회로 (거미줄)가 있으면 기능을 유지할 수 있는 &#39;인지 예비능&#39;의 유무로 해석합니다.<br>경험적 배경: 메리 수녀는 뇌가 쪼그라들고 독성 물질로 뒤덮였음에도 치매 증상이 없었습니다. 이는 20 대 때 쓴 &#39;복잡하고 풍성한 글 (높은 아이디어 밀도)&#39;이 뇌에 거대한 연결망을 만들어두었기 때문입니다.<br>결정적 발언/일화: &quot;메리 수녀의 뇌는 의학적으로 말기 치매 환자여야 했지만, 그녀는 멀쩡했습니다. 그녀를 지킨 건 유전자나 의학이 아니라, 평소에 뇌 속에 다양한 연결고리를 만들어 둔 &#39;인지 예비능&#39;이었습니다.&quot;<br>우리에게 주는 질문: 내 뇌는 태풍 (노화/치매) 이 왔을 때 끊어질 밧줄 하나만 묶여 있는가, 아니면 끊어져도 버틸 수 있는 10 개의 밧줄 (연결망) 을 가지고 있는가?<br>4. 행복의 역치는 &#39;단일 자극&#39;에 의해 영구적으로 상승한다 (도파민 절여짐)<br>이 관점의 독특함: 중독의 결과를 &#39;시간 낭비&#39;가 아니라 &#39;감각의 무디음 (도파민 절여짐)&#39;으로 정의합니다. 숏폼의 초강력 자극에 뇌가 적응하면, 평범한 삶의 행복 (책 읽는 감동, 산책의 상쾌함) 을 더 이상 감지하지 못하게 됩니다.<br>경험적 배경: 매일 불닭볶음면을 먹으면 나물 반찬이 맛없게 느껴지듯, 숏폼의 도파민에 중독된 뇌는 작은 자극에는 반응하지 않습니다.<br>결정적 발언/일화: &quot;쇼폼이라는 초강력 도파민에 절여진 뇌는 이제 책을 읽을 때의 잔잔한 감동, 산책할 때의 상쾌함 같은 작고 평범한 행복들을 더 이상 행복으로 인식하지 못합니다.&quot;<br>우리에게 주는 질문: 나는 지금 &#39;작은 행복&#39;을 느낄 수 있는 감각을 잃어가고 있는가?<br>5. 뇌의 휴식은 &#39;생각을 멈추는 것&#39;이 아니라 &#39;다른 시스템을 가동하는 것&#39;이다<br>이 관점의 독특함: 휴식을 &#39;멍때리기&#39;나 &#39;수동적 소비&#39;로 보지 않고, 스트레스를 받는 &#39;해마 시스템&#39;을 끄고, 습관을 담당하는 &#39;선조체 시스템&#39;을 켜는 물리적 전환으로 정의합니다.<br>경험적 배경: 수녀들은 기도 (내부 모드) 후 책을 읽고 (해마), 정원을 가꾸며 (선조체) 뇌를 교차 훈련시켰습니다. 이는 아인슈타인이 바이올린을 켜며 문제를 해결한 원리와 같습니다.<br>결정적 발언/일화: &quot;해마는 스트레스 호르몬 수용체가 가장 많은 곳입니다. 야근하면 해마가 쪼그라듭니다. 이때 텃밭을 가꾸거나 아무 생각 없이 뛰면 뇌는 주도권을 선조체로 넘겨, 해마가 전원을 끄고 휴식을 취합니다.&quot;<br>우리에게 주는 질문: 내 휴식은 뇌를 더 피곤하게 만드는 &#39;스크롤&#39;인가, 아니면 뇌를 치유하는 &#39;시스템 전환&#39;인가?<br>[화자의 한계 인정·자기비판]<br>유전적 요인의 배제 불가: 화자는 수녀들의 치매 예방이 &#39;유전자&#39; 때문이 아니라고 단정하지만, 이는 연구 결과 (10% 의 수녀가 뇌세포 손상을 견뎌냄) 에 기반한 통계적 해석일 뿐, 개인마다 유전적 소인이 다를 수 있음을 암시합니다.<br>실천의 난이도 인정: &quot;처음엔 좀 지루하고 어려울 거예요&quot;라고 명시하며, 인지적 지구력을 키우는 과정이 즉각적인 쾌락을 주는 숏폼과 달리 초기 진입 장벽이 높음을 인정합니다.<br>원인과 결과의 역전 가능성: &quot;젊은 세대가 브레인 로 (Brain Rot) 를 겪는 이유는... 너무 많이 봐서&quot;라고 말하지만, 마지막 질문에서 &quot;일상이 의미 없다고 느끼기 때문&quot;일 수도 있다고 반론을 제기합니다. 즉, 숏폼 중독이 원인일 수도 있지만, 현실의 무의미함이 원인일 가능성도 열어두고 있습니다.<br>[영상의 숨겨진 층위]<br>뇌의 &#39;편식&#39;이 곧 &#39;생존 전략&#39;의 실패: 화자는 뇌가 &#39;다양한 자극&#39;을 필요로 한다고 말하지만, 이는 뇌가 진화적으로 다양한 환경에 적응하기 위해 설계되었음을 시사합니다. 숏폼은 이 진화적 본능을 거스르는 &#39;인위적 환경&#39;을 강요하며, 뇌를 &#39;단일 기능 기계&#39;로 변질시킵니다.<br>글쓰기의 물리적 의미: 화자가 강조하는 &#39;세 줄 일기&#39;는 단순한 기록이 아니라, 후각 (냄새) → 기억 (어린 시절) → 감정 (미소) → 언어 (전두엽)을 연결하는 &#39;신경 다리를 놓는 물리적 작업&#39;입니다. 이는 글쓰기가 뇌의 구조적 변화를 유도하는 생물학적 도구임을 보여줍니다.<br>의미의 재발견: 영상은 치매 예방이나 백세 장수를 목표로 하지 말라고 강조합니다. &quot;백한 살을 위해서가 아니라 오늘 밤을 위해서&quot;라는 말은, 뇌 건강의 궁극적 목표가 &#39;오래 사는 것&#39;이 아니라 &#39;지금 이 순간을 생생하게 느끼는 것&#39;임을 드러냅니다. 숏폼 중독의 본질은 &#39;오래 사는 것&#39;을 포기하고 &#39;지금의 쾌락&#39;만 쫓는 것이 아니라, 지금의 삶을 &#39;의미 없는 것&#39;으로 치부해버리는 태도에 있습니다.<br>[핵심 통찰 한 문장]<br>&quot;뇌는 &#39;지루함을 견디는 능력&#39;과 &#39;다양한 영역을 교차로 자극하는 균형&#39;이 있어야만 노화 속에서도 기능을 유지하는데, 숏폼은 이 균형을 무너뜨려 뇌를 &#39;단일 자극&#39;에 의존하는 위축된 상태로 만들며, 결국 작은 행복을 느낄 수 없는 감각 마비를 초래한다.&quot;"
숏폼,숏폼 중독이 무서운 진짜 이유,https://www.youtube.com/watch?v=rojH_j1MgBI,항상 다방면에서 유익한 영상 감사합니다. 오늘도 한국을 떠나려는 의지가 더 강해졌습니다...
숏폼,숏폼 중독이 무서운 진짜 이유,https://www.youtube.com/watch?v=rojH_j1MgBI,"음, AI는 절대 치매 안 걸리겠네. 어떻게든 연결해서 소설(거짓말)만 써대니.ㅎ"
숏폼,숏폼 중독이 무서운 진짜 이유,https://www.youtube.com/watch?v=rojH_j1MgBI,숏폼 많이 봤는데 중독 1도 없음
숏폼,숏폼 중독이 무서운 진짜 이유,https://www.youtube.com/watch?v=rojH_j1MgBI,당장 스맛폰 이전 영업직들만 해도 전화번호 1000개 정도는 우습게 외우고 다녔다고 함 최소가 1000개 정도임
숏폼,숏폼 중독이 무서운 진짜 이유,https://www.youtube.com/watch?v=rojH_j1MgBI,헤헤헤헤헤헤ㅔ헤헤헤헤헤헤헤헤헿ㅎㅎ
숏폼,숏폼 중독이 무서운 진짜 이유,https://www.youtube.com/watch?v=rojH_j1MgBI,끈기 쉽던데
숏폼,숏폼 중독이 무서운 진짜 이유,https://www.youtube.com/watch?v=rojH_j1MgBI,안녕하세요 저는 도덕 수업시간에 선플 달기를 하고 있는 중학교 3학년 학생입니다! 영상에서 우리가 자주 이용하는 인스타 릴스나 유튜브 쇼츠의 위험성을 알려주시고 또 수녀님처럼 살기 위한 실천법을 알려주셔서 좋았습니다. 앞으로도 좋은 영상 많이 부탁드려요!
숏폼,숏폼 중독이 무서운 진짜 이유,https://www.youtube.com/watch?v=rojH_j1MgBI,"안녕하세요 도덕 수업 과제로 선플 달기를 하는 중학교 3학년 학생입니다. 일반인이 알기 힘든, 찾기 어려운 자료를 쉽게 알려주어 좋은것 같습니다. 앞으로도 좋은 영상 부탁드립니다! 좋은 하루 보내세요"
숏폼,숏폼 중독이 무서운 진짜 이유,https://www.youtube.com/watch?v=rojH_j1MgBI,"학생인데 확실히 요즘애들 다 너무 릴스,쇼츠 중독이고 나도 그랬음 불과 몇달전 까지 근데 내가 이걸 끊음 이유는 단순했음 아예 유튜브를 검색하는 용도로만 썼음 뭐 쇼츠 요즘 나오는것만 봐도 ai로 영상 만들거나 이 남자는~~~ 이런것만주구장창 있더만.. 심심할땐 나무위키 정독하거나 지식인 보거나 친구랑 놀거나 전화했음 그리고 새해 되면서 다이어리도 매일 쓰고있고 포타도 읽다보니까 공부가 즐거워짐; 확실히 사람이 달라지고 진짜 긍정적이게 바뀜"
숏폼,숏폼 중독이 무서운 진짜 이유,https://www.youtube.com/watch?v=rojH_j1MgBI,전 예전에 숏폼이 재미없다고 느끼고 맨날 노래만틀어놓고 앨범 통째로 돌리고 했엇는데 요즘은 숏폼없이는 못버티겠더라구요..<br>언제부턴가 그렇게 좋아하던 음악은 안찾고 숏폼만 보고있으니..순간 회의감이 들어서 최근에는 자기전만이라도 앨범 통째로 집중해서 감상하고 긴 영화 보면서 노력중입니다<br>집에서보면 혹시나 흐트러질까봐 일부러 영화관을 찾기도 하고<br>밖에서 앨범 하나 틀어놓고 넘기지 않고 끝까지 듣는다던가 대중교통 탈때 앉아서 노래에 집중한다거나..<br>원래는 좀 루즈한노래다 싶으면 다른 신나는노래로 바꿔들었었거든요 ㅠ
숏폼,숏폼 중독이 무서운 진짜 이유,https://www.youtube.com/watch?v=rojH_j1MgBI,"이미 존나 나쁜 거 알고 있었는데, 왜 배신임 ㅋㅋ"
숏폼,숏폼 중독이 무서운 진짜 이유,https://www.youtube.com/watch?v=rojH_j1MgBI,외국친구들이 한국컨텐츠 팬이라서 솔로지옥이나 오징어게임 같은거 예전에 같이봤을때 <br>대화없이 표정과 분위기만으로 표현되는 ’긴장감‘이 느껴지는 장면을 모두 스킵해버림<br>열받아서 도대체 왜 그러냐니까<br>’우린 바쁜 사람이다 시간은 중요한거고 시간을 아끼려는거다‘ 라는 말같지도 않은 핑계대길래<br>’니들 뇌가 숏폼에 중독돼서 지금 뇌가 녹고있다‘고 김구라마냥 독설을 갈겨버림<br>생각해보면 지금은 지루하다고 평가되는 애니 원피스도 예전엔 다들 아무렇지도 않게 봤음<br>지금은 다들 원피스는 너무 지루하다며 안봄<br>미국같은데는 ’인터넷 그만하고 나가서 풀 좀 만져라‘ 라는 말이 유행하는데<br>솔직히 맞는말임<br>1시간동안 쇼츠보면 기억나는 쇼츠가 5개도 안됨<br>이쯤되면 숏폼은 인류 역사상 최악의 발명품 중 하나다..
숏폼,숏폼 중독이 무서운 진짜 이유,https://www.youtube.com/watch?v=rojH_j1MgBI,진짜 다른 동기부여 영상들 봐도 아무것도 안 느껴졌는데 이형 영상은 그냥 보고 있으면 뭔가가 느껴지고 할려고 함 몸이
숏폼,숏폼 중독이 무서운 진짜 이유,https://www.youtube.com/watch?v=rojH_j1MgBI,몇달 전부터 숏폼 아예 끊었는데 숏폼 끊는 법 알려드림<br><br>사실 숏폼은 의지력으로 끊을 수 없음 그냥 숏폼 버튼을 없애버리는게 유일한 방법임<br><br>PC: 본인 쓰는 브라우저에 SocialFocus extension 깔고 쇼츠 비활성화 누르셈.<br>안드로이드: 유튜브 앱이나 크롬에서는 익스텐션을 깔 수 없음. 유튜브 앱 지우고 파이어폭스 까셈. 파이어폭스에서 SocialFocus extension 깔면 쇼츠 없애는 기능 생김.
숏폼,숏폼 중독이 무서운 진짜 이유,https://www.youtube.com/watch?v=rojH_j1MgBI,"오늘 당신의 채널을 처음으로 구독하였어요. 최종면접에 떨어지고 폐인처럼 약 1주일 간 살면서..지푸라기라도 잡는 심정으로 말이에요. 폐인생활 청산하면 채널에 의존하지 않고 나만의 작은 습관을 만들고, 누군가 ‘그 일을 왜 했어 ?’ 라고 묻는다면 ‘그냥’이라고 말할 그런 날이 오기를 바라면서.."
숏폼,숏폼 중독이 무서운 진짜 이유,https://www.youtube.com/watch?v=rojH_j1MgBI,"이게 원래 커뮤 중독자 색기들이 이런류가 많아서 말 안통하는 히키코모리가 종종 나오곤 했는데  이제 대중적으로 인스타 숏폼, 릴스로 다같이 이렇게 되어버리니까 유독 요즘 세상이 독빡때갈 히키코모리가 많은 느낌이 듬 ㅋㅋ"
숏폼,숏폼 중독이 무서운 진짜 이유,https://www.youtube.com/watch?v=rojH_j1MgBI,숏폼중독 벗어날려고 유튜브 알고리즘 끄면 숏폼안떠서 끄고 인스타 릴스안볼려고 인스타 지웠는데 이젠 롱폼 중독에 걸림ㅋㅋ
숏폼,숏폼 중독이 무서운 진짜 이유,https://www.youtube.com/watch?v=rojH_j1MgBI,"<a href=""https://www.youtube.com/watch?v=rojH_j1MgBI&amp;t=311"">5:11</a> 혹자는 T와 F의 차이라고 치부하는 시대.."
숏폼,숏폼 중독이 무서운 진짜 이유,https://www.youtube.com/watch?v=rojH_j1MgBI,영상 잘 만드셨네요
숏폼,숏폼 중독이 무서운 진짜 이유,https://www.youtube.com/watch?v=rojH_j1MgBI,"프라모델 취미 추천드립니다. 뭐.. 취향이 아닐 수도 있겠지만, 책은 생각보다 노력을 해야하고, 운동은 지치죠. 프라모델 조립하다보면 시간 잘 가고, 집중도 잘 됩니다. 설명서대로 맞추면 그럴싸한 결과물이 나오는 재미도 좋고, 우울증도 낫더라고요. 아니면 뭐 레고도 괜찮고. 돈드는 취미이긴 하지만, 무언가 시작하기 애매할때 꽤 괜찮았습니다."
숏폼,숏폼 중독이 무서운 진짜 이유,https://www.youtube.com/watch?v=rojH_j1MgBI,저는 어플이용해서 물리적으로 1개월 숏폼 없이 살고 5일동안 폰을 끊으니까 고쳐지더라고요
숏폼,숏폼 중독이 무서운 진짜 이유,https://www.youtube.com/watch?v=rojH_j1MgBI,쓰면 쓸수록이라… 맞는 말입니다.
숏폼,숏폼 중독이 무서운 진짜 이유,https://www.youtube.com/watch?v=rojH_j1MgBI,동고등학교 3학년 3반 서성현 봐라
숏폼,숏폼 중독이 무서운 진짜 이유,https://www.youtube.com/watch?v=rojH_j1MgBI,오늘 본 영상중 정말 제일 유익한 영상입니다.. 감사합니다
숏폼,숏폼 중독이 무서운 진짜 이유,https://www.youtube.com/watch?v=rojH_j1MgBI,"<a href=""https://www.youtube.com/watch?v=rojH_j1MgBI&amp;t=188"">3:08</a> 진짜 신기한게... 수업이나 강의를 열심히 듣고 알아들은 것 같은데 바로 문제를 풀거나 적용해보려 해도 잘 안돼서 책 던져놓고 잊고 있다가 다음날 다시 책 펴고 문제 풀어보면 풀리는 경험이 많았음."
숏폼,숏폼 중독이 무서운 진짜 이유,https://www.youtube.com/watch?v=rojH_j1MgBI,shl.... 외장하드 처럼 아니면 서버에 보관하는 것 처럼 뇌 를 따로 분리시켜놔야겠다. 아니면 100% 난 치매인데
숏폼,숏폼 중독이 무서운 진짜 이유,https://www.youtube.com/watch?v=rojH_j1MgBI,"<a href=""https://www.youtube.com/watch?v=rojH_j1MgBI&amp;t=212"">3:32</a>   <a href=""https://www.youtube.com/watch?v=rojH_j1MgBI&amp;t=220"">3:40</a>"
숏폼,숏폼 중독이 무서운 진짜 이유,https://www.youtube.com/watch?v=rojH_j1MgBI,좋은 내용이다
숏폼,숏폼 중독이 무서운 진짜 이유,https://www.youtube.com/watch?v=rojH_j1MgBI,걍 틱톡 삭제함 최근 이샛기 틀 때마다 seabling 어쩌고 한국욕하는 얘기밖에 안나옴. <br>진짜 혐오에 나도 오염될것 같음
숏폼,숏폼 중독이 무서운 진짜 이유,https://www.youtube.com/watch?v=rojH_j1MgBI,이미 겁나 긴 영상 1개를 봤어요
숏폼,숏폼 중독이 무서운 진짜 이유,https://www.youtube.com/watch?v=rojH_j1MgBI,"1. 인지적 지구력 키우기=하루 30분 끊지않고 보기(드라마,책한 챕터, 긴 유트브영상 등)<br>2. 디지털 디톡스=하루에 딱 한번 핸드폰 없이 몸을 쓰는 활동 하기(핸드폰 없이 산책, 레시피안보고 요리, 클라이밍, 기타 등)<br>3. 세줄 일기쓰기=자기전에 딱 세줄 써보기(오늘 뭘배웠나?, 뭘 잘했나? ,  내일 뭘 다르게 해볼까? 등)"
숏폼,숏폼 중독이 무서운 진짜 이유,https://www.youtube.com/watch?v=rojH_j1MgBI,안보려다가 봤는데.. 보길 잘했다.
숏폼,숏폼 중독이 무서운 진짜 이유,https://www.youtube.com/watch?v=rojH_j1MgBI,ai영상에대한 심각성도 큰듯<br>어른들 기억력 낮은분들보면 TTS 목소리랑 짜집기한 AI이용한 짤이나 영상만봄
숏폼,숏폼 중독이 무서운 진짜 이유,https://www.youtube.com/watch?v=rojH_j1MgBI,옛날 사람들이 더 똑똑했고 현대인이 기술이 좋아져서 자기도 똑똑한줄 착각하고 산다.<br>문제는 그걸 인정하지 않는다는 것.
숏폼,숏폼 중독이 무서운 진짜 이유,https://www.youtube.com/watch?v=rojH_j1MgBI,이영상 썸네일 보일때마다 거북목봤을때 척추펴듯 뜨끔해서 유튜브 끔. 자주뜨라고 좋아요 누른다
숏폼,숏폼 중독이 무서운 진짜 이유,https://www.youtube.com/watch?v=rojH_j1MgBI,"근데 제 경우에는...<br>무언가를 보거나 듣고, 느낀 걸 글로 적을 때,<br>재미있었다 정도로 단편적인 감상밖에 못적는데,<br>이게 숏츠가 존재하기도 전에 책을 일주일에 2권씩 읽던 때에도 똑같았다는 거예요<br>그냥 본인의 감정이나 생각을 밖으로 꺼내는 게 안됨"
숏폼,숏폼 중독이 무서운 진짜 이유,https://www.youtube.com/watch?v=rojH_j1MgBI,죄송한데 이 영상도 쇼츠로 만들어주세요
숏폼,숏폼 중독이 무서운 진짜 이유,https://www.youtube.com/watch?v=rojH_j1MgBI,옥냥이를 보면 해결된다
숏폼,숏폼 중독이 무서운 진짜 이유,https://www.youtube.com/watch?v=rojH_j1MgBI,"근데 하나 아셔야하는건,<br><br>롱폼은 연재주기가 길어서 롱폼조차 다 먹고나니<br>숏폼밖에 안남아서그럼"
숏폼,숏폼 중독이 무서운 진짜 이유,https://www.youtube.com/watch?v=rojH_j1MgBI,"예전이었으면 시간이 충분할 때, 12시간 연속으로 몰입(집중)해서 게임하거나, 학교랑 상관없이 순순히 흥미로운 학문을 공부하거나, 음악 앨범을 틀고 끝날 때까지 제대로 집중할 수 있었는데, 요즘은 아무것도 그 정도로 흥미롭지 않아요. 원래 하던 게임이 더 이상 플레이 하는게 불가능할 정도로 망해버려서 새 게임에 정착하려고 해도 마음에 드는 게임들도 없고, 다큐멘터리나 비문학 글들을 찾아보는 것도 이제 힘들고, 개인적으로 숏폼 영상들을 전혀 안 봄에도 인터넷 속 컨텐츠들이 죄다 &quot;아무런 생각도 안 들고 기분이 좋아지는 약&quot;으로 가득 찬 느낌이에요. 밖으로 4시간만 잠깐 다녀오는 것조차 집에 오면 힘들어서 침대에 눕고 잠깐 무기력하게 눈감고 이어폰낀 채 앰비언트 음악 듣는게 요즘 제 여가시간을 보내는 중에서 유일하게 진정성과 삶의 낙이 느껴지는 활동이에요. 숏폼을 멀리하는 것 자체는 저한테는 쉬운데, 한계 끝까지 집중력을 발휘할만한 흥미를 찾는 것은 지금 너무 어렵네요."
숏폼,숏폼 중독이 무서운 진짜 이유,https://www.youtube.com/watch?v=rojH_j1MgBI,숏츠 보고나서 어느순간 회의에 집중도 안되고 동영상도 2배속으로 보고있음
숏폼,숏폼 중독이 무서운 진짜 이유,https://www.youtube.com/watch?v=rojH_j1MgBI,결론: 운동해라
숏폼,숏폼 중독이 무서운 진짜 이유,https://www.youtube.com/watch?v=rojH_j1MgBI,감사합니다
숏폼,숏폼 중독이 무서운 진짜 이유,https://www.youtube.com/watch?v=rojH_j1MgBI,"이 영상을 통해 경고를 가져야 할 것은 쇼츠 뿐이 아니라고 생각함. 요즘 오픈ai는 누구나 손 쉽게 접근하고 아무거나 물어볼 수 있어 인터넷을 사용하는 사람이면 한 번쯤은 접해봤을 것임.<br>하지만, 그것이 장점이라면 단점은 그 사용자들이 스스로 생각하는 기회를 놓친다는 것. 너무나 편리한 그 기능으로 인해 역설적이게도 우리는 스스로 발전할 기회를 놓치고 있음."
숏폼,숏폼 중독이 무서운 진짜 이유,https://www.youtube.com/watch?v=rojH_j1MgBI,간만에 유익한 영상이었다 두고두고 새겨볼 만하다.<br>이제 머리를 쓰레기로 가득채워볼까?
숏폼,숏폼 중독이 무서운 진짜 이유,https://www.youtube.com/watch?v=rojH_j1MgBI,숏폼이 좋지 않다는건 무의식적으로 알고 있었지만 단순히 저의 의지 부족으로 인해 못 끊은줄 알았어요 근데 도파민 체계와 관련이 있다니 더 무서워지고 신기하네요 앞으로는 보더라도 숏폼 볼 시간에 호흡이 긴 영화나 롱폼을 더 봐야겠어요 좋은 영상 감사합니다
숏폼,숏폼 중독이 무서운 진짜 이유,https://www.youtube.com/watch?v=rojH_j1MgBI,"군 입대전에는 고등학생때 기억이 새록새록 했었던 내가<br>군대 전역 후 아무것도 기억이 나지 않는 것도 비슷한 원리일 수도 있겠네요<br><br>Gp였어서 단순한 경계 근무 , 3교대 + 카페인 남용<br>등 <br><br>전역하고 재수도 실패하고 집중이 안되고.. 인생이 재미도 없고 등 등 <br>다 이유가 있던 거구나<br><br>뇌 관리 잘해야되는 군요<br><br>좋은 영상 감사합니다"
숏폼,숏폼 중독이 무서운 진짜 이유,https://www.youtube.com/watch?v=rojH_j1MgBI,진짜 10% 밖에 안쓴다고!!!!
숏폼,숏폼 중독이 무서운 진짜 이유,https://www.youtube.com/watch?v=rojH_j1MgBI,미래의 제약사들이 해주겠지~
숏폼,숏폼 중독이 무서운 진짜 이유,https://www.youtube.com/watch?v=rojH_j1MgBI,"인지적 지구력 키우기-배속없이 영상보기, 책 한챕터 보기<br>디지털 디톡스-하루에 한번 핸드폰 없이 행동하기<br>3줄 일기쓰기-오늘 뭘 했고 뭘 잘했고 뭘 할건지<br>숏폼은 도파민 중독을 일으켜서 인지적 지구력을 사라지게만듦.이게 브레인 롯인데,뇌를 망가트림.작고 소소한 행복을 느끼지못하게 만듦. 진짜 소름인데 옛날같으면 행복했을 첫 일본여행도 그다지 즐겁지 않았음. 내 일상의 행복을 위해서 남지도 않는 숏폼은 이제 그만봐야겠음"
숏폼,숏폼 중독이 무서운 진짜 이유,https://www.youtube.com/watch?v=rojH_j1MgBI,알고있지만 외면했었는데 지금부터라도 꾸준히 실천해야겠어요..!
숏폼,숏폼 중독이 무서운 진짜 이유,https://www.youtube.com/watch?v=rojH_j1MgBI,유익하네요
숏폼,숏폼 중독이 무서운 진짜 이유,https://www.youtube.com/watch?v=rojH_j1MgBI,이거보고 해마잡으러 바다감
숏폼,숏폼 중독이 무서운 진짜 이유,https://www.youtube.com/watch?v=rojH_j1MgBI,지금 이 영상도 바로 결론으로 스킵한뒤 배속누르고봤다
숏폼,숏폼 중독이 무서운 진짜 이유,https://www.youtube.com/watch?v=rojH_j1MgBI,신기해요
숏폼,숏폼 중독이 무서운 진짜 이유,https://www.youtube.com/watch?v=rojH_j1MgBI,이영상조차도 배속으로 봤는데..
숏폼,숏폼 중독이 무서운 진짜 이유,https://www.youtube.com/watch?v=rojH_j1MgBI,ㄹㅇ 진짜 최근에 충격이였던게 새로 친구를 사귈때는 그 친구 눈을 보면서 얘기하며 새롭게 알아가는게 재밌었는데 숏폼을 너무 많이 봐서 그런지 새로운 친구랑 단둘이서 얘기하다가 지루함을 느껴서 하품할 뻔한 적이 있음…
숏폼,숏폼 중독이 무서운 진짜 이유,https://www.youtube.com/watch?v=rojH_j1MgBI,드디어 깨달았다. 삶이 왜 재미없다고 생각하는지 왜 의미없다고 생각하는지... 계속 도파민 뿜어져 나오는것만 하고 그러니깐 그런거구나
숏폼,숏폼 중독이 무서운 진짜 이유,https://www.youtube.com/watch?v=rojH_j1MgBI,"뇌썩는것도 문제지만 그냥 내용이 쓰레기임 암걸린 할매보고 너는 암걸려서 죽고 있어 하하 거리면서 조롱하는짤이 올라오고 그걸 틱이라든지 뭐라든지 하고 뭐라고하는지 ㅡㅡ 진짜 왜 이런걸 만드는지, 왜 이따구로 만들어서 하는지 의미도 없고 재미도 없고 알맹이도 없고 다 없음 근데 왜 만든건지 인기는 왜 있는지도 의문임 유튜브에 있는 댓글은 더 가관임 답이없어"
숏폼,숏폼 중독이 무서운 진짜 이유,https://www.youtube.com/watch?v=rojH_j1MgBI,지금 이 영상을 보는 순간에도 도파민을 찾기위해 무의식적으로 2배속으로 보고 있었음.....😮
숏폼,숏폼 중독이 무서운 진짜 이유,https://www.youtube.com/watch?v=rojH_j1MgBI,안녕하세요. 일기나 글을 쓸 때 손으로 쓰는 것과 키보드로 타이핑하는데 뇌에 있어서 다른지 궁금합니다.
숏폼,숏폼 중독이 무서운 진짜 이유,https://www.youtube.com/watch?v=rojH_j1MgBI,"<a href=""https://www.youtube.com/watch?v=rojH_j1MgBI&amp;t=125"">2:05</a> 아니 ㅅㅂ 101살이 넘었으니까요 ㅋㅋ"
숏폼,숏폼 중독이 무서운 진짜 이유,https://www.youtube.com/watch?v=rojH_j1MgBI,이 내용 최근 영어 모의고사에 출제된것 같은뎁
숏폼,숏폼 중독이 무서운 진짜 이유,https://www.youtube.com/watch?v=rojH_j1MgBI,1분요약으로 올려주세요
숏폼,숏폼 중독이 무서운 진짜 이유,https://www.youtube.com/watch?v=rojH_j1MgBI,오 좀 치네
숏폼,숏폼 중독이 무서운 진짜 이유,https://www.youtube.com/watch?v=rojH_j1MgBI,내가보기에 그냥 뇌를 덜써서 그런거같은데…
숏폼,숏폼 중독이 무서운 진짜 이유,https://www.youtube.com/watch?v=rojH_j1MgBI,쇼츠 하루 5시간씩 한달정도 보세요 질려요
숏폼,숏폼 중독이 무서운 진짜 이유,https://www.youtube.com/watch?v=rojH_j1MgBI,나만 쇼츠 노잼임?
숏폼,숏폼 중독이 무서운 진짜 이유,https://www.youtube.com/watch?v=rojH_j1MgBI,"쇼츠를 차단프로그램으로 안보고 보고싶지도 않은데, 영상이 계속 알고리즘으로 나와서 댓글쓰는데, 어떤점이 배신이라는거임?<br>그냥 유튜브 영상만 봐도 시간이 없고, 영양가 있는거 찾기가 힘든데, 쇼츠를 보는건 실시간으로 멍청해지는걸 감안하고 보는거 아닌가?<br>한 알고리즘 10번은 뜨는거 같은데, 대체 배신이 무슨 배신을 말하는건지 모르겠음."
숏폼,숏폼 중독이 무서운 진짜 이유,https://www.youtube.com/watch?v=rojH_j1MgBI,예전엔 30분 1시간 짜리 영상을 긴 영상이라 불랐는데 이젠 8분짜리가 긴 영상 시대네ㅋㅋㅋㅋ
숏폼,숏폼 중독이 무서운 진짜 이유,https://www.youtube.com/watch?v=rojH_j1MgBI,숏폼 미디어의 폐해에 대하여 이야기하는 이마저도 말이 ㅈㄴ 빨라서 숏폼에서 느끼는 그것과 거의 다르지 않다.
숏폼,숏폼 중독이 무서운 진짜 이유,https://www.youtube.com/watch?v=rojH_j1MgBI,뇌의 외장화는 정말 개지리는구나 고마워 휴대폰아~
숏폼,숏폼 중독이 무서운 진짜 이유,https://www.youtube.com/watch?v=rojH_j1MgBI,"이인아 교수님 괜찮으신 분이었네,, 음음,,"
숏폼,숏폼 중독이 무서운 진짜 이유,https://www.youtube.com/watch?v=rojH_j1MgBI,진짜 요즘 현실이 일상이 재미가 없고 할게 없다고 느껴짐
숏폼,숏폼 중독이 무서운 진짜 이유,https://www.youtube.com/watch?v=rojH_j1MgBI,나이든 틀딱들 진짜 쇼츠 존나 봄.<br>시발 일좀 해라
숏폼,숏폼 중독이 무서운 진짜 이유,https://www.youtube.com/watch?v=rojH_j1MgBI,한창 숏폼 유행 시작됐을때<br>오기생겨서 6개월인가 8개월 지나도 안봤었음<br>근데 보기 시작하니까 진짜 못끊겠더라..
숏폼,숏폼 중독이 무서운 진짜 이유,https://www.youtube.com/watch?v=rojH_j1MgBI,항상 이분 영상 보면서 느끼는 건데 숏폼때문에 망가진 뇌에 대한 이 영상도 반대로 영상이 넘 빨라서 숏폼처럼 느껴짐 ㅋㅋㅋㅜㅜ
숏폼,숏폼 중독이 무서운 진짜 이유,https://www.youtube.com/watch?v=rojH_j1MgBI,숏폼 볼때는 뇌가 썩어있는지 모름.. 근데 무언가에 집중하려고 시작하는 순간 내 뇌가 썩어있구나 깨닫게 됨. 바보가 된거 마냥 생각에 집중 자체가 힘들어짐.
숏폼,숏폼 중독이 무서운 진짜 이유,https://www.youtube.com/watch?v=rojH_j1MgBI,숏폼 차단 어플 중 유튜브 어플 뿐만 아니라 브라우저도 차단한 (제가 시도해본 어플 중) 유일한 어플 스테이프리!!! 추천!!!!
숏폼,숏폼 중독이 무서운 진짜 이유,https://www.youtube.com/watch?v=rojH_j1MgBI,저희도 공부같은거 안하고 농장에 살면 그럴수 있어요..
숏폼,숏폼 중독이 무서운 진짜 이유,https://www.youtube.com/watch?v=rojH_j1MgBI,법으로 금지하던지 ㅋ
숏폼,숏폼 중독이 무서운 진짜 이유,https://www.youtube.com/watch?v=rojH_j1MgBI,이것도 2배속으로 보고있는 사람
숏폼,숏폼 중독이 무서운 진짜 이유,https://www.youtube.com/watch?v=rojH_j1MgBI,이 영상을 끝까지 못보는 사람들도 있었겠지?
숏폼,숏폼 중독이 무서운 진짜 이유,https://www.youtube.com/watch?v=rojH_j1MgBI,택시운전사 예시 국어 비문학 지문에서 봤던거다ㅋㅋㅋㅋ
숏폼,숏폼 중독이 무서운 진짜 이유,https://www.youtube.com/watch?v=rojH_j1MgBI,우우.. 너무 길어.. 숏츠로 만들어줘
숏폼,숏폼 중독이 무서운 진짜 이유,https://www.youtube.com/watch?v=rojH_j1MgBI,쇼츠는 도박중독이랑 똑같나봄<br>도박장 파친코 레버 딸깍 누르는 거랑 <br>쇼츠보면서 다음거 넘기는거랑 똑같음
숏폼,숏폼 중독이 무서운 진짜 이유,https://www.youtube.com/watch?v=rojH_j1MgBI,나만의 철학이 있음 이동시간에만 숏폼보기 자기 전에 누워서 조금만 보기 그 외에 시간에는 릴스 숏츠 절대 안 봄
숏폼,숏폼 중독이 무서운 진짜 이유,https://www.youtube.com/watch?v=rojH_j1MgBI,영상 진짜 잘짜시네
숏폼,숏폼 중독이 무서운 진짜 이유,https://www.youtube.com/watch?v=rojH_j1MgBI,"오늘도 좋은 영상 감사합니다. 스트레스에 취약한 현대인, 그에 따라 위축되어가는 해마. 운동을 하지 않는 현대인, 활동하지 않는 선조체. 해마와 선조체가 모두 활동하지 않는 현대인, 숏폼에 취약할 수밖에 없는 아주 좋은 먹잇감이 아닐까 싶습니다"
숏폼,숏폼 중독이 무서운 진짜 이유,https://www.youtube.com/watch?v=rojH_j1MgBI,이제 스마트폰은  마약이다.  어린이들은 매일 마약을 하며 자라고있는거랑 똑같음.    청소년 소셜미디어 금지법 진짜 해야 한다.
숏폼,숏폼 중독이 무서운 진짜 이유,https://www.youtube.com/watch?v=rojH_j1MgBI,아니 큰 웃음 정도는 아닌데.
숏폼,숏폼 중독이 무서운 진짜 이유,https://www.youtube.com/watch?v=rojH_j1MgBI,"<a href=""https://www.youtube.com/watch?v=rojH_j1MgBI&amp;t=252"">4:12</a>"
숏폼,숏폼 중독이 무서운 진짜 이유,https://www.youtube.com/watch?v=rojH_j1MgBI,너무 좋은 말들이네요<br>현생에 치여 빠르게 흐르는 숏폼들을 보며 시간을 떼운 저에게 조금은 여유와 느긋함을 주고싶습니다<br><br>옛날엔 영화 한편이 그리 재밌었는데 말이 길어지면 빨리감기를 하고 있는 저를 발견 했어요<br><br>조금은 인생을 더 음미하면서<br>나의 감정을 느끼며 지내보고 싶어요<br><br>친구들에게도 꼭 추천해주고 싶은 영상이네요 좋은 영상 감사합니다
숏폼,숏폼 중독이 무서운 진짜 이유,https://www.youtube.com/watch?v=rojH_j1MgBI,이 영상을 보고 멍청해졌어요~
숏폼,숏폼 중독이 무서운 진짜 이유,https://www.youtube.com/watch?v=rojH_j1MgBI,???: 너무 긴데 숏폼으로 올려주세요
숏폼,숏폼 중독이 무서운 진짜 이유,https://www.youtube.com/watch?v=rojH_j1MgBI,맞는것 같아요 저는 늘 하루하루를 다르게 살려고 하니까 숏폼을 덜보게 되는것 같아요
숏폼,숏폼 중독이 무서운 진짜 이유,https://www.youtube.com/watch?v=rojH_j1MgBI,오 신기하다 근데 다음 영상은 더.....
숏폼,숏폼 중독이 무서운 진짜 이유,https://www.youtube.com/watch?v=rojH_j1MgBI,난 이영상 9분짜리 보는데 30분짜리인줄 알았다..
숏폼,숏폼 중독이 무서운 진짜 이유,https://www.youtube.com/watch?v=rojH_j1MgBI,좋은 영상 잘 봤습니다.
숏폼,숏폼 중독이 무서운 진짜 이유,https://www.youtube.com/watch?v=rojH_j1MgBI,우울증 개쎄게 오고 읽던책들도 죄다 현대문학 이상 이런거 밖에 없어서 현타 심하게 오고 죄다 포기했었음 우울에만 빠져있던 시절은 지났지만 돌아오고나니 남는건 책임과 자괴감 무력감 불안밖에 없다 그래도 천천히 다시 돌아오려고 노력하는중!! 기억력 감퇴도 오고 살도찌고 성적도 떨어졌지만 힘들지 않음 내일도 더 잘 해봐야겠단 생각뿐이다 내일의나도 지치지 않았으면
숏폼,숏폼 중독이 무서운 진짜 이유,https://www.youtube.com/watch?v=rojH_j1MgBI,"<a href=""https://www.youtube.com/watch?v=rojH_j1MgBI&amp;t=423"">7:03</a> 이거 배속으로 보다가 바로 정상화 됐습니다"
숏폼,숏폼 중독이 무서운 진짜 이유,https://www.youtube.com/watch?v=rojH_j1MgBI,밀리에 있네요 당장 읽어봐야겠어요 😂
숏폼,숏폼 중독이 무서운 진짜 이유,https://www.youtube.com/watch?v=rojH_j1MgBI,궁금한게 디지털 디톡스 할때 메시지 온거ㅜ보거나 받거나 하는것도 안되나요?
숏폼,숏폼 중독이 무서운 진짜 이유,https://www.youtube.com/watch?v=rojH_j1MgBI,별로 계속보면 보기 싫던데. 소리자체가 짜증남
숏폼,숏폼 중독이 무서운 진짜 이유,https://www.youtube.com/watch?v=rojH_j1MgBI,이제 이 내용 불펌해서 쇼츠로 만들면 그게 현대예술인거겠지
숏폼,숏폼 중독이 무서운 진짜 이유,https://www.youtube.com/watch?v=rojH_j1MgBI,미래를 위해서가 아니라 오늘 밤을 위해서라는게 너무 좋다
숏폼,숏폼 중독이 무서운 진짜 이유,https://www.youtube.com/watch?v=rojH_j1MgBI,우왁굳이네
숏폼,숏폼 중독이 무서운 진짜 이유,https://www.youtube.com/watch?v=rojH_j1MgBI,영상을 보고 구독과 좋아요를 안할수가 없네요.. 감사합니다
숏폼,숏폼 중독이 무서운 진짜 이유,https://www.youtube.com/watch?v=rojH_j1MgBI,숏폼은 모르겠고 내딴엔 시간아낀다고 5초씩 넘겨본다 한건데 이것도 결국 문제인건가
숏폼,숏폼 중독이 무서운 진짜 이유,https://www.youtube.com/watch?v=rojH_j1MgBI,"<a href=""https://www.youtube.com/watch?v=rojH_j1MgBI&amp;t=480"">8:00</a>"
숏폼,숏폼 중독이 무서운 진짜 이유,https://www.youtube.com/watch?v=rojH_j1MgBI,"<a href=""https://www.youtube.com/watch?v=rojH_j1MgBI&amp;t=370"">6:10</a>"
숏폼,숏폼 중독이 무서운 진짜 이유,https://www.youtube.com/watch?v=rojH_j1MgBI,"<a href=""https://www.youtube.com/watch?v=rojH_j1MgBI&amp;t=290"">4:50</a> 미래"
숏폼,숏폼 중독이 무서운 진짜 이유,https://www.youtube.com/watch?v=rojH_j1MgBI,"도파민은 기대감이다. 맨날 쾌락이나 보상호르몬으로만 알려져있어서 안타까웠는데 그래도 관심있게 보신티가 나네요 :)<br>좀더 부연설명 해드리면 기대감을 가지는 대상 자극을 확률적으로 계산합니다. 그 자극이 &quot;언제, 어떤 형태로&quot; 올지에 대한 기대치가 생깁니다.<br>그 기대치에 가까울수록 도파민은 더 많이 나오면서 더 정확한 기대값이 필요하죠. 즉, 도파민의 분비량과 시점은 &#39;보상 예측 오차(RPE)&#39; 를 반영합니다.<br>RPE는 가치함수곡선의 시간미분 값이기도 한데요. 가치함수가 얼만큼 증감했냐에 따라 그 크기만큼 분비량이 변화합니다.<br>이러한 원리는 강화학습에서도 차용되고 있으며 실제 실험을 바탕으로 많은 사실들이 밝혀지고 있습니다.<br>물론, 도파민의 메커니즘은 이것 하나만은 아니고 여기서의 도파민은 지극히 제한된 보상계 안에서의 일입니다.<br>아직 운동과 보상 신호 간에 어떻게 상호작용하고 보합되는지는 정확하게 알려지지 않았습니다.<br>릴스같은 경우, 스크롤을 하는 행동에 가치의 변화가 끊임없이 이루어져,<br>이러한 메커니즘을 보다 잘 알 수 있다면 좀더 잘 이해할수 있겠죠. <br>연구주제로 삼아서 결과 잘나오면 개제 가능할정도의 topic입니다.<br>그리고, 그만큼 우리가 중독에 대해 잘 모른다는 말도 되죠."
숏폼,숏폼 중독이 무서운 진짜 이유,https://www.youtube.com/watch?v=rojH_j1MgBI,3:1 정리
숏폼,숏폼 중독이 무서운 진짜 이유,https://www.youtube.com/watch?v=rojH_j1MgBI,이것도 끝까지 보기 힘들었습니다
숏폼,숏폼 중독이 무서운 진짜 이유,https://www.youtube.com/watch?v=rojH_j1MgBI,"너무 좋은 영상이에요 숏폼 끊고 모든 앱을 지우다가 깨달음도 얻기 쉬운 시대, 유튜브는 지식을 콘텐츠로써 즐기기 좋은 매체라고 생각하고 다시 깔았었습니다. 하지만 어느순간 숏츠를 보고 있는 저를 발견했교, 이 영상을 보고 자극을 받았어요. 이런 영상을 돈 주고 강의로 듣는 게 아니라 무료로 들을 수 있어서 너무 좋았네요."
숏폼,숏폼 중독이 무서운 진짜 이유,https://www.youtube.com/watch?v=rojH_j1MgBI,내가 이미 루틴 2개는 하고있네
숏폼,숏폼 중독이 무서운 진짜 이유,https://www.youtube.com/watch?v=rojH_j1MgBI,ㅋㅋㅋㅋㅋ와 수녀이야기좀듣다가 지루해서 넘겼는데 긴영상을 스킵없이 보는것이 좋다고하네
숏폼,숏폼 중독이 무서운 진짜 이유,https://www.youtube.com/watch?v=rojH_j1MgBI,습관이 활성화되면 생각은 줄어든다...
숏폼,숏폼 중독이 무서운 진짜 이유,https://www.youtube.com/watch?v=rojH_j1MgBI,감사합니다
숏폼,숏폼 중독이 무서운 진짜 이유,https://www.youtube.com/watch?v=rojH_j1MgBI,"원래 40시간~60시간 정도의 플레이타임을 가진 게임을 좋아했는데 숏폼 보고나서 게임 취향이 바뀜<br>롤, 오버워치같은 게임 손에도 안 댔는데 짧은 시간에 결과가 나오는 도파민 게임으로 손이가기 시작했음 <br>심지어 이젠 롤 같은 게임도 귀찮아져서 게임에 손이 안 감....😂"
숏폼,숏폼 중독이 무서운 진짜 이유,https://www.youtube.com/watch?v=rojH_j1MgBI,저도 모르게 실천중 이었네요 재밌는장면이 나오지 않을까해서 스킵하지 않았고<br> 매일 1시간씩 핸드폰을 보지도 듣지도않고 운동했고<br>신기했던거 기억하고 싶은것을 적으려고 3줄일기 앱을 깔아서 3달전 부터 쓰는중인데 저도 모르게 건강한생활중 이었네요
숏폼,숏폼 중독이 무서운 진짜 이유,https://www.youtube.com/watch?v=rojH_j1MgBI,수특에서 보던내용을여기서 보내ㅋㅋㅋㅋㅋㅋ
숏폼,숏폼 중독이 무서운 진짜 이유,https://www.youtube.com/watch?v=rojH_j1MgBI,쳇.. 들켰군
숏폼,숏폼 중독이 무서운 진짜 이유,https://www.youtube.com/watch?v=rojH_j1MgBI,멋진 신세계 - 올더스 헉슬리
숏폼,숏폼 중독이 무서운 진짜 이유,https://www.youtube.com/watch?v=rojH_j1MgBI,운동할 때도 유투브 보는데ㅠㅠ 유투브 보려고 운동하러 감 내 뇌는 언제 쉬나 ㅠㅠ
숏폼,숏폼 중독이 무서운 진짜 이유,https://www.youtube.com/watch?v=rojH_j1MgBI,왜그렇게 살았을까에 대한 마지막 결론이 정말좋네요
숏폼,숏폼 중독이 무서운 진짜 이유,https://www.youtube.com/watch?v=rojH_j1MgBI,감사합니다
숏폼,숏폼 중독이 무서운 진짜 이유,https://www.youtube.com/watch?v=rojH_j1MgBI,우연히 알고리즘에 떠 보게 되었는데 잘 봤습니다 ☺️<br>생활습관에 좀 변화를 가져보아야겠다 싶어지네요
숏폼,숏폼 중독이 무서운 진짜 이유,https://www.youtube.com/watch?v=rojH_j1MgBI,전 영상이 제일 재밌음
숏폼,숏폼 중독이 무서운 진짜 이유,https://www.youtube.com/watch?v=rojH_j1MgBI,과거 기성 세대들은 미래가 현재보다 나을거라고 생각하는 사람이 대부분이였지만 지금 우리세대는 미래가 현재보다 나을거라고 생각하는 사람이 극히 드물다. 더 살기 어려워 질 것이고 빈부격차는 더욱 극명해질 것이라고 확신한다. 그렇기에 현생에 진지해지기가 어렵고 아무리 발버둥처도 달라지는 건 없다는 걸 이미 직간접적으로 느끼고 있는 것.<br>때문에 쉬었음 청년이라던가 숏폼 중독같은 현상이 발생하는게 아닐까 싶다.<br>숏폼 중독은 요즘 기성세대에게도 흔히 나타나기에 뭐가 원인이라고 분명하게 말하기는 어렵지만 강조하고 싶은 부분은 미래가 더욱 어려울 것이라는 입장 차이이다.
숏폼,숏폼 중독이 무서운 진짜 이유,https://www.youtube.com/watch?v=rojH_j1MgBI,광고때문에 숏폼보게되는 ㅋㅋㅋ
숏폼,숏폼 중독이 무서운 진짜 이유,https://www.youtube.com/watch?v=rojH_j1MgBI,이런 사람들 볼때마다 가슴이<br>답답하다 쇼츠보면 졸라 재미있고 가성비 지리는데 나 어릴땐 만화책 게임한다고 지랄하더니 이제는 그게 돈이되니 문화 사업이랜다 좀 균형있는 시각들을 가져봐
숏폼,숏폼 중독이 무서운 진짜 이유,https://www.youtube.com/watch?v=rojH_j1MgBI,차라리 롱폼이면 끝이 있어서 조절…?을 할 수 있는데 숏폼은 진짜 끝이없음… 계속봐서… 줄이고 싶은데 그게 잘 안됨ㅜㅜ 그래서 숏폼 안 보이게 하고 싶다는 생각 맨날 들었었는데…
숏폼,숏폼 중독이 무서운 진짜 이유,https://www.youtube.com/watch?v=rojH_j1MgBI,잼는 책은 유튭보다 재미있더라.. 책읽자 ㅠ
숏폼,숏폼 중독이 무서운 진짜 이유,https://www.youtube.com/watch?v=rojH_j1MgBI,숏폼에 유독 날선 댓글들이 많던 이유를 알 것 같네요. 하나같이 숏폼에 중독되어서 남 댓글을 읽는다라는 개념보다 그냥 나랑 생각이 다르면 바로 욕한다 라는 사고를 더 많이 만들게 되는 것 같습니다.<br>저는 숏폼보면 특유의 AI음성부터 맘에 안들어서 안보는데 AI 그 음성이 듣기 정말 거북하더군요. 게다가 숏폼 내용조차 내가 이세상을 다 알고 있는 지식인마냥 헛소리로 주입식마냥 설명하는데 참 수준 떨어지는 내용들이 많습니다.<br>그냥 안보는게 최고라고 느끼고 있습니다. 숏폼 수십개를 보면서 1시간 2시간 날리는 것보다 1시간 30분의 영화 한편 보는게 가장 좋은 것 같습니다.
숏폼,숏폼 중독이 무서운 진짜 이유,https://www.youtube.com/watch?v=rojH_j1MgBI,지들 인생 꼬라지 돌아볼 생각은 안하고 유튜브 탓만 하네 ㅋㅋㅋ
숏폼,숏폼 중독이 무서운 진짜 이유,https://www.youtube.com/watch?v=rojH_j1MgBI,좋은 영상이네요 감사합니다
숏폼,숏폼 중독이 무서운 진짜 이유,https://www.youtube.com/watch?v=rojH_j1MgBI,이분 쇼츠 없는 것까지 이 영상의 완성
숏폼,숏폼 중독이 무서운 진짜 이유,https://www.youtube.com/watch?v=rojH_j1MgBI,예전엔 2시간짜리 다큐도 앉은 자리에서 봤는데 이젠 영상 보러 들어가면 조금만 재미 없어도 30초 이상 보는게 힘들어짐......<br><br>의식적으로 쇼츠 최대한 안보는중
숏폼,숏폼 중독이 무서운 진짜 이유,https://www.youtube.com/watch?v=rojH_j1MgBI,그래서 내용 쇼츠로 좀 올려줘요 …
숏폼,숏폼 중독이 무서운 진짜 이유,https://www.youtube.com/watch?v=rojH_j1MgBI,요즘 감정이 없어지는 기분이 들기는 해요 중학생인데도 이정도나 감정이 없어질정도라니 놀라기도 했고.. 근데 학교에서 그림이나 책을 읽을때는 그만큼 재밌는게 없더라고요 왤까요? 그냥 즐기면서 의미를 두면서 생각하면서 해야하나? 그롬 수학도 똑같이 즐기면서 해야겠네요
숏폼,숏폼 중독이 무서운 진짜 이유,https://www.youtube.com/watch?v=rojH_j1MgBI,나도 진짜 그래야만하는데<br>젠장
숏폼,숏폼 중독이 무서운 진짜 이유,https://www.youtube.com/watch?v=rojH_j1MgBI,안넘기고 다봄 히히
숏폼,숏폼 중독이 무서운 진짜 이유,https://www.youtube.com/watch?v=rojH_j1MgBI,말도안돼
숏폼,숏폼 중독이 무서운 진짜 이유,https://www.youtube.com/watch?v=rojH_j1MgBI,숏폼 많이 봐랑. 대다수가 멍정해져야 평범한 사람이 인생 쉽게 산다  숏폼 강추
숏폼,숏폼 중독이 무서운 진짜 이유,https://www.youtube.com/watch?v=rojH_j1MgBI,뇌가 망가져 간다는 신호를 실제로 인지한 경험<br>1. 웹툰에서 사운드가 없으면 허전함을 느낌 (평소 앉은 자리에서 밤새 보던 웹툰에서 소리가 안나면 불안하거나 &#39;한 화&#39;를 온전히 보기 어려움)<br>2. 쇼츠에서 이미 봤던 영상들을 돌려막기해도 폰을 내려놓지 못함<br><br>올해 모든 롱폼에서 스킵없이 본 영상 - 지금 영상 and 핑계고 전설의 한예종 10학번 편
숏폼,숏폼 중독이 무서운 진짜 이유,https://www.youtube.com/watch?v=rojH_j1MgBI,Adhd판정받고 약복용하니까 숏폼 안보게됨...ㅋㄱㄱㄱ
숏폼,숏폼 중독이 무서운 진짜 이유,https://www.youtube.com/watch?v=rojH_j1MgBI,"수능끝나고 하루종일 핸드폰, 컴퓨터 보니까 멍청해지는게 느껴짐"
숏폼,숏폼 중독이 무서운 진짜 이유,https://www.youtube.com/watch?v=rojH_j1MgBI,우왕 너무조아요 구독합니다!!!
숏폼,숏폼 중독이 무서운 진짜 이유,https://www.youtube.com/watch?v=rojH_j1MgBI,"그래도 끊거나 생략 안하고 본걸 보면 상태가 나쁘진 않은듯? 사실 글읽거나 쓰는거, 게임 할때는 오직 게임만 틀고 다른건 전혀 안튼다는걸 생각해보면 위험 단계는 아닌듯 하네요."
숏폼,숏폼 중독이 무서운 진짜 이유,https://www.youtube.com/watch?v=rojH_j1MgBI,운동 시작했길 잘했다
숏폼,숏폼 중독이 무서운 진짜 이유,https://www.youtube.com/watch?v=rojH_j1MgBI,구글 주식 팔아야지 진짜 ㅈ같음
숏폼,숏폼 중독이 무서운 진짜 이유,https://www.youtube.com/watch?v=rojH_j1MgBI,요즘에 진짜 2배속으로 안보면 미칠거같음 분명 1배속으로 봐도 괜찮은데 2배속으로 해야 편한느낌.. 진짜 쇼츠에 뇌가 절여진느낌 진하게 난다..
숏폼,숏폼 중독이 무서운 진짜 이유,https://www.youtube.com/watch?v=rojH_j1MgBI,이분은 숏츠도없네ㅋㅋㅋㅋㅋ진짜
숏폼,숏폼 중독이 무서운 진짜 이유,https://www.youtube.com/watch?v=rojH_j1MgBI,"한 줄 요약,  세 줄 요약 이런 거도 습관되면 안좋죠. 시간 아깝다고 하는데 결국 장기적으로 보면 학습, 판단 능력 골로 갑니다..."
숏폼,숏폼 중독이 무서운 진짜 이유,https://www.youtube.com/watch?v=rojH_j1MgBI,결국 성인 뇌는 진화하지 않는다 라는 말은 가스라이팅이였네 사람을 멍청하게 하려는 지배자층의 프로파간다였어
숏폼,숏폼 중독이 무서운 진짜 이유,https://www.youtube.com/watch?v=rojH_j1MgBI,감사합니다. 아무것도 모르고 숏폼만 보던 저에게 이 정보를 알려줏셔서.
숏폼,숏폼 중독이 무서운 진짜 이유,https://www.youtube.com/watch?v=rojH_j1MgBI,아 진짜 안되겠다. 쇼츠 볼때마다 보러 다시 올게요
숏폼,숏폼 중독이 무서운 진짜 이유,https://www.youtube.com/watch?v=rojH_j1MgBI,보다 보면 뇌가 녹는 게 느껴짐
숏폼,숏폼 중독이 무서운 진짜 이유,https://www.youtube.com/watch?v=rojH_j1MgBI,수녀들도 20세때 쓴 글애 좌우돤더니 타고난 dna가 큰 영향을 미치네요
숏폼,숏폼 중독이 무서운 진짜 이유,https://www.youtube.com/watch?v=rojH_j1MgBI,1년전쯤에 이런 숏폼은 뇌를 녹인다는 영상보고<br>숌폼은 몇달동안 무의식적으로 손이 자동으로 가는거 겨우 끄면서 끊었는디 유튜브 자체는 힘들다ㅠ
숏폼,숏폼 중독이 무서운 진짜 이유,https://www.youtube.com/watch?v=rojH_j1MgBI,배속으로 영상을 만드셨군요 ㅋㅋㅋㅋㅋㅋㅋㅋ
숏폼,숏폼 중독이 무서운 진짜 이유,https://www.youtube.com/watch?v=rojH_j1MgBI,이 영상도 배속으로 보고 있었는데...
숏폼,숏폼 중독이 무서운 진짜 이유,https://www.youtube.com/watch?v=rojH_j1MgBI,유튜브 댓글 질이 원래 좀 안좋긴한데 쇼츠는 특히 심하더라... 죄다 뇌가 팝콘마냥 튀겨져서 생각을 그만둔 사람들만 있어서 그런가..
숏폼,숏폼 중독이 무서운 진짜 이유,https://www.youtube.com/watch?v=rojH_j1MgBI,어버버ㅓ 어버ㅓ
숏폼,숏폼 중독이 무서운 진짜 이유,https://www.youtube.com/watch?v=rojH_j1MgBI,이 영상도 제미나이한테 요약해달라 하는 나...
숏폼,숏폼 중독이 무서운 진짜 이유,https://www.youtube.com/watch?v=rojH_j1MgBI,근데 쇼츠 웃긴 거 개많아서 정신건강에 도움되던데
숏폼,숏폼 중독이 무서운 진짜 이유,https://www.youtube.com/watch?v=rojH_j1MgBI,"13년생 예비 중1 입니다. 지금부터 숏폼에 중독 된 예비 중1들의 상태를 알려드리겠습니다. 저는 숏폼이 좋지 않다는 것을 인지하고 있습니다. 그래서 어느정도 절제를 하려고 휴대폰을 던져두고 4시간 동안 공부를 합니다. 그치만 친구들은 좀 달랐습니다. 친구들과 카톡으로 대화 할때, 저는 친구들에게 1분짜리 긴 영상 보냈습니다. 그치만 1분도 안되고 약 15초 후에 답장이 왔습니다. 그 답장 내용은 그 영상에 대한 감상을 말하지 않고 그저 &#39;ㅋㅋㅋ&#39;라는 문자만 보냈습니다. 그 말은 영상을 끝까지 보지 않고 영상을 5~8초만 보았다는 것이죠. 그러니 친구들은 숏폼에 중독 되어, &#39;그깟 1분도 버티지 못한다는 것입니다.&#39; 그리고 제가 힘들게 써서 보낸, 카톡 5줄의 장문의 문장도 다 읽지 못 한 것 처럼 보였습니다. 그리고 저도 느낀 경험담, 그리고 여러분들이 한번씩은 경험해 본 문제 일 것 입니다. 휴대폰을 던져두지 않으면 공부할 때마다 자꾸 숏폼을 훑어 보는 것을요. 저는 이 영상을 보며, 저의 삶을 훑어 봤습니다. 혹시 여러분들도 제가 쓴 장문의 문장의 댓글 다 읽으셨나요?"
숏폼,숏폼 중독이 무서운 진짜 이유,https://www.youtube.com/watch?v=rojH_j1MgBI,숏폼 중독되어서 이것도 끝까지 겨우보는중이면 개추
숏폼,숏폼 드라마 폭발적 인기…정부는 제동 &#39;왜&#39;? / SBS / #D리포트,https://www.youtube.com/watch?v=46L2V4uITRc,"숏폼 1편 2,3시간이라 주말에몰아봐도 2-3시간만 써도되서 좋음.그런데 소재는 영..내가 좋아하는 배우것만 아주  가끔.."
숏폼,숏폼 드라마 폭발적 인기…정부는 제동 &#39;왜&#39;? / SBS / #D리포트,https://www.youtube.com/watch?v=46L2V4uITRc,유로 않보면 숏츠 하나에 광고 하나 보다가 29회 넘으니 한마디 대화마다 광고 .보다가 포기햇다 이런걸 기획한 이자식들아..
숏폼,숏폼 드라마 폭발적 인기…정부는 제동 &#39;왜&#39;? / SBS / #D리포트,https://www.youtube.com/watch?v=46L2V4uITRc,중국 숏폼드라마 진짜 재밌어요
숏폼,숏폼 드라마 폭발적 인기…정부는 제동 &#39;왜&#39;? / SBS / #D리포트,https://www.youtube.com/watch?v=46L2V4uITRc,난또 우리나라 숏드 규제한다는줄~
숏폼,숏폼 드라마 폭발적 인기…정부는 제동 &#39;왜&#39;? / SBS / #D리포트,https://www.youtube.com/watch?v=46L2V4uITRc,나도 손도연 서지안은 봤지롱 ㅋㅋㅋ 근데 너무 막장이라 어이가 없는데 계속 보게는 되지만 굳이 찾아서 보고 싶지는 않음. 반짝 유행 인기있다가 사라질 듯
숏폼,숏폼 드라마 폭발적 인기…정부는 제동 &#39;왜&#39;? / SBS / #D리포트,https://www.youtube.com/watch?v=46L2V4uITRc,"병맛에 보는데, 출연진도 점점 좋아지고, 한국 막장보다 더 자극적이라 재밌슴,비슷한 내용 무한복제"
숏폼,숏폼 드라마 폭발적 인기…정부는 제동 &#39;왜&#39;? / SBS / #D리포트,https://www.youtube.com/watch?v=46L2V4uITRc,보던지말던지 만들던지말던지 공산당국에 무슨 창작이 있겠어
숏폼,숏폼 드라마 폭발적 인기…정부는 제동 &#39;왜&#39;? / SBS / #D리포트,https://www.youtube.com/watch?v=46L2V4uITRc,소재나 설정이 너무 비현실적. 드라마가 아니다.
숏폼,숏폼 드라마 폭발적 인기…정부는 제동 &#39;왜&#39;? / SBS / #D리포트,https://www.youtube.com/watch?v=46L2V4uITRc,Sbs 중국 돈 먹었나 한국은 관심없는데 뭔 광고를 해주고 있어? 장풍이나 먹어라
숏폼,숏폼 드라마 폭발적 인기…정부는 제동 &#39;왜&#39;? / SBS / #D리포트,https://www.youtube.com/watch?v=46L2V4uITRc,민소희 !!!!!
숏폼,숏폼 드라마 폭발적 인기…정부는 제동 &#39;왜&#39;? / SBS / #D리포트,https://www.youtube.com/watch?v=46L2V4uITRc,얘네는 뭐 했다하면 메뚜기떼 마냥 우루루루
숏폼,숏폼 드라마 폭발적 인기…정부는 제동 &#39;왜&#39;? / SBS / #D리포트,https://www.youtube.com/watch?v=46L2V4uITRc,메이크업 한국식으로 하더라 개웃겨 도파민용 홍보영상만 봐도 이미 다 본 그 느낌..ㅠ한국 막장 드라마 세대라 이미 아는 그 맛ㅠㅠ
숏폼,숏폼 드라마 폭발적 인기…정부는 제동 &#39;왜&#39;? / SBS / #D리포트,https://www.youtube.com/watch?v=46L2V4uITRc,저도 몇 번 봤는데 남주가 죄다 재벌이예요 1명도 빠짐없이 너무 말도안되는 스토리에 진짜 저질같은 전개 한국과 극과극인 퀄리티로 봅니다 계속 이렇게 만들길바래요 현실성 완전없음 <br>역시 공산주의 답다라는 말밖에
숏폼,숏폼 드라마 폭발적 인기…정부는 제동 &#39;왜&#39;? / SBS / #D리포트,https://www.youtube.com/watch?v=46L2V4uITRc,처음에는 볼만하지 뒤로 갈수록 편수 늘리기 중국국뽕 인도 영화 드라마보다 더 하더라
숏폼,숏폼 드라마 폭발적 인기…정부는 제동 &#39;왜&#39;? / SBS / #D리포트,https://www.youtube.com/watch?v=46L2V4uITRc,정부라니 ㆍ멍청한것들 ᆢ중국정부다 ᆢ개념도없고 SBSㆍ 수준이하네
숏폼,숏폼 드라마 폭발적 인기…정부는 제동 &#39;왜&#39;? / SBS / #D리포트,https://www.youtube.com/watch?v=46L2V4uITRc,중국이 한국을 보면서 잘 배워네~ ㅎㅎ<br>한국은 한국 드라마 때문에 망 하는중 ~ 애 없는 노인국가 누가 만들었다 ~ ? ? 한국 드라마가 ~
숏폼,숏폼 드라마 폭발적 인기…정부는 제동 &#39;왜&#39;? / SBS / #D리포트,https://www.youtube.com/watch?v=46L2V4uITRc,이해가 안되는데. 가벼운 꽁트면 몰라도 1분씩 찔끔찔끔 보는게 답답해서 드라마를 제대로 감상할수 있나? 우리나라 사람 성미엔 안맞을것 같은데.
숏폼,숏폼 드라마 폭발적 인기…정부는 제동 &#39;왜&#39;? / SBS / #D리포트,https://www.youtube.com/watch?v=46L2V4uITRc,ㅋㅋㅋ
숏폼,숏폼 드라마 폭발적 인기…정부는 제동 &#39;왜&#39;? / SBS / #D리포트,https://www.youtube.com/watch?v=46L2V4uITRc,공산당에서시키는대러해라
숏폼,숏폼 드라마 폭발적 인기…정부는 제동 &#39;왜&#39;? / SBS / #D리포트,https://www.youtube.com/watch?v=46L2V4uITRc,"웹툰의 한국과,  숏폼 드라마의 중국 컨텐츠가 저렇게 갈릴라나..  확실히 저시장도,  돈이 되겠지만, 저정도로 많이 뽑히면, 퀄리티의 신뢰가 떨어져서, 이름있는 몇개의 고퀄만 살아남을듯한,  제약은 웹툰보다 클듯"
숏폼,숏폼 드라마 폭발적 인기…정부는 제동 &#39;왜&#39;? / SBS / #D리포트,https://www.youtube.com/watch?v=46L2V4uITRc,기모노 아름답다😂😂😂😂😂
숏폼,숏폼 드라마 폭발적 인기…정부는 제동 &#39;왜&#39;? / SBS / #D리포트,https://www.youtube.com/watch?v=46L2V4uITRc,ス ス ト0 フトl GO HOME
숏폼,숏폼 드라마 폭발적 인기…정부는 제동 &#39;왜&#39;? / SBS / #D리포트,https://www.youtube.com/watch?v=46L2V4uITRc,1분짜리도 다운받냐.한국 아이돌 4분가량하는 뮤비 수천억조회 되지않냐.중국이외국 5억이 많은건가<br>블랙핑크 전체 뮤비만해도 혼자서 100억회는될듯.그런게 문화위상이지.
숏폼,숏폼 드라마 폭발적 인기…정부는 제동 &#39;왜&#39;? / SBS / #D리포트,https://www.youtube.com/watch?v=46L2V4uITRc,탄핵 하자마자 언론 여기저기서 중국 잔뜩 꺼내네. 이재명과 민주당이 친중이라서?
숏폼,숏폼 드라마 폭발적 인기…정부는 제동 &#39;왜&#39;? / SBS / #D리포트,https://www.youtube.com/watch?v=46L2V4uITRc,"중국 정부가 숏폼을 규제하는건,<br>워낙 편수가 많다보니, <br>내용을 규제하기 어렵고.<br>결국 반체재 내용이 될 것으로<br>생각하기 때문 일 듯.<br><br>결국 이것도 크게 성장 못하는거지. 중국 규제하에선..."
숏폼,숏폼 드라마 폭발적 인기…정부는 제동 &#39;왜&#39;? / SBS / #D리포트,https://www.youtube.com/watch?v=46L2V4uITRc,아무 관심도 없다
숏폼,숏폼 드라마 폭발적 인기…정부는 제동 &#39;왜&#39;? / SBS / #D리포트,https://www.youtube.com/watch?v=46L2V4uITRc,중국은 숏폼 길이는 1분 아니에요. 15분이하로 제작하고 비싼 카메라로 찍지 휴대폰으로는 안찍어요. 휴대폰 찍는거는 웨이보에 올릴려고 잠깐 짤만 찍는거에요.정극도 똑같이 휴대폰으로 촬영짤만 찍어서 웨이보에 올려요. 수익내는 숏폼이 엄청 많이 나오지만 정극보다는 시청해도 기억나는 작품이 없다네요.
숏폼,숏폼 드라마 폭발적 인기…정부는 제동 &#39;왜&#39;? / SBS / #D리포트,https://www.youtube.com/watch?v=46L2V4uITRc,우리나라 중국에 먹힘?ㅋㅋㅋㅋ 안그래도 중국인들이 대한민국 얕보는데
숏폼,숏폼 드라마 폭발적 인기…정부는 제동 &#39;왜&#39;? / SBS / #D리포트,https://www.youtube.com/watch?v=46L2V4uITRc,중국공산당 선전방송 그만해라
숏폼,숏폼 드라마 폭발적 인기…정부는 제동 &#39;왜&#39;? / SBS / #D리포트,https://www.youtube.com/watch?v=46L2V4uITRc,자유문화는 공산당은  모든길 차단. 여기도 곧 공산체제로 들어서는순간 자유문화는 사라진다
숏폼,숏폼 드라마 폭발적 인기…정부는 제동 &#39;왜&#39;? / SBS / #D리포트,https://www.youtube.com/watch?v=46L2V4uITRc,sbs에서 왜 중공의 드라마까지 걱정을 해주는 건가욤? 🙁?
숏폼,숏폼 드라마 폭발적 인기…정부는 제동 &#39;왜&#39;? / SBS / #D리포트,https://www.youtube.com/watch?v=46L2V4uITRc,중국뉴스를 왜 한국뉴스마냥 보도하냐?? 어이털리네 제목에 중국 정부라고 하던가
숏폼,숏폼 드라마 폭발적 인기…정부는 제동 &#39;왜&#39;? / SBS / #D리포트,https://www.youtube.com/watch?v=46L2V4uITRc,공산국가에 재벌이 존재하는게 더웃김😂
숏폼,숏폼 드라마 폭발적 인기…정부는 제동 &#39;왜&#39;? / SBS / #D리포트,https://www.youtube.com/watch?v=46L2V4uITRc,중드의 가장큰 특징:  인조인간같은 출연자의 모습
숏폼,숏폼 드라마 폭발적 인기…정부는 제동 &#39;왜&#39;? / SBS / #D리포트,https://www.youtube.com/watch?v=46L2V4uITRc,"하도 광고를 해대서 한번 봤는데 내용도 저질이고 개연성도 하나도 없고, 연기도 형편없더만. 드라마라고 부르는게 수치임"
숏폼,&#39;시청후기가 증명하는&#39; 실패없는 숏폼드라마 추천,https://www.youtube.com/watch?v=-s1qgkvQjLw,아회도17세적이유
숏폼,&#39;시청후기가 증명하는&#39; 실패없는 숏폼드라마 추천,https://www.youtube.com/watch?v=-s1qgkvQjLw,"고상사곡, 경경삼사, 한지절부단 캐스팅 합이 좋아서 볼 예정, 수타이병 남주, 애재이혼진행시는 두 배우 너무 좋고, 키스씬 짱~ 허안은 승뢰때문에 봄~ 영상 감사합니다^^"
숏폼,&#39;시청후기가 증명하는&#39; 실패없는 숏폼드라마 추천,https://www.youtube.com/watch?v=-s1qgkvQjLw,고상사곡은 남주가 곽가남아닌가요...
숏폼,&#39;시청후기가 증명하는&#39; 실패없는 숏폼드라마 추천,https://www.youtube.com/watch?v=-s1qgkvQjLw,허안을 보고 청레이 팬이 되어써요❤❤❤❤
숏폼,&#39;시청후기가 증명하는&#39; 실패없는 숏폼드라마 추천,https://www.youtube.com/watch?v=-s1qgkvQjLw,사랑의가시 남주 엄자현 미모는 신의경지입니다
숏폼,&#39;시청후기가 증명하는&#39; 실패없는 숏폼드라마 추천,https://www.youtube.com/watch?v=-s1qgkvQjLw,"정가... 진심 끝까지 다 봤는데..진심 재미났어요....ㅠㅠ 남주 집착이 넘 심해서.. 여주가 불쌍했지만...남주도.., 그렇게 후회하고 아파했는데도... ㅠㅠㅠㅠ 해피일 수 없는 건가봐요... 동궁같은 스토리는.,,절대로 두 배우 연기 진심 잘하더라구요... 덕분에 몰입감이 미쳤더라구요... 두분다 대작드라마 여주 맡으셔도 넘 좋을 듯요...ㅜㅜ 글고..ㅜㅜ 남주 진심 존잘이에요... 차은우보다 잘생기다고 느꼈어요..ㅠㅠ 사견일 뿐이지만요..."
숏폼,&#39;시청후기가 증명하는&#39; 실패없는 숏폼드라마 추천,https://www.youtube.com/watch?v=-s1qgkvQjLw,다 시청한거예요
숏폼,&#39;시청후기가 증명하는&#39; 실패없는 숏폼드라마 추천,https://www.youtube.com/watch?v=-s1qgkvQjLw,솔직히 동란설에 비해 장공주재상은 너무 퀄이 떨어졌음
숏폼,&#39;시청후기가 증명하는&#39; 실패없는 숏폼드라마 추천,https://www.youtube.com/watch?v=-s1qgkvQjLw,경경삼사.. 넘 재밌게 봤어요.
숏폼,&#39;시청후기가 증명하는&#39; 실패없는 숏폼드라마 추천,https://www.youtube.com/watch?v=-s1qgkvQjLw,다 본나는 승자인가...
숏폼,&#39;시청후기가 증명하는&#39; 실패없는 숏폼드라마 추천,https://www.youtube.com/watch?v=-s1qgkvQjLw,사랑의 가시는 집착 끝판왕을 그린 드라마라 아주 재미있게 봤어요 😂
숏폼,&#39;시청후기가 증명하는&#39; 실패없는 숏폼드라마 추천,https://www.youtube.com/watch?v=-s1qgkvQjLw,👍 👍 👍 👍 👍 👍 👍 👍
숏폼,&#39;시청후기가 증명하는&#39; 실패없는 숏폼드라마 추천,https://www.youtube.com/watch?v=-s1qgkvQjLw,"역시 &lt;허안: 가면의 여자&gt;가 1위네요. 아주 좋았죠. 저도 이 작품을 젤 좋아합니다. / 제가 본 것 중 여기 있는 건... &lt;살야&gt;는 내용이 별로였고, &lt;천금아환&gt;은 여주공이 별로라서... 숏폼 중 가장 첨 본 &lt;초야&gt;는 다 맘에 들어요. 화려한 샹하이를 좋아해서. 그리고...... 전 &lt;보보위함: 위험한 신부&gt;도 좋아합니다. 여주인공 빼고 &lt;천금아환&gt; 주요 배우가 그대로 나오죠. &lt;보보위함&gt; 여주인공이 더 맘에 들어요."
숏폼,&#39;시청후기가 증명하는&#39; 실패없는 숏폼드라마 추천,https://www.youtube.com/watch?v=-s1qgkvQjLw,"순위 목록이 필요하신 분들을 위해 수작업으로 작성해봤습니다.<br><a href=""https://www.youtube.com/watch?v=-s1qgkvQjLw&amp;t=15"">0:15</a> 17위 - 정자 : 사랑의 가시(2024)<br><a href=""https://www.youtube.com/watch?v=-s1qgkvQjLw&amp;t=44"">0:44</a> 16위 - 장공주재상(2022)<br><a href=""https://www.youtube.com/watch?v=-s1qgkvQjLw&amp;t=97"">1:37</a> 15위 - 살야(2023)<br><a href=""https://www.youtube.com/watch?v=-s1qgkvQjLw&amp;t=134"">2:14</a> 14위 - 고상사곡(2023)<br><a href=""https://www.youtube.com/watch?v=-s1qgkvQjLw&amp;t=185"">3:05</a> 13위 - 경경삼사(2023)<br><a href=""https://www.youtube.com/watch?v=-s1qgkvQjLw&amp;t=228"">3:48</a> 12위 - 우애천금(2024)<br><a href=""https://www.youtube.com/watch?v=-s1qgkvQjLw&amp;t=273"">4:33</a> 11위 - 수타이병(?)<br><a href=""https://www.youtube.com/watch?v=-s1qgkvQjLw&amp;t=317"">5:17</a> 10위 - 아회도17세적이유(2023)<br><a href=""https://www.youtube.com/watch?v=-s1qgkvQjLw&amp;t=372"">6:12</a>   9위 - 천금아환(2022)<br><a href=""https://www.youtube.com/watch?v=-s1qgkvQjLw&amp;t=415"">6:55</a>   8위 - 한지절부단(2022)<br><a href=""https://www.youtube.com/watch?v=-s1qgkvQjLw&amp;t=454"">7:34</a>   7위 - 집필(2024)<br><a href=""https://www.youtube.com/watch?v=-s1qgkvQjLw&amp;t=506"">8:26</a>   6위 - 우견니적나천(2024)<br><a href=""https://www.youtube.com/watch?v=-s1qgkvQjLw&amp;t=543"">9:03</a>   5위 - 초야(2023)<br><a href=""https://www.youtube.com/watch?v=-s1qgkvQjLw&amp;t=577"">9:37</a>   4위 - 풍월변(2023)<br><a href=""https://www.youtube.com/watch?v=-s1qgkvQjLw&amp;t=631"">10:31</a> 3위 - 애재이혼진행시(?)<br><a href=""https://www.youtube.com/watch?v=-s1qgkvQjLw&amp;t=661"">11:01</a> 2위 - 난심(?)<br><a href=""https://www.youtube.com/watch?v=-s1qgkvQjLw&amp;t=701"">11:41</a> 1위 - 허안:가면의 여자(?)"
숏폼,&#39;시청후기가 증명하는&#39; 실패없는 숏폼드라마 추천,https://www.youtube.com/watch?v=-s1qgkvQjLw,애재이혼진행시 진짜 재밌게 봤어요!
숏폼,&#39;시청후기가 증명하는&#39; 실패없는 숏폼드라마 추천,https://www.youtube.com/watch?v=-s1qgkvQjLw,우견니적나천은  티빙에  제목이  널 만난 그날로   되어 있어요
숏폼,&#39;시청후기가 증명하는&#39; 실패없는 숏폼드라마 추천,https://www.youtube.com/watch?v=-s1qgkvQjLw,승뢰는 숏폼 진격적 황후 시리즈 외 허안 한 편으로 장편 진출한 경우 아닌가요? 처음 황제로 나왔을 때 가발때문에 비주얼이 이상했는데도 불구하고 눈에 띄어서 계속 검색했던 기억이 ㅎㅎㅎ 분위기에 치이는 배우~
숏폼,&#39;시청후기가 증명하는&#39; 실패없는 숏폼드라마 추천,https://www.youtube.com/watch?v=-s1qgkvQjLw,이비도 메이저에 빨리 진출해야 하는데 요새  뭐 찍는지~ 이비 근황 궁금해요^^
숏폼,&#39;시청후기가 증명하는&#39; 실패없는 숏폼드라마 추천,https://www.youtube.com/watch?v=-s1qgkvQjLw,"진짜 개인적으로 &quot;허안&quot;은 인정!!!<br>허안을 만든 감독님이 메이저로 진출할 능력이 충분한 것 같습니다...<br>결국 좋은 성과도 만들어냈고, 허안에 출연한 두 주인공도 성공가도를<br>달리고 있으니 여러모로 성공한 작품이 맞죠...<br>다른 것 보다 정말 중드에선 보기 힘든 아름다운 영상미가 돋보였던<br>작품입니다... 어찌보면 내용은 그닥 특별하지 않은데 감독의<br>연출력으로 &quot;극뽀~옥&quot;한 작품이지요...<br>저는 회차가 긴 드라마 보는 게 참 힘들어서 숏폼이 더 취향이긴 한데<br>그리 많이 본 건 아니지만 수준 떨어지는 작품들이 너무 많아서<br>지뢰밭 같아요... 그래서 숏폼은 아예 시작할 때부터 큰 기대감을<br>갖지 않고 시작하는데 그러다가 좋은 작품 만나면 왠떡이냐 하는 거죠...<br>크흐흐흐흐... 허안, 난심, 풍월변 같은 작품들은 참 좋죠...<br>아... 유투브에서 우연히 보게 된 작품이 있는데 시리즈물처럼 계속<br>내용은 이어지지 않으나 주연 배우들이 계속 출연하는데 비주얼도<br>좋고 연기력은 고만 고만하지만 재밌더라고요... 근데 거의 제품 <br>선전용 드라마 같기도 해요... &quot;3학년 F반&quot; 이라는 드라마이고,<br>통량 배우와 리천천 배우가 주연을 맡은 작품인데 저는 학원물도<br>좋아해서 꽤나 재밌게 본 작품입니다... 그 둘이 메이저 드라마에<br>진출하길 바랄 만큼이요... 흐흐흐흐...<br><br>오늘도 꽤나 유익한 영상이었습니다... 탑공님 땡큐..."
숏폼,&#39;시청후기가 증명하는&#39; 실패없는 숏폼드라마 추천,https://www.youtube.com/watch?v=-s1qgkvQjLw,허안진짜 대박났는데 메인주연들의 상황이 극과극이였어요. 청레이는 운좋게 바로 정극으로 조연&gt;서브남주&gt;메인남주 잘만 출연하던데 커잉은 운도없게 정극에 캐스팅 된적이 없이 계속 숏폼만 찍다가 오복입문 조연 출연하더라구요.
숏폼,&#39;시청후기가 증명하는&#39; 실패없는 숏폼드라마 추천,https://www.youtube.com/watch?v=-s1qgkvQjLw,탑공님~<br>정말 재밋는거만 추천해 주셔서 너무 고맙습니다^^
숏폼,&#39;시청후기가 증명하는&#39; 실패없는 숏폼드라마 추천,https://www.youtube.com/watch?v=-s1qgkvQjLw,야성부 이것도 잼나요
숏폼,&#39;시청후기가 증명하는&#39; 실패없는 숏폼드라마 추천,https://www.youtube.com/watch?v=-s1qgkvQjLw,이비♥ 대고정♥
숏폼,&#39;시청후기가 증명하는&#39; 실패없는 숏폼드라마 추천,https://www.youtube.com/watch?v=-s1qgkvQjLw,우애아가씨 혹시 한글버전은 없는건가요..?😢
숏폼,&#39;시청후기가 증명하는&#39; 실패없는 숏폼드라마 추천,https://www.youtube.com/watch?v=-s1qgkvQjLw,애재이혼이 3위라니!! 숏폼 다른 순위는 납득이 되는데 좋은 숏드 중에 3위까지 하다니ㅎㅎㅎ남주 다리 너무길어서 쇼파 넘어다닐때 오글거려 듁겠던데 ㅎㅎㅎㅎ
숏폼,&#39;시청후기가 증명하는&#39; 실패없는 숏폼드라마 추천,https://www.youtube.com/watch?v=-s1qgkvQjLw,사랑의가시 동궁에 열배임ㅋㅋ 엄자현나오는 도화년 잼남ㅋ 그담으로 싸패집착남주 서심!! 수타이병 최고였어요
숏폼,&#39;시청후기가 증명하는&#39; 실패없는 숏폼드라마 추천,https://www.youtube.com/watch?v=-s1qgkvQjLw,요즘 한연판에 실망해서 그런가..<br>차라리 중드나 해외드 보기가 맘 편해요. 외국인이니까 거리감도 있고.(해외연판 올려치기 아님 심리적으로 그렇다는 거)  개인적으로 장공주보다 동란설이 더 재밌었어요
숏폼,&#39;시청후기가 증명하는&#39; 실패없는 숏폼드라마 추천,https://www.youtube.com/watch?v=-s1qgkvQjLw,대충 김정은이 필기하는 짤 ✍️ ✍️ ✍️ ✍️
숏폼,&#39;시청후기가 증명하는&#39; 실패없는 숏폼드라마 추천,https://www.youtube.com/watch?v=-s1qgkvQjLw,그렇죠~~~ 역시 &lt;허안&gt;이죠.
숏폼,&#39;시청후기가 증명하는&#39; 실패없는 숏폼드라마 추천,https://www.youtube.com/watch?v=-s1qgkvQjLw,고상사곡 남주가 전이륜이 아닌데도^^ 워낙 전이륜 인기가 좋아서(둘이 찐커플이라 그런가요^^) 그런가요? 곽가남 언급도 안 하시고~~ 😊
숏폼,&#39;시청후기가 증명하는&#39; 실패없는 숏폼드라마 추천,https://www.youtube.com/watch?v=-s1qgkvQjLw,"&lt;장공주재상&gt;이 숏폼의 불꽃을 지피웠고, &lt;허안,가면의 여자&gt;&lt;집필&gt;&lt;풍월변&gt;이 숏폼의 완성도를 높였으며~<br>이비와 대고정, 엄자현, 이목신, 진방동의 등장으로 <br>숏폼의 전성기가 왔네요😍"
숏폼,&#39;시청후기가 증명하는&#39; 실패없는 숏폼드라마 추천,https://www.youtube.com/watch?v=-s1qgkvQjLw,장아흠 연기 잘하는 듯 <br>국색방화에서 얄미워 죽겠음 ㅋㅋㅋ <br>위철명과 같이 미워 죽겠음 ㅋㅋ
숏폼,&#39;시청후기가 증명하는&#39; 실패없는 숏폼드라마 추천,https://www.youtube.com/watch?v=-s1qgkvQjLw,"안녕하세요 😊살야<a href=""http://www.youtube.com/results?search_query=%23%EC%82%AC%EB%9E%91%EC%9D%98%EA%B0%80%EC%8B%9C"">#사랑의가시</a><a href=""http://www.youtube.com/results?search_query=%23%EA%B3%A0%EC%83%81%EC%82%AC%EA%B3%A1%EA%BC%AD%EB%B3%BC%EA%B2%8C%EC%9A%94"">#고상사곡꼭볼게요</a> 추천👍 그리고 집필<a href=""http://www.youtube.com/results?search_query=%23%ED%97%88%EC%95%88"">#허안</a><a href=""http://www.youtube.com/results?search_query=%23%EC%9E%A5%EA%B3%B5%EC%A3%BC%EC%9E%AC%EC%83%81"">#장공주재상</a><a href=""http://www.youtube.com/results?search_query=%23%EC%9A%B0%EC%95%A0%EC%95%84%EA%B0%80%EC%94%A8"">#우애아가씨</a><a href=""http://www.youtube.com/results?search_query=%23%EC%B2%9C%EA%B8%88%EC%95%84%ED%99%98"">#천금아환</a><a href=""http://www.youtube.com/results?search_query=%23%EB%82%9C%EC%8B%AC"">#난심</a> 추천합니다  p.s갠적으로집필  이목신엽성가님<a href=""http://www.youtube.com/results?search_query=%23%EC%97%B0%EA%B8%B0"">#연기</a> 그리고내용💯👏오늘도영상 감사합니다 🫡"
숏폼,&#39;시청후기가 증명하는&#39; 실패없는 숏폼드라마 추천,https://www.youtube.com/watch?v=-s1qgkvQjLw,"[타임라인] 숏폼 중드 추천<br><br><a href=""https://www.youtube.com/watch?v=-s1qgkvQjLw&amp;t=13"">00:13</a> 17. 정자: 사랑의 가시<br><br><a href=""https://www.youtube.com/watch?v=-s1qgkvQjLw&amp;t=42"">00:42</a> 16. 장공주재상<br><br><a href=""https://www.youtube.com/watch?v=-s1qgkvQjLw&amp;t=93"">01:33</a> 15. 살야<br><br><a href=""https://www.youtube.com/watch?v=-s1qgkvQjLw&amp;t=133"">02:13</a> 14. 고상사곡<br><br><a href=""https://www.youtube.com/watch?v=-s1qgkvQjLw&amp;t=181"">03:01</a> 13. 경경삼사<br><br><a href=""https://www.youtube.com/watch?v=-s1qgkvQjLw&amp;t=224"">03:44</a> 12. 우애천금<br><br><a href=""https://www.youtube.com/watch?v=-s1qgkvQjLw&amp;t=272"">04:32</a> 11. 수타이병<br><br><a href=""https://www.youtube.com/watch?v=-s1qgkvQjLw&amp;t=316"">05:16</a> 10. 아회도17세적이유<br><br><a href=""https://www.youtube.com/watch?v=-s1qgkvQjLw&amp;t=370"">06:10</a> 9. 천금아환<br><br><a href=""https://www.youtube.com/watch?v=-s1qgkvQjLw&amp;t=413"">06:53</a> 8. 한지절부단<br><br><a href=""https://www.youtube.com/watch?v=-s1qgkvQjLw&amp;t=453"">07:33</a> 7. 집필<br><br><a href=""https://www.youtube.com/watch?v=-s1qgkvQjLw&amp;t=500"">08:20</a> 6. 우견니적나천<br><br><a href=""https://www.youtube.com/watch?v=-s1qgkvQjLw&amp;t=541"">09:01</a> 5. 초야<br><br><a href=""https://www.youtube.com/watch?v=-s1qgkvQjLw&amp;t=576"">09:36</a> 4. 풍월변<br><br><a href=""https://www.youtube.com/watch?v=-s1qgkvQjLw&amp;t=628"">10:28</a> 3. 애재이혼진행시<br><br><a href=""https://www.youtube.com/watch?v=-s1qgkvQjLw&amp;t=649"">10:49</a> 2. 난심<br><br><a href=""https://www.youtube.com/watch?v=-s1qgkvQjLw&amp;t=700"">11:40</a> 1. 허안: 가면의 여자"
숏폼,"27살인데 47살로 보이는 중국 단극 숏폼 배우, 17일 만에 30억 찍자 중국 3대 플랫폼이 동시에 달라붙었다 | 류샤오쉬",https://www.youtube.com/watch?v=gr1MOssE8M8,"영상 끝까지 보신 분들께만 묻습니다.<br><br>&quot;우리가 류샤오쉬를 좋아하는 걸까요, <br>우리가 그를 통해 보고 싶어한 이상적인 남자를 좋아하는 걸까요?&quot;<br>저는 솔직히 후자라고 봐요. <br>근데 이 질문, 댓글로 한번 답해주세요. 진심으로 궁금합니다.<br><br>📌 다음 영상 예고 — 4월에 은퇴 선언한 단극 여왕 톈위안의 마지막 편지.<br>류샤오쉬의 미래를 미리 보여주는 거울 같은 이야기예요. 알림 설정해두세요."
숏폼,"27살인데 47살로 보이는 중국 단극 숏폼 배우, 17일 만에 30억 찍자 중국 3대 플랫폼이 동시에 달라붙었다 | 류샤오쉬",https://www.youtube.com/watch?v=gr1MOssE8M8,연기 잘함
숏폼,"27살인데 47살로 보이는 중국 단극 숏폼 배우, 17일 만에 30억 찍자 중국 3대 플랫폼이 동시에 달라붙었다 | 류샤오쉬",https://www.youtube.com/watch?v=gr1MOssE8M8,단극 유치하고 금방  볼수있어서 매일 봄~^^
숏폼,"27살인데 47살로 보이는 중국 단극 숏폼 배우, 17일 만에 30억 찍자 중국 3대 플랫폼이 동시에 달라붙었다 | 류샤오쉬",https://www.youtube.com/watch?v=gr1MOssE8M8,숏폼 마이 나온 사람이구마
숏폼,"27살인데 47살로 보이는 중국 단극 숏폼 배우, 17일 만에 30억 찍자 중국 3대 플랫폼이 동시에 달라붙었다 | 류샤오쉬",https://www.youtube.com/watch?v=gr1MOssE8M8,헐 20대요? 동년배인줄 ㅋㅋ
숏폼,"27살인데 47살로 보이는 중국 단극 숏폼 배우, 17일 만에 30억 찍자 중국 3대 플랫폼이 동시에 달라붙었다 | 류샤오쉬",https://www.youtube.com/watch?v=gr1MOssE8M8,"코에서 입, 턱으로 흐르는 선이 아주 아름다운 배우입니다. 어떤 AI로도 만들 수 없는 자연스러운 옆선. 그게 가장 큰 매력입니다. 😊"
숏폼,"27살인데 47살로 보이는 중국 단극 숏폼 배우, 17일 만에 30억 찍자 중국 3대 플랫폼이 동시에 달라붙었다 | 류샤오쉬",https://www.youtube.com/watch?v=gr1MOssE8M8,그냥 먼가끌리는 매력이<br>멋있고 귀엽고 다하는 배우인듯<br>중국숏폼 배우를 좋아하게 되다니ㅎㅎ
숏폼,"27살인데 47살로 보이는 중국 단극 숏폼 배우, 17일 만에 30억 찍자 중국 3대 플랫폼이 동시에 달라붙었다 | 류샤오쉬",https://www.youtube.com/watch?v=gr1MOssE8M8,류사오숴인상ㅡ넘넘조음찐뺀입니다질 리지안은인상짱
숏폼,"27살인데 47살로 보이는 중국 단극 숏폼 배우, 17일 만에 30억 찍자 중국 3대 플랫폼이 동시에 달라붙었다 | 류샤오쉬",https://www.youtube.com/watch?v=gr1MOssE8M8,연기를 진짜 기깔나게 잘함. 모든 여주랑 케미가 잘 나옴.
숏폼,"27살인데 47살로 보이는 중국 단극 숏폼 배우, 17일 만에 30억 찍자 중국 3대 플랫폼이 동시에 달라붙었다 | 류샤오쉬",https://www.youtube.com/watch?v=gr1MOssE8M8,진짜 소름<br>너무 좋아하는 배우입니다
숏폼,"27살인데 47살로 보이는 중국 단극 숏폼 배우, 17일 만에 30억 찍자 중국 3대 플랫폼이 동시에 달라붙었다 | 류샤오쉬",https://www.youtube.com/watch?v=gr1MOssE8M8,"믿고 보는 배우. 작품 보는 눈도 좋고, 연기, 목소리, 발성 다 넘 좋아서 중국 숏드라마 수준을 상향시켜준 주역이라고 생각함. 중년미 있어서 좋아했는데 나이 찾아보고 깜놀 ㅋㅋㅋ 키가 좀만 더 컸어도…"
숏폼,"27살인데 47살로 보이는 중국 단극 숏폼 배우, 17일 만에 30억 찍자 중국 3대 플랫폼이 동시에 달라붙었다 | 류샤오쉬",https://www.youtube.com/watch?v=gr1MOssE8M8,연기 잘함~<br>괜찮아 20년뒤 다른 20대 배우들 급 늙을때 저 배우만 어려보일거임 <br>원래 노안이 잘 안 늙고 시간지날수록 회춘함~😊<br>좀만 기다리슈~~화이팅!!!!
숏폼,"27살인데 47살로 보이는 중국 단극 숏폼 배우, 17일 만에 30억 찍자 중국 3대 플랫폼이 동시에 달라붙었다 | 류샤오쉬",https://www.youtube.com/watch?v=gr1MOssE8M8,연기잘하던데
숏폼,"27살인데 47살로 보이는 중국 단극 숏폼 배우, 17일 만에 30억 찍자 중국 3대 플랫폼이 동시에 달라붙었다 | 류샤오쉬",https://www.youtube.com/watch?v=gr1MOssE8M8,슬픈 눈 배시시 웃으면 보이는 송곳니 빠져들 수밖에 ㅋㅋ 이 남자 외모도 안보이고 단점도 안보이고 풍경화 마냥 보면 편하고 연기도 잘해서 좋음
숏폼,"27살인데 47살로 보이는 중국 단극 숏폼 배우, 17일 만에 30억 찍자 중국 3대 플랫폼이 동시에 달라붙었다 | 류샤오쉬",https://www.youtube.com/watch?v=gr1MOssE8M8,어쨌거나 진짜 잘생김.매력있고..
숏폼,"27살인데 47살로 보이는 중국 단극 숏폼 배우, 17일 만에 30억 찍자 중국 3대 플랫폼이 동시에 달라붙었다 | 류샤오쉬",https://www.youtube.com/watch?v=gr1MOssE8M8,이사람매력있어요~~나는좋던데...😅😅😅❤❤❤
숏폼,"27살인데 47살로 보이는 중국 단극 숏폼 배우, 17일 만에 30억 찍자 중국 3대 플랫폼이 동시에 달라붙었다 | 류샤오쉬",https://www.youtube.com/watch?v=gr1MOssE8M8,왜 배우들이 정극 안하고 숏폼을 할까 생각했는데 이것도 조회수 많으면 돈 엄청 되는구나
숏폼,"27살인데 47살로 보이는 중국 단극 숏폼 배우, 17일 만에 30억 찍자 중국 3대 플랫폼이 동시에 달라붙었다 | 류샤오쉬",https://www.youtube.com/watch?v=gr1MOssE8M8,넘 좋아하는 배우인데..😊😊이렇게 대성해서 🎉🎉 기쁘네요 ..생각보다 어리네요😅😅..앞으로늘 꽃길만 걸으시길..사랑합니다❤❤❤❤
숏폼,"27살인데 47살로 보이는 중국 단극 숏폼 배우, 17일 만에 30억 찍자 중국 3대 플랫폼이 동시에 달라붙었다 | 류샤오쉬",https://www.youtube.com/watch?v=gr1MOssE8M8,앞으로도 20년은 같은 역할 계속할 수 있을듯ㅋㅋㅋㅋ
숏폼,"27살인데 47살로 보이는 중국 단극 숏폼 배우, 17일 만에 30억 찍자 중국 3대 플랫폼이 동시에 달라붙었다 | 류샤오쉬",https://www.youtube.com/watch?v=gr1MOssE8M8,결론은  멋있는 연기하는 류샤오시 😅
숏폼,"27살인데 47살로 보이는 중국 단극 숏폼 배우, 17일 만에 30억 찍자 중국 3대 플랫폼이 동시에 달라붙었다 | 류샤오쉬",https://www.youtube.com/watch?v=gr1MOssE8M8,배우님~섹시하셔요❤❤❤
숏폼,"27살인데 47살로 보이는 중국 단극 숏폼 배우, 17일 만에 30억 찍자 중국 3대 플랫폼이 동시에 달라붙었다 | 류샤오쉬",https://www.youtube.com/watch?v=gr1MOssE8M8,갈수록 어려질 예정인 노안😊연기를 너무 잘해서 ❤
숏폼,"27살인데 47살로 보이는 중국 단극 숏폼 배우, 17일 만에 30억 찍자 중국 3대 플랫폼이 동시에 달라붙었다 | 류샤오쉬",https://www.youtube.com/watch?v=gr1MOssE8M8,무슨일이 있었던 거예요.ㅜㅜ
숏폼,"27살인데 47살로 보이는 중국 단극 숏폼 배우, 17일 만에 30억 찍자 중국 3대 플랫폼이 동시에 달라붙었다 | 류샤오쉬",https://www.youtube.com/watch?v=gr1MOssE8M8,한번  빠지면   헤어나올수  없는  사람...❤❤
숏폼,"27살인데 47살로 보이는 중국 단극 숏폼 배우, 17일 만에 30억 찍자 중국 3대 플랫폼이 동시에 달라붙었다 | 류샤오쉬",https://www.youtube.com/watch?v=gr1MOssE8M8,헐 나도 40대로 알앗어요 와 놀래라
숏폼,"27살인데 47살로 보이는 중국 단극 숏폼 배우, 17일 만에 30억 찍자 중국 3대 플랫폼이 동시에 달라붙었다 | 류샤오쉬",https://www.youtube.com/watch?v=gr1MOssE8M8,배우는 연기만 잘하면 됨<br>외모는 나중<br>그렇지만 너무 멋짐
숏폼,"27살인데 47살로 보이는 중국 단극 숏폼 배우, 17일 만에 30억 찍자 중국 3대 플랫폼이 동시에 달라붙었다 | 류샤오쉬",https://www.youtube.com/watch?v=gr1MOssE8M8,미친연기에 특화된배우인데. 진짜 연기파 배우임.
숏폼,"27살인데 47살로 보이는 중국 단극 숏폼 배우, 17일 만에 30억 찍자 중국 3대 플랫폼이 동시에 달라붙었다 | 류샤오쉬",https://www.youtube.com/watch?v=gr1MOssE8M8,"연기를 너무 잘해..눈빛, 표정...나의 최애 배우"
숏폼,"27살인데 47살로 보이는 중국 단극 숏폼 배우, 17일 만에 30억 찍자 중국 3대 플랫폼이 동시에 달라붙었다 | 류샤오쉬",https://www.youtube.com/watch?v=gr1MOssE8M8,천의얼굴이네요. 앞으로 정통드라마 영화 마니마니하기를
숏폼,"27살인데 47살로 보이는 중국 단극 숏폼 배우, 17일 만에 30억 찍자 중국 3대 플랫폼이 동시에 달라붙었다 | 류샤오쉬",https://www.youtube.com/watch?v=gr1MOssE8M8,나만 40대로 본거 아니구나 ㅋㅎㅋㅎ
숏폼,"27살인데 47살로 보이는 중국 단극 숏폼 배우, 17일 만에 30억 찍자 중국 3대 플랫폼이 동시에 달라붙었다 | 류샤오쉬",https://www.youtube.com/watch?v=gr1MOssE8M8,40대로 보이는건 맞는데 연기가 모든걸 커버함.
숏폼,"27살인데 47살로 보이는 중국 단극 숏폼 배우, 17일 만에 30억 찍자 중국 3대 플랫폼이 동시에 달라붙었다 | 류샤오쉬",https://www.youtube.com/watch?v=gr1MOssE8M8,앞으로 20년은 저얼굴로 40대역 가능하겠네
숏폼,"27살인데 47살로 보이는 중국 단극 숏폼 배우, 17일 만에 30억 찍자 중국 3대 플랫폼이 동시에 달라붙었다 | 류샤오쉬",https://www.youtube.com/watch?v=gr1MOssE8M8,생긴걸로 좋아할거면 송위룡도 충분한데요 뭘... 아시잖아요...류소욱은 연기력과 발음때문에 좋아한다는 거 팬이면 기본아닌가요<br>단극보다가 연기력에 소름돋아서 집중해서 본 게 이 배우 때문이잖아요. . . 이 배우 출신이 어딘지 개인적인 성향을 알아보게 되는 단극 배우는 이 배우가 처음이었어요.... 정말 훌륭한 배우에요....
숏폼,"27살인데 47살로 보이는 중국 단극 숏폼 배우, 17일 만에 30억 찍자 중국 3대 플랫폼이 동시에 달라붙었다 | 류샤오쉬",https://www.youtube.com/watch?v=gr1MOssE8M8,내가봐도 연기천재 콧물흘리고 우는연기 최고 웃을때매력넘침  눈가에 주름도 좋아요
숏폼,"27살인데 47살로 보이는 중국 단극 숏폼 배우, 17일 만에 30억 찍자 중국 3대 플랫폼이 동시에 달라붙었다 | 류샤오쉬",https://www.youtube.com/watch?v=gr1MOssE8M8,근데 연기잘함ㅋㅋ
숏폼,"27살인데 47살로 보이는 중국 단극 숏폼 배우, 17일 만에 30억 찍자 중국 3대 플랫폼이 동시에 달라붙었다 | 류샤오쉬",https://www.youtube.com/watch?v=gr1MOssE8M8,뭐야 오늘도 숏드라마에서 주연으로 봤는데 나이가 27살 ㅋㅋㅋㅋㅋ 근데 연기는 참 자연스럽게 잘 하더라
숏폼,"27살인데 47살로 보이는 중국 단극 숏폼 배우, 17일 만에 30억 찍자 중국 3대 플랫폼이 동시에 달라붙었다 | 류샤오쉬",https://www.youtube.com/watch?v=gr1MOssE8M8,류사오쉬 드라마를 보고 중국배우를 좋아하긴 첨이예요~ 연기력 너무 좋고 목소리도 좋고~ 저는 그냥 류사오쉬 배우님이 너무 좋아요~ 응원합니다💚💚💚
숏폼,"27살인데 47살로 보이는 중국 단극 숏폼 배우, 17일 만에 30억 찍자 중국 3대 플랫폼이 동시에 달라붙었다 | 류샤오쉬",https://www.youtube.com/watch?v=gr1MOssE8M8,20대라고...?!
숏폼,"27살인데 47살로 보이는 중국 단극 숏폼 배우, 17일 만에 30억 찍자 중국 3대 플랫폼이 동시에 달라붙었다 | 류샤오쉬",https://www.youtube.com/watch?v=gr1MOssE8M8,고급진 으른미 있으신 오라버니?인줄 알았는데에에~
숏폼,"27살인데 47살로 보이는 중국 단극 숏폼 배우, 17일 만에 30억 찍자 중국 3대 플랫폼이 동시에 달라붙었다 | 류샤오쉬",https://www.youtube.com/watch?v=gr1MOssE8M8,숏폼 인식을 바꾼 배우임
숏폼,"27살인데 47살로 보이는 중국 단극 숏폼 배우, 17일 만에 30억 찍자 중국 3대 플랫폼이 동시에 달라붙었다 | 류샤오쉬",https://www.youtube.com/watch?v=gr1MOssE8M8,"연기 잘함. 코믹, 정극 모두 가능. 기존의 숏배우들 중 탑"
숏폼,"27살인데 47살로 보이는 중국 단극 숏폼 배우, 17일 만에 30억 찍자 중국 3대 플랫폼이 동시에 달라붙었다 | 류샤오쉬",https://www.youtube.com/watch?v=gr1MOssE8M8,바람피면 급 노화가<br>온다는데 진실이군
숏폼,"27살인데 47살로 보이는 중국 단극 숏폼 배우, 17일 만에 30억 찍자 중국 3대 플랫폼이 동시에 달라붙었다 | 류샤오쉬",https://www.youtube.com/watch?v=gr1MOssE8M8,ㅋㅋㅋㅋ  40대인줄. 이 배우 첫드라마가 아빠역으로 봐서그런가?  연기도 기품있고 고급지고. 명품연기
숏폼,"27살인데 47살로 보이는 중국 단극 숏폼 배우, 17일 만에 30억 찍자 중국 3대 플랫폼이 동시에 달라붙었다 | 류샤오쉬",https://www.youtube.com/watch?v=gr1MOssE8M8,그렇게 열심히 연습하고 묵묵히 자기 개발에 게을리 하지 않으니 성공했네요 <br>축하합니다
숏폼,"27살인데 47살로 보이는 중국 단극 숏폼 배우, 17일 만에 30억 찍자 중국 3대 플랫폼이 동시에 달라붙었다 | 류샤오쉬",https://www.youtube.com/watch?v=gr1MOssE8M8,나도 40대인줄 알았음
숏폼,"27살인데 47살로 보이는 중국 단극 숏폼 배우, 17일 만에 30억 찍자 중국 3대 플랫폼이 동시에 달라붙었다 | 류샤오쉬",https://www.youtube.com/watch?v=gr1MOssE8M8,노안이다 45세는 넘어보이는구만 왕호정보다 어린거야😮
숏폼,"27살인데 47살로 보이는 중국 단극 숏폼 배우, 17일 만에 30억 찍자 중국 3대 플랫폼이 동시에 달라붙었다 | 류샤오쉬",https://www.youtube.com/watch?v=gr1MOssE8M8,BTS 정국이보다 어려...
숏폼,"27살인데 47살로 보이는 중국 단극 숏폼 배우, 17일 만에 30억 찍자 중국 3대 플랫폼이 동시에 달라붙었다 | 류샤오쉬",https://www.youtube.com/watch?v=gr1MOssE8M8,잘생겼어요
숏폼,"27살인데 47살로 보이는 중국 단극 숏폼 배우, 17일 만에 30억 찍자 중국 3대 플랫폼이 동시에 달라붙었다 | 류샤오쉬",https://www.youtube.com/watch?v=gr1MOssE8M8,류사오쉬 가 나오는 드라마는 다 보는 편임. 근데 나이가 어렸네요
숏폼,"27살인데 47살로 보이는 중국 단극 숏폼 배우, 17일 만에 30억 찍자 중국 3대 플랫폼이 동시에 달라붙었다 | 류샤오쉬",https://www.youtube.com/watch?v=gr1MOssE8M8,근데 애초에 걍 노안이기만 하고 실제로 98년생이라 인기가 잇는거임<br>진짜로 85~90 이쯤 태어낫으면 인기 없어요 ㅋㅋㅋㅋ 숏폼에 중드계는 심지어 다 어린데 남주만 나이많으면 누가 좋아함 안그래도 여주들 완전 새파란데 2초중인데 ㅋㅋㅋ
숏폼,"27살인데 47살로 보이는 중국 단극 숏폼 배우, 17일 만에 30억 찍자 중국 3대 플랫폼이 동시에 달라붙었다 | 류샤오쉬",https://www.youtube.com/watch?v=gr1MOssE8M8,잘되서 다행이네요😊
숏폼,"27살인데 47살로 보이는 중국 단극 숏폼 배우, 17일 만에 30억 찍자 중국 3대 플랫폼이 동시에 달라붙었다 | 류샤오쉬",https://www.youtube.com/watch?v=gr1MOssE8M8,"우연히 중숏드를 보게되어 여기까지 왔는데, 어느순간 저 배우를 보며 숏드의 수준이 꼭 엉망?은 아니구나..했다. 연기도 잘하고 분위기도 좋고, 중후한? 남성미 있고, 다른 남주들에 비해 슈트핏도 좋다. 그래서 저사람 출연작을 뒤지고 있다.ㅋ"
숏폼,"27살인데 47살로 보이는 중국 단극 숏폼 배우, 17일 만에 30억 찍자 중국 3대 플랫폼이 동시에 달라붙었다 | 류샤오쉬",https://www.youtube.com/watch?v=gr1MOssE8M8,유샤오이시 존경해요<br>편안햬보여요🇰🇷
숏폼,"27살인데 47살로 보이는 중국 단극 숏폼 배우, 17일 만에 30억 찍자 중국 3대 플랫폼이 동시에 달라붙었다 | 류샤오쉬",https://www.youtube.com/watch?v=gr1MOssE8M8,연기에. 진심이. 느껴짐.
숏폼,"27살인데 47살로 보이는 중국 단극 숏폼 배우, 17일 만에 30억 찍자 중국 3대 플랫폼이 동시에 달라붙었다 | 류샤오쉬",https://www.youtube.com/watch?v=gr1MOssE8M8,같은아시아국가라도  동안국가는 한국인이짱인건같다 한국. 중국 일본 비교 할수가없다  숏폼드라마보면 배우들이궁금해서 찾아보면 나이보고 순간헐~~~
숏폼,"27살인데 47살로 보이는 중국 단극 숏폼 배우, 17일 만에 30억 찍자 중국 3대 플랫폼이 동시에 달라붙었다 | 류샤오쉬",https://www.youtube.com/watch?v=gr1MOssE8M8,이사람이 나온거 보면 미친 연기력에. 홀딱 반하게 합니다
숏폼,"27살인데 47살로 보이는 중국 단극 숏폼 배우, 17일 만에 30억 찍자 중국 3대 플랫폼이 동시에 달라붙었다 | 류샤오쉬",https://www.youtube.com/watch?v=gr1MOssE8M8,연기 진짜 잘함. 얼굴이 잘생겨도 연기 못하면 별로인데.. 진짜 연기 잘하심
숏폼,"27살인데 47살로 보이는 중국 단극 숏폼 배우, 17일 만에 30억 찍자 중국 3대 플랫폼이 동시에 달라붙었다 | 류샤오쉬",https://www.youtube.com/watch?v=gr1MOssE8M8,저도 성화분덕납보고 단편이 막장만 있는건 아니구나했었는데 ㅎㅎ 개인적으로 연기를 진짜 잘하는거 같은 배우 ㅠㅠ yangshuyu랑 찍은 작품에서 우는 장면보고 저도 눈물 뚝뚝 ㅠㅠ !!<br>그런데 정말 短剧 인기순위는 휙휙 바뀌는거 같기는해요 😂 몇년동안 꾸준히 인기순위 20위 안에드는 배우들은 진짜 대단한거 같아요...그야말로 소보다 더 열심히 일한 그들이라고 생각합니다 ㅠㅠ
숏폼,"27살인데 47살로 보이는 중국 단극 숏폼 배우, 17일 만에 30억 찍자 중국 3대 플랫폼이 동시에 달라붙었다 | 류샤오쉬",https://www.youtube.com/watch?v=gr1MOssE8M8,보정처리 반사판 무시 못함 내가 알던 그분이 맞나 싶음 유명한 배우였는데 한순간 옆집오빠가 되어버렸어요 보정과 파운데이션 화장 벗어난 남배우는 진짜 잘생긴거
숏폼,"27살인데 47살로 보이는 중국 단극 숏폼 배우, 17일 만에 30억 찍자 중국 3대 플랫폼이 동시에 달라붙었다 | 류샤오쉬",https://www.youtube.com/watch?v=gr1MOssE8M8,실제 나이듣고 깜짝 놀람😅 부티나게 지적인데 노안이라 묘한 매력이 있음. 뭔가 노련미가 보이고 암튼 똑똑해 보임. 연기가 진짜 좋고 극 선택을 아무거나 안하는건지 같은 대본이라도 깊이있게 소화하는건지 감독을 잘 만나는건지 암튼 다른 드라마와는 뭔가 차원이 다름.
숏폼,"27살인데 47살로 보이는 중국 단극 숏폼 배우, 17일 만에 30억 찍자 중국 3대 플랫폼이 동시에 달라붙었다 | 류샤오쉬",https://www.youtube.com/watch?v=gr1MOssE8M8,류소욱   진짜 묘하게 빠지다 스며들어버렸음...나이듣고 으잉??하다 뇌어박혀버림?..
숏폼,"27살인데 47살로 보이는 중국 단극 숏폼 배우, 17일 만에 30억 찍자 중국 3대 플랫폼이 동시에 달라붙었다 | 류샤오쉬",https://www.youtube.com/watch?v=gr1MOssE8M8,"단극이든 정통이든 최선을 다해 연기에 구력을 쌓는다면 언젠가 빛을 봅니다. 외모는 35세이상으로 보이는데 헤어와 이마부문을 변신하면 훨씬 배역의 폭은 다양하다고 봐요! 이미 신뢰도, 인지도는 높아졌습니다."
숏폼,"27살인데 47살로 보이는 중국 단극 숏폼 배우, 17일 만에 30억 찍자 중국 3대 플랫폼이 동시에 달라붙었다 | 류샤오쉬",https://www.youtube.com/watch?v=gr1MOssE8M8,내가 보기엔 진짜 잘생김 ㅜㅜ❤❤❤
숏폼,"27살인데 47살로 보이는 중국 단극 숏폼 배우, 17일 만에 30억 찍자 중국 3대 플랫폼이 동시에 달라붙었다 | 류샤오쉬",https://www.youtube.com/watch?v=gr1MOssE8M8,20대라고?? 말도 안되.. 종종 작품 보는데 뭔가 숏폼이 고급스럽게 보이는 능력이 있음. 중년의 중후한 멋이라고 생각했는데 ㄷㄷㄷ
숏폼,"27살인데 47살로 보이는 중국 단극 숏폼 배우, 17일 만에 30억 찍자 중국 3대 플랫폼이 동시에 달라붙었다 | 류샤오쉬",https://www.youtube.com/watch?v=gr1MOssE8M8,배꼽이야 알고봐도 40대로 보임ㅎㅎ
숏폼,"27살인데 47살로 보이는 중국 단극 숏폼 배우, 17일 만에 30억 찍자 중국 3대 플랫폼이 동시에 달라붙었다 | 류샤오쉬",https://www.youtube.com/watch?v=gr1MOssE8M8,연기정말 잘하고  매력적임 난 류샤오쉬 좋음 ❤
숏폼,"27살인데 47살로 보이는 중국 단극 숏폼 배우, 17일 만에 30억 찍자 중국 3대 플랫폼이 동시에 달라붙었다 | 류샤오쉬",https://www.youtube.com/watch?v=gr1MOssE8M8,무명이 길어서 사고 안치고 스캔들만 없을시 류사오쉬는 느낌상 롱런할거 같아요
숏폼,"27살인데 47살로 보이는 중국 단극 숏폼 배우, 17일 만에 30억 찍자 중국 3대 플랫폼이 동시에 달라붙었다 | 류샤오쉬",https://www.youtube.com/watch?v=gr1MOssE8M8,류샤오시 멋져요 승승장구 하세요
숏폼,"27살인데 47살로 보이는 중국 단극 숏폼 배우, 17일 만에 30억 찍자 중국 3대 플랫폼이 동시에 달라붙었다 | 류샤오쉬",https://www.youtube.com/watch?v=gr1MOssE8M8,그럼 장릉혁보다 한살 어린거네
숏폼,"27살인데 47살로 보이는 중국 단극 숏폼 배우, 17일 만에 30억 찍자 중국 3대 플랫폼이 동시에 달라붙었다 | 류샤오쉬",https://www.youtube.com/watch?v=gr1MOssE8M8,1998년생이라고요?????<br>나 진심40대인줄..멋지게 나이듦  표본<br>그 자체였는데 믿기지 않는다.
숏폼,"27살인데 47살로 보이는 중국 단극 숏폼 배우, 17일 만에 30억 찍자 중국 3대 플랫폼이 동시에 달라붙었다 | 류샤오쉬",https://www.youtube.com/watch?v=gr1MOssE8M8,"? 노안이라는 거잖아.<br>그래도 잘생겼음 뭔가 위험있어보이기도 하고.. 내 주변 20,30대도 좋아하던데"
숏폼,"27살인데 47살로 보이는 중국 단극 숏폼 배우, 17일 만에 30억 찍자 중국 3대 플랫폼이 동시에 달라붙었다 | 류샤오쉬",https://www.youtube.com/watch?v=gr1MOssE8M8,나도 깜빡속았네. 난 진짜 40-50대인줄 ... 엽기적인 노안이네...하지만 여전히 20대후반이라고는 절대 믿기힘든 노안임. 절대 안믿어짐. 50대후반이라고 해도 믿겨질 노안임. 워낙 돈만되면 거짖과 사기가 난무하는곳이니 팬층을 넓히려고 거짖말 할수도 있는 사회이고 나라임엔 틀림없다.
숏폼,"27살인데 47살로 보이는 중국 단극 숏폼 배우, 17일 만에 30억 찍자 중국 3대 플랫폼이 동시에 달라붙었다 | 류샤오쉬",https://www.youtube.com/watch?v=gr1MOssE8M8,류소욱~  넘 좋아.^^❤<br>근디 자세히 보면 귀여운 청년미 있음
숏폼,"27살인데 47살로 보이는 중국 단극 숏폼 배우, 17일 만에 30억 찍자 중국 3대 플랫폼이 동시에 달라붙었다 | 류샤오쉬",https://www.youtube.com/watch?v=gr1MOssE8M8,중국 연예인들 나이 속이는 경우 많다던데 이분은 그런 케이스는 아닌건가
숏폼,"27살인데 47살로 보이는 중국 단극 숏폼 배우, 17일 만에 30억 찍자 중국 3대 플랫폼이 동시에 달라붙었다 | 류샤오쉬",https://www.youtube.com/watch?v=gr1MOssE8M8,내가 본 것 중. <br>감방 파란 죄수복이 제일 어려보임.
숏폼,"27살인데 47살로 보이는 중국 단극 숏폼 배우, 17일 만에 30억 찍자 중국 3대 플랫폼이 동시에 달라붙었다 | 류샤오쉬",https://www.youtube.com/watch?v=gr1MOssE8M8,저사람 구유신이랑 찍은거 볼만해 연기잘해ᆢ😊😊😊
숏폼,"27살인데 47살로 보이는 중국 단극 숏폼 배우, 17일 만에 30억 찍자 중국 3대 플랫폼이 동시에 달라붙었다 | 류샤오쉬",https://www.youtube.com/watch?v=gr1MOssE8M8,열심히 뛰어다닌 결과 어느드라마 봤는데 멋진 대표로 나옴
숏폼,"27살인데 47살로 보이는 중국 단극 숏폼 배우, 17일 만에 30억 찍자 중국 3대 플랫폼이 동시에 달라붙었다 | 류샤오쉬",https://www.youtube.com/watch?v=gr1MOssE8M8,"류소욱 연기를 먼저 좋아했어요.<br>&lt;장미관면&gt;에서 처음 봤어요.<br>여주가 짝사랑하던 조연남 역할인데..그는 여주를 놓치고 후회하며 미친듯이 쫏아다니고 지저분하게 다니던 모습이 최고였어요👍<br>찌질남인데 좋았어요❤<br>다른 숏드 성하분더랍에서 이상적인 남자로 보이며 차분하고 진중하며 남을 배려하는 모습에 많이 열광했어요.<br>다대첨사아..조연인데 능글느끼연기도 좋구요😅<br><br>명품 연기를 하고,  좋은 작품 고르는 안목이 있고, 연기장인으로 숏드 장르를 더 품격있게 만들고. 진실되게 보여요.<br>ㅋㅋㅋ 자기 선에서, 자기가 있는곳에서 최선을다하고  최고를 보여주려는거 같아서 멋져요.<br>(찌질남 연기보고 그를 좋아하게 되어서..심쿵이모님의 질문에 대한 답변은 못할듯  😅😅😅 )"
숏폼,"27살인데 47살로 보이는 중국 단극 숏폼 배우, 17일 만에 30억 찍자 중국 3대 플랫폼이 동시에 달라붙었다 | 류샤오쉬",https://www.youtube.com/watch?v=gr1MOssE8M8,진짜 류사오쉬 넘 좋아😊😊😊
숏폼,"27살인데 47살로 보이는 중국 단극 숏폼 배우, 17일 만에 30억 찍자 중국 3대 플랫폼이 동시에 달라붙었다 | 류샤오쉬",https://www.youtube.com/watch?v=gr1MOssE8M8,"<a href=""https://www.youtube.com/watch?v=gr1MOssE8M8&amp;t=177"">2:57</a> 류배우 옆얼굴라인,콧대 넘 예뻐요❤<br>첨봤을때...30대 후반인줄 알고 나보다 약간 연하라서 퉁치고 오빠라고 부를려고했는데....20대는 안된닼ㅋㅋㅋㅋ<br>연기 정말 멋지구요~~~😊<br>더욱 더  승승장구 하길 바랍니다~~❤"
숏폼,"27살인데 47살로 보이는 중국 단극 숏폼 배우, 17일 만에 30억 찍자 중국 3대 플랫폼이 동시에 달라붙었다 | 류샤오쉬",https://www.youtube.com/watch?v=gr1MOssE8M8,첸시처럼 관리하자
숏폼,"27살인데 47살로 보이는 중국 단극 숏폼 배우, 17일 만에 30억 찍자 중국 3대 플랫폼이 동시에 달라붙었다 | 류샤오쉬",https://www.youtube.com/watch?v=gr1MOssE8M8,주위사람들이 한국피부과를 소개시켜줬으면 좋겠다
숏폼,"27살인데 47살로 보이는 중국 단극 숏폼 배우, 17일 만에 30억 찍자 중국 3대 플랫폼이 동시에 달라붙었다 | 류샤오쉬",https://www.youtube.com/watch?v=gr1MOssE8M8,단순히 외모가 나이들어보이고 이런 정도가 아니라 중년의 품격이 그대로라 적어도 30대 후반이겠군 했는데..와~~98년 생이라니!상상도 못했네
숏폼,"27살인데 47살로 보이는 중국 단극 숏폼 배우, 17일 만에 30억 찍자 중국 3대 플랫폼이 동시에 달라붙었다 | 류샤오쉬",https://www.youtube.com/watch?v=gr1MOssE8M8,나보다 어리다고? 엄....
숏폼,"27살인데 47살로 보이는 중국 단극 숏폼 배우, 17일 만에 30억 찍자 중국 3대 플랫폼이 동시에 달라붙었다 | 류샤오쉬",https://www.youtube.com/watch?v=gr1MOssE8M8,27이요?😂
숏폼,"27살인데 47살로 보이는 중국 단극 숏폼 배우, 17일 만에 30억 찍자 중국 3대 플랫폼이 동시에 달라붙었다 | 류샤오쉬",https://www.youtube.com/watch?v=gr1MOssE8M8,보고있음 품위가 느껴지는 배우라 전 아주 좋아해요. 묘하게 이 사람에게서 느껴지는 진정성(?)이  그런게 있어요.
숏폼,"27살인데 47살로 보이는 중국 단극 숏폼 배우, 17일 만에 30억 찍자 중국 3대 플랫폼이 동시에 달라붙었다 | 류샤오쉬",https://www.youtube.com/watch?v=gr1MOssE8M8,중국배우들 너무 보정처리된 미남같아서 그랬는데 진짜 1985년생 같은 중년미에 자연스런 미남이라서 나이듣고 잘못기재됐나 몇번을 찾아봄 ㅋㅋㅋㅋㅋㅋㅋㅋ그리고 연기를 너무 잘함 ㅠㅠㅠㅠㅠ
숏폼,"27살인데 47살로 보이는 중국 단극 숏폼 배우, 17일 만에 30억 찍자 중국 3대 플랫폼이 동시에 달라붙었다 | 류샤오쉬",https://www.youtube.com/watch?v=gr1MOssE8M8,이 남배우 목소리  너무 좋아요
숏폼,"27살인데 47살로 보이는 중국 단극 숏폼 배우, 17일 만에 30억 찍자 중국 3대 플랫폼이 동시에 달라붙었다 | 류샤오쉬",https://www.youtube.com/watch?v=gr1MOssE8M8,헐 27살이라고????? 당연히 중년배우인줄…
숏폼,"27살인데 47살로 보이는 중국 단극 숏폼 배우, 17일 만에 30억 찍자 중국 3대 플랫폼이 동시에 달라붙었다 | 류샤오쉬",https://www.youtube.com/watch?v=gr1MOssE8M8,너무 늙었다 20대가 나이 잘못된거 아닌지 😂
숏폼,"27살인데 47살로 보이는 중국 단극 숏폼 배우, 17일 만에 30억 찍자 중국 3대 플랫폼이 동시에 달라붙었다 | 류샤오쉬",https://www.youtube.com/watch?v=gr1MOssE8M8,숏폼막장을 정통로맨스로 만드는 남자!!!! <br>막장깡패극을 정통느와르로 만드는 남자!!!!
숏폼,"27살인데 47살로 보이는 중국 단극 숏폼 배우, 17일 만에 30억 찍자 중국 3대 플랫폼이 동시에 달라붙었다 | 류샤오쉬",https://www.youtube.com/watch?v=gr1MOssE8M8,연기를 잘함. 한번보면 기억에 남는얼굴
숏폼,"27살인데 47살로 보이는 중국 단극 숏폼 배우, 17일 만에 30억 찍자 중국 3대 플랫폼이 동시에 달라붙었다 | 류샤오쉬",https://www.youtube.com/watch?v=gr1MOssE8M8,류는 연기는 물론이고 진짜 가치관이 또렷하고 행사장에서 자기생각을 확실하게 주장하는게 너무멋있었네요<br>그래서 그를 50대인 저도 그의 매력에 빠졌답니다<br>다른 배우도 좋아하지만 확실히 류의 작품은 다양하고 자극적인것보다 다른 단극에비해 작품이 훨 뛰어난것 같아서 자꾸 찾아보게 되네요
숏폼,"27살인데 47살로 보이는 중국 단극 숏폼 배우, 17일 만에 30억 찍자 중국 3대 플랫폼이 동시에 달라붙었다 | 류샤오쉬",https://www.youtube.com/watch?v=gr1MOssE8M8,진짜 45이면 좋겠다 맘놓고 좋아하게 ㅋㅋ
숏폼,"27살인데 47살로 보이는 중국 단극 숏폼 배우, 17일 만에 30억 찍자 중국 3대 플랫폼이 동시에 달라붙었다 | 류샤오쉬",https://www.youtube.com/watch?v=gr1MOssE8M8,정말 눈빛이 사슴같음. 흡입력이 있는 눈빛이라 나도 모르게 점점 빠져듬. 성하분덕랍(盛夏芬德拉) 내 최애드라마가 되었음. 너무 멋진 남자 😍
숏폼,"27살인데 47살로 보이는 중국 단극 숏폼 배우, 17일 만에 30억 찍자 중국 3대 플랫폼이 동시에 달라붙었다 | 류샤오쉬",https://www.youtube.com/watch?v=gr1MOssE8M8,연기자로써좋아하지.애인으로좋아하냐?
숏폼,"27살인데 47살로 보이는 중국 단극 숏폼 배우, 17일 만에 30억 찍자 중국 3대 플랫폼이 동시에 달라붙었다 | 류샤오쉬",https://www.youtube.com/watch?v=gr1MOssE8M8,뭐 연기잘하니까 그냥 따아숙? 삼촌(그러다남편됨) 역활 많이하믄되지
숏폼,"27살인데 47살로 보이는 중국 단극 숏폼 배우, 17일 만에 30억 찍자 중국 3대 플랫폼이 동시에 달라붙었다 | 류샤오쉬",https://www.youtube.com/watch?v=gr1MOssE8M8,연기를잘한다.진짜.
숏폼,"27살인데 47살로 보이는 중국 단극 숏폼 배우, 17일 만에 30억 찍자 중국 3대 플랫폼이 동시에 달라붙었다 | 류샤오쉬",https://www.youtube.com/watch?v=gr1MOssE8M8,기품이있다.그리고.냉정한역.따뜻한역.애절한역등어떠한역활도어울리는배우인것같다.
숏폼,"27살인데 47살로 보이는 중국 단극 숏폼 배우, 17일 만에 30억 찍자 중국 3대 플랫폼이 동시에 달라붙었다 | 류샤오쉬",https://www.youtube.com/watch?v=gr1MOssE8M8,원래 정극배우였을때 봤던 기억이 있는데 단극나와서 놀람. 역시 내공은 무시 못하는 거 같음.<br>AI에 밀리지 말고 진짜 흥해라
숏폼,"27살인데 47살로 보이는 중국 단극 숏폼 배우, 17일 만에 30억 찍자 중국 3대 플랫폼이 동시에 달라붙었다 | 류샤오쉬",https://www.youtube.com/watch?v=gr1MOssE8M8,"영상 끝까지 보신 분들께만 묻습니다.<br><br>&quot;우리가 류샤오쉬를 좋아하는 걸까요, <br>우리가 그를 통해 보고 싶어한 이상적인 남자를 좋아하는 걸까요?&quot;<br>저는 솔직히 후자라고 봐요. <br>근데 이 질문, 댓글로 한번 답해주세요. 진심으로 궁금합니다.<br><br>📌 다음 영상 예고 — 4월에 은퇴 선언한 단극 여왕 톈위안의 마지막 편지.<br>류샤오쉬의 미래를 미리 보여주는 거울 같은 이야기예요. 알림 설정해두세요."
숏폼,"27살인데 47살로 보이는 중국 단극 숏폼 배우, 17일 만에 30억 찍자 중국 3대 플랫폼이 동시에 달라붙었다 | 류샤오쉬",https://www.youtube.com/watch?v=gr1MOssE8M8,뭔가 고급진 이미지인데 연기도 잘하고...
숏폼,"27살인데 47살로 보이는 중국 단극 숏폼 배우, 17일 만에 30억 찍자 중국 3대 플랫폼이 동시에 달라붙었다 | 류샤오쉬",https://www.youtube.com/watch?v=gr1MOssE8M8,늙어보이네 40후반 50초반도 봄
숏폼,"27살인데 47살로 보이는 중국 단극 숏폼 배우, 17일 만에 30억 찍자 중국 3대 플랫폼이 동시에 달라붙었다 | 류샤오쉬",https://www.youtube.com/watch?v=gr1MOssE8M8,진짜 노안임 근데 넘 멎잇음 미친 연기력 피지컬 대애박
숏폼,"27살인데 47살로 보이는 중국 단극 숏폼 배우, 17일 만에 30억 찍자 중국 3대 플랫폼이 동시에 달라붙었다 | 류샤오쉬",https://www.youtube.com/watch?v=gr1MOssE8M8,"왕카이무,신호남보다 동생이라는거에 놀라웠음….."
숏폼,"27살인데 47살로 보이는 중국 단극 숏폼 배우, 17일 만에 30억 찍자 중국 3대 플랫폼이 동시에 달라붙었다 | 류샤오쉬",https://www.youtube.com/watch?v=gr1MOssE8M8,류샤오쉬 연기 넘 잘함❤
숏폼,"27살인데 47살로 보이는 중국 단극 숏폼 배우, 17일 만에 30억 찍자 중국 3대 플랫폼이 동시에 달라붙었다 | 류샤오쉬",https://www.youtube.com/watch?v=gr1MOssE8M8,나이들수륵 동안이 되는사람이 있음 연기는 아주잘함
숏폼,"27살인데 47살로 보이는 중국 단극 숏폼 배우, 17일 만에 30억 찍자 중국 3대 플랫폼이 동시에 달라붙었다 | 류샤오쉬",https://www.youtube.com/watch?v=gr1MOssE8M8,이런 비쥴 나중엔 동안 이징 😊<br>웃음 천사  연기디테일  예술이야<br>연기력 좋은  …<br>매너도 아주 좋은 …<br>아주 나이스한 …<br>기본기가 탄탄 하구만 🎉🎉<br>하늘이 내려준 선물 ❤❤
숏폼,"27살인데 47살로 보이는 중국 단극 숏폼 배우, 17일 만에 30억 찍자 중국 3대 플랫폼이 동시에 달라붙었다 | 류샤오쉬",https://www.youtube.com/watch?v=gr1MOssE8M8,나도 나이 듣고 깜놀햇엇는데 ㅋㅋㅋㅋㅋ그래도 점점 젊어짐 초창기는 더 늙어보엿음 ㅋㅋ 목소리도 좋고 연기도 잘함~롱코트 입엇을때 젤 멋잇는거같음~
숏폼,"27살인데 47살로 보이는 중국 단극 숏폼 배우, 17일 만에 30억 찍자 중국 3대 플랫폼이 동시에 달라붙었다 | 류샤오쉬",https://www.youtube.com/watch?v=gr1MOssE8M8,"존잘 연기..너무 좋아함.<br>여름장미, 나는 30번은 더 본듯...<br>눈빛,몸짓,대사 모든게 좋았다.<br>이드라마로 이상형이 저우성안으로 바뀜...재력을 빼고라도 묵직하게 누르듯이 다가가는 이성이라니..<br>너무 멋진 연기 었다."
숏폼,"27살인데 47살로 보이는 중국 단극 숏폼 배우, 17일 만에 30억 찍자 중국 3대 플랫폼이 동시에 달라붙었다 | 류샤오쉬",https://www.youtube.com/watch?v=gr1MOssE8M8,진짜 이배우 40대 인줄 알았음<br>근데 자세히보면 눈가주름 팔자주름이 전혀 20대 같지않음<br>중국에서 출생신고 늦게 잘못한거 같아 ㅋㅋㅋ
숏폼,"27살인데 47살로 보이는 중국 단극 숏폼 배우, 17일 만에 30억 찍자 중국 3대 플랫폼이 동시에 달라붙었다 | 류샤오쉬",https://www.youtube.com/watch?v=gr1MOssE8M8,허세 45세 ㅎㅎ  <br>웃는  얼굴이 모두를 편안하게 해줄수 <br>있는 사람같아요
숏폼,"27살인데 47살로 보이는 중국 단극 숏폼 배우, 17일 만에 30억 찍자 중국 3대 플랫폼이 동시에 달라붙었다 | 류샤오쉬",https://www.youtube.com/watch?v=gr1MOssE8M8,1998년생인데 1988년생 같아보임
숏폼,가난한 수의사가 아내와 애인에게 살해당해 절벽 아래로 던져졌다. 천국에서 짐승을 지배하는 힘을 얻어 환생…그가 돌아왔다. 수천 마리 야수가 복수를 위해 달려간다,https://www.youtube.com/watch?v=JGcJm38WGB0,경매장에서 밖같쪽에 팔걸이에 거북이 올려두냐?<br>안쪽으로 놓지않고..<br>그러다 잃어버리면<br>우짜려고?
숏폼,가난한 수의사가 아내와 애인에게 살해당해 절벽 아래로 던져졌다. 천국에서 짐승을 지배하는 힘을 얻어 환생…그가 돌아왔다. 수천 마리 야수가 복수를 위해 달려간다,https://www.youtube.com/watch?v=JGcJm38WGB0,노조를 뭐라그러는게 아니라 강성노조 문제점 제시 굳. 반면 역이용하는 쓰레기 기업들. 모두 다 자기이익. 국가적차원은 기업이 근무자 생각하고 기업 운영
숏폼,가난한 수의사가 아내와 애인에게 살해당해 절벽 아래로 던져졌다. 천국에서 짐승을 지배하는 힘을 얻어 환생…그가 돌아왔다. 수천 마리 야수가 복수를 위해 달려간다,https://www.youtube.com/watch?v=JGcJm38WGB0,"남주 연기가 , 아님 한국어 더빙이 큰 잘못."
숏폼,가난한 수의사가 아내와 애인에게 살해당해 절벽 아래로 던져졌다. 천국에서 짐승을 지배하는 힘을 얻어 환생…그가 돌아왔다. 수천 마리 야수가 복수를 위해 달려간다,https://www.youtube.com/watch?v=JGcJm38WGB0,이채널은 끝이 왜이렇게 다 허무하냐 ..ㅡ ㅡ 똥싸다 끊고 안닦은 기분....ㅅㅂ
숏폼,가난한 수의사가 아내와 애인에게 살해당해 절벽 아래로 던져졌다. 천국에서 짐승을 지배하는 힘을 얻어 환생…그가 돌아왔다. 수천 마리 야수가 복수를 위해 달려간다,https://www.youtube.com/watch?v=JGcJm38WGB0,대사 중. 마을 빨리좀 답답함이 보여주네 .여성는 브라 와 속바지 입었네 알몸이 아니였잔아 😅😅
숏폼,"금욕 교수 × 열정 의대생, 금지된 사랑의 시작",https://www.youtube.com/watch?v=BSd-VG651fA,이거 어디서 볼수 있을까요?
숏폼,"금욕 교수 × 열정 의대생, 금지된 사랑의 시작",https://www.youtube.com/watch?v=BSd-VG651fA,안구정화의 날 뉘집아들인동 엄마는 밥안먹어도 배부르겟다압
숏폼,"금욕 교수 × 열정 의대생, 금지된 사랑의 시작",https://www.youtube.com/watch?v=BSd-VG651fA,한국노래를 와국인이 이상한 발음으로 부르는 BGM...나만 거슬리는건가.....
숏폼,"금욕 교수 × 열정 의대생, 금지된 사랑의 시작",https://www.youtube.com/watch?v=BSd-VG651fA,저 남주 저 앞머리와 앞치마가 이리 잘 어울렸었나요??? 이가 바로 앞에 완전 집착 쩌는거 보고나니 ㅎㅎㅎ
숏폼,"금욕 교수 × 열정 의대생, 금지된 사랑의 시작",https://www.youtube.com/watch?v=BSd-VG651fA,카론버전도 좋음...근데 조진동은 진짜 눈빛이 미친다...
숏폼,"금욕 교수 × 열정 의대생, 금지된 사랑의 시작",https://www.youtube.com/watch?v=BSd-VG651fA,조진동!!!!❤
숏폼,"금욕 교수 × 열정 의대생, 금지된 사랑의 시작",https://www.youtube.com/watch?v=BSd-VG651fA,남주  잘생김ㅁ😊
숏폼,"금욕 교수 × 열정 의대생, 금지된 사랑의 시작",https://www.youtube.com/watch?v=BSd-VG651fA,이 남주는 되게 선 하고 서글서글해 보여요
숏폼,"금욕 교수 × 열정 의대생, 금지된 사랑의 시작",https://www.youtube.com/watch?v=BSd-VG651fA,세상에… 올만에 청순한 조진동을 보네…. 저 입술 미쳐… 매력쟁이!
숏폼,"금욕 교수 × 열정 의대생, 금지된 사랑의 시작",https://www.youtube.com/watch?v=BSd-VG651fA,남주 웃는게 넘이쁘다
숏폼,"금욕 교수 × 열정 의대생, 금지된 사랑의 시작",https://www.youtube.com/watch?v=BSd-VG651fA,아놔- 저 목소리때매 미춰버리겠네..❤❤❤
숏폼,"금욕 교수 × 열정 의대생, 금지된 사랑의 시작",https://www.youtube.com/watch?v=BSd-VG651fA,너무 잘봤어요
숏폼,"금욕 교수 × 열정 의대생, 금지된 사랑의 시작",https://www.youtube.com/watch?v=BSd-VG651fA,세상 저런 남편은 내 주위에는 없다...ㅠ.ㅠ<br>자다 깨 조진동 너무 귀엽잖아! 까악!😊
숏폼,"금욕 교수 × 열정 의대생, 금지된 사랑의 시작",https://www.youtube.com/watch?v=BSd-VG651fA,여주 친구 예쁜데 다른거 찍은거 없나유
숏폼,"금욕 교수 × 열정 의대생, 금지된 사랑의 시작",https://www.youtube.com/watch?v=BSd-VG651fA,중국드라마는  자극적이고  막장이  많은데<br>이 작품은  성숙한 한 남성상을  보는것 같아  넘 좋아요<br>우리 아들도  저렇게 컸으면 하는 바램
숏폼,"금욕 교수 × 열정 의대생, 금지된 사랑의 시작",https://www.youtube.com/watch?v=BSd-VG651fA,조젠동배우님.너무좋아요.연기파.잘생김❤❤❤야오여주배역너무안얼린다
숏폼,"금욕 교수 × 열정 의대생, 금지된 사랑의 시작",https://www.youtube.com/watch?v=BSd-VG651fA,내 최애 웹소설 터닝포인트가 숏폼드라마로 나왔을줄이야!!!  알고리즘에 떠줘서 너무 고마워!
숏폼,"금욕 교수 × 열정 의대생, 금지된 사랑의 시작",https://www.youtube.com/watch?v=BSd-VG651fA,어우..  내 광대뼈ㅋㅋㅋ 계속 미소짓고 봤더니 얼굴경련이.. . ㅎㅎㅎㅎㅎㅎ
숏폼,"금욕 교수 × 열정 의대생, 금지된 사랑의 시작",https://www.youtube.com/watch?v=BSd-VG651fA,소설보다 내용이좋음 ㅋ 여주부모가좋은사람들이라좋네 ㅋㅋ
숏폼,"금욕 교수 × 열정 의대생, 금지된 사랑의 시작",https://www.youtube.com/watch?v=BSd-VG651fA,위룡❤양메이메이님의   버전과  같이  따뜻한데  전혀  다른  분위기네요~~~😊😊😊   둘다  좋아요~
숏폼,"금욕 교수 × 열정 의대생, 금지된 사랑의 시작",https://www.youtube.com/watch?v=BSd-VG651fA,이 배우 나온 중드 또 있음 소개해 주세여 이름이 뭐예요?
숏폼,"금욕 교수 × 열정 의대생, 금지된 사랑의 시작",https://www.youtube.com/watch?v=BSd-VG651fA,완전 하이틴로맨스<br>정일우 너무 닮았다.<br>이런 스타일 너무 좋아요❤❤
숏폼,"금욕 교수 × 열정 의대생, 금지된 사랑의 시작",https://www.youtube.com/watch?v=BSd-VG651fA,다시봐도 입가에 웃음이❤❤❤행복만땅 😊
숏폼,"금욕 교수 × 열정 의대생, 금지된 사랑의 시작",https://www.youtube.com/watch?v=BSd-VG651fA,남주 트랙스보컬+최시원이고<br>여주 아이비 닮음
숏폼,"금욕 교수 × 열정 의대생, 금지된 사랑의 시작",https://www.youtube.com/watch?v=BSd-VG651fA,와우 임병수 노랠<br>어찌알고 ~~~!!!<br>아이스크림 사랑인가?
숏폼,"금욕 교수 × 열정 의대생, 금지된 사랑의 시작",https://www.youtube.com/watch?v=BSd-VG651fA,여주 캐릭터 그닥...<br>내용 그닥...<br>진동이 조아~😊
숏폼,"금욕 교수 × 열정 의대생, 금지된 사랑의 시작",https://www.youtube.com/watch?v=BSd-VG651fA,진동이가 저눈빛으로<br>처다 보면 연기라도<br>흔들 릴거 같다~
숏폼,"금욕 교수 × 열정 의대생, 금지된 사랑의 시작",https://www.youtube.com/watch?v=BSd-VG651fA,조진동이닷. <br>너무조아~~❤<br>더빙안해서 더조아~😊
숏폼,"금욕 교수 × 열정 의대생, 금지된 사랑의 시작",https://www.youtube.com/watch?v=BSd-VG651fA,아 ㅈㄴ 안정형들.. 편안하다ㅏ
숏폼,"금욕 교수 × 열정 의대생, 금지된 사랑의 시작",https://www.youtube.com/watch?v=BSd-VG651fA,김수찬 업글버젼
숏폼,"금욕 교수 × 열정 의대생, 금지된 사랑의 시작",https://www.youtube.com/watch?v=BSd-VG651fA,주 교수 시리즈 다른 배우분들 나왔던 스토리는 여주 부모님들이 다 쓰레기여서 속상했는데 여기는 부모님들이 다 좋은분들이여서 다행이네요 ㅎㅎ
숏폼,"금욕 교수 × 열정 의대생, 금지된 사랑의 시작",https://www.youtube.com/watch?v=BSd-VG651fA,아 보는 내내 목소리 때문에 귀가 호강하네. 환장하겠다ㅜㅜ
숏폼,"금욕 교수 × 열정 의대생, 금지된 사랑의 시작",https://www.youtube.com/watch?v=BSd-VG651fA,연기의 폭이 넓은 배우  비열해보일 때는 때려주고 싶고 선해보일 때는 울거같아 달래주고 싶달까
숏폼,"금욕 교수 × 열정 의대생, 금지된 사랑의 시작",https://www.youtube.com/watch?v=BSd-VG651fA,봄바람같은<br>코스모스같은<br>무지개같은 솜사탕같은 사랑..달달하게 잘 봤어요 ❤❤❤
숏폼,"금욕 교수 × 열정 의대생, 금지된 사랑의 시작",https://www.youtube.com/watch?v=BSd-VG651fA,집에서 저 얼굴로 수업하면 집중 되겠냐구 ㅜㅜ
숏폼,"금욕 교수 × 열정 의대생, 금지된 사랑의 시작",https://www.youtube.com/watch?v=BSd-VG651fA,남동생도 잘생겼네요...여주랑 닮았어요. 남매처럼
숏폼,"금욕 교수 × 열정 의대생, 금지된 사랑의 시작",https://www.youtube.com/watch?v=BSd-VG651fA,조진동이구나 남배우 넘 달달해서 좋아요❤
숏폼,"금욕 교수 × 열정 의대생, 금지된 사랑의 시작",https://www.youtube.com/watch?v=BSd-VG651fA,조진동~~어쩔~~~왜케 멋있어~~
숏폼,"금욕 교수 × 열정 의대생, 금지된 사랑의 시작",https://www.youtube.com/watch?v=BSd-VG651fA,남주잘생겼네
숏폼,"금욕 교수 × 열정 의대생, 금지된 사랑의 시작",https://www.youtube.com/watch?v=BSd-VG651fA,중드에 뻔한 스토리가 아니어서 넘 좋다😊
숏폼,"금욕 교수 × 열정 의대생, 금지된 사랑의 시작",https://www.youtube.com/watch?v=BSd-VG651fA,여주 남매 비주얼 뭐지?? ㅋㅋㅋ 여주 이쁘다 ㅋㅋㅋ
숏폼,"금욕 교수 × 열정 의대생, 금지된 사랑의 시작",https://www.youtube.com/watch?v=BSd-VG651fA,아는 얼굴인데 왜 다른거지 했는데 ㅋㅋㅋ 머리 스타일링이 성격 반영인가보네<br><br>제발! 드라마상에서라도 도로를 걷지마
숏폼,"금욕 교수 × 열정 의대생, 금지된 사랑의 시작",https://www.youtube.com/watch?v=BSd-VG651fA,웸소설속 이야기인데 드라마로 나왔네요. 재밋게 보던 소설이었는데...
숏폼,"금욕 교수 × 열정 의대생, 금지된 사랑의 시작",https://www.youtube.com/watch?v=BSd-VG651fA,"남주, 서브남, 남동생, 남주친구까지 다 잘생김. 스토리도 재밌고 연기도 좋아서 편안하게 봤어요."
숏폼,"금욕 교수 × 열정 의대생, 금지된 사랑의 시작",https://www.youtube.com/watch?v=BSd-VG651fA,조진동 배우님 강추입니다⚘️💜⚘️💜
숏폼,"금욕 교수 × 열정 의대생, 금지된 사랑의 시작",https://www.youtube.com/watch?v=BSd-VG651fA,자오젠동 이 헤어스타일 완전 잘어울림 깐머리 말고 이런 스타일 최고닷
숏폼,"금욕 교수 × 열정 의대생, 금지된 사랑의 시작",https://www.youtube.com/watch?v=BSd-VG651fA,난 동생이 내 취향 중남인걸 ~❤ 동생 존쟐ㅋㅋ
숏폼,"금욕 교수 × 열정 의대생, 금지된 사랑의 시작",https://www.youtube.com/watch?v=BSd-VG651fA,여주 이제 나이도 있는데 저 스타일링에서 좀 벗어나지 질림 모든 면에서
숏폼,"금욕 교수 × 열정 의대생, 금지된 사랑의 시작",https://www.youtube.com/watch?v=BSd-VG651fA,좀전에 연애 쑥맥인 교수로 나온 신호남 보고 왔는데 바로 이어서 본게 순딩한 조진동이라니 ㅋㅋㅋ<br><br>[무테/금테안경/깐머리/광공]<br>덜어내고 바람머리 아닌 단정한 헤어까지 플러스 하니까 다들 속으로 소리지르고 난리난듯ㅋㅋㅋ
숏폼,"금욕 교수 × 열정 의대생, 금지된 사랑의 시작",https://www.youtube.com/watch?v=BSd-VG651fA,목소리가 넘 멋져요
숏폼,"금욕 교수 × 열정 의대생, 금지된 사랑의 시작",https://www.youtube.com/watch?v=BSd-VG651fA,더빙인가???
숏폼,"금욕 교수 × 열정 의대생, 금지된 사랑의 시작",https://www.youtube.com/watch?v=BSd-VG651fA,남주 연기도잘하고 잘생겼다
숏폼,"금욕 교수 × 열정 의대생, 금지된 사랑의 시작",https://www.youtube.com/watch?v=BSd-VG651fA,여주 동생이 잘생겼네😮
숏폼,"금욕 교수 × 열정 의대생, 금지된 사랑의 시작",https://www.youtube.com/watch?v=BSd-VG651fA,남주가 너무 멋지다~
숏폼,"금욕 교수 × 열정 의대생, 금지된 사랑의 시작",https://www.youtube.com/watch?v=BSd-VG651fA,순하게 생긴. 조진동 귀하다 ㅋ
숏폼,"금욕 교수 × 열정 의대생, 금지된 사랑의 시작",https://www.youtube.com/watch?v=BSd-VG651fA,아 맨날 집착공 조진동 보다가 달달한거 다시봐도 잼나네요... 넘이쁘구요ㅎㅎ
숏폼,"금욕 교수 × 열정 의대생, 금지된 사랑의 시작",https://www.youtube.com/watch?v=BSd-VG651fA,여주 이름 아시는분요?
숏폼,"금욕 교수 × 열정 의대생, 금지된 사랑의 시작",https://www.youtube.com/watch?v=BSd-VG651fA,조진동 앞머리 내리니 훨씬 어려보여요<br>찐사랑이네
숏폼,"금욕 교수 × 열정 의대생, 금지된 사랑의 시작",https://www.youtube.com/watch?v=BSd-VG651fA,편하게 입으라며 환자복을 벗기고 청바지를 입히다니요...
숏폼,"금욕 교수 × 열정 의대생, 금지된 사랑의 시작",https://www.youtube.com/watch?v=BSd-VG651fA,조진동 멜로눈깔 넘 좋아😂
숏폼,"금욕 교수 × 열정 의대생, 금지된 사랑의 시작",https://www.youtube.com/watch?v=BSd-VG651fA,조진동 이렇게 달달 섬세 부드러운 연기도 잘어울려요~  이런 드라마 많이 찍었음 좋겠어요~^^
숏폼,"금욕 교수 × 열정 의대생, 금지된 사랑의 시작",https://www.youtube.com/watch?v=BSd-VG651fA,잘생기고 자상하고 귀하다 저런 남편… ㅠㅡㅠ
숏폼,"금욕 교수 × 열정 의대생, 금지된 사랑의 시작",https://www.youtube.com/watch?v=BSd-VG651fA,남주 매력있고 목소리 좋고 달달 부드럽<br>블랙 화이트 왜이리도 잘어울리는고야 ㅎㅎ 내 스턀
숏폼,"금욕 교수 × 열정 의대생, 금지된 사랑의 시작",https://www.youtube.com/watch?v=BSd-VG651fA,남주 목소리 넘섹시❤
숏폼,"금욕 교수 × 열정 의대생, 금지된 사랑의 시작",https://www.youtube.com/watch?v=BSd-VG651fA,기분탓인가 남주 머리가 같은씬인데 길엇다 짧앗다 하는거 같음ㅋㅋㅋ
숏폼,"금욕 교수 × 열정 의대생, 금지된 사랑의 시작",https://www.youtube.com/watch?v=BSd-VG651fA,조진동 여기서 더 이뻐요
숏폼,"금욕 교수 × 열정 의대생, 금지된 사랑의 시작",https://www.youtube.com/watch?v=BSd-VG651fA,조진동로맨스💕💕
숏폼,"금욕 교수 × 열정 의대생, 금지된 사랑의 시작",https://www.youtube.com/watch?v=BSd-VG651fA,아~~이런남자 만나고싶다❤❤❤❤❤
숏폼,"금욕 교수 × 열정 의대생, 금지된 사랑의 시작",https://www.youtube.com/watch?v=BSd-VG651fA,미쳐따~진짜 이리 달달할수가있나❤❤❤❤
숏폼,"금욕 교수 × 열정 의대생, 금지된 사랑의 시작",https://www.youtube.com/watch?v=BSd-VG651fA,잘생겨 연기 잘해 목솔좋아 😊
숏폼,"금욕 교수 × 열정 의대생, 금지된 사랑의 시작",https://www.youtube.com/watch?v=BSd-VG651fA,조진도ㅇ이~❤❤❤❤
숏폼,"금욕 교수 × 열정 의대생, 금지된 사랑의 시작",https://www.youtube.com/watch?v=BSd-VG651fA,여주 여친구가 더 이쁘다 ㅎ
숏폼,"금욕 교수 × 열정 의대생, 금지된 사랑의 시작",https://www.youtube.com/watch?v=BSd-VG651fA,비주얼 좋고 연기 좋고 고구마없이 달달해서 재밌게 잘봤습니다😊
숏폼,"금욕 교수 × 열정 의대생, 금지된 사랑의 시작",https://www.youtube.com/watch?v=BSd-VG651fA,동생잘생김
숏폼,"금욕 교수 × 열정 의대생, 금지된 사랑의 시작",https://www.youtube.com/watch?v=BSd-VG651fA,남편과 상의없이 아이를 낙태할려는 장면보고 여자주인공캐릭터 어리고 쓰래기 인성에 그냥 나이먹으면 창녀기질이 충만해 보임. 그이상도 그 이하도 아님. 창녀는 창녀입니다.<br>아이에 대한책임을 남자에게 전가 시키고 여자는 상황이 자기에게 유리하게 돌아가니 그냥 즐기고 있음. 많은 여성이 불행한상황에서 아이를 가지고 남자가 책임져주길 바랍니다. 그냥 행복에겨워 16살임산부인줄알았어요. 무엇보다. 여주인공과 그친구의 행동들이 진짜 재수없어 보였어요. 내가 저교수였으면 수십번 혼냈을겁니다.
숏폼,"금욕 교수 × 열정 의대생, 금지된 사랑의 시작",https://www.youtube.com/watch?v=BSd-VG651fA,와씨 조진동 이번 머리 미쳣다
숏폼,"금욕 교수 × 열정 의대생, 금지된 사랑의 시작",https://www.youtube.com/watch?v=BSd-VG651fA,조진동은 역시 목소리가.. 굳..
숏폼,"금욕 교수 × 열정 의대생, 금지된 사랑의 시작",https://www.youtube.com/watch?v=BSd-VG651fA,내용은 좋은데 배경음악은메로디만 하든가 여자 노래는 귀에 거슬립니다
숏폼,"금욕 교수 × 열정 의대생, 금지된 사랑의 시작",https://www.youtube.com/watch?v=BSd-VG651fA,웹소설 내용에서 많이 벗어나지 않는 선에서 각색이 잘 된 작품이네요
숏폼,"금욕 교수 × 열정 의대생, 금지된 사랑의 시작",https://www.youtube.com/watch?v=BSd-VG651fA,머리안깐 조진동 너무 귀하다.. <br>앞으로도 이렇게 해줘요
숏폼,"금욕 교수 × 열정 의대생, 금지된 사랑의 시작",https://www.youtube.com/watch?v=BSd-VG651fA,좋아하는 남주랑 여주는 처음보는거같은데 이쁘네요<br>어우 너무 달달해서 혈당급상승하는거같네<br>남조도 자주봤는데 여기서 완전 쓰레기로나와서 안타깝네
숏폼,"금욕 교수 × 열정 의대생, 금지된 사랑의 시작",https://www.youtube.com/watch?v=BSd-VG651fA,집착광 남주 역만 보다가....ㅋ  여자도 넘 예쁜뎅ㅎㅎ
숏폼,"금욕 교수 × 열정 의대생, 금지된 사랑의 시작",https://www.youtube.com/watch?v=BSd-VG651fA,남주 눈에서 꿀이 무한 떨어짐...❤
숏폼,"금욕 교수 × 열정 의대생, 금지된 사랑의 시작",https://www.youtube.com/watch?v=BSd-VG651fA,조진동❤
숏폼,"금욕 교수 × 열정 의대생, 금지된 사랑의 시작",https://www.youtube.com/watch?v=BSd-VG651fA,달달한 이런 드라마 <br>완죤 강추  잘보고 가요😊😊😊
숏폼,"금욕 교수 × 열정 의대생, 금지된 사랑의 시작",https://www.youtube.com/watch?v=BSd-VG651fA,조진동~♡♡♡
숏폼,"금욕 교수 × 열정 의대생, 금지된 사랑의 시작",https://www.youtube.com/watch?v=BSd-VG651fA,진동이 ❤❤❤
숏폼,"금욕 교수 × 열정 의대생, 금지된 사랑의 시작",https://www.youtube.com/watch?v=BSd-VG651fA,너무 달달하다~~~연기도 좋구 정일우 느낌이 있네요 남배우
숏폼,"금욕 교수 × 열정 의대생, 금지된 사랑의 시작",https://www.youtube.com/watch?v=BSd-VG651fA,커플끼리어울리는커플이있음이커플은잘어울림
숏폼,"금욕 교수 × 열정 의대생, 금지된 사랑의 시작",https://www.youtube.com/watch?v=BSd-VG651fA,"나만 늪에 빠질 순 없다. 주제(周霁, Zhou Ji) 신지요(辛知遥, Xin Zhi Yao)<br> 1. 해부심동수책(解剖心动手册, Missing You) - 교가악(乔佳乐, Qiao Jia Le) / 전완(田园, Tian Yuan, 이전완, 李田园, Li Tian Yuan)<br> 2. 주교수,아문결혼파(周教授，我们结婚吧 , Professor Zhou Let&#39;s Get Married) - 장백운(张白云, Zhang Baiyun,카융,卡戎, Ka Rong), 공방니(龚芳妮, Gong Fang Ni)<br> 3. 타장료월광(他藏了月光) - 엽정(叶庭, Ye Ting) / 진로천(陈露茜, Chen Lu Xi)<br> 4. 소교처안일홍, 랭면교수람요흥(小娇妻眼一红，冷面教授揽腰哄, Tears of the Little Wife, Cold Professor&#39;s Sweet Embrace) - 진백교(陈柏乔, Chen Bai Qiao, 진강, 陈刚, 陳剛, Chen Gang, 陳柏喬) / 부여(付予, Fu Yu)<br> 5. 타이분춘문장하(他以焚春吻长夏) - 조진동(赵振栋, Zhao Zhen Dong) / 채탁의(蔡卓宜, Chua Zhuo Yi, Joey Chua)"
숏폼,"금욕 교수 × 열정 의대생, 금지된 사랑의 시작",https://www.youtube.com/watch?v=BSd-VG651fA,"타이분춘문장하(他以焚春吻长夏) - 조진동(赵振栋, Zhao Zhen Dong) / 채탁의(蔡卓宜, Chua Zhuo Yi, Joey Chua)<br> 주제(周霁, Zhou Ji) 신지요(辛知遥, Xin Zhi Yao)"
숏폼,"금욕 교수 × 열정 의대생, 금지된 사랑의 시작",https://www.youtube.com/watch?v=BSd-VG651fA,난 여췌역 남배. 좋아하는데 왜 이런역맡았어어어ㅠㅠㅠ
숏폼,"금욕 교수 × 열정 의대생, 금지된 사랑의 시작",https://www.youtube.com/watch?v=BSd-VG651fA,"남주가 너무 멋있고, 여주 강단있고, 재밌어요. 후회 안할듯."
숏폼,"금욕 교수 × 열정 의대생, 금지된 사랑의 시작",https://www.youtube.com/watch?v=BSd-VG651fA,주 교수 조진동 버전~
숏폼,1분만에 숏폼 14개 만들기,https://www.youtube.com/watch?v=XuyidsoKG9M,쇼츠 영상 많이 만들었는데 반응이 없길래 소셜부스터에서 구독자 무료로 제공하는 중인데 받은쇼츠 영상만 클릭률이 나오더라고요
숏폼,1분만에 숏폼 14개 만들기,https://www.youtube.com/watch?v=XuyidsoKG9M,저작권 없는 영상 찾아서 숏폼 길이로 잘라서 쓰라는거네.<br>수준이 ㅋㅋㅋ
숏폼,1분만에 숏폼 14개 만들기,https://www.youtube.com/watch?v=XuyidsoKG9M,“해외에서 난리”라는 말부터 검증이 안 보이네. 아이디어는 흥미로운데 실제 사례나 수치 없이 속도만 강조되면 신뢰는 떨어지는 듯.
숏폼,1분만에 숏폼 14개 만들기,https://www.youtube.com/watch?v=XuyidsoKG9M,릴스는 초반 속도전이 중요해서 일부러 소셜부스터로 좋아요랑 조회수를 균형 맞춰서 올려야해요 확실히 도달률이 다른게 느껴짐
숏폼,1분만에 숏폼 14개 만들기,https://www.youtube.com/watch?v=XuyidsoKG9M,구독합니다
숏폼,1분만에 숏폼 14개 만들기,https://www.youtube.com/watch?v=XuyidsoKG9M,지금 유튜버 정책 바껴서 이제 쇼츠 편집하면 수익창출 안됨...본인이 영상제작한거 아님...수익 안나오게 바꾼다고함..결국 이걸 첨해서 돈번애들이야 돈번거지..후에 온애들은 분명 프로그램 사고 돈만 날릴듯
숏폼,1분만에 숏폼 14개 만들기,https://www.youtube.com/watch?v=XuyidsoKG9M,❤❤❤
숏폼,1분만에 숏폼 14개 만들기,https://www.youtube.com/watch?v=XuyidsoKG9M,ㅋㅋㅋ이쁜 누나 영상이 어떻게 첨부터 끝까지 이렇게 다 유익하나요...구독 거의 잘 안하는데 바로 구독누릅니다
숏폼,정신 차려 보니 숏폼만 5시간 봤다? 무의식적으로 숏폼 보는 습관이 내 뇌 건강에 치명적인 이유｜즉각적인 보상에 중독된 현대인의 도파민 중독 증세｜귀하신몸｜#골라듄다큐,https://www.youtube.com/watch?v=hxJJJajBVFU,나중에 볼 동영상
숏폼,정신 차려 보니 숏폼만 5시간 봤다? 무의식적으로 숏폼 보는 습관이 내 뇌 건강에 치명적인 이유｜즉각적인 보상에 중독된 현대인의 도파민 중독 증세｜귀하신몸｜#골라듄다큐,https://www.youtube.com/watch?v=hxJJJajBVFU,아니 진짜 짜증나네 영상 왜이렇게 기냐. 그래서 뭐. 해결책이 뭔데?
숏폼,정신 차려 보니 숏폼만 5시간 봤다? 무의식적으로 숏폼 보는 습관이 내 뇌 건강에 치명적인 이유｜즉각적인 보상에 중독된 현대인의 도파민 중독 증세｜귀하신몸｜#골라듄다큐,https://www.youtube.com/watch?v=hxJJJajBVFU,이제 숏폼줄이고 롱폼으로😂
숏폼,정신 차려 보니 숏폼만 5시간 봤다? 무의식적으로 숏폼 보는 습관이 내 뇌 건강에 치명적인 이유｜즉각적인 보상에 중독된 현대인의 도파민 중독 증세｜귀하신몸｜#골라듄다큐,https://www.youtube.com/watch?v=hxJJJajBVFU,ㅋㅋㅋ 결론은 여기나온ㄴ들 다 지능 낮다는거노ㅋㅋ
숏폼,정신 차려 보니 숏폼만 5시간 봤다? 무의식적으로 숏폼 보는 습관이 내 뇌 건강에 치명적인 이유｜즉각적인 보상에 중독된 현대인의 도파민 중독 증세｜귀하신몸｜#골라듄다큐,https://www.youtube.com/watch?v=hxJJJajBVFU,요약 : 스마트폰 사용을 불편하게 만들어 사용시간 줄이는법
숏폼,정신 차려 보니 숏폼만 5시간 봤다? 무의식적으로 숏폼 보는 습관이 내 뇌 건강에 치명적인 이유｜즉각적인 보상에 중독된 현대인의 도파민 중독 증세｜귀하신몸｜#골라듄다큐,https://www.youtube.com/watch?v=hxJJJajBVFU,숏츠보다 공부하려몀 잠옴..
숏폼,정신 차려 보니 숏폼만 5시간 봤다? 무의식적으로 숏폼 보는 습관이 내 뇌 건강에 치명적인 이유｜즉각적인 보상에 중독된 현대인의 도파민 중독 증세｜귀하신몸｜#골라듄다큐,https://www.youtube.com/watch?v=hxJJJajBVFU,아날로그가 결코 재미 없는 것들이 아니죠 운동을 하든 악기를 연주하든 갈수록 실력이 붙는 걸 느껴가며 성장하는 재미가 있는데 즉각적인 재미만 추구하니 이제는 아날로그가 재미 없게 느껴지는 상황이 안타깝게 느껴집니다 반성하고 아날로그의 재미를 찾아야 겠어요
숏폼,정신 차려 보니 숏폼만 5시간 봤다? 무의식적으로 숏폼 보는 습관이 내 뇌 건강에 치명적인 이유｜즉각적인 보상에 중독된 현대인의 도파민 중독 증세｜귀하신몸｜#골라듄다큐,https://www.youtube.com/watch?v=hxJJJajBVFU,"8분까지 봤는데, &#39;이거 완전 나잖아&#39;라는 생각이 드네요.<br>대학 공강이라서 졸업과제 해야하는데, 자료 찾다가 쇼츠만 2시간 보고 문제 있다고 생각해서<br>해결법 찾으려고 영상을 보러 왔는데, 쇼츠 중독이랑 음식 중독 모두 가진 것 같아요..<br>음식 중독은 심지어 밥을 배불리 먹고 나서도 자꾸 배달앱 켜서 보게 되고 결국엔 시키게 되네요<br>아직 학생이라 용돈 받으면서 살고 있는데, 음식 중독이 진짜 심각하게 위험해요<br>비싼 배달음식을 거의 매일 시키게 되니까, 돈이 있을 때 계속 시켜서 월 중순이나 말 즈음에는 통장이 비어서, 자산 관리도 안 되고, 살만 찌게 되네요<br><br>댓글쓰다가 설명란도 보니까 카페인 중독도 있는거 같은데, 저도 카페인 계속 마시거든요.. 에너지드링크 하루에 2캔 씩은 계속 마시고, 돈 없어서 못 살때는 기운 빠져서 하루종일 멍하게 살고 있는데,<br>병원 한 번 다녀와 보는 게 좋겠죠.,?"
숏폼,정신 차려 보니 숏폼만 5시간 봤다? 무의식적으로 숏폼 보는 습관이 내 뇌 건강에 치명적인 이유｜즉각적인 보상에 중독된 현대인의 도파민 중독 증세｜귀하신몸｜#골라듄다큐,https://www.youtube.com/watch?v=hxJJJajBVFU,"<a href=""https://www.youtube.com/watch?v=hxJJJajBVFU&amp;t=895"">14:55</a>"
숏폼,정신 차려 보니 숏폼만 5시간 봤다? 무의식적으로 숏폼 보는 습관이 내 뇌 건강에 치명적인 이유｜즉각적인 보상에 중독된 현대인의 도파민 중독 증세｜귀하신몸｜#골라듄다큐,https://www.youtube.com/watch?v=hxJJJajBVFU,책 읽기가 너무 힘들다....
숏폼,정신 차려 보니 숏폼만 5시간 봤다? 무의식적으로 숏폼 보는 습관이 내 뇌 건강에 치명적인 이유｜즉각적인 보상에 중독된 현대인의 도파민 중독 증세｜귀하신몸｜#골라듄다큐,https://www.youtube.com/watch?v=hxJJJajBVFU,"<a href=""https://www.youtube.com/watch?v=hxJJJajBVFU&amp;t=859"">14:19</a> 계획관리법<br><a href=""https://www.youtube.com/watch?v=hxJJJajBVFU&amp;t=1364"">22:44</a> 중독별 솔루션"
숏폼,정신 차려 보니 숏폼만 5시간 봤다? 무의식적으로 숏폼 보는 습관이 내 뇌 건강에 치명적인 이유｜즉각적인 보상에 중독된 현대인의 도파민 중독 증세｜귀하신몸｜#골라듄다큐,https://www.youtube.com/watch?v=hxJJJajBVFU,전재문 나경님 유튜버에서 본 분인가...? ㅋㅋㅋㅋㅋㅋ 아닌가 엄청 닮았는데 또 찾아보는건 귀찮다....
숏폼,정신 차려 보니 숏폼만 5시간 봤다? 무의식적으로 숏폼 보는 습관이 내 뇌 건강에 치명적인 이유｜즉각적인 보상에 중독된 현대인의 도파민 중독 증세｜귀하신몸｜#골라듄다큐,https://www.youtube.com/watch?v=hxJJJajBVFU,인생 ㅈ됐으면 개추
숏폼,정신 차려 보니 숏폼만 5시간 봤다? 무의식적으로 숏폼 보는 습관이 내 뇌 건강에 치명적인 이유｜즉각적인 보상에 중독된 현대인의 도파민 중독 증세｜귀하신몸｜#골라듄다큐,https://www.youtube.com/watch?v=hxJJJajBVFU,"숏폼중독+식욕 둘 다 제 얘기네요 ㅠㅠ 하아,,,,,,,"
숏폼,정신 차려 보니 숏폼만 5시간 봤다? 무의식적으로 숏폼 보는 습관이 내 뇌 건강에 치명적인 이유｜즉각적인 보상에 중독된 현대인의 도파민 중독 증세｜귀하신몸｜#골라듄다큐,https://www.youtube.com/watch?v=hxJJJajBVFU,요약해주실분
숏폼,정신 차려 보니 숏폼만 5시간 봤다? 무의식적으로 숏폼 보는 습관이 내 뇌 건강에 치명적인 이유｜즉각적인 보상에 중독된 현대인의 도파민 중독 증세｜귀하신몸｜#골라듄다큐,https://www.youtube.com/watch?v=hxJJJajBVFU,"2배속하고 댓글창 바로 켬,… 릴스도 왼쪽꾹눌러서 2배속 ㅠ 멍청해지는거같다"
숏폼,정신 차려 보니 숏폼만 5시간 봤다? 무의식적으로 숏폼 보는 습관이 내 뇌 건강에 치명적인 이유｜즉각적인 보상에 중독된 현대인의 도파민 중독 증세｜귀하신몸｜#골라듄다큐,https://www.youtube.com/watch?v=hxJJJajBVFU,누가요약글좀올려주세요 ㅠㅠㅠㅠㅠㅠ
숏폼,정신 차려 보니 숏폼만 5시간 봤다? 무의식적으로 숏폼 보는 습관이 내 뇌 건강에 치명적인 이유｜즉각적인 보상에 중독된 현대인의 도파민 중독 증세｜귀하신몸｜#골라듄다큐,https://www.youtube.com/watch?v=hxJJJajBVFU,"<a href=""https://www.youtube.com/watch?v=hxJJJajBVFU&amp;t=125"">2:05</a>  보다 길어서 지루해서 나갈게여ㅜ"
숏폼,정신 차려 보니 숏폼만 5시간 봤다? 무의식적으로 숏폼 보는 습관이 내 뇌 건강에 치명적인 이유｜즉각적인 보상에 중독된 현대인의 도파민 중독 증세｜귀하신몸｜#골라듄다큐,https://www.youtube.com/watch?v=hxJJJajBVFU,"<a href=""https://www.youtube.com/watch?v=hxJJJajBVFU&amp;t=983"">16:23</a>"
숏폼,정신 차려 보니 숏폼만 5시간 봤다? 무의식적으로 숏폼 보는 습관이 내 뇌 건강에 치명적인 이유｜즉각적인 보상에 중독된 현대인의 도파민 중독 증세｜귀하신몸｜#골라듄다큐,https://www.youtube.com/watch?v=hxJJJajBVFU,도파민은 열정이구나
숏폼,정신 차려 보니 숏폼만 5시간 봤다? 무의식적으로 숏폼 보는 습관이 내 뇌 건강에 치명적인 이유｜즉각적인 보상에 중독된 현대인의 도파민 중독 증세｜귀하신몸｜#골라듄다큐,https://www.youtube.com/watch?v=hxJJJajBVFU,일단 2배속으로 보자<br>등장하는 세분의 중독 나는 전부 다 중독인데 ?
숏폼,정신 차려 보니 숏폼만 5시간 봤다? 무의식적으로 숏폼 보는 습관이 내 뇌 건강에 치명적인 이유｜즉각적인 보상에 중독된 현대인의 도파민 중독 증세｜귀하신몸｜#골라듄다큐,https://www.youtube.com/watch?v=hxJJJajBVFU,너무 충격이다. 내가 무의식적으로 느꼈던것들이 실제로 일어나고 있는 일들이었다. 이제는 정말 달라져야한다
숏폼,정신 차려 보니 숏폼만 5시간 봤다? 무의식적으로 숏폼 보는 습관이 내 뇌 건강에 치명적인 이유｜즉각적인 보상에 중독된 현대인의 도파민 중독 증세｜귀하신몸｜#골라듄다큐,https://www.youtube.com/watch?v=hxJJJajBVFU,"<a href=""https://www.youtube.com/watch?v=hxJJJajBVFU&amp;t=1178"">19:38</a> 전과자"
숏폼,정신 차려 보니 숏폼만 5시간 봤다? 무의식적으로 숏폼 보는 습관이 내 뇌 건강에 치명적인 이유｜즉각적인 보상에 중독된 현대인의 도파민 중독 증세｜귀하신몸｜#골라듄다큐,https://www.youtube.com/watch?v=hxJJJajBVFU,숏폼 릴스 본뒤로 하나 변한게 있음. 영상 속도 두배로 보기를 나도 모르는 사이에 하고 있음. 옛날엔 2 3시간짜리 영상도 진득하게 볼 수 있었는데...
숏폼,정신 차려 보니 숏폼만 5시간 봤다? 무의식적으로 숏폼 보는 습관이 내 뇌 건강에 치명적인 이유｜즉각적인 보상에 중독된 현대인의 도파민 중독 증세｜귀하신몸｜#골라듄다큐,https://www.youtube.com/watch?v=hxJJJajBVFU,아..<br>나도모르게 누군가 요약해주지 않았을까? 하면서 댓글 뒤져보고있었음ㅠㅠ
숏폼,정신 차려 보니 숏폼만 5시간 봤다? 무의식적으로 숏폼 보는 습관이 내 뇌 건강에 치명적인 이유｜즉각적인 보상에 중독된 현대인의 도파민 중독 증세｜귀하신몸｜#골라듄다큐,https://www.youtube.com/watch?v=hxJJJajBVFU,"숏폼 중독에 걱정이 있었는데 알고리즘에 이렇게 뜨네요<br>작업을 하거나 게임을 할때 영상을 틀어두고 들으면서 숏폼, 롱폼 상관없이 듣다보니 이 부분을 해결하고싶으면서 작업하며 너무 지루하니<br>계속 제자리네요. 좋은 영상 감사합니다."
숏폼,정신 차려 보니 숏폼만 5시간 봤다? 무의식적으로 숏폼 보는 습관이 내 뇌 건강에 치명적인 이유｜즉각적인 보상에 중독된 현대인의 도파민 중독 증세｜귀하신몸｜#골라듄다큐,https://www.youtube.com/watch?v=hxJJJajBVFU,그래요 제발좀 숏츠좀 줄이게해줘요
숏폼,정신 차려 보니 숏폼만 5시간 봤다? 무의식적으로 숏폼 보는 습관이 내 뇌 건강에 치명적인 이유｜즉각적인 보상에 중독된 현대인의 도파민 중독 증세｜귀하신몸｜#골라듄다큐,https://www.youtube.com/watch?v=hxJJJajBVFU,이거 보고나서 또 게임하고싶어짐
숏폼,정신 차려 보니 숏폼만 5시간 봤다? 무의식적으로 숏폼 보는 습관이 내 뇌 건강에 치명적인 이유｜즉각적인 보상에 중독된 현대인의 도파민 중독 증세｜귀하신몸｜#골라듄다큐,https://www.youtube.com/watch?v=hxJJJajBVFU,"요즘 스스로도 너무 심각하다 생각해서 이 영상 제목을 보고 들어왔는데<br>10분쯤 지났을때 이 영상은 서브모니터에 있고, 메인모니터에는 게임 자동사냥 돌리고있고, 폰으로 웹소설보고, 태블릿으론 노래틀어놓고 있는걸 깨달았어요<br>스스로가 부끄러운데 노력해보겠습니다 ㅠㅠ"
숏폼,정신 차려 보니 숏폼만 5시간 봤다? 무의식적으로 숏폼 보는 습관이 내 뇌 건강에 치명적인 이유｜즉각적인 보상에 중독된 현대인의 도파민 중독 증세｜귀하신몸｜#골라듄다큐,https://www.youtube.com/watch?v=hxJJJajBVFU,30초짜리들 62개 없나?
숏폼,정신 차려 보니 숏폼만 5시간 봤다? 무의식적으로 숏폼 보는 습관이 내 뇌 건강에 치명적인 이유｜즉각적인 보상에 중독된 현대인의 도파민 중독 증세｜귀하신몸｜#골라듄다큐,https://www.youtube.com/watch?v=hxJJJajBVFU,"<a href=""https://www.youtube.com/watch?v=hxJJJajBVFU&amp;t=1248"">20:48</a> 숏폼중독자들은 이것만 보면 됨"
숏폼,정신 차려 보니 숏폼만 5시간 봤다? 무의식적으로 숏폼 보는 습관이 내 뇌 건강에 치명적인 이유｜즉각적인 보상에 중독된 현대인의 도파민 중독 증세｜귀하신몸｜#골라듄다큐,https://www.youtube.com/watch?v=hxJJJajBVFU,짬뽕이랑 탕수육먹으면서 보니까 현타오네
숏폼,정신 차려 보니 숏폼만 5시간 봤다? 무의식적으로 숏폼 보는 습관이 내 뇌 건강에 치명적인 이유｜즉각적인 보상에 중독된 현대인의 도파민 중독 증세｜귀하신몸｜#골라듄다큐,https://www.youtube.com/watch?v=hxJJJajBVFU,"1분영상도 스킵하는디,,,,ㅋㅋㅋ"
숏폼,정신 차려 보니 숏폼만 5시간 봤다? 무의식적으로 숏폼 보는 습관이 내 뇌 건강에 치명적인 이유｜즉각적인 보상에 중독된 현대인의 도파민 중독 증세｜귀하신몸｜#골라듄다큐,https://www.youtube.com/watch?v=hxJJJajBVFU,나오늘 숏츠8시간연속으로봄
숏폼,정신 차려 보니 숏폼만 5시간 봤다? 무의식적으로 숏폼 보는 습관이 내 뇌 건강에 치명적인 이유｜즉각적인 보상에 중독된 현대인의 도파민 중독 증세｜귀하신몸｜#골라듄다큐,https://www.youtube.com/watch?v=hxJJJajBVFU,하..쇼츠로 제작해주세요
숏폼,정신 차려 보니 숏폼만 5시간 봤다? 무의식적으로 숏폼 보는 습관이 내 뇌 건강에 치명적인 이유｜즉각적인 보상에 중독된 현대인의 도파민 중독 증세｜귀하신몸｜#골라듄다큐,https://www.youtube.com/watch?v=hxJJJajBVFU,쉬었음 x<br>보았음 o
숏폼,정신 차려 보니 숏폼만 5시간 봤다? 무의식적으로 숏폼 보는 습관이 내 뇌 건강에 치명적인 이유｜즉각적인 보상에 중독된 현대인의 도파민 중독 증세｜귀하신몸｜#골라듄다큐,https://www.youtube.com/watch?v=hxJJJajBVFU,이걸 보겠냐? 숏폼 중독자들 숨 넘어 간다
숏폼,정신 차려 보니 숏폼만 5시간 봤다? 무의식적으로 숏폼 보는 습관이 내 뇌 건강에 치명적인 이유｜즉각적인 보상에 중독된 현대인의 도파민 중독 증세｜귀하신몸｜#골라듄다큐,https://www.youtube.com/watch?v=hxJJJajBVFU,퇴사하고 숏폼만 9시간 정도 보다가<br>영상 봅니다. 그만 봐야 겠어요
숏폼,정신 차려 보니 숏폼만 5시간 봤다? 무의식적으로 숏폼 보는 습관이 내 뇌 건강에 치명적인 이유｜즉각적인 보상에 중독된 현대인의 도파민 중독 증세｜귀하신몸｜#골라듄다큐,https://www.youtube.com/watch?v=hxJJJajBVFU,1년동안 본 사람이 170만명… 그만큼 심각하단거겠지 너무 흔해서 고칠생각없었느데 정신 번쩍 드는군아///
숏폼,정신 차려 보니 숏폼만 5시간 봤다? 무의식적으로 숏폼 보는 습관이 내 뇌 건강에 치명적인 이유｜즉각적인 보상에 중독된 현대인의 도파민 중독 증세｜귀하신몸｜#골라듄다큐,https://www.youtube.com/watch?v=hxJJJajBVFU,ㅋㅋㅋ 이영상도 2배속으로 보고 패드로 틀어놓고 폰으로 딴거함 ㅋㅋㅋ<br>그리고 댓글 읽음 ㅋㅋ
숏폼,정신 차려 보니 숏폼만 5시간 봤다? 무의식적으로 숏폼 보는 습관이 내 뇌 건강에 치명적인 이유｜즉각적인 보상에 중독된 현대인의 도파민 중독 증세｜귀하신몸｜#골라듄다큐,https://www.youtube.com/watch?v=hxJJJajBVFU,흑백모드 확실히 효과있네요! 공부하러 갑니다!! 드디어 ㅜㅜㅜ 1월부터 재수공부 시작하려고 마음먹었는데 12월 좀 놀았다고 마음이 안 다잡아지더라고요 ㅠㅜ  더 높은 곳을 향해 갈 수 있길…
숏폼,정신 차려 보니 숏폼만 5시간 봤다? 무의식적으로 숏폼 보는 습관이 내 뇌 건강에 치명적인 이유｜즉각적인 보상에 중독된 현대인의 도파민 중독 증세｜귀하신몸｜#골라듄다큐,https://www.youtube.com/watch?v=hxJJJajBVFU,31분 영상 못본다는걸 알기에 바로 노트북 LM인지 뭔지 요약시키러 간다
숏폼,정신 차려 보니 숏폼만 5시간 봤다? 무의식적으로 숏폼 보는 습관이 내 뇌 건강에 치명적인 이유｜즉각적인 보상에 중독된 현대인의 도파민 중독 증세｜귀하신몸｜#골라듄다큐,https://www.youtube.com/watch?v=hxJJJajBVFU,그래서어쩌라는거임?
숏폼,정신 차려 보니 숏폼만 5시간 봤다? 무의식적으로 숏폼 보는 습관이 내 뇌 건강에 치명적인 이유｜즉각적인 보상에 중독된 현대인의 도파민 중독 증세｜귀하신몸｜#골라듄다큐,https://www.youtube.com/watch?v=hxJJJajBVFU,"그럼 난 일 중독인가,,,,,,,,,,,"
숏폼,정신 차려 보니 숏폼만 5시간 봤다? 무의식적으로 숏폼 보는 습관이 내 뇌 건강에 치명적인 이유｜즉각적인 보상에 중독된 현대인의 도파민 중독 증세｜귀하신몸｜#골라듄다큐,https://www.youtube.com/watch?v=hxJJJajBVFU,2배속 보신 분
숏폼,정신 차려 보니 숏폼만 5시간 봤다? 무의식적으로 숏폼 보는 습관이 내 뇌 건강에 치명적인 이유｜즉각적인 보상에 중독된 현대인의 도파민 중독 증세｜귀하신몸｜#골라듄다큐,https://www.youtube.com/watch?v=hxJJJajBVFU,요즘은 쉬는게 뜻깊은 일인듯 ❤
숏폼,정신 차려 보니 숏폼만 5시간 봤다? 무의식적으로 숏폼 보는 습관이 내 뇌 건강에 치명적인 이유｜즉각적인 보상에 중독된 현대인의 도파민 중독 증세｜귀하신몸｜#골라듄다큐,https://www.youtube.com/watch?v=hxJJJajBVFU,그냥..그냥.. 이대로살면안되나요? 🚰·̫🚰 으아아아아아아아아앙
숏폼,정신 차려 보니 숏폼만 5시간 봤다? 무의식적으로 숏폼 보는 습관이 내 뇌 건강에 치명적인 이유｜즉각적인 보상에 중독된 현대인의 도파민 중독 증세｜귀하신몸｜#골라듄다큐,https://www.youtube.com/watch?v=hxJJJajBVFU,&#39;나중에 볼 동영상&#39;
숏폼,정신 차려 보니 숏폼만 5시간 봤다? 무의식적으로 숏폼 보는 습관이 내 뇌 건강에 치명적인 이유｜즉각적인 보상에 중독된 현대인의 도파민 중독 증세｜귀하신몸｜#골라듄다큐,https://www.youtube.com/watch?v=hxJJJajBVFU,숏폼에 중독된걸 고치려고 31분을 볼수있는 인내심이면 중독이 안된걸지도 몰라...
숏폼,정신 차려 보니 숏폼만 5시간 봤다? 무의식적으로 숏폼 보는 습관이 내 뇌 건강에 치명적인 이유｜즉각적인 보상에 중독된 현대인의 도파민 중독 증세｜귀하신몸｜#골라듄다큐,https://www.youtube.com/watch?v=hxJJJajBVFU,예전 노동집약적 일을 많이 하셨던 윗 세대분들은 체력이 좋고 술 마셔도 배 안나온 분들도 많았는데 <br> 2000년대 이후부터는 일부러 운동하지 않으면 체력 거지에 뱃살 나온 몸매가 아주 많아졌죠<br><br>그와 비슷하게  인스턴트 짧은 동영상들을 많이 보게 되면서부터 머리를 안쓰는 요인이 되서 우리 정신을 병들게 하는 것 같다<br>나 또한 우울할 때나 심심할 땐 이만한 게 없으니 자꾸 보게 되고 전체적으로 머리가 나빠지고 능력치가 떨어진 느낌이 든다..<br><br>나는 어른이니 그러려니 하지만 자라나는 어린이 청소년들이 많이 걱정된다 <br>자라나는 아이들의 뇌에 많은 악영향을 끼칠 것 같아서 더 적극적인 규제정책? 같은게 생겨났으면 좋겠다..
숏폼,정신 차려 보니 숏폼만 5시간 봤다? 무의식적으로 숏폼 보는 습관이 내 뇌 건강에 치명적인 이유｜즉각적인 보상에 중독된 현대인의 도파민 중독 증세｜귀하신몸｜#골라듄다큐,https://www.youtube.com/watch?v=hxJJJajBVFU,이 영상을 쇼츠로 만들어 주셔야 보는데요ㅠㅠ
숏폼,정신 차려 보니 숏폼만 5시간 봤다? 무의식적으로 숏폼 보는 습관이 내 뇌 건강에 치명적인 이유｜즉각적인 보상에 중독된 현대인의 도파민 중독 증세｜귀하신몸｜#골라듄다큐,https://www.youtube.com/watch?v=hxJJJajBVFU,쉴때 공폰 하나켜서 영상보면서 내폰으로 겜하거나 쇼핑함. 휴대폰하나로 모자람. 티비켜놓고 하면 모니터 3개인거임. 이렇게 하지 않으면 쉰거 같지 않아서 잠이 안옴
숏폼,정신 차려 보니 숏폼만 5시간 봤다? 무의식적으로 숏폼 보는 습관이 내 뇌 건강에 치명적인 이유｜즉각적인 보상에 중독된 현대인의 도파민 중독 증세｜귀하신몸｜#골라듄다큐,https://www.youtube.com/watch?v=hxJJJajBVFU,ㅜ나는 3개다인데 어떻게하지
숏폼,정신 차려 보니 숏폼만 5시간 봤다? 무의식적으로 숏폼 보는 습관이 내 뇌 건강에 치명적인 이유｜즉각적인 보상에 중독된 현대인의 도파민 중독 증세｜귀하신몸｜#골라듄다큐,https://www.youtube.com/watch?v=hxJJJajBVFU,스마트폰 감옥 주문했습니다....!! 이런 게 뭐가 필요해 했는데 퇴근하고 무너지면 6시간씩 하는 모습을 보고 퇴근 후 강제 잠금으로 도전해보려고 합니다
숏폼,정신 차려 보니 숏폼만 5시간 봤다? 무의식적으로 숏폼 보는 습관이 내 뇌 건강에 치명적인 이유｜즉각적인 보상에 중독된 현대인의 도파민 중독 증세｜귀하신몸｜#골라듄다큐,https://www.youtube.com/watch?v=hxJJJajBVFU,나는 숏폼은 아니고 트위터 중독자인데... 불확실 확률은 아니고 걍... 미친 회피를 한다고...<br>근데 또 댓글 보니까 회피를 숏폼으로 하는 사람들도 많은 거 가틈... 에휴;
숏폼,정신 차려 보니 숏폼만 5시간 봤다? 무의식적으로 숏폼 보는 습관이 내 뇌 건강에 치명적인 이유｜즉각적인 보상에 중독된 현대인의 도파민 중독 증세｜귀하신몸｜#골라듄다큐,https://www.youtube.com/watch?v=hxJJJajBVFU,정녕 내가 바라고 원하고 기대하는 것은 무엇일까.
숏폼,정신 차려 보니 숏폼만 5시간 봤다? 무의식적으로 숏폼 보는 습관이 내 뇌 건강에 치명적인 이유｜즉각적인 보상에 중독된 현대인의 도파민 중독 증세｜귀하신몸｜#골라듄다큐,https://www.youtube.com/watch?v=hxJJJajBVFU,숏폼을 끊어야하는데 이걸 휴대폰으로 보고있는나는
숏폼,정신 차려 보니 숏폼만 5시간 봤다? 무의식적으로 숏폼 보는 습관이 내 뇌 건강에 치명적인 이유｜즉각적인 보상에 중독된 현대인의 도파민 중독 증세｜귀하신몸｜#골라듄다큐,https://www.youtube.com/watch?v=hxJJJajBVFU,"<a href=""https://www.youtube.com/watch?v=hxJJJajBVFU&amp;t=860"">14:20</a>"
숏폼,정신 차려 보니 숏폼만 5시간 봤다? 무의식적으로 숏폼 보는 습관이 내 뇌 건강에 치명적인 이유｜즉각적인 보상에 중독된 현대인의 도파민 중독 증세｜귀하신몸｜#골라듄다큐,https://www.youtube.com/watch?v=hxJJJajBVFU,바로 2배속으로 보기.. ㅋㅋㅋ
숏폼,정신 차려 보니 숏폼만 5시간 봤다? 무의식적으로 숏폼 보는 습관이 내 뇌 건강에 치명적인 이유｜즉각적인 보상에 중독된 현대인의 도파민 중독 증세｜귀하신몸｜#골라듄다큐,https://www.youtube.com/watch?v=hxJJJajBVFU,이 마저도 2배속으로 보는 중...
숏폼,정신 차려 보니 숏폼만 5시간 봤다? 무의식적으로 숏폼 보는 습관이 내 뇌 건강에 치명적인 이유｜즉각적인 보상에 중독된 현대인의 도파민 중독 증세｜귀하신몸｜#골라듄다큐,https://www.youtube.com/watch?v=hxJJJajBVFU,이건 숏폼 중독된 사람이면 절대 못봄. 31분은
숏폼,정신 차려 보니 숏폼만 5시간 봤다? 무의식적으로 숏폼 보는 습관이 내 뇌 건강에 치명적인 이유｜즉각적인 보상에 중독된 현대인의 도파민 중독 증세｜귀하신몸｜#골라듄다큐,https://www.youtube.com/watch?v=hxJJJajBVFU,음식중독인데 양치하라구요<br>저는 먹고 또 하면 되지하고<br>또먹는데<br>ADHD 테스트하고싶은데<br>비싸죠?
숏폼,정신 차려 보니 숏폼만 5시간 봤다? 무의식적으로 숏폼 보는 습관이 내 뇌 건강에 치명적인 이유｜즉각적인 보상에 중독된 현대인의 도파민 중독 증세｜귀하신몸｜#골라듄다큐,https://www.youtube.com/watch?v=hxJJJajBVFU,수신료의 가치 ~~~~
숏폼,정신 차려 보니 숏폼만 5시간 봤다? 무의식적으로 숏폼 보는 습관이 내 뇌 건강에 치명적인 이유｜즉각적인 보상에 중독된 현대인의 도파민 중독 증세｜귀하신몸｜#골라듄다큐,https://www.youtube.com/watch?v=hxJJJajBVFU,스마트폰 흑백버전으로 바꾸는 건 좋네용
숏폼,정신 차려 보니 숏폼만 5시간 봤다? 무의식적으로 숏폼 보는 습관이 내 뇌 건강에 치명적인 이유｜즉각적인 보상에 중독된 현대인의 도파민 중독 증세｜귀하신몸｜#골라듄다큐,https://www.youtube.com/watch?v=hxJJJajBVFU,근데 저도 나이를 먹은건지 숏폼은 재미가 없더라고요<br>컨텐츠 보더라도 영상 하나에 최소 1시간 이상은 되야 양이 맞다 생각하고 요약본 10분 20분짜리는 재미는 있는데 너무 짧게 느껴지고<br>근데 생각보다 숏폼이 위험하긴 하네요 보는게 아니라 별 생각 없었는데
숏폼,정신 차려 보니 숏폼만 5시간 봤다? 무의식적으로 숏폼 보는 습관이 내 뇌 건강에 치명적인 이유｜즉각적인 보상에 중독된 현대인의 도파민 중독 증세｜귀하신몸｜#골라듄다큐,https://www.youtube.com/watch?v=hxJJJajBVFU,3개 다해야 되네 ㅜㅜ
숏폼,정신 차려 보니 숏폼만 5시간 봤다? 무의식적으로 숏폼 보는 습관이 내 뇌 건강에 치명적인 이유｜즉각적인 보상에 중독된 현대인의 도파민 중독 증세｜귀하신몸｜#골라듄다큐,https://www.youtube.com/watch?v=hxJJJajBVFU,방학동안 확통 기하 적분 끝내야 하는데 며칠 째 미루는 중 스마트폰이 적이다…
숏폼,정신 차려 보니 숏폼만 5시간 봤다? 무의식적으로 숏폼 보는 습관이 내 뇌 건강에 치명적인 이유｜즉각적인 보상에 중독된 현대인의 도파민 중독 증세｜귀하신몸｜#골라듄다큐,https://www.youtube.com/watch?v=hxJJJajBVFU,이 영상 한 3개월 전부터 내 알고리즘에 계속 떴는데 오 3주면 고칠 수 있구나 라는 마인드가 돼서 더 맘편하게 숏츠 봄
숏폼,정신 차려 보니 숏폼만 5시간 봤다? 무의식적으로 숏폼 보는 습관이 내 뇌 건강에 치명적인 이유｜즉각적인 보상에 중독된 현대인의 도파민 중독 증세｜귀하신몸｜#골라듄다큐,https://www.youtube.com/watch?v=hxJJJajBVFU,진짜 이 영상 몇번이나 도전했는데 한번도 끝까지 본 적이 없음
숏폼,정신 차려 보니 숏폼만 5시간 봤다? 무의식적으로 숏폼 보는 습관이 내 뇌 건강에 치명적인 이유｜즉각적인 보상에 중독된 현대인의 도파민 중독 증세｜귀하신몸｜#골라듄다큐,https://www.youtube.com/watch?v=hxJJJajBVFU,휴대폰없는 세상으로 다시갔으면
숏폼,정신 차려 보니 숏폼만 5시간 봤다? 무의식적으로 숏폼 보는 습관이 내 뇌 건강에 치명적인 이유｜즉각적인 보상에 중독된 현대인의 도파민 중독 증세｜귀하신몸｜#골라듄다큐,https://www.youtube.com/watch?v=hxJJJajBVFU,"잘봤습니다 유년기에 adhd 증상이 전혀 없었는데, 요즘 정말 빼도박도 못하는 전형적인 adhd 증상에 시달리고 있어서<br>조만간 정신과를 가야되나 반년넘게 고민하고 있었는데요<br>어렸을때부터 중독될수있는 모든걸 좋아했어요. <br>우선 숏폼부터 도전해보겠습니다"
숏폼,정신 차려 보니 숏폼만 5시간 봤다? 무의식적으로 숏폼 보는 습관이 내 뇌 건강에 치명적인 이유｜즉각적인 보상에 중독된 현대인의 도파민 중독 증세｜귀하신몸｜#골라듄다큐,https://www.youtube.com/watch?v=hxJJJajBVFU,핸드폰을 2g폰으로 바꾸고 싶은데 회사 카톡부터 어케하면 안되너
숏폼,정신 차려 보니 숏폼만 5시간 봤다? 무의식적으로 숏폼 보는 습관이 내 뇌 건강에 치명적인 이유｜즉각적인 보상에 중독된 현대인의 도파민 중독 증세｜귀하신몸｜#골라듄다큐,https://www.youtube.com/watch?v=hxJJJajBVFU,"이 제목 클릭하는 사람은 앉아서, 누워서 이 긴영상 다 못봄..<br>나도 티비로 켜놓고 딴짓하면서 봄<br>그래서 내용이 절반 밖에 기억이 안나는게 함정이지만 (이러고 쇼츠 2개 더 봄,, )<br>그래도 안 보는거 보다는 낫자나?"
숏폼,정신 차려 보니 숏폼만 5시간 봤다? 무의식적으로 숏폼 보는 습관이 내 뇌 건강에 치명적인 이유｜즉각적인 보상에 중독된 현대인의 도파민 중독 증세｜귀하신몸｜#골라듄다큐,https://www.youtube.com/watch?v=hxJJJajBVFU,"저런 ㅈ밥 중독 말고 술, 담배, 야동, 주식 이런 중독 치료 영상도 부탁드립니다."
숏폼,정신 차려 보니 숏폼만 5시간 봤다? 무의식적으로 숏폼 보는 습관이 내 뇌 건강에 치명적인 이유｜즉각적인 보상에 중독된 현대인의 도파민 중독 증세｜귀하신몸｜#골라듄다큐,https://www.youtube.com/watch?v=hxJJJajBVFU,"점심 먹고 커피마시면서 후식으로 쿠키 보면서 이걸 보고 있는 내가 ㄹㅈㄷ... 음식이 스트레스 해소용으로 많이 써서ㅠㅠ 진짜 끊기 힘든거같아요. <a href=""https://www.youtube.com/watch?v=hxJJJajBVFU&amp;t=478"">07:58</a>  타임블록 계획 세우기 참고해봐야겠습니다."
숏폼,정신 차려 보니 숏폼만 5시간 봤다? 무의식적으로 숏폼 보는 습관이 내 뇌 건강에 치명적인 이유｜즉각적인 보상에 중독된 현대인의 도파민 중독 증세｜귀하신몸｜#골라듄다큐,https://www.youtube.com/watch?v=hxJJJajBVFU,하ㅋㅋㅋㅋ 이 영상도 끝까지 못 보겠음 진짜 어떡하냐 너무 지루해 내용은 좋은데 재미는 없으니 아 진짜 뇌가 망가졌구나 흑백모드 해도ㅋ큐ㅠ 바뀌지가 않아요ㅠㅠ 그냥 화면 색만 바뀜
숏폼,정신 차려 보니 숏폼만 5시간 봤다? 무의식적으로 숏폼 보는 습관이 내 뇌 건강에 치명적인 이유｜즉각적인 보상에 중독된 현대인의 도파민 중독 증세｜귀하신몸｜#골라듄다큐,https://www.youtube.com/watch?v=hxJJJajBVFU,쳐먹는거에 자부심이라 걍 식충이지 밥축내는
숏폼,정신 차려 보니 숏폼만 5시간 봤다? 무의식적으로 숏폼 보는 습관이 내 뇌 건강에 치명적인 이유｜즉각적인 보상에 중독된 현대인의 도파민 중독 증세｜귀하신몸｜#골라듄다큐,https://www.youtube.com/watch?v=hxJJJajBVFU,"제목은 끌렸으나 영상 시간 31분인거 보고 원하는 내용 전달하려는 사람들이 숏폼 중독자이면 좀 잘라서 올려주는 지혜를 발휘해달라고 말하고 싶어 들어왔고, 그렇게 댓글 달고 감. 안녕~"
숏폼,정신 차려 보니 숏폼만 5시간 봤다? 무의식적으로 숏폼 보는 습관이 내 뇌 건강에 치명적인 이유｜즉각적인 보상에 중독된 현대인의 도파민 중독 증세｜귀하신몸｜#골라듄다큐,https://www.youtube.com/watch?v=hxJJJajBVFU,숏폼중독 카페인중독 음식중독 완전 저인데 ㅠㅋㅋㅋㅋ하나씩 해봐야겠어요 ㅠㅋㅋㅋㅋ한번에 다 할 수 없으니 ㅠㅠ 금단현상 다뤄줘서 좋았어요. 금단현상이 제일 힘든것 같아요
숏폼,정신 차려 보니 숏폼만 5시간 봤다? 무의식적으로 숏폼 보는 습관이 내 뇌 건강에 치명적인 이유｜즉각적인 보상에 중독된 현대인의 도파민 중독 증세｜귀하신몸｜#골라듄다큐,https://www.youtube.com/watch?v=hxJJJajBVFU,"<a href=""https://www.youtube.com/watch?v=hxJJJajBVFU&amp;t=1058"">17:38</a> 여기서부터 보세요"
숏폼,정신 차려 보니 숏폼만 5시간 봤다? 무의식적으로 숏폼 보는 습관이 내 뇌 건강에 치명적인 이유｜즉각적인 보상에 중독된 현대인의 도파민 중독 증세｜귀하신몸｜#골라듄다큐,https://www.youtube.com/watch?v=hxJJJajBVFU,흑백모드 솔루션 감사합니다.
숏폼,정신 차려 보니 숏폼만 5시간 봤다? 무의식적으로 숏폼 보는 습관이 내 뇌 건강에 치명적인 이유｜즉각적인 보상에 중독된 현대인의 도파민 중독 증세｜귀하신몸｜#골라듄다큐,https://www.youtube.com/watch?v=hxJJJajBVFU,"아이폰 흑배모드 잘 배워갑니다,,,"
숏폼,정신 차려 보니 숏폼만 5시간 봤다? 무의식적으로 숏폼 보는 습관이 내 뇌 건강에 치명적인 이유｜즉각적인 보상에 중독된 현대인의 도파민 중독 증세｜귀하신몸｜#골라듄다큐,https://www.youtube.com/watch?v=hxJJJajBVFU,누가 내용 1분으로 요약해주신 분 없나요?
숏폼,정신 차려 보니 숏폼만 5시간 봤다? 무의식적으로 숏폼 보는 습관이 내 뇌 건강에 치명적인 이유｜즉각적인 보상에 중독된 현대인의 도파민 중독 증세｜귀하신몸｜#골라듄다큐,https://www.youtube.com/watch?v=hxJJJajBVFU,1분 내외로 영상 요약 부탁드립니다.
숏폼,정신 차려 보니 숏폼만 5시간 봤다? 무의식적으로 숏폼 보는 습관이 내 뇌 건강에 치명적인 이유｜즉각적인 보상에 중독된 현대인의 도파민 중독 증세｜귀하신몸｜#골라듄다큐,https://www.youtube.com/watch?v=hxJJJajBVFU,엥 이거 1년 전 영상이네 <br>이미 난 숏폼 보다가 이제야 당신을 만났는데
숏폼,정신 차려 보니 숏폼만 5시간 봤다? 무의식적으로 숏폼 보는 습관이 내 뇌 건강에 치명적인 이유｜즉각적인 보상에 중독된 현대인의 도파민 중독 증세｜귀하신몸｜#골라듄다큐,https://www.youtube.com/watch?v=hxJJJajBVFU,나쁘다고 하지말고 이런걸 만들지마라 제발!!!!
숏폼,정신 차려 보니 숏폼만 5시간 봤다? 무의식적으로 숏폼 보는 습관이 내 뇌 건강에 치명적인 이유｜즉각적인 보상에 중독된 현대인의 도파민 중독 증세｜귀하신몸｜#골라듄다큐,https://www.youtube.com/watch?v=hxJJJajBVFU,아 볓번을 다음에다시봐야지 하고 나가기버튼 누를까하다 반성하고<br>나도 문제가있구나
숏폼,정신 차려 보니 숏폼만 5시간 봤다? 무의식적으로 숏폼 보는 습관이 내 뇌 건강에 치명적인 이유｜즉각적인 보상에 중독된 현대인의 도파민 중독 증세｜귀하신몸｜#골라듄다큐,https://www.youtube.com/watch?v=hxJJJajBVFU,"쇼츠 릴스 보다보니까 회피,방어기제로 도망치게 되고, 감정도 잘 안느껴지며 집중력도 현저히 낮아진데다 생활패턴도 완전 망가짐. 거기다 음식 중독도 걸리고 심리적으로 많이 망가져서 심리상담도 다니고 위고비도 맞고 있음."
숏폼,정신 차려 보니 숏폼만 5시간 봤다? 무의식적으로 숏폼 보는 습관이 내 뇌 건강에 치명적인 이유｜즉각적인 보상에 중독된 현대인의 도파민 중독 증세｜귀하신몸｜#골라듄다큐,https://www.youtube.com/watch?v=hxJJJajBVFU,전 강박적으로 숏폼 릴스 안보려고 내 자신에게 말을 겁니다. 이거 보면 너 인생 망쳐. 머리 나빠져. 신기하게 전 그 훈련을 해서 그런지 숏폼 릴스 클릭하지 않게 되었습니다.
숏폼,정신 차려 보니 숏폼만 5시간 봤다? 무의식적으로 숏폼 보는 습관이 내 뇌 건강에 치명적인 이유｜즉각적인 보상에 중독된 현대인의 도파민 중독 증세｜귀하신몸｜#골라듄다큐,https://www.youtube.com/watch?v=hxJJJajBVFU,스마트폰 중독 심한데 영상은 일부러 숏폼은 안보고 배속도 안하려고 노력 중이긴 한데..그거 말고 그냥 스마트폰 자체를 계속 열어보고 만지작댐. 웹툰같은 것도 시간날때마다 보고. 전두엽 상태 찍는 거 가격이 어느 정도인지 궁금. 중독현상 관리하면서 찍어보고 싶은데 비싸겠지
숏폼,정신 차려 보니 숏폼만 5시간 봤다? 무의식적으로 숏폼 보는 습관이 내 뇌 건강에 치명적인 이유｜즉각적인 보상에 중독된 현대인의 도파민 중독 증세｜귀하신몸｜#골라듄다큐,https://www.youtube.com/watch?v=hxJJJajBVFU,이것도 빨리감기로 보는중 ㅋㅋㅋㅋ
숏폼,정신 차려 보니 숏폼만 5시간 봤다? 무의식적으로 숏폼 보는 습관이 내 뇌 건강에 치명적인 이유｜즉각적인 보상에 중독된 현대인의 도파민 중독 증세｜귀하신몸｜#골라듄다큐,https://www.youtube.com/watch?v=hxJJJajBVFU,나중에 볼 동영상
숏폼,정신 차려 보니 숏폼만 5시간 봤다? 무의식적으로 숏폼 보는 습관이 내 뇌 건강에 치명적인 이유｜즉각적인 보상에 중독된 현대인의 도파민 중독 증세｜귀하신몸｜#골라듄다큐,https://www.youtube.com/watch?v=hxJJJajBVFU,여기 댓글이 더 재밌어 ㅋㅋㅋㅋㅋㅋㅋ <br>숏폼  안좋다는 건 이전부터 엄청 들어서 일부러도 안봤는데 최근 우울감 왔을때 한두번 보다보니 미친듯이 하루이틀새에 보게됐는데  정신차려겠음 ㅠ 멍청해지는 걸 느끼면서 못놓음. 근데 나는 영상볼때 항상 1.5배속으로 보는데 이것도 문제다 싶음 … ㅠ
숏폼,정신 차려 보니 숏폼만 5시간 봤다? 무의식적으로 숏폼 보는 습관이 내 뇌 건강에 치명적인 이유｜즉각적인 보상에 중독된 현대인의 도파민 중독 증세｜귀하신몸｜#골라듄다큐,https://www.youtube.com/watch?v=hxJJJajBVFU,아니 유튜브 숏폼 온오프 기능 추가해줘요;;;;;
숏폼,정신 차려 보니 숏폼만 5시간 봤다? 무의식적으로 숏폼 보는 습관이 내 뇌 건강에 치명적인 이유｜즉각적인 보상에 중독된 현대인의 도파민 중독 증세｜귀하신몸｜#골라듄다큐,https://www.youtube.com/watch?v=hxJJJajBVFU,아 3분 30초 봤는데 집중력 떨어짐 ㅠ
숏폼,정신 차려 보니 숏폼만 5시간 봤다? 무의식적으로 숏폼 보는 습관이 내 뇌 건강에 치명적인 이유｜즉각적인 보상에 중독된 현대인의 도파민 중독 증세｜귀하신몸｜#골라듄다큐,https://www.youtube.com/watch?v=hxJJJajBVFU,"<a href=""https://www.youtube.com/watch?v=hxJJJajBVFU&amp;t=96"">01:36</a> 뒤에 어항 디스플레이..? 뭐임...누가 정보좀.."
숏폼,정신 차려 보니 숏폼만 5시간 봤다? 무의식적으로 숏폼 보는 습관이 내 뇌 건강에 치명적인 이유｜즉각적인 보상에 중독된 현대인의 도파민 중독 증세｜귀하신몸｜#골라듄다큐,https://www.youtube.com/watch?v=hxJJJajBVFU,ㅈㄴ기네 안봄
숏폼,정신 차려 보니 숏폼만 5시간 봤다? 무의식적으로 숏폼 보는 습관이 내 뇌 건강에 치명적인 이유｜즉각적인 보상에 중독된 현대인의 도파민 중독 증세｜귀하신몸｜#골라듄다큐,https://www.youtube.com/watch?v=hxJJJajBVFU,일단 저장해놓고 숏츠 보러 ㄱㄱ
숏폼,정신 차려 보니 숏폼만 5시간 봤다? 무의식적으로 숏폼 보는 습관이 내 뇌 건강에 치명적인 이유｜즉각적인 보상에 중독된 현대인의 도파민 중독 증세｜귀하신몸｜#골라듄다큐,https://www.youtube.com/watch?v=hxJJJajBVFU,숏폼 중독자들은 지금 <br>이영상 틀어놓고 댓글만 보고잇다가<br>누가 써놓은 타임 댓글 눌러서<br>그것만 골라봄<br>그것도 아니면 영상즁에 제일많이 눌러서 본<br>부분만 골라본다
숏폼,정신 차려 보니 숏폼만 5시간 봤다? 무의식적으로 숏폼 보는 습관이 내 뇌 건강에 치명적인 이유｜즉각적인 보상에 중독된 현대인의 도파민 중독 증세｜귀하신몸｜#골라듄다큐,https://www.youtube.com/watch?v=hxJJJajBVFU,유튭 프리미엄이 비싸진게 숏폼을 보게한 이유중 하나일수도 있음..
숏폼,정신 차려 보니 숏폼만 5시간 봤다? 무의식적으로 숏폼 보는 습관이 내 뇌 건강에 치명적인 이유｜즉각적인 보상에 중독된 현대인의 도파민 중독 증세｜귀하신몸｜#골라듄다큐,https://www.youtube.com/watch?v=hxJJJajBVFU,나 진짜 숏츠 릴스 나온 이후로 집중력이나 학습력? 둘다 낮아진 것 같음
숏폼,정신 차려 보니 숏폼만 5시간 봤다? 무의식적으로 숏폼 보는 습관이 내 뇌 건강에 치명적인 이유｜즉각적인 보상에 중독된 현대인의 도파민 중독 증세｜귀하신몸｜#골라듄다큐,https://www.youtube.com/watch?v=hxJJJajBVFU,설마 이걸 또 쇼츠로 만들지는 않았겠지??
숏폼,정신 차려 보니 숏폼만 5시간 봤다? 무의식적으로 숏폼 보는 습관이 내 뇌 건강에 치명적인 이유｜즉각적인 보상에 중독된 현대인의 도파민 중독 증세｜귀하신몸｜#골라듄다큐,https://www.youtube.com/watch?v=hxJJJajBVFU,솔직히 다 3주 안에 드라마틱하게 변환되면 좀 시니컬해질 수도 있었을 것 같은데 (ㅋㅋ) 참여해주신 참여자 분 중에서 끊는 게 너무 힘들다... 내가 조절해볼 수도 있었을 것 같다... 이런 말씀 하시는 분 제 마음과 너무 비슷해서 순간 뜨끔했네요.<br>저도 요즘 개인시간에 무기력하게 누워있는 일이 많은데 그럴 때 숏폼 보면 시간이 참 잘 가거든요. 이겨내려고 노력해봐야겠습니다. 좋은 영상이네요~
숏폼,정신 차려 보니 숏폼만 5시간 봤다? 무의식적으로 숏폼 보는 습관이 내 뇌 건강에 치명적인 이유｜즉각적인 보상에 중독된 현대인의 도파민 중독 증세｜귀하신몸｜#골라듄다큐,https://www.youtube.com/watch?v=hxJJJajBVFU,저정도는 아니지만 쇼츠 보니까 점점 멍청해지는것 같습니다 이제 끊을게요
숏폼,정신 차려 보니 숏폼만 5시간 봤다? 무의식적으로 숏폼 보는 습관이 내 뇌 건강에 치명적인 이유｜즉각적인 보상에 중독된 현대인의 도파민 중독 증세｜귀하신몸｜#골라듄다큐,https://www.youtube.com/watch?v=hxJJJajBVFU,중독에서 벗어나고 싶은데 몸이 안 따라주는 제가 너무 슬프네요..<br>계획을 세워도 작심삼일로 끝나는 경우가 많아서ㅠ
숏폼,정신 차려 보니 숏폼만 5시간 봤다? 무의식적으로 숏폼 보는 습관이 내 뇌 건강에 치명적인 이유｜즉각적인 보상에 중독된 현대인의 도파민 중독 증세｜귀하신몸｜#골라듄다큐,https://www.youtube.com/watch?v=hxJJJajBVFU,"<a href=""https://www.youtube.com/watch?v=hxJJJajBVFU&amp;t=1055"">17:35</a> <a href=""https://www.youtube.com/watch?v=hxJJJajBVFU&amp;t=1366"">22:46</a>"
숏폼,정신 차려 보니 숏폼만 5시간 봤다? 무의식적으로 숏폼 보는 습관이 내 뇌 건강에 치명적인 이유｜즉각적인 보상에 중독된 현대인의 도파민 중독 증세｜귀하신몸｜#골라듄다큐,https://www.youtube.com/watch?v=hxJJJajBVFU,중독되는 이유가 일탈 이런것보다는 넘기다보면 ㅈㄴ 유용한게 많이 나와서 이거에 중독되는거임 ㅇㅇ 내가 유튜브 새로고침 계속하다보니 이런 영상 만나는것처럼 ㅋ
숏폼,정신 차려 보니 숏폼만 5시간 봤다? 무의식적으로 숏폼 보는 습관이 내 뇌 건강에 치명적인 이유｜즉각적인 보상에 중독된 현대인의 도파민 중독 증세｜귀하신몸｜#골라듄다큐,https://www.youtube.com/watch?v=hxJJJajBVFU,"요즘 자극적인 콘텐츠가 넘쳐나는 유튜브 환경에서, 오히려 그 자극의 위험성을 경고하고 건강한 삶을 제안하는 이런 영상이 있다는 게 참 아이러니하면서도 다행스럽습니다.<br>&#39;귀하신 몸&#39; 시리즈는 볼 때마다 내 몸을 소중히 여겨야겠다는 다짐을 하게 만드네요. 많은 분이 보고 디지털 디톡스에 성공하셨으면 좋겠습니다."
숏폼,정신 차려 보니 숏폼만 5시간 봤다? 무의식적으로 숏폼 보는 습관이 내 뇌 건강에 치명적인 이유｜즉각적인 보상에 중독된 현대인의 도파민 중독 증세｜귀하신몸｜#골라듄다큐,https://www.youtube.com/watch?v=hxJJJajBVFU,세상에 그냥 되는건 없다 고통을 참고 견뎌야한다 가까운 미래에는 치매환자가 엄청나게 급증할거같긴함 ㅠ
숏폼,정신 차려 보니 숏폼만 5시간 봤다? 무의식적으로 숏폼 보는 습관이 내 뇌 건강에 치명적인 이유｜즉각적인 보상에 중독된 현대인의 도파민 중독 증세｜귀하신몸｜#골라듄다큐,https://www.youtube.com/watch?v=hxJJJajBVFU,"하루 7시간씩 매일매일 숏폼과 릴스를 봤던 사람인데 극복했어요 귀찮아서 계획서 쓰기, 핸드폰 감옥 이런거 안썼어요 그냥 숏츠 알고리즘을 일부러 망가뜨린 상태(관심 없거나 싫어하는 내용 ex.애완 거미 기르기, 변기 청소도구 추천 같은 영상)로 꾸역꾸역 2-3시간만 봐보세요 토 나옵니다 나중에 알고리즘이 원상복구가 되어서 다시 재밌는 영상들아 올라와도 억지로 2-3시간 봤던 기억 떠올라서 숏츠 안보게 되어요"
숏폼,정신 차려 보니 숏폼만 5시간 봤다? 무의식적으로 숏폼 보는 습관이 내 뇌 건강에 치명적인 이유｜즉각적인 보상에 중독된 현대인의 도파민 중독 증세｜귀하신몸｜#골라듄다큐,https://www.youtube.com/watch?v=hxJJJajBVFU,몰입의방 같은거 사서 강제로 가두셈 그럼 5분컷 완치
숏폼,정신 차려 보니 숏폼만 5시간 봤다? 무의식적으로 숏폼 보는 습관이 내 뇌 건강에 치명적인 이유｜즉각적인 보상에 중독된 현대인의 도파민 중독 증세｜귀하신몸｜#골라듄다큐,https://www.youtube.com/watch?v=hxJJJajBVFU,커피아줌마 귀여우시네
숏폼,정신 차려 보니 숏폼만 5시간 봤다? 무의식적으로 숏폼 보는 습관이 내 뇌 건강에 치명적인 이유｜즉각적인 보상에 중독된 현대인의 도파민 중독 증세｜귀하신몸｜#골라듄다큐,https://www.youtube.com/watch?v=hxJJJajBVFU,숏폼 중독은 롱폼보면 고쳐지지 않나?
숏폼,정신 차려 보니 숏폼만 5시간 봤다? 무의식적으로 숏폼 보는 습관이 내 뇌 건강에 치명적인 이유｜즉각적인 보상에 중독된 현대인의 도파민 중독 증세｜귀하신몸｜#골라듄다큐,https://www.youtube.com/watch?v=hxJJJajBVFU,흑백모드는 진짜 유용하다
숏폼,정신 차려 보니 숏폼만 5시간 봤다? 무의식적으로 숏폼 보는 습관이 내 뇌 건강에 치명적인 이유｜즉각적인 보상에 중독된 현대인의 도파민 중독 증세｜귀하신몸｜#골라듄다큐,https://www.youtube.com/watch?v=hxJJJajBVFU,예의 상 음.. 뭐랄까.. 상대가 민망할까봐 안 물어봄 근데 가끔 이 사람을 알다가도 모를 궁금한 점이 생겼을 때 살짝 물어보긴 함 근데 어떻게 만났는지.. 얼마나 만났는지.. 뭐하는 사람인지는 안 궁금하고.. 어느 사유로 마무리했는지 케바케로 물어봄.. 상대가 무슨 상황에 어떤 감정을 느꼈는지가 궁금함.. 연애관이 궁금한 거임..
숏폼,정신 차려 보니 숏폼만 5시간 봤다? 무의식적으로 숏폼 보는 습관이 내 뇌 건강에 치명적인 이유｜즉각적인 보상에 중독된 현대인의 도파민 중독 증세｜귀하신몸｜#골라듄다큐,https://www.youtube.com/watch?v=hxJJJajBVFU,근데 숏츠 보면 뇌녹는 기분들어서 싫던데 차라리 게임을 하는게 낫지 않낭??
숏폼,정신 차려 보니 숏폼만 5시간 봤다? 무의식적으로 숏폼 보는 습관이 내 뇌 건강에 치명적인 이유｜즉각적인 보상에 중독된 현대인의 도파민 중독 증세｜귀하신몸｜#골라듄다큐,https://www.youtube.com/watch?v=hxJJJajBVFU,확실히 좀 보다가 지루한데 하고 눌러보니 1분이다.. 숏츠길이 잖아 씹ㅋㅋㅋㅋ
숏폼,정신 차려 보니 숏폼만 5시간 봤다? 무의식적으로 숏폼 보는 습관이 내 뇌 건강에 치명적인 이유｜즉각적인 보상에 중독된 현대인의 도파민 중독 증세｜귀하신몸｜#골라듄다큐,https://www.youtube.com/watch?v=hxJJJajBVFU,드라마도 스킵하면서 봄;;ㅜ
숏폼,정신 차려 보니 숏폼만 5시간 봤다? 무의식적으로 숏폼 보는 습관이 내 뇌 건강에 치명적인 이유｜즉각적인 보상에 중독된 현대인의 도파민 중독 증세｜귀하신몸｜#골라듄다큐,https://www.youtube.com/watch?v=hxJJJajBVFU,아침에 일어나자 마자 무의식 적으로 인스타 켜서 릴스봅니다 ㅋㅋㅋㅋ 너무 재밌고~
숏폼,정신 차려 보니 숏폼만 5시간 봤다? 무의식적으로 숏폼 보는 습관이 내 뇌 건강에 치명적인 이유｜즉각적인 보상에 중독된 현대인의 도파민 중독 증세｜귀하신몸｜#골라듄다큐,https://www.youtube.com/watch?v=hxJJJajBVFU,어른들은 적어도 사회생활하고 뭐하고 운동다녀오고 잘밤에 누워서 한두시간 보거나 자기시간 줄여서 더보거나 하겠지만 문제는 애들임 <br>요즘은 키즈폰 따로 안사고  초1부터 부모쓰던폰 물려주거나 보급형으로 사니 너도나도 앉아서 숏츠릴스틱톡만 뚫어져라 보고있음<br>안말리면 일상생활내내 숏폼 켜놓고 있음 인터넷 시간 제한해봐야 와이파이 있는곳에서 보거나 안되면 친구꺼로 같이보고 그냥 어릴때부터 도파민에 뇌가 절여지고있더라
숏폼,정신 차려 보니 숏폼만 5시간 봤다? 무의식적으로 숏폼 보는 습관이 내 뇌 건강에 치명적인 이유｜즉각적인 보상에 중독된 현대인의 도파민 중독 증세｜귀하신몸｜#골라듄다큐,https://www.youtube.com/watch?v=hxJJJajBVFU,지금 이거 보면서 댓글 보고 다른 창 켜서 웹툰도 보고 있음 나 자신 정말 심각하다.
숏폼,정신 차려 보니 숏폼만 5시간 봤다? 무의식적으로 숏폼 보는 습관이 내 뇌 건강에 치명적인 이유｜즉각적인 보상에 중독된 현대인의 도파민 중독 증세｜귀하신몸｜#골라듄다큐,https://www.youtube.com/watch?v=hxJJJajBVFU,영상을 2배속으로 보는 것도 도파민 중독이겠죠? ㅠㅠ
숏폼,정신 차려 보니 숏폼만 5시간 봤다? 무의식적으로 숏폼 보는 습관이 내 뇌 건강에 치명적인 이유｜즉각적인 보상에 중독된 현대인의 도파민 중독 증세｜귀하신몸｜#골라듄다큐,https://www.youtube.com/watch?v=hxJJJajBVFU,좋은 내용인데 쇼츠로 올려주실수 있나요?
숏폼,정신 차려 보니 숏폼만 5시간 봤다? 무의식적으로 숏폼 보는 습관이 내 뇌 건강에 치명적인 이유｜즉각적인 보상에 중독된 현대인의 도파민 중독 증세｜귀하신몸｜#골라듄다큐,https://www.youtube.com/watch?v=hxJJJajBVFU,"아 31분은 저한테 너무 긴데요,,, 1분 숏츠로 31개 올려주세요"
숏폼,정신 차려 보니 숏폼만 5시간 봤다? 무의식적으로 숏폼 보는 습관이 내 뇌 건강에 치명적인 이유｜즉각적인 보상에 중독된 현대인의 도파민 중독 증세｜귀하신몸｜#골라듄다큐,https://www.youtube.com/watch?v=hxJJJajBVFU,술중독 벗어났지만 폰중독을 해결하고싶어요
숏폼,정신 차려 보니 숏폼만 5시간 봤다? 무의식적으로 숏폼 보는 습관이 내 뇌 건강에 치명적인 이유｜즉각적인 보상에 중독된 현대인의 도파민 중독 증세｜귀하신몸｜#골라듄다큐,https://www.youtube.com/watch?v=hxJJJajBVFU,하..이 영상도 1분보다가 숏폼으로 돌아갔다 옴 ㅠㅠ 내 뇌 어쩌나ㅠㅠ
숏폼,정신 차려 보니 숏폼만 5시간 봤다? 무의식적으로 숏폼 보는 습관이 내 뇌 건강에 치명적인 이유｜즉각적인 보상에 중독된 현대인의 도파민 중독 증세｜귀하신몸｜#골라듄다큐,https://www.youtube.com/watch?v=hxJJJajBVFU,숏폼 차단기능같은거 생겻음 조켓음..
숏폼,정신 차려 보니 숏폼만 5시간 봤다? 무의식적으로 숏폼 보는 습관이 내 뇌 건강에 치명적인 이유｜즉각적인 보상에 중독된 현대인의 도파민 중독 증세｜귀하신몸｜#골라듄다큐,https://www.youtube.com/watch?v=hxJJJajBVFU,보리차에 중독됬다는 말에 웃어버렸습니다. 제길
숏폼,정신 차려 보니 숏폼만 5시간 봤다? 무의식적으로 숏폼 보는 습관이 내 뇌 건강에 치명적인 이유｜즉각적인 보상에 중독된 현대인의 도파민 중독 증세｜귀하신몸｜#골라듄다큐,https://www.youtube.com/watch?v=hxJJJajBVFU,저거 사는데 51유로가 나온다고여???
숏폼,정신 차려 보니 숏폼만 5시간 봤다? 무의식적으로 숏폼 보는 습관이 내 뇌 건강에 치명적인 이유｜즉각적인 보상에 중독된 현대인의 도파민 중독 증세｜귀하신몸｜#골라듄다큐,https://www.youtube.com/watch?v=hxJJJajBVFU,난 심각한 배속 중독… 원배속 영상은 정말 느려서 못 보겠고 무조건 1.5배속 이상으로 봐야함 2배속도 빠르게 느껴지지가 않고 더 빠르게 보고 싶어짐 계속 ㅜㅜ
숏폼,정신 차려 보니 숏폼만 5시간 봤다? 무의식적으로 숏폼 보는 습관이 내 뇌 건강에 치명적인 이유｜즉각적인 보상에 중독된 현대인의 도파민 중독 증세｜귀하신몸｜#골라듄다큐,https://www.youtube.com/watch?v=hxJJJajBVFU,어릴때 부터 이런 환경속에 태어난<br>지금 세대 애기들이 문제지<br>다 살았는데 실컷 도파민에 빠져살다 죽을란다
숏폼,정신 차려 보니 숏폼만 5시간 봤다? 무의식적으로 숏폼 보는 습관이 내 뇌 건강에 치명적인 이유｜즉각적인 보상에 중독된 현대인의 도파민 중독 증세｜귀하신몸｜#골라듄다큐,https://www.youtube.com/watch?v=hxJJJajBVFU,이영상은 숏폼 없나요? 넘 길어용 😅
숏폼,정신 차려 보니 숏폼만 5시간 봤다? 무의식적으로 숏폼 보는 습관이 내 뇌 건강에 치명적인 이유｜즉각적인 보상에 중독된 현대인의 도파민 중독 증세｜귀하신몸｜#골라듄다큐,https://www.youtube.com/watch?v=hxJJJajBVFU,이거보고 롱폼으로 갈아탓습니다
숏폼,정신 차려 보니 숏폼만 5시간 봤다? 무의식적으로 숏폼 보는 습관이 내 뇌 건강에 치명적인 이유｜즉각적인 보상에 중독된 현대인의 도파민 중독 증세｜귀하신몸｜#골라듄다큐,https://www.youtube.com/watch?v=hxJJJajBVFU,이거조차 제미나이로 요약해서 보는 나 허허
숏폼,정신 차려 보니 숏폼만 5시간 봤다? 무의식적으로 숏폼 보는 습관이 내 뇌 건강에 치명적인 이유｜즉각적인 보상에 중독된 현대인의 도파민 중독 증세｜귀하신몸｜#골라듄다큐,https://www.youtube.com/watch?v=hxJJJajBVFU,왜 공부에는 중독되지 않을까ㅠㅠ
숏폼,정신 차려 보니 숏폼만 5시간 봤다? 무의식적으로 숏폼 보는 습관이 내 뇌 건강에 치명적인 이유｜즉각적인 보상에 중독된 현대인의 도파민 중독 증세｜귀하신몸｜#골라듄다큐,https://www.youtube.com/watch?v=hxJJJajBVFU,3주가 아니라 3분만에 안되나여😊
숏폼,정신 차려 보니 숏폼만 5시간 봤다? 무의식적으로 숏폼 보는 습관이 내 뇌 건강에 치명적인 이유｜즉각적인 보상에 중독된 현대인의 도파민 중독 증세｜귀하신몸｜#골라듄다큐,https://www.youtube.com/watch?v=hxJJJajBVFU,하ㅠㅠ 저도 취재해주세요 이거조차 폰으로보는거라 자제가 저 폰뺏고 감금하고 취재해주세요
숏폼,정신 차려 보니 숏폼만 5시간 봤다? 무의식적으로 숏폼 보는 습관이 내 뇌 건강에 치명적인 이유｜즉각적인 보상에 중독된 현대인의 도파민 중독 증세｜귀하신몸｜#골라듄다큐,https://www.youtube.com/watch?v=hxJJJajBVFU,숏폼이 위험하다고 경고한 ebs는 숏폼영상을 한달에 몇개를 올리는가? ㅋㅋㅋㅋㅋㅋ
숏폼,정신 차려 보니 숏폼만 5시간 봤다? 무의식적으로 숏폼 보는 습관이 내 뇌 건강에 치명적인 이유｜즉각적인 보상에 중독된 현대인의 도파민 중독 증세｜귀하신몸｜#골라듄다큐,https://www.youtube.com/watch?v=hxJJJajBVFU,누가 요약 좀 해주세요 숏폼으로
숏폼,정신 차려 보니 숏폼만 5시간 봤다? 무의식적으로 숏폼 보는 습관이 내 뇌 건강에 치명적인 이유｜즉각적인 보상에 중독된 현대인의 도파민 중독 증세｜귀하신몸｜#골라듄다큐,https://www.youtube.com/watch?v=hxJJJajBVFU,아 나도 쇼츠중독 고치고 싶다 커뮤니티사이트중독도
숏폼,정신 차려 보니 숏폼만 5시간 봤다? 무의식적으로 숏폼 보는 습관이 내 뇌 건강에 치명적인 이유｜즉각적인 보상에 중독된 현대인의 도파민 중독 증세｜귀하신몸｜#골라듄다큐,https://www.youtube.com/watch?v=hxJJJajBVFU,커피 처 먹어라. 누가 힘드나
숏폼,정신 차려 보니 숏폼만 5시간 봤다? 무의식적으로 숏폼 보는 습관이 내 뇌 건강에 치명적인 이유｜즉각적인 보상에 중독된 현대인의 도파민 중독 증세｜귀하신몸｜#골라듄다큐,https://www.youtube.com/watch?v=hxJJJajBVFU,라디오를 들으면 좋아요! 자기전 휴대폰대신 라디오틀어놓고 들으면 잠도 잘오더라구요. 귀로 들으니
숏폼,정신 차려 보니 숏폼만 5시간 봤다? 무의식적으로 숏폼 보는 습관이 내 뇌 건강에 치명적인 이유｜즉각적인 보상에 중독된 현대인의 도파민 중독 증세｜귀하신몸｜#골라듄다큐,https://www.youtube.com/watch?v=hxJJJajBVFU,숏폼 차단하는 기능은 없나 보기싫어 죽겠다
숏폼,정신 차려 보니 숏폼만 5시간 봤다? 무의식적으로 숏폼 보는 습관이 내 뇌 건강에 치명적인 이유｜즉각적인 보상에 중독된 현대인의 도파민 중독 증세｜귀하신몸｜#골라듄다큐,https://www.youtube.com/watch?v=hxJJJajBVFU,숏폼에 중독돼서 영상을 못봄
숏폼,정신 차려 보니 숏폼만 5시간 봤다? 무의식적으로 숏폼 보는 습관이 내 뇌 건강에 치명적인 이유｜즉각적인 보상에 중독된 현대인의 도파민 중독 증세｜귀하신몸｜#골라듄다큐,https://www.youtube.com/watch?v=hxJJJajBVFU,오늘 10시간 중에 7시간을 유튜브 봤음 미쳤나봄
숏폼,정신 차려 보니 숏폼만 5시간 봤다? 무의식적으로 숏폼 보는 습관이 내 뇌 건강에 치명적인 이유｜즉각적인 보상에 중독된 현대인의 도파민 중독 증세｜귀하신몸｜#골라듄다큐,https://www.youtube.com/watch?v=hxJJJajBVFU,영상 너무 길어서 못보겠는데 ㅜㅜ
숏폼,정신 차려 보니 숏폼만 5시간 봤다? 무의식적으로 숏폼 보는 습관이 내 뇌 건강에 치명적인 이유｜즉각적인 보상에 중독된 현대인의 도파민 중독 증세｜귀하신몸｜#골라듄다큐,https://www.youtube.com/watch?v=hxJJJajBVFU,그냥 못끊으면 저러고 살면됨. 지인생이지 뭐 나는 책읽으러가유
숏폼,정신 차려 보니 숏폼만 5시간 봤다? 무의식적으로 숏폼 보는 습관이 내 뇌 건강에 치명적인 이유｜즉각적인 보상에 중독된 현대인의 도파민 중독 증세｜귀하신몸｜#골라듄다큐,https://www.youtube.com/watch?v=hxJJJajBVFU,지하철만 봐도 다들 중독자들 천지임...
숏폼,정신 차려 보니 숏폼만 5시간 봤다? 무의식적으로 숏폼 보는 습관이 내 뇌 건강에 치명적인 이유｜즉각적인 보상에 중독된 현대인의 도파민 중독 증세｜귀하신몸｜#골라듄다큐,https://www.youtube.com/watch?v=hxJJJajBVFU,이것도 길어서 못 보겠어.. 결국 끔...<br>다음에 다시 보러와야지
숏폼,정신 차려 보니 숏폼만 5시간 봤다? 무의식적으로 숏폼 보는 습관이 내 뇌 건강에 치명적인 이유｜즉각적인 보상에 중독된 현대인의 도파민 중독 증세｜귀하신몸｜#골라듄다큐,https://www.youtube.com/watch?v=hxJJJajBVFU,음식 중독에서 와 나구나 싶었습니다
숏폼,정신 차려 보니 숏폼만 5시간 봤다? 무의식적으로 숏폼 보는 습관이 내 뇌 건강에 치명적인 이유｜즉각적인 보상에 중독된 현대인의 도파민 중독 증세｜귀하신몸｜#골라듄다큐,https://www.youtube.com/watch?v=hxJJJajBVFU,저는 뜨개질이 도움됐어요<br>뜨개질 시작하니까<br>책 읽기도 어렵지 않게 되고요
숏폼,정신 차려 보니 숏폼만 5시간 봤다? 무의식적으로 숏폼 보는 습관이 내 뇌 건강에 치명적인 이유｜즉각적인 보상에 중독된 현대인의 도파민 중독 증세｜귀하신몸｜#골라듄다큐,https://www.youtube.com/watch?v=hxJJJajBVFU,"<a href=""https://www.youtube.com/watch?v=hxJJJajBVFU&amp;t=9"">0:09</a> 발챙이 개긔엽다"
숏폼,정신 차려 보니 숏폼만 5시간 봤다? 무의식적으로 숏폼 보는 습관이 내 뇌 건강에 치명적인 이유｜즉각적인 보상에 중독된 현대인의 도파민 중독 증세｜귀하신몸｜#골라듄다큐,https://www.youtube.com/watch?v=hxJJJajBVFU,그냥 닥치고 안봐야지 하고 다른거함
숏폼,정신 차려 보니 숏폼만 5시간 봤다? 무의식적으로 숏폼 보는 습관이 내 뇌 건강에 치명적인 이유｜즉각적인 보상에 중독된 현대인의 도파민 중독 증세｜귀하신몸｜#골라듄다큐,https://www.youtube.com/watch?v=hxJJJajBVFU,그래서 어쩌면 되는거임? 누가 짧게 요약 좀
숏폼,정신 차려 보니 숏폼만 5시간 봤다? 무의식적으로 숏폼 보는 습관이 내 뇌 건강에 치명적인 이유｜즉각적인 보상에 중독된 현대인의 도파민 중독 증세｜귀하신몸｜#골라듄다큐,https://www.youtube.com/watch?v=hxJJJajBVFU,저도  요즘  보다보니  짧은거보니  책을 읽을수없어요  다시책을 보기위해  지금 조금의  노력중
숏폼,정신 차려 보니 숏폼만 5시간 봤다? 무의식적으로 숏폼 보는 습관이 내 뇌 건강에 치명적인 이유｜즉각적인 보상에 중독된 현대인의 도파민 중독 증세｜귀하신몸｜#골라듄다큐,https://www.youtube.com/watch?v=hxJJJajBVFU,쇼츠로 만들어주세요...
숏폼,정신 차려 보니 숏폼만 5시간 봤다? 무의식적으로 숏폼 보는 습관이 내 뇌 건강에 치명적인 이유｜즉각적인 보상에 중독된 현대인의 도파민 중독 증세｜귀하신몸｜#골라듄다큐,https://www.youtube.com/watch?v=hxJJJajBVFU,이영상도 5분을 못보겠네
숏폼,정신 차려 보니 숏폼만 5시간 봤다? 무의식적으로 숏폼 보는 습관이 내 뇌 건강에 치명적인 이유｜즉각적인 보상에 중독된 현대인의 도파민 중독 증세｜귀하신몸｜#골라듄다큐,https://www.youtube.com/watch?v=hxJJJajBVFU,유튜브 쇼츠 안보기 옵션좀..
숏폼,정신 차려 보니 숏폼만 5시간 봤다? 무의식적으로 숏폼 보는 습관이 내 뇌 건강에 치명적인 이유｜즉각적인 보상에 중독된 현대인의 도파민 중독 증세｜귀하신몸｜#골라듄다큐,https://www.youtube.com/watch?v=hxJJJajBVFU,스마트폰 없어졌으먄 좋겠다
숏폼,정신 차려 보니 숏폼만 5시간 봤다? 무의식적으로 숏폼 보는 습관이 내 뇌 건강에 치명적인 이유｜즉각적인 보상에 중독된 현대인의 도파민 중독 증세｜귀하신몸｜#골라듄다큐,https://www.youtube.com/watch?v=hxJJJajBVFU,숏폼이   쇼따리준말이라는데... 깔깔 깔...
숏폼,정신 차려 보니 숏폼만 5시간 봤다? 무의식적으로 숏폼 보는 습관이 내 뇌 건강에 치명적인 이유｜즉각적인 보상에 중독된 현대인의 도파민 중독 증세｜귀하신몸｜#골라듄다큐,https://www.youtube.com/watch?v=hxJJJajBVFU,저 아줌마는 글렀다..
숏폼,정신 차려 보니 숏폼만 5시간 봤다? 무의식적으로 숏폼 보는 습관이 내 뇌 건강에 치명적인 이유｜즉각적인 보상에 중독된 현대인의 도파민 중독 증세｜귀하신몸｜#골라듄다큐,https://www.youtube.com/watch?v=hxJJJajBVFU,그냥 유튜브 삭제하면 되잖아...는 지금도 보는중
숏폼,정신 차려 보니 숏폼만 5시간 봤다? 무의식적으로 숏폼 보는 습관이 내 뇌 건강에 치명적인 이유｜즉각적인 보상에 중독된 현대인의 도파민 중독 증세｜귀하신몸｜#골라듄다큐,https://www.youtube.com/watch?v=hxJJJajBVFU,유튜브로 숏폼 며칠 봤다고<br>긴 영상 못 보겠더라고요;;;<br>집중력이 떨어지는 걸 몸소 체험하게 됨<br>다음주부터… 주말에 운동 빡세게 하고 <br>월요일부터 루틴 잡아서 다시 살아야지<br>멀티테스킹 안 하기!! 나 스스로를 절제하기<br>도파민 이겨내기!!<br>목표를 세우고 꾸준히 추진해나가기
숏폼,정신 차려 보니 숏폼만 5시간 봤다? 무의식적으로 숏폼 보는 습관이 내 뇌 건강에 치명적인 이유｜즉각적인 보상에 중독된 현대인의 도파민 중독 증세｜귀하신몸｜#골라듄다큐,https://www.youtube.com/watch?v=hxJJJajBVFU,전 요즘 뜨개질 시작했어요. 폰 보는것보다 퇴근 후 밥먹고 운동하고 씻고 뜨개질하고 자기 전에 잠깐 폰 보고 자여. 딱 좋더라구여.
숏폼,정신 차려 보니 숏폼만 5시간 봤다? 무의식적으로 숏폼 보는 습관이 내 뇌 건강에 치명적인 이유｜즉각적인 보상에 중독된 현대인의 도파민 중독 증세｜귀하신몸｜#골라듄다큐,https://www.youtube.com/watch?v=hxJJJajBVFU,왼쪽화면에 겜 하면서 보는중
숏폼,정신 차려 보니 숏폼만 5시간 봤다? 무의식적으로 숏폼 보는 습관이 내 뇌 건강에 치명적인 이유｜즉각적인 보상에 중독된 현대인의 도파민 중독 증세｜귀하신몸｜#골라듄다큐,https://www.youtube.com/watch?v=hxJJJajBVFU,마지막 하나만 보자 하다가 1달째 못끊는중..
숏폼,정신 차려 보니 숏폼만 5시간 봤다? 무의식적으로 숏폼 보는 습관이 내 뇌 건강에 치명적인 이유｜즉각적인 보상에 중독된 현대인의 도파민 중독 증세｜귀하신몸｜#골라듄다큐,https://www.youtube.com/watch?v=hxJJJajBVFU,종일 학교 다니고 학원다니고 집에오면 식사시간빼고 한두시간 쉬는데 그시간 숏폼보면 중독인가요? ㅠㅠ
숏폼,정신 차려 보니 숏폼만 5시간 봤다? 무의식적으로 숏폼 보는 습관이 내 뇌 건강에 치명적인 이유｜즉각적인 보상에 중독된 현대인의 도파민 중독 증세｜귀하신몸｜#골라듄다큐,https://www.youtube.com/watch?v=hxJJJajBVFU,카톡 숏폼형식으로 대입한거ㅜㅜ중독자 양산이여 뭐여
숏폼,정신 차려 보니 숏폼만 5시간 봤다? 무의식적으로 숏폼 보는 습관이 내 뇌 건강에 치명적인 이유｜즉각적인 보상에 중독된 현대인의 도파민 중독 증세｜귀하신몸｜#골라듄다큐,https://www.youtube.com/watch?v=hxJJJajBVFU,나두😂
숏폼,정신 차려 보니 숏폼만 5시간 봤다? 무의식적으로 숏폼 보는 습관이 내 뇌 건강에 치명적인 이유｜즉각적인 보상에 중독된 현대인의 도파민 중독 증세｜귀하신몸｜#골라듄다큐,https://www.youtube.com/watch?v=hxJJJajBVFU,흑백모드 꿀팁이네요
숏폼,정신 차려 보니 숏폼만 5시간 봤다? 무의식적으로 숏폼 보는 습관이 내 뇌 건강에 치명적인 이유｜즉각적인 보상에 중독된 현대인의 도파민 중독 증세｜귀하신몸｜#골라듄다큐,https://www.youtube.com/watch?v=hxJJJajBVFU,눈앞을것같아요🎉🎉
숏폼,정신 차려 보니 숏폼만 5시간 봤다? 무의식적으로 숏폼 보는 습관이 내 뇌 건강에 치명적인 이유｜즉각적인 보상에 중독된 현대인의 도파민 중독 증세｜귀하신몸｜#골라듄다큐,https://www.youtube.com/watch?v=hxJJJajBVFU,이거 보는 거 힘들어서 3배속으로 보는 것도 이런 주의력 결핍의 일종일까요<br>일단 제가 숏폼이랑 음식중독은 맞긴한데
숏폼,정신 차려 보니 숏폼만 5시간 봤다? 무의식적으로 숏폼 보는 습관이 내 뇌 건강에 치명적인 이유｜즉각적인 보상에 중독된 현대인의 도파민 중독 증세｜귀하신몸｜#골라듄다큐,https://www.youtube.com/watch?v=hxJJJajBVFU,사람은 시대에 맞춰서 살아사는 거야 <br><br>그냥 좋다 나쁘다 생각 하지마
숏폼,정신 차려 보니 숏폼만 5시간 봤다? 무의식적으로 숏폼 보는 습관이 내 뇌 건강에 치명적인 이유｜즉각적인 보상에 중독된 현대인의 도파민 중독 증세｜귀하신몸｜#골라듄다큐,https://www.youtube.com/watch?v=hxJJJajBVFU,숏폼 중독자한테 30분짜리를 던져주면 어떡함
숏폼,정신 차려 보니 숏폼만 5시간 봤다? 무의식적으로 숏폼 보는 습관이 내 뇌 건강에 치명적인 이유｜즉각적인 보상에 중독된 현대인의 도파민 중독 증세｜귀하신몸｜#골라듄다큐,https://www.youtube.com/watch?v=hxJJJajBVFU,예전에 배속으로 봤던 영상이었는데 까먹고 또 보고있네
숏폼,정신 차려 보니 숏폼만 5시간 봤다? 무의식적으로 숏폼 보는 습관이 내 뇌 건강에 치명적인 이유｜즉각적인 보상에 중독된 현대인의 도파민 중독 증세｜귀하신몸｜#골라듄다큐,https://www.youtube.com/watch?v=hxJJJajBVFU,친구마나는것도?
숏폼,정신 차려 보니 숏폼만 5시간 봤다? 무의식적으로 숏폼 보는 습관이 내 뇌 건강에 치명적인 이유｜즉각적인 보상에 중독된 현대인의 도파민 중독 증세｜귀하신몸｜#골라듄다큐,https://www.youtube.com/watch?v=hxJJJajBVFU,커피도??끊어야됨?하루한잔도?
숏폼,정신 차려 보니 숏폼만 5시간 봤다? 무의식적으로 숏폼 보는 습관이 내 뇌 건강에 치명적인 이유｜즉각적인 보상에 중독된 현대인의 도파민 중독 증세｜귀하신몸｜#골라듄다큐,https://www.youtube.com/watch?v=hxJJJajBVFU,하루 하루 실천하면 달라지긴 합니다 긴영상틀어놓고 귀로만듣기 티비안보기 라디오듣기 밥먹으면서 쇼츠안보기 실천하면됩니다
숏폼,정신 차려 보니 숏폼만 5시간 봤다? 무의식적으로 숏폼 보는 습관이 내 뇌 건강에 치명적인 이유｜즉각적인 보상에 중독된 현대인의 도파민 중독 증세｜귀하신몸｜#골라듄다큐,https://www.youtube.com/watch?v=hxJJJajBVFU,나도 중독을 끊어야되는데..
숏폼,정신 차려 보니 숏폼만 5시간 봤다? 무의식적으로 숏폼 보는 습관이 내 뇌 건강에 치명적인 이유｜즉각적인 보상에 중독된 현대인의 도파민 중독 증세｜귀하신몸｜#골라듄다큐,https://www.youtube.com/watch?v=hxJJJajBVFU,"도파민 중독이다 말로만 듣다가 이렇게 실제 뇌와 삶에 미치는 영향, 어떻게 벗어나는지, 치료 예후까지 보니 나도 해봐야겠고, 할 수 있겠다 라는 생각이 드네요! 좋은 방송 감사합니다."
숏폼,정신 차려 보니 숏폼만 5시간 봤다? 무의식적으로 숏폼 보는 습관이 내 뇌 건강에 치명적인 이유｜즉각적인 보상에 중독된 현대인의 도파민 중독 증세｜귀하신몸｜#골라듄다큐,https://www.youtube.com/watch?v=hxJJJajBVFU,휴대폰없애고싶다😢
숏폼,정신 차려 보니 숏폼만 5시간 봤다? 무의식적으로 숏폼 보는 습관이 내 뇌 건강에 치명적인 이유｜즉각적인 보상에 중독된 현대인의 도파민 중독 증세｜귀하신몸｜#골라듄다큐,https://www.youtube.com/watch?v=hxJJJajBVFU,저런병원은 어디로 가야할까요??
숏폼,정신 차려 보니 숏폼만 5시간 봤다? 무의식적으로 숏폼 보는 습관이 내 뇌 건강에 치명적인 이유｜즉각적인 보상에 중독된 현대인의 도파민 중독 증세｜귀하신몸｜#골라듄다큐,https://www.youtube.com/watch?v=hxJJJajBVFU,이 영상을 보면서도 2분만에 집중력이 사라짐
숏폼,정신 차려 보니 숏폼만 5시간 봤다? 무의식적으로 숏폼 보는 습관이 내 뇌 건강에 치명적인 이유｜즉각적인 보상에 중독된 현대인의 도파민 중독 증세｜귀하신몸｜#골라듄다큐,https://www.youtube.com/watch?v=hxJJJajBVFU,연숙님 집에서도 종이컵을 쓰시네요 ㅜ
숏폼,정신 차려 보니 숏폼만 5시간 봤다? 무의식적으로 숏폼 보는 습관이 내 뇌 건강에 치명적인 이유｜즉각적인 보상에 중독된 현대인의 도파민 중독 증세｜귀하신몸｜#골라듄다큐,https://www.youtube.com/watch?v=hxJJJajBVFU,나야나 세시간동안 보고나면 뭘봤나함
숏폼,정신 차려 보니 숏폼만 5시간 봤다? 무의식적으로 숏폼 보는 습관이 내 뇌 건강에 치명적인 이유｜즉각적인 보상에 중독된 현대인의 도파민 중독 증세｜귀하신몸｜#골라듄다큐,https://www.youtube.com/watch?v=hxJJJajBVFU,숏폼 중독이에요.미치겠엉ᆢ
숏폼,정신 차려 보니 숏폼만 5시간 봤다? 무의식적으로 숏폼 보는 습관이 내 뇌 건강에 치명적인 이유｜즉각적인 보상에 중독된 현대인의 도파민 중독 증세｜귀하신몸｜#골라듄다큐,https://www.youtube.com/watch?v=hxJJJajBVFU,음식중독 같은 소리 하네. 똑같은 채소나 파프리카 브로콜리만 있으면 먹을 거냐 안먹을 거 다 안다 맛있는 거만 처먹으면서 음식중독ㅇㅈㄹ
숏폼,정신 차려 보니 숏폼만 5시간 봤다? 무의식적으로 숏폼 보는 습관이 내 뇌 건강에 치명적인 이유｜즉각적인 보상에 중독된 현대인의 도파민 중독 증세｜귀하신몸｜#골라듄다큐,https://www.youtube.com/watch?v=hxJJJajBVFU,1~2시간이 뭐임 난 10시간도 본다...........
숏폼,정신 차려 보니 숏폼만 5시간 봤다? 무의식적으로 숏폼 보는 습관이 내 뇌 건강에 치명적인 이유｜즉각적인 보상에 중독된 현대인의 도파민 중독 증세｜귀하신몸｜#골라듄다큐,https://www.youtube.com/watch?v=hxJJJajBVFU,영상 보면서 댓글보기도 중독으로 인한 자제력 부족이겠죠?
숏폼,정신 차려 보니 숏폼만 5시간 봤다? 무의식적으로 숏폼 보는 습관이 내 뇌 건강에 치명적인 이유｜즉각적인 보상에 중독된 현대인의 도파민 중독 증세｜귀하신몸｜#골라듄다큐,https://www.youtube.com/watch?v=hxJJJajBVFU,"<a href=""https://www.youtube.com/watch?v=hxJJJajBVFU&amp;t=898"">14:58</a> 퇴근하고 내가 해야 할 마음가짐"
숏폼,정신 차려 보니 숏폼만 5시간 봤다? 무의식적으로 숏폼 보는 습관이 내 뇌 건강에 치명적인 이유｜즉각적인 보상에 중독된 현대인의 도파민 중독 증세｜귀하신몸｜#골라듄다큐,https://www.youtube.com/watch?v=hxJJJajBVFU,"이걸 쇼츠로 만들어 주셨어야죠,,"
숏폼,정신 차려 보니 숏폼만 5시간 봤다? 무의식적으로 숏폼 보는 습관이 내 뇌 건강에 치명적인 이유｜즉각적인 보상에 중독된 현대인의 도파민 중독 증세｜귀하신몸｜#골라듄다큐,https://www.youtube.com/watch?v=hxJJJajBVFU,3주나 걸린다고? 3분도 못참는 내겐 너무 가혹하다..
숏폼,정신 차려 보니 숏폼만 5시간 봤다? 무의식적으로 숏폼 보는 습관이 내 뇌 건강에 치명적인 이유｜즉각적인 보상에 중독된 현대인의 도파민 중독 증세｜귀하신몸｜#골라듄다큐,https://www.youtube.com/watch?v=hxJJJajBVFU,"2번째 사람은 치킨, 베라, 파스타를 동시에 시킬 수 있는 저 자본력이 부럽네…"
숏폼,정신 차려 보니 숏폼만 5시간 봤다? 무의식적으로 숏폼 보는 습관이 내 뇌 건강에 치명적인 이유｜즉각적인 보상에 중독된 현대인의 도파민 중독 증세｜귀하신몸｜#골라듄다큐,https://www.youtube.com/watch?v=hxJJJajBVFU,"<a href=""https://www.youtube.com/watch?v=hxJJJajBVFU&amp;t=858"">14:18</a><br><a href=""https://www.youtube.com/watch?v=hxJJJajBVFU&amp;t=1059"">17:39</a><br><a href=""https://www.youtube.com/watch?v=hxJJJajBVFU&amp;t=1239"">20:39</a><br><a href=""https://www.youtube.com/watch?v=hxJJJajBVFU&amp;t=1301"">21:41</a>"
숏폼,정신 차려 보니 숏폼만 5시간 봤다? 무의식적으로 숏폼 보는 습관이 내 뇌 건강에 치명적인 이유｜즉각적인 보상에 중독된 현대인의 도파민 중독 증세｜귀하신몸｜#골라듄다큐,https://www.youtube.com/watch?v=hxJJJajBVFU,3분 내로 요약해달라고...
숏폼,정신 차려 보니 숏폼만 5시간 봤다? 무의식적으로 숏폼 보는 습관이 내 뇌 건강에 치명적인 이유｜즉각적인 보상에 중독된 현대인의 도파민 중독 증세｜귀하신몸｜#골라듄다큐,https://www.youtube.com/watch?v=hxJJJajBVFU,아 5초이상 못보겠다 하트눌러놓고 나중에 봐야지
숏폼,정신 차려 보니 숏폼만 5시간 봤다? 무의식적으로 숏폼 보는 습관이 내 뇌 건강에 치명적인 이유｜즉각적인 보상에 중독된 현대인의 도파민 중독 증세｜귀하신몸｜#골라듄다큐,https://www.youtube.com/watch?v=hxJJJajBVFU,"우리가 <br>동시대를 살아기니까<br>공감은 <br>잘 되는 것 같다<br><br>그것은<br>외국인에게 비춰진 한류 문화처럼~,<br>중독성을 가지는 것은 <br>사실이다<br><br>그런데~,<br>짜증이 난다는 것에<br>우리는 주목할 필요가 있다<br><br>살아가면서 만나는 <br>수 많은 중독들을<br>생각해 보면~,<br><br>나름대로는<br>다들 이유가 있을 것인데~,<br><br>무엇보다<br>우울감이라고 해야 할 것이다<br><br>과거에는<br>술과 음식과 후식이나 커피 등을<br>함께하면서<br>수다라도 떠는 것이<br><br>그나마<br>우울한 하루를 버티는<br>버팀목이었던 것 같다<br><br>가족도 거부하고<br>친구도 거부하고<br>1인 가구의 추세에서<br><br>그나마<br>술자리나 커피 자리처럼~,<br>싸구려 광고성 정보이기는 하지만~,<br><br>그나마 <br>싸구려 커피를 마시는 현대인들에게<br>소통의 공간이 된다<br><br>과거에도<br>직접 대면으로 <br>소통할 수 있는 시간들이<br>많았지만~,<br><br>소통을 방해하는 것들로<br>가득찬 세상에서<br>소통을 거부하는 방법인<br>히키코모리에 이어서<br>1인 가구가 대세인 사회에서<br><br>그나마<br>우리가 동시대를 살아간다는 것을<br>느낄 수 있는<br>유일한 공간이 <br>되어가고 있다는 것이다<br><br>유튜브를 보다보면~,<br>다양한 목적의 동영상들이<br>너무 싸구려라서<br>짜증이 나기는 하지만~,<br><br>위선과 가식의<br>소시오패스 악마를 기르는<br>싸구려 서울대 수준이니~,<br>조용하게 살고싶은<br>히키코모리에게는<br>유일한 안식처라고 할 것이다<br><br>중요한 것은<br>우리가 스스로 조절할 수 있는<br>제어 관리 능력이 <br>있냐는 것인데~,<br><br>직장에 다닐 때에는<br>커피 카페인 섭취가<br>삶의 버팀목이었다<br><br>멍한 수면 상태를 <br>깨우는 카페인 성분이<br>바짝 긴장새야 하는 <br>직장 생활에서<br>영양제처럼 작용하기도 하지만~,<br><br>무엇보다도<br>바쁜 직장 생활에<br>아주 짧지만~,<br>커피를 마시는 시간의 여유를<br>즐긴다고 해야 할 것이다<br><br>60살 환갑이라는<br>노년을 향하는 나이가 되고보니~,<br>인간의 시간이<br>생각보다 <br>짧기도 하고<br>길기도 하다<br><br>젊은 날의 시간은 짧고<br>노쇠한 노인의 시간은<br>길어지고 있다는 것이다<br><br>그래서<br>어떻게든<br>일할 기회를 갖고자 <br>노력하시는 늙은 부모님의 마음이<br>이해가 된다<br><br>늙어서도<br>악착같이 돈을 버는 일은<br>자신을 <br>건강하게 돌보는 <br>한 방법인 것 같다<br><br>스스로의 삶에 대한 만족감은<br>내가 이 사회에<br>얼마나 쓸모있는 사람인지를<br>확인하는 데에세<br>가능하다<br><br>그래서<br>돈의 많고 적음을 떠나서<br>근로의 기회란<br>증요한 것이다<br><br>물론 <br>근로의 대가가<br>정당한 것이고<br><br>워라밸도 가능한 것이어야 한다<br><br>왜냐면~,<br>평생을 일만 하며 고생하다가<br>늙고 <br>초라하게 죽어가는 <br>부모님 세대를 보면서<br><br>그렇게 살지는 않겠다고<br>다짐하고<br>반힝하는 방법이 <br>히키코모리이고<br>비혼주의 이거나<br>독신주의다<br><br>그런 극단적인 방법으로는<br>아무 것도 배우기 힘들지만~,<br>죽거나 <br>병원에 누워 있는 것보다는<br>낫다고 할 것이다<br><br>문제는<br>부모 되기를 포기하고<br>공멸의 보복을<br>꿈 꾼다는 것이다<br><br>문제 해결은<br>스스로를 컨트롤할 수 있는 능력이다<br><br>그나마 <br>돈 벌으라고<br>구독 좋아요도<br>누르기도 하지만<br>그것도 이내 시들해진다<br><br>밥벌이의 영속성은<br>언제나 없다<br><br>변화하는 시대의 흐름에 맞추어서<br>뒤떨어지기는 싫은<br>현대인들의 몸부림이라고 할 것이다"
숏폼,정신 차려 보니 숏폼만 5시간 봤다? 무의식적으로 숏폼 보는 습관이 내 뇌 건강에 치명적인 이유｜즉각적인 보상에 중독된 현대인의 도파민 중독 증세｜귀하신몸｜#골라듄다큐,https://www.youtube.com/watch?v=hxJJJajBVFU,숏폼 조차도 길어서 끊어지더라
숏폼,정신 차려 보니 숏폼만 5시간 봤다? 무의식적으로 숏폼 보는 습관이 내 뇌 건강에 치명적인 이유｜즉각적인 보상에 중독된 현대인의 도파민 중독 증세｜귀하신몸｜#골라듄다큐,https://www.youtube.com/watch?v=hxJJJajBVFU,30분짜리 영상임에도 겁나 건너뛰기하면서 보네ㅠ
숏폼,정신 차려 보니 숏폼만 5시간 봤다? 무의식적으로 숏폼 보는 습관이 내 뇌 건강에 치명적인 이유｜즉각적인 보상에 중독된 현대인의 도파민 중독 증세｜귀하신몸｜#골라듄다큐,https://www.youtube.com/watch?v=hxJJJajBVFU,그래서 고치는 습관이 뭔데 영상키자마자 댓 켰는데 요약해놓은 댓글이 없네
숏드,【완결】결혼 전 자신이 10년 사귀던 남친의 첫사랑 대신품이었다는 사실을 알게 된 그녀는 싫어하던 소꿉친구와 결혼했다. 알고 보니 그가 그녀를 사랑하게 하려고 온갖 궁리를 다했다!,https://www.youtube.com/watch?v=vA6Uhzk66xI,위멍룡 노래 맞죠?<br>갑자기 가슴이  울컥했네요<br>드라마보다  노래가 너무  짧네요~
숏드,【완결】결혼 전 자신이 10년 사귀던 남친의 첫사랑 대신품이었다는 사실을 알게 된 그녀는 싫어하던 소꿉친구와 결혼했다. 알고 보니 그가 그녀를 사랑하게 하려고 온갖 궁리를 다했다!,https://www.youtube.com/watch?v=vA6Uhzk66xI,남주 의붓남매로 나오는 작품있는데 넘 잘봤어요  연기도 좋고  ~
숏드,【완결】결혼 전 자신이 10년 사귀던 남친의 첫사랑 대신품이었다는 사실을 알게 된 그녀는 싫어하던 소꿉친구와 결혼했다. 알고 보니 그가 그녀를 사랑하게 하려고 온갖 궁리를 다했다!,https://www.youtube.com/watch?v=vA6Uhzk66xI,극단적인 치정극도 아니고 복수극도 아니어서 좋네... 딱 적당한 작품.
숏드,【완결】결혼 전 자신이 10년 사귀던 남친의 첫사랑 대신품이었다는 사실을 알게 된 그녀는 싫어하던 소꿉친구와 결혼했다. 알고 보니 그가 그녀를 사랑하게 하려고 온갖 궁리를 다했다!,https://www.youtube.com/watch?v=vA6Uhzk66xI,남주잘생기고  여주귀엽당❤❤❤❤남주 눈물연기에 같이  울어봅니다  연기잘한다  너무슬프다
숏드,【완결】결혼 전 자신이 10년 사귀던 남친의 첫사랑 대신품이었다는 사실을 알게 된 그녀는 싫어하던 소꿉친구와 결혼했다. 알고 보니 그가 그녀를 사랑하게 하려고 온갖 궁리를 다했다!,https://www.youtube.com/watch?v=vA6Uhzk66xI,몰라몰라 ~남주얼굴에 시청각ㅋ😊
숏드,【완결】결혼 전 자신이 10년 사귀던 남친의 첫사랑 대신품이었다는 사실을 알게 된 그녀는 싫어하던 소꿉친구와 결혼했다. 알고 보니 그가 그녀를 사랑하게 하려고 온갖 궁리를 다했다!,https://www.youtube.com/watch?v=vA6Uhzk66xI,언어는 중국언데 왜 한국이라는건지..
숏드,【완결】결혼 전 자신이 10년 사귀던 남친의 첫사랑 대신품이었다는 사실을 알게 된 그녀는 싫어하던 소꿉친구와 결혼했다. 알고 보니 그가 그녀를 사랑하게 하려고 온갖 궁리를 다했다!,https://www.youtube.com/watch?v=vA6Uhzk66xI,달아래흑기사(월색불만) 또 다른  버젼..<br>그때 지금 샤오웨이역을 맡은 초문우보고 와 잘생겼다했는데 샤오웨이 절대 안 뒤짐..<br>샤오웨이 연기 잘함..
숏드,【완결】결혼 전 자신이 10년 사귀던 남친의 첫사랑 대신품이었다는 사실을 알게 된 그녀는 싫어하던 소꿉친구와 결혼했다. 알고 보니 그가 그녀를 사랑하게 하려고 온갖 궁리를 다했다!,https://www.youtube.com/watch?v=vA6Uhzk66xI,남주 황인엽 닮음<br>남녀 비주얼도 좋고 연기도 좋아요 <br>같은 스토리 다른 배우껄 봤는데 전 이 버전이 더 좋네요~^^<br>추천 합니다 ❤
숏드,【완결】결혼 전 자신이 10년 사귀던 남친의 첫사랑 대신품이었다는 사실을 알게 된 그녀는 싫어하던 소꿉친구와 결혼했다. 알고 보니 그가 그녀를 사랑하게 하려고 온갖 궁리를 다했다!,https://www.youtube.com/watch?v=vA6Uhzk66xI,드라마가 너무 재밌어서 멈출 수가 없어요 😍✨
숏드,【완결】결혼 전 자신이 10년 사귀던 남친의 첫사랑 대신품이었다는 사실을 알게 된 그녀는 싫어하던 소꿉친구와 결혼했다. 알고 보니 그가 그녀를 사랑하게 하려고 온갖 궁리를 다했다!,https://www.youtube.com/watch?v=vA6Uhzk66xI,여주는 남주 동생이랑 사귈라고 남주 힘들때 쌩깐 여자고 친구는 힘들때 동거동락 하면서 회사도 성공 시켰는데 버리고 여주 결혼까지 계략으로 깨버리고 차지함 남주 완전 개새끼네ㅋㅋㅋ
숏드,【완결】결혼 전 자신이 10년 사귀던 남친의 첫사랑 대신품이었다는 사실을 알게 된 그녀는 싫어하던 소꿉친구와 결혼했다. 알고 보니 그가 그녀를 사랑하게 하려고 온갖 궁리를 다했다!,https://www.youtube.com/watch?v=vA6Uhzk66xI,남주 너무 어린데… 만날 총재들만 보다 소년미 넘치는 남주보니 새롭네. ^^
숏드,【완결】결혼 전 자신이 10년 사귀던 남친의 첫사랑 대신품이었다는 사실을 알게 된 그녀는 싫어하던 소꿉친구와 결혼했다. 알고 보니 그가 그녀를 사랑하게 하려고 온갖 궁리를 다했다!,https://www.youtube.com/watch?v=vA6Uhzk66xI,여주 친구 행동 보고 끔... 저게 뭔 친구야😅
숏드,【완결】결혼 전 자신이 10년 사귀던 남친의 첫사랑 대신품이었다는 사실을 알게 된 그녀는 싫어하던 소꿉친구와 결혼했다. 알고 보니 그가 그녀를 사랑하게 하려고 온갖 궁리를 다했다!,https://www.youtube.com/watch?v=vA6Uhzk66xI,남주들이 옛된 소년들 같아요.
숏드,【완결】결혼 전 자신이 10년 사귀던 남친의 첫사랑 대신품이었다는 사실을 알게 된 그녀는 싫어하던 소꿉친구와 결혼했다. 알고 보니 그가 그녀를 사랑하게 하려고 온갖 궁리를 다했다!,https://www.youtube.com/watch?v=vA6Uhzk66xI,중드는 진짜  두루뭉실하게  돌려서 말하는게  문제야~  좋아 하면  표현을 하면 대지  결혼도 했는데  오해 살일을  왜  하는거야 😡😡😡
숏드,【완결】결혼 전 자신이 10년 사귀던 남친의 첫사랑 대신품이었다는 사실을 알게 된 그녀는 싫어하던 소꿉친구와 결혼했다. 알고 보니 그가 그녀를 사랑하게 하려고 온갖 궁리를 다했다!,https://www.youtube.com/watch?v=vA6Uhzk66xI,정의 ⚖️ 정의 ⚖️ 정의 ⚖️ <br>노래가 위멍롱님 위한 정의를 실천하여 주세요 🙏🙏🙏🙏🙏🙏🙏🙏🙏🤍🤍🤍🤍🤍<br>드라마 잘 보고 있어요 <br>드라마에 수고하신 모든분들께 감사합니다 💝💝💝💝💝💝💝💝💝🌸🌸🌸🌸
숏드,【완결】결혼 전 자신이 10년 사귀던 남친의 첫사랑 대신품이었다는 사실을 알게 된 그녀는 싫어하던 소꿉친구와 결혼했다. 알고 보니 그가 그녀를 사랑하게 하려고 온갖 궁리를 다했다!,https://www.youtube.com/watch?v=vA6Uhzk66xI,남주 코 이쁘다…
숏드,【완결】결혼 전 자신이 10년 사귀던 남친의 첫사랑 대신품이었다는 사실을 알게 된 그녀는 싫어하던 소꿉친구와 결혼했다. 알고 보니 그가 그녀를 사랑하게 하려고 온갖 궁리를 다했다!,https://www.youtube.com/watch?v=vA6Uhzk66xI,왜 중국이 한국이 된거지? 번역 누구니.
숏드,【완결】결혼 전 자신이 10년 사귀던 남친의 첫사랑 대신품이었다는 사실을 알게 된 그녀는 싫어하던 소꿉친구와 결혼했다. 알고 보니 그가 그녀를 사랑하게 하려고 온갖 궁리를 다했다!,https://www.youtube.com/watch?v=vA6Uhzk66xI,음
숏드,【완결】결혼 전 자신이 10년 사귀던 남친의 첫사랑 대신품이었다는 사실을 알게 된 그녀는 싫어하던 소꿉친구와 결혼했다. 알고 보니 그가 그녀를 사랑하게 하려고 온갖 궁리를 다했다!,https://www.youtube.com/watch?v=vA6Uhzk66xI,"<a href=""https://www.youtube.com/watch?v=vA6Uhzk66xI&amp;t=9735"">2:42:15</a> 여기서부터 이남자 연기좀보세요 여러분 <br>진!!!!!!!짜 못해요"
숏드,【완결】결혼 전 자신이 10년 사귀던 남친의 첫사랑 대신품이었다는 사실을 알게 된 그녀는 싫어하던 소꿉친구와 결혼했다. 알고 보니 그가 그녀를 사랑하게 하려고 온갖 궁리를 다했다!,https://www.youtube.com/watch?v=vA6Uhzk66xI,"<a href=""https://www.youtube.com/watch?v=vA6Uhzk66xI&amp;t=8314"">2:18:34</a> 뭐고 이여자 프로듀스48에 나온 엄청 한국아이돌로 데뷔에 진심이던 중국인 아님? 중국 돌아가서도 한국아이돌춤 엄청 추고 이분부자이잖음 집이 무슨 궁궐같던데 으리으리하더라"
숏드,【완결】결혼 전 자신이 10년 사귀던 남친의 첫사랑 대신품이었다는 사실을 알게 된 그녀는 싫어하던 소꿉친구와 결혼했다. 알고 보니 그가 그녀를 사랑하게 하려고 온갖 궁리를 다했다!,https://www.youtube.com/watch?v=vA6Uhzk66xI,어린때 가정푹력에 걲게 되는것는 어른이 못난서 푹력을 쓴것같다 아버지도 양엄마가<br>뿌리만큼 천벌받게 되기길~~
숏드,【완결】결혼 전 자신이 10년 사귀던 남친의 첫사랑 대신품이었다는 사실을 알게 된 그녀는 싫어하던 소꿉친구와 결혼했다. 알고 보니 그가 그녀를 사랑하게 하려고 온갖 궁리를 다했다!,https://www.youtube.com/watch?v=vA6Uhzk66xI,남주 넘 잘생겼다 넘 멋있쩌 어쩜 좋앙~~으잉~❤
숏드,【완결】결혼 전 자신이 10년 사귀던 남친의 첫사랑 대신품이었다는 사실을 알게 된 그녀는 싫어하던 소꿉친구와 결혼했다. 알고 보니 그가 그녀를 사랑하게 하려고 온갖 궁리를 다했다!,https://www.youtube.com/watch?v=vA6Uhzk66xI,눈물연기 개쩌네~~ 구동매닮기도했고..😅🎉
숏드,【완결】결혼 전 자신이 10년 사귀던 남친의 첫사랑 대신품이었다는 사실을 알게 된 그녀는 싫어하던 소꿉친구와 결혼했다. 알고 보니 그가 그녀를 사랑하게 하려고 온갖 궁리를 다했다!,https://www.youtube.com/watch?v=vA6Uhzk66xI,전 남친 머리 넘큼 가분수
숏드,【완결】결혼 전 자신이 10년 사귀던 남친의 첫사랑 대신품이었다는 사실을 알게 된 그녀는 싫어하던 소꿉친구와 결혼했다. 알고 보니 그가 그녀를 사랑하게 하려고 온갖 궁리를 다했다!,https://www.youtube.com/watch?v=vA6Uhzk66xI,샤오위 무쌍눈 매력 짱!!!
숏드,【완결】결혼 전 자신이 10년 사귀던 남친의 첫사랑 대신품이었다는 사실을 알게 된 그녀는 싫어하던 소꿉친구와 결혼했다. 알고 보니 그가 그녀를 사랑하게 하려고 온갖 궁리를 다했다!,https://www.youtube.com/watch?v=vA6Uhzk66xI,남주 다른 작품도 보고 싶다 생긴거 취향
숏드,【완결】결혼 전 자신이 10년 사귀던 남친의 첫사랑 대신품이었다는 사실을 알게 된 그녀는 싫어하던 소꿉친구와 결혼했다. 알고 보니 그가 그녀를 사랑하게 하려고 온갖 궁리를 다했다!,https://www.youtube.com/watch?v=vA6Uhzk66xI,곽선생타해천도재구명분<br>소외 샤오웨이<br>주소설 주샤오쉬에
숏드,【완결】결혼 전 자신이 10년 사귀던 남친의 첫사랑 대신품이었다는 사실을 알게 된 그녀는 싫어하던 소꿉친구와 결혼했다. 알고 보니 그가 그녀를 사랑하게 하려고 온갖 궁리를 다했다!,https://www.youtube.com/watch?v=vA6Uhzk66xI,남주 벌크업한 안재현 같네
숏드,【완결】결혼 전 자신이 10년 사귀던 남친의 첫사랑 대신품이었다는 사실을 알게 된 그녀는 싫어하던 소꿉친구와 결혼했다. 알고 보니 그가 그녀를 사랑하게 하려고 온갖 궁리를 다했다!,https://www.youtube.com/watch?v=vA6Uhzk66xI,이 남주 추샤랑찍은편 봤는데 남주 멋졌음 여주는 별루였지만. 추샤는 은근히남주복이 있는듯 연기력에비해
숏드,【완결】결혼 전 자신이 10년 사귀던 남친의 첫사랑 대신품이었다는 사실을 알게 된 그녀는 싫어하던 소꿉친구와 결혼했다. 알고 보니 그가 그녀를 사랑하게 하려고 온갖 궁리를 다했다!,https://www.youtube.com/watch?v=vA6Uhzk66xI,남주 여주 멋지당<br>❤❤❤
숏드,【완결】결혼 전 자신이 10년 사귀던 남친의 첫사랑 대신품이었다는 사실을 알게 된 그녀는 싫어하던 소꿉친구와 결혼했다. 알고 보니 그가 그녀를 사랑하게 하려고 온갖 궁리를 다했다!,https://www.youtube.com/watch?v=vA6Uhzk66xI,Happy
숏드,【완결】결혼 전 자신이 10년 사귀던 남친의 첫사랑 대신품이었다는 사실을 알게 된 그녀는 싫어하던 소꿉친구와 결혼했다. 알고 보니 그가 그녀를 사랑하게 하려고 온갖 궁리를 다했다!,https://www.youtube.com/watch?v=vA6Uhzk66xI,저렇게 답답한 남자랑 살다간 암걸려 죽겠네<br>서로 사랑하는 사인데 속얘기를 타인한테 들어야한다는게 말이되나<br>츤데레도 적당히 해야지
숏드,【완결】결혼 전 자신이 10년 사귀던 남친의 첫사랑 대신품이었다는 사실을 알게 된 그녀는 싫어하던 소꿉친구와 결혼했다. 알고 보니 그가 그녀를 사랑하게 하려고 온갖 궁리를 다했다!,https://www.youtube.com/watch?v=vA6Uhzk66xI,선남선녀구만..
숏드,【완결】결혼 전 자신이 10년 사귀던 남친의 첫사랑 대신품이었다는 사실을 알게 된 그녀는 싫어하던 소꿉친구와 결혼했다. 알고 보니 그가 그녀를 사랑하게 하려고 온갖 궁리를 다했다!,https://www.youtube.com/watch?v=vA6Uhzk66xI,눈매가 기석이 닮았군… 어디선가 본듯한데 누구지 누구지 했는데 … ㅋㅋㅋ
숏드,【완결】결혼 전 자신이 10년 사귀던 남친의 첫사랑 대신품이었다는 사실을 알게 된 그녀는 싫어하던 소꿉친구와 결혼했다. 알고 보니 그가 그녀를 사랑하게 하려고 온갖 궁리를 다했다!,https://www.youtube.com/watch?v=vA6Uhzk66xI,남주 살짝쿵 증휘가<br>보인다 ~나만 그런가?
숏드,【완결】결혼 전 자신이 10년 사귀던 남친의 첫사랑 대신품이었다는 사실을 알게 된 그녀는 싫어하던 소꿉친구와 결혼했다. 알고 보니 그가 그녀를 사랑하게 하려고 온갖 궁리를 다했다!,https://www.youtube.com/watch?v=vA6Uhzk66xI,샤오웨이 잘 생겼는데 비율이 안 좋은건지 키가 작아보임😢
숏드,【완결】결혼 전 자신이 10년 사귀던 남친의 첫사랑 대신품이었다는 사실을 알게 된 그녀는 싫어하던 소꿉친구와 결혼했다. 알고 보니 그가 그녀를 사랑하게 하려고 온갖 궁리를 다했다!,https://www.youtube.com/watch?v=vA6Uhzk66xI,남주 배우 이름이 뭔지...<br>올만에 멋진 남주라 호감상승중
숏드,【완결】결혼 전 자신이 10년 사귀던 남친의 첫사랑 대신품이었다는 사실을 알게 된 그녀는 싫어하던 소꿉친구와 결혼했다. 알고 보니 그가 그녀를 사랑하게 하려고 온갖 궁리를 다했다!,https://www.youtube.com/watch?v=vA6Uhzk66xI,앜 어서 봤나 했더니 연하남편 남주였구나 ㅋㅋㅋ
숏드,【완결】결혼 전 자신이 10년 사귀던 남친의 첫사랑 대신품이었다는 사실을 알게 된 그녀는 싫어하던 소꿉친구와 결혼했다. 알고 보니 그가 그녀를 사랑하게 하려고 온갖 궁리를 다했다!,https://www.youtube.com/watch?v=vA6Uhzk66xI,드라마가 고구마구간없이 좋다.
숏드,【완결】결혼 전 자신이 10년 사귀던 남친의 첫사랑 대신품이었다는 사실을 알게 된 그녀는 싫어하던 소꿉친구와 결혼했다. 알고 보니 그가 그녀를 사랑하게 하려고 온갖 궁리를 다했다!,https://www.youtube.com/watch?v=vA6Uhzk66xI,유리병에 뜨거운 물이라..ㅋㅋㅋㅋ
숏드,【완결】결혼 전 자신이 10년 사귀던 남친의 첫사랑 대신품이었다는 사실을 알게 된 그녀는 싫어하던 소꿉친구와 결혼했다. 알고 보니 그가 그녀를 사랑하게 하려고 온갖 궁리를 다했다!,https://www.youtube.com/watch?v=vA6Uhzk66xI,여주는 일상복이 없네.....드레스만
숏드,【완결】결혼 전 자신이 10년 사귀던 남친의 첫사랑 대신품이었다는 사실을 알게 된 그녀는 싫어하던 소꿉친구와 결혼했다. 알고 보니 그가 그녀를 사랑하게 하려고 온갖 궁리를 다했다!,https://www.youtube.com/watch?v=vA6Uhzk66xI,너무 풋풋 재미져요ㅜㅜ
숏드,【완결】결혼 전 자신이 10년 사귀던 남친의 첫사랑 대신품이었다는 사실을 알게 된 그녀는 싫어하던 소꿉친구와 결혼했다. 알고 보니 그가 그녀를 사랑하게 하려고 온갖 궁리를 다했다!,https://www.youtube.com/watch?v=vA6Uhzk66xI,다른곳에 나온것 봤는데 내용같은거네요
숏드,【완결】결혼 전 자신이 10년 사귀던 남친의 첫사랑 대신품이었다는 사실을 알게 된 그녀는 싫어하던 소꿉친구와 결혼했다. 알고 보니 그가 그녀를 사랑하게 하려고 온갖 궁리를 다했다!,https://www.youtube.com/watch?v=vA6Uhzk66xI,거지같은 bgm때메 집중이 안되고 못보겟네
숏드,【완결】결혼 전 자신이 10년 사귀던 남친의 첫사랑 대신품이었다는 사실을 알게 된 그녀는 싫어하던 소꿉친구와 결혼했다. 알고 보니 그가 그녀를 사랑하게 하려고 온갖 궁리를 다했다!,https://www.youtube.com/watch?v=vA6Uhzk66xI,이거 다른 배우 버전도 남주가 매력 쩌는데 이 작품은 남주를 찰떡인 배우들을 잘 데려다 찍네
숏드,【완결】결혼 전 자신이 10년 사귀던 남친의 첫사랑 대신품이었다는 사실을 알게 된 그녀는 싫어하던 소꿉친구와 결혼했다. 알고 보니 그가 그녀를 사랑하게 하려고 온갖 궁리를 다했다!,https://www.youtube.com/watch?v=vA6Uhzk66xI,다른배우 버전도 있었군요!!😮😮
숏드,【완결】결혼 전 자신이 10년 사귀던 남친의 첫사랑 대신품이었다는 사실을 알게 된 그녀는 싫어하던 소꿉친구와 결혼했다. 알고 보니 그가 그녀를 사랑하게 하려고 온갖 궁리를 다했다!,https://www.youtube.com/watch?v=vA6Uhzk66xI,여주랑 여주 엄마랑 얼굴이 거의 또래 얼굴이네..
숏드,【완결】결혼 전 자신이 10년 사귀던 남친의 첫사랑 대신품이었다는 사실을 알게 된 그녀는 싫어하던 소꿉친구와 결혼했다. 알고 보니 그가 그녀를 사랑하게 하려고 온갖 궁리를 다했다!,https://www.youtube.com/watch?v=vA6Uhzk66xI,근데 여사친이 폰만 본다고 폰가져가는데 고대로 뺏기는 거 이해 안되는거 나만 그래? 와이프랑 연락중이었자나ㅋㅋ
숏드,【완결】결혼 전 자신이 10년 사귀던 남친의 첫사랑 대신품이었다는 사실을 알게 된 그녀는 싫어하던 소꿉친구와 결혼했다. 알고 보니 그가 그녀를 사랑하게 하려고 온갖 궁리를 다했다!,https://www.youtube.com/watch?v=vA6Uhzk66xI,남주 이름이 혹시 다른 드라마 도있을지요 남주 드라마요?
숏드,【완결】결혼 전 자신이 10년 사귀던 남친의 첫사랑 대신품이었다는 사실을 알게 된 그녀는 싫어하던 소꿉친구와 결혼했다. 알고 보니 그가 그녀를 사랑하게 하려고 온갖 궁리를 다했다!,https://www.youtube.com/watch?v=vA6Uhzk66xI,여주 친구 눈치챙겨..😢
숏드,【완결】결혼 전 자신이 10년 사귀던 남친의 첫사랑 대신품이었다는 사실을 알게 된 그녀는 싫어하던 소꿉친구와 결혼했다. 알고 보니 그가 그녀를 사랑하게 하려고 온갖 궁리를 다했다!,https://www.youtube.com/watch?v=vA6Uhzk66xI,번역이 자연스럽네. 비주얼 되는 주연들이 나오니 눈은 즐겁구낭~ 최근에 샤오웨이가 뜨는건지  한달새 작품을 많이 보게되네 ㅎㅎ 그전엔 왜 못봤나싶게시리 😊<br><br><br>샤오웨이도 눈물연기 잘하네. 커춘이 다음으로 짠하네😢
숏드,【완결】결혼 전 자신이 10년 사귀던 남친의 첫사랑 대신품이었다는 사실을 알게 된 그녀는 싫어하던 소꿉친구와 결혼했다. 알고 보니 그가 그녀를 사랑하게 하려고 온갖 궁리를 다했다!,https://www.youtube.com/watch?v=vA6Uhzk66xI,이것들이 한국을 탐내나 이름도 한국이름 😢
숏드,【완결】결혼 전 자신이 10년 사귀던 남친의 첫사랑 대신품이었다는 사실을 알게 된 그녀는 싫어하던 소꿉친구와 결혼했다. 알고 보니 그가 그녀를 사랑하게 하려고 온갖 궁리를 다했다!,https://www.youtube.com/watch?v=vA6Uhzk66xI,역시..  남여 주연배우가 이쁘니까 좋네용~~
숏드,【완결】결혼 전 자신이 10년 사귀던 남친의 첫사랑 대신품이었다는 사실을 알게 된 그녀는 싫어하던 소꿉친구와 결혼했다. 알고 보니 그가 그녀를 사랑하게 하려고 온갖 궁리를 다했다!,https://www.youtube.com/watch?v=vA6Uhzk66xI,여주는 유니크하게 생겼는데 표정연기가 단조로움…
숏드,【완결】결혼 전 자신이 10년 사귀던 남친의 첫사랑 대신품이었다는 사실을 알게 된 그녀는 싫어하던 소꿉친구와 결혼했다. 알고 보니 그가 그녀를 사랑하게 하려고 온갖 궁리를 다했다!,https://www.youtube.com/watch?v=vA6Uhzk66xI,"남배우 처음보는 얼굴인데,<br>연기 정말 잘 하네요<br>얼굴에 귀여움이랑 <br>날카로운 느낌이랑 다 있음<br>남자가 우는데 예쁘게 운다는게 이런거군요<br>자막번역도 괜찮고 내용도 괜찮고<br>잘 봤어요^^"
숏드,【완결】결혼 전 자신이 10년 사귀던 남친의 첫사랑 대신품이었다는 사실을 알게 된 그녀는 싫어하던 소꿉친구와 결혼했다. 알고 보니 그가 그녀를 사랑하게 하려고 온갖 궁리를 다했다!,https://www.youtube.com/watch?v=vA6Uhzk66xI,남주연기가 너무 섹시햌ㅋㅋㅋㅋㅋㅋㅋ
숏드,【완결】결혼 전 자신이 10년 사귀던 남친의 첫사랑 대신품이었다는 사실을 알게 된 그녀는 싫어하던 소꿉친구와 결혼했다. 알고 보니 그가 그녀를 사랑하게 하려고 온갖 궁리를 다했다!,https://www.youtube.com/watch?v=vA6Uhzk66xI,남배우 처음보는데 잘 생겼네요. 이름이 뭘까요? 울 때 이쁨
숏드,【완결】결혼 전 자신이 10년 사귀던 남친의 첫사랑 대신품이었다는 사실을 알게 된 그녀는 싫어하던 소꿉친구와 결혼했다. 알고 보니 그가 그녀를 사랑하게 하려고 온갖 궁리를 다했다!,https://www.youtube.com/watch?v=vA6Uhzk66xI,중드에 한국이름 쓰는거도 불편한데 ost까지 한국어라니…😅
숏드,【완결】결혼 전 자신이 10년 사귀던 남친의 첫사랑 대신품이었다는 사실을 알게 된 그녀는 싫어하던 소꿉친구와 결혼했다. 알고 보니 그가 그녀를 사랑하게 하려고 온갖 궁리를 다했다!,https://www.youtube.com/watch?v=vA6Uhzk66xI,남주 처음보는 얼굴인데 눈물 연기 오짐.여주는 여러편을 찍었는데도 희노애락이  여전히 한가지 표정. 어차피 대사는 더빙
숏드,【완결】결혼 전 자신이 10년 사귀던 남친의 첫사랑 대신품이었다는 사실을 알게 된 그녀는 싫어하던 소꿉친구와 결혼했다. 알고 보니 그가 그녀를 사랑하게 하려고 온갖 궁리를 다했다!,https://www.youtube.com/watch?v=vA6Uhzk66xI,남주는 소위 邵巍 샤오웨이ShaoWei 일까요?
숏드,【완결】결혼 전 자신이 10년 사귀던 남친의 첫사랑 대신품이었다는 사실을 알게 된 그녀는 싫어하던 소꿉친구와 결혼했다. 알고 보니 그가 그녀를 사랑하게 하려고 온갖 궁리를 다했다!,https://www.youtube.com/watch?v=vA6Uhzk66xI,"나만 늪에 빠질 순 없다. 보만(步晚, Bu Wan) 곽수(霍随, Huo Sui)<br> 1. 월색불만(月色不晚, Moonlight Remains Gentle) - 초문우(肖文宇, Xiao Wen Yu) / 등령추(邓灵枢, Deng Ling Shu)<br> 2. 곽선생타매천도재구명분(霍先生他每天都在求名分) - 주소설(朱小雪, Zhu Xiao Xue) / 소외(邵巍, Shao Wei)"
숏드,【완결】결혼 전 자신이 10년 사귀던 남친의 첫사랑 대신품이었다는 사실을 알게 된 그녀는 싫어하던 소꿉친구와 결혼했다. 알고 보니 그가 그녀를 사랑하게 하려고 온갖 궁리를 다했다!,https://www.youtube.com/watch?v=vA6Uhzk66xI,"곽선생타매천도재구명분(霍先生他每天都在求名分) - 주소설(朱小雪, Zhu Xiao Xue) / 소외(邵巍, Shao Wei)<br> - 보만(步晚, Bu Wan):주소설(朱小雪, Zhu Xiao Xue)<br> - 곽수(霍随, Huo Sui):소외(邵巍, Shao Wei)<br> - 곽명희(霍明熙, Huo Ming Xi):정천기(郑天奇, Zheng Tian Qi)<br> - 어린 보만童年步晚:양심이(杨梣怡, Yang Cen Yi)<br> - 육서지陆屿知:신천(宸天, Chen Tian). 곽수 친구.<br> - 곽부霍父:효양(枭阳, Xiao Yang)<br> - 교미乔薇:일기(一几, Yi Ji). 보만 친구.<br> - 소형关馨:서도몽(徐道梦, Xu Dao Ment)"
숏드,【완결】결혼 전 자신이 10년 사귀던 남친의 첫사랑 대신품이었다는 사실을 알게 된 그녀는 싫어하던 소꿉친구와 결혼했다. 알고 보니 그가 그녀를 사랑하게 하려고 온갖 궁리를 다했다!,https://www.youtube.com/watch?v=vA6Uhzk66xI,여주엄마역 하는분과 여주분 진짜 닮았다
숏드,【완결】결혼 전 자신이 10년 사귀던 남친의 첫사랑 대신품이었다는 사실을 알게 된 그녀는 싫어하던 소꿉친구와 결혼했다. 알고 보니 그가 그녀를 사랑하게 하려고 온갖 궁리를 다했다!,https://www.youtube.com/watch?v=vA6Uhzk66xI,"전개가 익숙한데? 했더니, 이거 초문우 배우 나왔던 [달 아래 흑기사(월색불만月色不晚)] 고거랑 같은 거였군,"
숏드,【완결】결혼 전 자신이 10년 사귀던 남친의 첫사랑 대신품이었다는 사실을 알게 된 그녀는 싫어하던 소꿉친구와 결혼했다. 알고 보니 그가 그녀를 사랑하게 하려고 온갖 궁리를 다했다!,https://www.youtube.com/watch?v=vA6Uhzk66xI,황인엽씨 느낌.
숏드,【완결】결혼 전 자신이 10년 사귀던 남친의 첫사랑 대신품이었다는 사실을 알게 된 그녀는 싫어하던 소꿉친구와 결혼했다. 알고 보니 그가 그녀를 사랑하게 하려고 온갖 궁리를 다했다!,https://www.youtube.com/watch?v=vA6Uhzk66xI,전에 재미있게 봤어용...
숏드,【완결】결혼 전 자신이 10년 사귀던 남친의 첫사랑 대신품이었다는 사실을 알게 된 그녀는 싫어하던 소꿉친구와 결혼했다. 알고 보니 그가 그녀를 사랑하게 하려고 온갖 궁리를 다했다!,https://www.youtube.com/watch?v=vA6Uhzk66xI,남주 이름머에여?
숏드,【완결】결혼 전 자신이 10년 사귀던 남친의 첫사랑 대신품이었다는 사실을 알게 된 그녀는 싫어하던 소꿉친구와 결혼했다. 알고 보니 그가 그녀를 사랑하게 하려고 온갖 궁리를 다했다!,https://www.youtube.com/watch?v=vA6Uhzk66xI,좀 단백한 유연석 스타일 인듯
숏드,【완결】결혼 전 자신이 10년 사귀던 남친의 첫사랑 대신품이었다는 사실을 알게 된 그녀는 싫어하던 소꿉친구와 결혼했다. 알고 보니 그가 그녀를 사랑하게 하려고 온갖 궁리를 다했다!,https://www.youtube.com/watch?v=vA6Uhzk66xI,여주 이쁘네요<br>.누구인가요?
숏드,【완결】결혼 전 자신이 10년 사귀던 남친의 첫사랑 대신품이었다는 사실을 알게 된 그녀는 싫어하던 소꿉친구와 결혼했다. 알고 보니 그가 그녀를 사랑하게 하려고 온갖 궁리를 다했다!,https://www.youtube.com/watch?v=vA6Uhzk66xI,...
숏드,【완결】가족이 언니만 편애해 그녀의 약혼자마저 양보하게 했고 냉혈한 대표와 결혼했다.모두가 그녀가 버림받는 모습을 보려고 했지만 오직 그가 그녀를 보물처럼 총애하는 모습만을 봤다!,https://www.youtube.com/watch?v=ao8UTNJ0t-Q,이종석 닮았다
숏드,【완결】가족이 언니만 편애해 그녀의 약혼자마저 양보하게 했고 냉혈한 대표와 결혼했다.모두가 그녀가 버림받는 모습을 보려고 했지만 오직 그가 그녀를 보물처럼 총애하는 모습만을 봤다!,https://www.youtube.com/watch?v=ao8UTNJ0t-Q,남주 ai같이 비현실적으로  잘 생겼네.
숏드,【완결】가족이 언니만 편애해 그녀의 약혼자마저 양보하게 했고 냉혈한 대표와 결혼했다.모두가 그녀가 버림받는 모습을 보려고 했지만 오직 그가 그녀를 보물처럼 총애하는 모습만을 봤다!,https://www.youtube.com/watch?v=ao8UTNJ0t-Q,병약남주 퇴폐미 넘침
숏드,【완결】가족이 언니만 편애해 그녀의 약혼자마저 양보하게 했고 냉혈한 대표와 결혼했다.모두가 그녀가 버림받는 모습을 보려고 했지만 오직 그가 그녀를 보물처럼 총애하는 모습만을 봤다!,https://www.youtube.com/watch?v=ao8UTNJ0t-Q,ㅅㅂ 형 와꾸바리 살벌하다
숏드,【완결】가족이 언니만 편애해 그녀의 약혼자마저 양보하게 했고 냉혈한 대표와 결혼했다.모두가 그녀가 버림받는 모습을 보려고 했지만 오직 그가 그녀를 보물처럼 총애하는 모습만을 봤다!,https://www.youtube.com/watch?v=ao8UTNJ0t-Q,여주는  연기는 좋은대 <br>늘 가발착용이라  어색 ᆢ
숏드,【완결】가족이 언니만 편애해 그녀의 약혼자마저 양보하게 했고 냉혈한 대표와 결혼했다.모두가 그녀가 버림받는 모습을 보려고 했지만 오직 그가 그녀를 보물처럼 총애하는 모습만을 봤다!,https://www.youtube.com/watch?v=ao8UTNJ0t-Q,남주 집은? 사이다 없음?
숏드,【완결】가족이 언니만 편애해 그녀의 약혼자마저 양보하게 했고 냉혈한 대표와 결혼했다.모두가 그녀가 버림받는 모습을 보려고 했지만 오직 그가 그녀를 보물처럼 총애하는 모습만을 봤다!,https://www.youtube.com/watch?v=ao8UTNJ0t-Q,중드 본중 남주 외모도 스타일도 괜찮은 듯. 전부 스타일들이...
숏드,【완결】가족이 언니만 편애해 그녀의 약혼자마저 양보하게 했고 냉혈한 대표와 결혼했다.모두가 그녀가 버림받는 모습을 보려고 했지만 오직 그가 그녀를 보물처럼 총애하는 모습만을 봤다!,https://www.youtube.com/watch?v=ao8UTNJ0t-Q,숏폼 드라마는 주인공들 에게는 겁나 잔인하면서 악한 인간 쓰레기들 에게는 한없이 약해 ..   그냥 감옥가면 끝?  ㅋ
숏드,【완결】가족이 언니만 편애해 그녀의 약혼자마저 양보하게 했고 냉혈한 대표와 결혼했다.모두가 그녀가 버림받는 모습을 보려고 했지만 오직 그가 그녀를 보물처럼 총애하는 모습만을 봤다!,https://www.youtube.com/watch?v=ao8UTNJ0t-Q,내용은 모르겠고 남주 얼굴만 보임ㅋㅋ
숏드,【완결】가족이 언니만 편애해 그녀의 약혼자마저 양보하게 했고 냉혈한 대표와 결혼했다.모두가 그녀가 버림받는 모습을 보려고 했지만 오직 그가 그녀를 보물처럼 총애하는 모습만을 봤다!,https://www.youtube.com/watch?v=ao8UTNJ0t-Q,"<a href=""https://www.youtube.com/watch?v=ao8UTNJ0t-Q&amp;t=1190"">19:50</a> 손 다친거지 다리 다친게 아니자나 ㅋㅋㅋㅋㅋ"
숏드,【완결】가족이 언니만 편애해 그녀의 약혼자마저 양보하게 했고 냉혈한 대표와 결혼했다.모두가 그녀가 버림받는 모습을 보려고 했지만 오직 그가 그녀를 보물처럼 총애하는 모습만을 봤다!,https://www.youtube.com/watch?v=ao8UTNJ0t-Q,형을 주워온거야 <br>동생을 주워 온거야?.....
숏드,【완결】가족이 언니만 편애해 그녀의 약혼자마저 양보하게 했고 냉혈한 대표와 결혼했다.모두가 그녀가 버림받는 모습을 보려고 했지만 오직 그가 그녀를 보물처럼 총애하는 모습만을 봤다!,https://www.youtube.com/watch?v=ao8UTNJ0t-Q,여주이름아시는분?
숏드,【완결】가족이 언니만 편애해 그녀의 약혼자마저 양보하게 했고 냉혈한 대표와 결혼했다.모두가 그녀가 버림받는 모습을 보려고 했지만 오직 그가 그녀를 보물처럼 총애하는 모습만을 봤다!,https://www.youtube.com/watch?v=ao8UTNJ0t-Q,"중국 여배우들 입은 옷,드레스 다 촌스럽다 진짜 옷을 못 고른다 머리부터발끝까지 다 촌스러워 여배우들 코디가 안티인가 보내"
숏드,【완결】가족이 언니만 편애해 그녀의 약혼자마저 양보하게 했고 냉혈한 대표와 결혼했다.모두가 그녀가 버림받는 모습을 보려고 했지만 오직 그가 그녀를 보물처럼 총애하는 모습만을 봤다!,https://www.youtube.com/watch?v=ao8UTNJ0t-Q,남주 존잘이네 여주도 속이 시꺼먼데 쪼끄만게 귀여움ㅋㅋㅋ 둘이 키차이 많이 나는 데 잘 어울려너 더 좋음ㅎㅎㅎ
숏드,【완결】가족이 언니만 편애해 그녀의 약혼자마저 양보하게 했고 냉혈한 대표와 결혼했다.모두가 그녀가 버림받는 모습을 보려고 했지만 오직 그가 그녀를 보물처럼 총애하는 모습만을 봤다!,https://www.youtube.com/watch?v=ao8UTNJ0t-Q,와 남주..... 목소리만 좀 굵었음 딱 좋았는데... 1% 아쉽네
숏드,【완결】가족이 언니만 편애해 그녀의 약혼자마저 양보하게 했고 냉혈한 대표와 결혼했다.모두가 그녀가 버림받는 모습을 보려고 했지만 오직 그가 그녀를 보물처럼 총애하는 모습만을 봤다!,https://www.youtube.com/watch?v=ao8UTNJ0t-Q,여주 설윤 닮음...<br>여주도 예쁜데 다들 남주 얘기만 하넴
숏드,【완결】가족이 언니만 편애해 그녀의 약혼자마저 양보하게 했고 냉혈한 대표와 결혼했다.모두가 그녀가 버림받는 모습을 보려고 했지만 오직 그가 그녀를 보물처럼 총애하는 모습만을 봤다!,https://www.youtube.com/watch?v=ao8UTNJ0t-Q,한집사 메롱하는게 존나웃김ㅋㅋㅋㅋㅋㅋ아 내 도파민
숏드,【완결】가족이 언니만 편애해 그녀의 약혼자마저 양보하게 했고 냉혈한 대표와 결혼했다.모두가 그녀가 버림받는 모습을 보려고 했지만 오직 그가 그녀를 보물처럼 총애하는 모습만을 봤다!,https://www.youtube.com/watch?v=ao8UTNJ0t-Q,남주 일소수가 진남왕 닮았네요
숏드,【완결】가족이 언니만 편애해 그녀의 약혼자마저 양보하게 했고 냉혈한 대표와 결혼했다.모두가 그녀가 버림받는 모습을 보려고 했지만 오직 그가 그녀를 보물처럼 총애하는 모습만을 봤다!,https://www.youtube.com/watch?v=ao8UTNJ0t-Q,담배를  왜  왜이렇게  피우는거야
숏드,【완결】가족이 언니만 편애해 그녀의 약혼자마저 양보하게 했고 냉혈한 대표와 결혼했다.모두가 그녀가 버림받는 모습을 보려고 했지만 오직 그가 그녀를 보물처럼 총애하는 모습만을 봤다!,https://www.youtube.com/watch?v=ao8UTNJ0t-Q,여주<br>이영아많이 닮은듯 ...
숏드,【완결】가족이 언니만 편애해 그녀의 약혼자마저 양보하게 했고 냉혈한 대표와 결혼했다.모두가 그녀가 버림받는 모습을 보려고 했지만 오직 그가 그녀를 보물처럼 총애하는 모습만을 봤다!,https://www.youtube.com/watch?v=ao8UTNJ0t-Q,이게 완결임? 남주집은 정리안됐는데
숏드,【완결】가족이 언니만 편애해 그녀의 약혼자마저 양보하게 했고 냉혈한 대표와 결혼했다.모두가 그녀가 버림받는 모습을 보려고 했지만 오직 그가 그녀를 보물처럼 총애하는 모습만을 봤다!,https://www.youtube.com/watch?v=ao8UTNJ0t-Q,여주 담배핀다!
숏드,【완결】가족이 언니만 편애해 그녀의 약혼자마저 양보하게 했고 냉혈한 대표와 결혼했다.모두가 그녀가 버림받는 모습을 보려고 했지만 오직 그가 그녀를 보물처럼 총애하는 모습만을 봤다!,https://www.youtube.com/watch?v=ao8UTNJ0t-Q,퀄리티 괜찮은데  남주가 너무 호구여 . . . . .<br>어쨋든 여주는 처음 남주에 접근할 때 목적이 불순했으니 그에 따른 맘고생이나 여주가 먼저 크게 깨닫고 표현하는 에피소드라도 있어야 카타르시스가 있지 받기만 하다가 끝나
숏드,【완결】가족이 언니만 편애해 그녀의 약혼자마저 양보하게 했고 냉혈한 대표와 결혼했다.모두가 그녀가 버림받는 모습을 보려고 했지만 오직 그가 그녀를 보물처럼 총애하는 모습만을 봤다!,https://www.youtube.com/watch?v=ao8UTNJ0t-Q,남주 👍👍👍👍💕
숏드,【완결】가족이 언니만 편애해 그녀의 약혼자마저 양보하게 했고 냉혈한 대표와 결혼했다.모두가 그녀가 버림받는 모습을 보려고 했지만 오직 그가 그녀를 보물처럼 총애하는 모습만을 봤다!,https://www.youtube.com/watch?v=ao8UTNJ0t-Q,남주 집 사이다는 ?!<br>거기도 참교육해야지…!!!
숏드,【완결】가족이 언니만 편애해 그녀의 약혼자마저 양보하게 했고 냉혈한 대표와 결혼했다.모두가 그녀가 버림받는 모습을 보려고 했지만 오직 그가 그녀를 보물처럼 총애하는 모습만을 봤다!,https://www.youtube.com/watch?v=ao8UTNJ0t-Q,여주 설윤닮음
숏드,【완결】가족이 언니만 편애해 그녀의 약혼자마저 양보하게 했고 냉혈한 대표와 결혼했다.모두가 그녀가 버림받는 모습을 보려고 했지만 오직 그가 그녀를 보물처럼 총애하는 모습만을 봤다!,https://www.youtube.com/watch?v=ao8UTNJ0t-Q,여주 캐릭터 성격 때문에 오히려 매력적인데? 남주부터가 자뻑 좀 심해서 오글거리는데 여주도 그걸 이용해먹는 느낌이라 좋음😅<br>우연히 떠서 쭉 봤는데 남주는 외모가 좋고 여주는 귀염상인데 연기를 잘 해서 리드를 하는 듯 여주 연기력 아니었으면 남주 때문에 많이 어색했을 것 같음
숏드,【완결】가족이 언니만 편애해 그녀의 약혼자마저 양보하게 했고 냉혈한 대표와 결혼했다.모두가 그녀가 버림받는 모습을 보려고 했지만 오직 그가 그녀를 보물처럼 총애하는 모습만을 봤다!,https://www.youtube.com/watch?v=ao8UTNJ0t-Q,여주 너무 거만 남주가❤❤그렇게 사랑해주는대도<br>밀치기나 하고 귀한줄 모르고 <br>측은하고 안쓰럽고 하구만 <br>에휴 ᆢ여주 좀 미운듯
숏드,【완결】가족이 언니만 편애해 그녀의 약혼자마저 양보하게 했고 냉혈한 대표와 결혼했다.모두가 그녀가 버림받는 모습을 보려고 했지만 오직 그가 그녀를 보물처럼 총애하는 모습만을 봤다!,https://www.youtube.com/watch?v=ao8UTNJ0t-Q,아웅 몽글몽글하다 ㅎㅎ
숏드,【완결】가족이 언니만 편애해 그녀의 약혼자마저 양보하게 했고 냉혈한 대표와 결혼했다.모두가 그녀가 버림받는 모습을 보려고 했지만 오직 그가 그녀를 보물처럼 총애하는 모습만을 봤다!,https://www.youtube.com/watch?v=ao8UTNJ0t-Q,"남주 언뜻언뜻 변우석 느낌나네 ㅎ<br>그나저나 남장이면,  손톱 좀 자르라고오~~~~~~~~~~~~!!!"
숏드,【완결】가족이 언니만 편애해 그녀의 약혼자마저 양보하게 했고 냉혈한 대표와 결혼했다.모두가 그녀가 버림받는 모습을 보려고 했지만 오직 그가 그녀를 보물처럼 총애하는 모습만을 봤다!,https://www.youtube.com/watch?v=ao8UTNJ0t-Q,"ㅋㅋㅋ 재밌다 ㅋㅋㅋ<br>첫째오빠 정배, 둘째오빠 이름모르는데..무튼 조연급 배우, 셋째오빠 권모술수 닮음 ㅋㅋㅋ"
숏드,【완결】가족이 언니만 편애해 그녀의 약혼자마저 양보하게 했고 냉혈한 대표와 결혼했다.모두가 그녀가 버림받는 모습을 보려고 했지만 오직 그가 그녀를 보물처럼 총애하는 모습만을 봤다!,https://www.youtube.com/watch?v=ao8UTNJ0t-Q,남주 좋다 저런 남친 갖고 싶다 침대에 뛰어들때의 댕댕미 너무 좋다 부럽다
숏드,【완결】가족이 언니만 편애해 그녀의 약혼자마저 양보하게 했고 냉혈한 대표와 결혼했다.모두가 그녀가 버림받는 모습을 보려고 했지만 오직 그가 그녀를 보물처럼 총애하는 모습만을 봤다!,https://www.youtube.com/watch?v=ao8UTNJ0t-Q,남주가 넘 잘생겼네😊
숏드,【완결】가족이 언니만 편애해 그녀의 약혼자마저 양보하게 했고 냉혈한 대표와 결혼했다.모두가 그녀가 버림받는 모습을 보려고 했지만 오직 그가 그녀를 보물처럼 총애하는 모습만을 봤다!,https://www.youtube.com/watch?v=ao8UTNJ0t-Q,와.. 3시간보고 남는건 여보~ 랑 남주 한쪽 입꼬리만 올리고 웃는 모습이네 ㅎㅎ 느낌이 살짝 강태오야 ㅎㅎ
숏드,【완결】가족이 언니만 편애해 그녀의 약혼자마저 양보하게 했고 냉혈한 대표와 결혼했다.모두가 그녀가 버림받는 모습을 보려고 했지만 오직 그가 그녀를 보물처럼 총애하는 모습만을 봤다!,https://www.youtube.com/watch?v=ao8UTNJ0t-Q,남주집에도 참교육 하고 끝내야지 센스가 넚메
숏드,【완결】가족이 언니만 편애해 그녀의 약혼자마저 양보하게 했고 냉혈한 대표와 결혼했다.모두가 그녀가 버림받는 모습을 보려고 했지만 오직 그가 그녀를 보물처럼 총애하는 모습만을 봤다!,https://www.youtube.com/watch?v=ao8UTNJ0t-Q,집사 할아버지 웃겨.ㅎㅎ
숏드,【완결】가족이 언니만 편애해 그녀의 약혼자마저 양보하게 했고 냉혈한 대표와 결혼했다.모두가 그녀가 버림받는 모습을 보려고 했지만 오직 그가 그녀를 보물처럼 총애하는 모습만을 봤다!,https://www.youtube.com/watch?v=ao8UTNJ0t-Q,남주 태국배우 닮았는데 ????
숏드,【완결】가족이 언니만 편애해 그녀의 약혼자마저 양보하게 했고 냉혈한 대표와 결혼했다.모두가 그녀가 버림받는 모습을 보려고 했지만 오직 그가 그녀를 보물처럼 총애하는 모습만을 봤다!,https://www.youtube.com/watch?v=ao8UTNJ0t-Q,김재중 닮은거 같은데
숏드,【완결】가족이 언니만 편애해 그녀의 약혼자마저 양보하게 했고 냉혈한 대표와 결혼했다.모두가 그녀가 버림받는 모습을 보려고 했지만 오직 그가 그녀를 보물처럼 총애하는 모습만을 봤다!,https://www.youtube.com/watch?v=ao8UTNJ0t-Q,"<a href=""https://www.youtube.com/watch?v=ao8UTNJ0t-Q&amp;t=11104"">3:05:04</a> ㅋㅋㅋ 집사아저씨 웃꼈다 ㅋㅋㅋㅋ 언제나 좋은 아내바라기 남주 납치 약 그런거만 없었음 더 좋았을지도"
숏드,【완결】가족이 언니만 편애해 그녀의 약혼자마저 양보하게 했고 냉혈한 대표와 결혼했다.모두가 그녀가 버림받는 모습을 보려고 했지만 오직 그가 그녀를 보물처럼 총애하는 모습만을 봤다!,https://www.youtube.com/watch?v=ao8UTNJ0t-Q,남배우가 참.... 열심히 하는게 눈에 보이긴 하는데 연기가 안 늘어나는 타입인 거 같음ㅜㅜ
숏드,【완결】가족이 언니만 편애해 그녀의 약혼자마저 양보하게 했고 냉혈한 대표와 결혼했다.모두가 그녀가 버림받는 모습을 보려고 했지만 오직 그가 그녀를 보물처럼 총애하는 모습만을 봤다!,https://www.youtube.com/watch?v=ao8UTNJ0t-Q,이 커플 조합 찬성일세! 보는 내내 광대 승천해서 내려올 줄 모름.
숏드,【완결】가족이 언니만 편애해 그녀의 약혼자마저 양보하게 했고 냉혈한 대표와 결혼했다.모두가 그녀가 버림받는 모습을 보려고 했지만 오직 그가 그녀를 보물처럼 총애하는 모습만을 봤다!,https://www.youtube.com/watch?v=ao8UTNJ0t-Q,남자주인공 누구에요?정말 미남이네요 가만보면 중국도 잘생긴 남자들이 참 많아 배우니깐 당연한거지만^^
숏드,【완결】가족이 언니만 편애해 그녀의 약혼자마저 양보하게 했고 냉혈한 대표와 결혼했다.모두가 그녀가 버림받는 모습을 보려고 했지만 오직 그가 그녀를 보물처럼 총애하는 모습만을 봤다!,https://www.youtube.com/watch?v=ao8UTNJ0t-Q,남주 이름 뭐임
숏드,【완결】가족이 언니만 편애해 그녀의 약혼자마저 양보하게 했고 냉혈한 대표와 결혼했다.모두가 그녀가 버림받는 모습을 보려고 했지만 오직 그가 그녀를 보물처럼 총애하는 모습만을 봤다!,https://www.youtube.com/watch?v=ao8UTNJ0t-Q,아 잠만 남주 형 왜케 못생김 그래도 형제 기대햇는데 ㄹㅇ개터짐
숏드,【완결】가족이 언니만 편애해 그녀의 약혼자마저 양보하게 했고 냉혈한 대표와 결혼했다.모두가 그녀가 버림받는 모습을 보려고 했지만 오직 그가 그녀를 보물처럼 총애하는 모습만을 봤다!,https://www.youtube.com/watch?v=ao8UTNJ0t-Q,"유인은 연기력 짱인 배우~처음엔 주오이(좌일)과 헷갈림. 남주 감망성배우는  비주얼은 좋지만 연기는 그럭저럭.그런데 유인이 리드를 잘해서그런지 갈수록 남주의 연기가 안정되고 편안하게 연기하네요..2000년생 인플루언서,가수출신.그래도 유인이 잘이끌어서그런지 재미있어요.숏폼여자배우중에서도 키가 작은편인데, 키큰남주랑 잘어울려요~생각보다 감망성배우 키가 183cm보다 클거같은데?<br>중국 숏폼배우가 정극배우보다 성형안하고 잘생긴 남자배우가 더 많은거같더라구요.,왕옌신,좌명,감망성,왕하오젠..."
숏드,【완결】가족이 언니만 편애해 그녀의 약혼자마저 양보하게 했고 냉혈한 대표와 결혼했다.모두가 그녀가 버림받는 모습을 보려고 했지만 오직 그가 그녀를 보물처럼 총애하는 모습만을 봤다!,https://www.youtube.com/watch?v=ao8UTNJ0t-Q,남주이름뭐예요제발요급해요
숏드,【완결】가족이 언니만 편애해 그녀의 약혼자마저 양보하게 했고 냉혈한 대표와 결혼했다.모두가 그녀가 버림받는 모습을 보려고 했지만 오직 그가 그녀를 보물처럼 총애하는 모습만을 봤다!,https://www.youtube.com/watch?v=ao8UTNJ0t-Q,"<a href=""https://www.youtube.com/watch?v=ao8UTNJ0t-Q&amp;t=918"">15:18</a> 에요 눈치 없는 시키 여기도 있네요 ㅋㅋ 관심없는 척하는거 안보이나 ㅋㅋ 근대 뭔 지가 알아봐준다고 ㅋㅋ"
숏드,【완결】가족이 언니만 편애해 그녀의 약혼자마저 양보하게 했고 냉혈한 대표와 결혼했다.모두가 그녀가 버림받는 모습을 보려고 했지만 오직 그가 그녀를 보물처럼 총애하는 모습만을 봤다!,https://www.youtube.com/watch?v=ao8UTNJ0t-Q,여주 연기잘하고~남주 생김이 다했네
숏드,【완결】가족이 언니만 편애해 그녀의 약혼자마저 양보하게 했고 냉혈한 대표와 결혼했다.모두가 그녀가 버림받는 모습을 보려고 했지만 오직 그가 그녀를 보물처럼 총애하는 모습만을 봤다!,https://www.youtube.com/watch?v=ao8UTNJ0t-Q,"작가님, 이런 남자는 현실에 없습니다… 그래도 감사합니다… 🙏😂"
숏드,【완결】가족이 언니만 편애해 그녀의 약혼자마저 양보하게 했고 냉혈한 대표와 결혼했다.모두가 그녀가 버림받는 모습을 보려고 했지만 오직 그가 그녀를 보물처럼 총애하는 모습만을 봤다!,https://www.youtube.com/watch?v=ao8UTNJ0t-Q,중드 특징 여주 이쁨 서브 못생김<br>남자 무조건 재벌 몇십억은 기본 <br>임신 유산 들어가고 악녀에게 맨날 당하다<br>사이다 중간에 약먹고 겁탈당할 위기<br>마지막은 악녀가 납치함 그러다 남주가<br>칼맞거나 두들겨맞고 구출 병원엔딩<br>뻔한 내용인데 못끈음 안보면 허함...ㅋㅋ<br>저 여주 웨이보에서 보면 꽤 인기많음
숏드,【완결】가족이 언니만 편애해 그녀의 약혼자마저 양보하게 했고 냉혈한 대표와 결혼했다.모두가 그녀가 버림받는 모습을 보려고 했지만 오직 그가 그녀를 보물처럼 총애하는 모습만을 봤다!,https://www.youtube.com/watch?v=ao8UTNJ0t-Q,여주 설윤 닮았단
숏드,【완결】가족이 언니만 편애해 그녀의 약혼자마저 양보하게 했고 냉혈한 대표와 결혼했다.모두가 그녀가 버림받는 모습을 보려고 했지만 오직 그가 그녀를 보물처럼 총애하는 모습만을 봤다!,https://www.youtube.com/watch?v=ao8UTNJ0t-Q,"언니는 여동생 같다고하면서 할 것 다 하고, 결혼은 동생과 하겠다니...서브남 욕심 많은 쓰레기네."
숏드,【완결】가족이 언니만 편애해 그녀의 약혼자마저 양보하게 했고 냉혈한 대표와 결혼했다.모두가 그녀가 버림받는 모습을 보려고 했지만 오직 그가 그녀를 보물처럼 총애하는 모습만을 봤다!,https://www.youtube.com/watch?v=ao8UTNJ0t-Q,유인이 김혜윤 같은 느낌ᆢ<br>성격 좋고 재잘재잘 말 잘하고ᆢ키작고 연기 잘하는것까지 비슷  이둘 넘 좋아❤❤❤
숏드,【완결】가족이 언니만 편애해 그녀의 약혼자마저 양보하게 했고 냉혈한 대표와 결혼했다.모두가 그녀가 버림받는 모습을 보려고 했지만 오직 그가 그녀를 보물처럼 총애하는 모습만을 봤다!,https://www.youtube.com/watch?v=ao8UTNJ0t-Q,남주 넘 좋네요❤❤❤
숏드,【완결】가족이 언니만 편애해 그녀의 약혼자마저 양보하게 했고 냉혈한 대표와 결혼했다.모두가 그녀가 버림받는 모습을 보려고 했지만 오직 그가 그녀를 보물처럼 총애하는 모습만을 봤다!,https://www.youtube.com/watch?v=ao8UTNJ0t-Q,한집사 넘 웃겨 ㅋㅋ
숏드,【완결】가족이 언니만 편애해 그녀의 약혼자마저 양보하게 했고 냉혈한 대표와 결혼했다.모두가 그녀가 버림받는 모습을 보려고 했지만 오직 그가 그녀를 보물처럼 총애하는 모습만을 봤다!,https://www.youtube.com/watch?v=ao8UTNJ0t-Q,ㅋㅋㅋㅋㅋ원격조정 싸다구 뭐얔ㅋㅋㅋㅋㅋ
숏드,【완결】가족이 언니만 편애해 그녀의 약혼자마저 양보하게 했고 냉혈한 대표와 결혼했다.모두가 그녀가 버림받는 모습을 보려고 했지만 오직 그가 그녀를 보물처럼 총애하는 모습만을 봤다!,https://www.youtube.com/watch?v=ao8UTNJ0t-Q,이거 전에 다른데서 봤는데 또 봐도 재밌다 ㅋㅋ
숏드,【완결】가족이 언니만 편애해 그녀의 약혼자마저 양보하게 했고 냉혈한 대표와 결혼했다.모두가 그녀가 버림받는 모습을 보려고 했지만 오직 그가 그녀를 보물처럼 총애하는 모습만을 봤다!,https://www.youtube.com/watch?v=ao8UTNJ0t-Q,여주는 왜 착한척하는거야?
숏드,【완결】가족이 언니만 편애해 그녀의 약혼자마저 양보하게 했고 냉혈한 대표와 결혼했다.모두가 그녀가 버림받는 모습을 보려고 했지만 오직 그가 그녀를 보물처럼 총애하는 모습만을 봤다!,https://www.youtube.com/watch?v=ao8UTNJ0t-Q,남주 약간 송위룡 삘나네
숏드,【완결】가족이 언니만 편애해 그녀의 약혼자마저 양보하게 했고 냉혈한 대표와 결혼했다.모두가 그녀가 버림받는 모습을 보려고 했지만 오직 그가 그녀를 보물처럼 총애하는 모습만을 봤다!,https://www.youtube.com/watch?v=ao8UTNJ0t-Q,남주 만화책 속에서 금방나온것같아요 잘생김
숏드,【완결】가족이 언니만 편애해 그녀의 약혼자마저 양보하게 했고 냉혈한 대표와 결혼했다.모두가 그녀가 버림받는 모습을 보려고 했지만 오직 그가 그녀를 보물처럼 총애하는 모습만을 봤다!,https://www.youtube.com/watch?v=ao8UTNJ0t-Q,❤❤❤❤
숏드,【완결】가족이 언니만 편애해 그녀의 약혼자마저 양보하게 했고 냉혈한 대표와 결혼했다.모두가 그녀가 버림받는 모습을 보려고 했지만 오직 그가 그녀를 보물처럼 총애하는 모습만을 봤다!,https://www.youtube.com/watch?v=ao8UTNJ0t-Q,식빵을 왜 칼로 썰어먹는걸까
숏드,【완결】가족이 언니만 편애해 그녀의 약혼자마저 양보하게 했고 냉혈한 대표와 결혼했다.모두가 그녀가 버림받는 모습을 보려고 했지만 오직 그가 그녀를 보물처럼 총애하는 모습만을 봤다!,https://www.youtube.com/watch?v=ao8UTNJ0t-Q,빠졌네 빠졌어~ 남주 완전 푹빠짓네 ㅋㅋㅋ
숏드,【완결】가족이 언니만 편애해 그녀의 약혼자마저 양보하게 했고 냉혈한 대표와 결혼했다.모두가 그녀가 버림받는 모습을 보려고 했지만 오직 그가 그녀를 보물처럼 총애하는 모습만을 봤다!,https://www.youtube.com/watch?v=ao8UTNJ0t-Q,계략의 대가 청순가련 여주 ㅎㅎㅎㅎ<br>까칠하고 모난 두사람이 만나 사랑을 이뤘네 <br>드라마가 뒤로갈수록 맘에 드네요
숏드,【완결】가족이 언니만 편애해 그녀의 약혼자마저 양보하게 했고 냉혈한 대표와 결혼했다.모두가 그녀가 버림받는 모습을 보려고 했지만 오직 그가 그녀를 보물처럼 총애하는 모습만을 봤다!,https://www.youtube.com/watch?v=ao8UTNJ0t-Q,여주를 번쩍드네 ㅋㅋㅋㅋ 치어리딩 하는줄
숏드,【완결】가족이 언니만 편애해 그녀의 약혼자마저 양보하게 했고 냉혈한 대표와 결혼했다.모두가 그녀가 버림받는 모습을 보려고 했지만 오직 그가 그녀를 보물처럼 총애하는 모습만을 봤다!,https://www.youtube.com/watch?v=ao8UTNJ0t-Q,남주 잘생기고 여주 예쁘네요
숏드,【완결】가족이 언니만 편애해 그녀의 약혼자마저 양보하게 했고 냉혈한 대표와 결혼했다.모두가 그녀가 버림받는 모습을 보려고 했지만 오직 그가 그녀를 보물처럼 총애하는 모습만을 봤다!,https://www.youtube.com/watch?v=ao8UTNJ0t-Q,나 지금 토끼사탕 먹고 있단 말이다ㅠㅠ 나는 누구없나!!ㅠㅠ
숏드,【완결】가족이 언니만 편애해 그녀의 약혼자마저 양보하게 했고 냉혈한 대표와 결혼했다.모두가 그녀가 버림받는 모습을 보려고 했지만 오직 그가 그녀를 보물처럼 총애하는 모습만을 봤다!,https://www.youtube.com/watch?v=ao8UTNJ0t-Q,남주 진짜 예뻐요~~^^❤❤
숏드,【완결】가족이 언니만 편애해 그녀의 약혼자마저 양보하게 했고 냉혈한 대표와 결혼했다.모두가 그녀가 버림받는 모습을 보려고 했지만 오직 그가 그녀를 보물처럼 총애하는 모습만을 봤다!,https://www.youtube.com/watch?v=ao8UTNJ0t-Q,누구 닮었나 했더니 대만배우 곽품초 젊은시절이랑 판박이네 ㅋㅋ 아들이라 해도 믿겠다 아 연기는 좀 연습하길 😅
숏드,【완결】가족이 언니만 편애해 그녀의 약혼자마저 양보하게 했고 냉혈한 대표와 결혼했다.모두가 그녀가 버림받는 모습을 보려고 했지만 오직 그가 그녀를 보물처럼 총애하는 모습만을 봤다!,https://www.youtube.com/watch?v=ao8UTNJ0t-Q,"삼분괴(三分乖, A Dash of Sweetness) - 여인(余茵, Yu Yin) / 감망성(甘望星, Gan Wang Xing) / 우항(于航, Yu Hang) / 호계월(胡继月)<br> 시음时音 한잠韩湛 송사년宋斯年 시청화时青禾"
숏드,【완결】가족이 언니만 편애해 그녀의 약혼자마저 양보하게 했고 냉혈한 대표와 결혼했다.모두가 그녀가 버림받는 모습을 보려고 했지만 오직 그가 그녀를 보물처럼 총애하는 모습만을 봤다!,https://www.youtube.com/watch?v=ao8UTNJ0t-Q,퇴폐미가 잇네
숏드,【완결】가족이 언니만 편애해 그녀의 약혼자마저 양보하게 했고 냉혈한 대표와 결혼했다.모두가 그녀가 버림받는 모습을 보려고 했지만 오직 그가 그녀를 보물처럼 총애하는 모습만을 봤다!,https://www.youtube.com/watch?v=ao8UTNJ0t-Q,여주가 녹차인게 웃기네 ㅋ
숏드,【완결】가족이 언니만 편애해 그녀의 약혼자마저 양보하게 했고 냉혈한 대표와 결혼했다.모두가 그녀가 버림받는 모습을 보려고 했지만 오직 그가 그녀를 보물처럼 총애하는 모습만을 봤다!,https://www.youtube.com/watch?v=ao8UTNJ0t-Q,에이 스토리가 더 나아가서 남주 집안 회사까지 장악하는것까지 하면 좋았을껄..<br>그래도 스토리는 재미있네요
숏드,【완결】가족이 언니만 편애해 그녀의 약혼자마저 양보하게 했고 냉혈한 대표와 결혼했다.모두가 그녀가 버림받는 모습을 보려고 했지만 오직 그가 그녀를 보물처럼 총애하는 모습만을 봤다!,https://www.youtube.com/watch?v=ao8UTNJ0t-Q,"남주 시크 섹시 귀염 일편단심 글구 엄청 잘생김. 뭐 다함. 여주 내스탈 아닌데 남주때문 완드 함. 내용은 숏중드의 에피소드가 거의 다 나오는데, 여주가 본인의 성정을 감추고 집에 복수하는 거임. 볼만함."
숏드,【완결】가족이 언니만 편애해 그녀의 약혼자마저 양보하게 했고 냉혈한 대표와 결혼했다.모두가 그녀가 버림받는 모습을 보려고 했지만 오직 그가 그녀를 보물처럼 총애하는 모습만을 봤다!,https://www.youtube.com/watch?v=ao8UTNJ0t-Q,언니랑 동생.약혼자가 가까울거면 언니 주던가...
숏드,【완결】가족이 언니만 편애해 그녀의 약혼자마저 양보하게 했고 냉혈한 대표와 결혼했다.모두가 그녀가 버림받는 모습을 보려고 했지만 오직 그가 그녀를 보물처럼 총애하는 모습만을 봤다!,https://www.youtube.com/watch?v=ao8UTNJ0t-Q,"남주가 압도적이라 그외 인물들은 눈에 보이지도 않고 오징어포로 보임😅😅😅 넘 예쁘게 잘생겼어요. 포카처럼 이미지 사진 보고싶은데 어디서 볼수 있나요. 안구정화, 심신안정을 위해서요😊❤"
숏드,【완결】가족이 언니만 편애해 그녀의 약혼자마저 양보하게 했고 냉혈한 대표와 결혼했다.모두가 그녀가 버림받는 모습을 보려고 했지만 오직 그가 그녀를 보물처럼 총애하는 모습만을 봤다!,https://www.youtube.com/watch?v=ao8UTNJ0t-Q,인육처리 하는 곳이였나요?<br>뭔가 앞에 장면은 잘린 느낌은 있지만..  썸뜩하네요ㅠ <br>드라마까지 연출될 정도라면...
숏드,【완결】가족이 언니만 편애해 그녀의 약혼자마저 양보하게 했고 냉혈한 대표와 결혼했다.모두가 그녀가 버림받는 모습을 보려고 했지만 오직 그가 그녀를 보물처럼 총애하는 모습만을 봤다!,https://www.youtube.com/watch?v=ao8UTNJ0t-Q,남주너무잘생겼어요<br>보는내내 심쿵이네요
숏드,【완결】가족이 언니만 편애해 그녀의 약혼자마저 양보하게 했고 냉혈한 대표와 결혼했다.모두가 그녀가 버림받는 모습을 보려고 했지만 오직 그가 그녀를 보물처럼 총애하는 모습만을 봤다!,https://www.youtube.com/watch?v=ao8UTNJ0t-Q,중국드라마는 꼭 넘어지고 빙글빙글 돌아서 넘어지고
숏드,【완결】가족이 언니만 편애해 그녀의 약혼자마저 양보하게 했고 냉혈한 대표와 결혼했다.모두가 그녀가 버림받는 모습을 보려고 했지만 오직 그가 그녀를 보물처럼 총애하는 모습만을 봤다!,https://www.youtube.com/watch?v=ao8UTNJ0t-Q,남주 잘생겨서 보고싶던건데 올려주셔서 감사합니다<br>남주랑 여주 둘이 서있는거랑 예전 커춘이랑 찍은것도 보니 여주가 진짜 키가작긴하나보다
숏드,【완결】가족이 언니만 편애해 그녀의 약혼자마저 양보하게 했고 냉혈한 대표와 결혼했다.모두가 그녀가 버림받는 모습을 보려고 했지만 오직 그가 그녀를 보물처럼 총애하는 모습만을 봤다!,https://www.youtube.com/watch?v=ao8UTNJ0t-Q,유인도 키만 좀 더 컸으면 팔자가 더 달랐을텐데
숏드,【완결】가족이 언니만 편애해 그녀의 약혼자마저 양보하게 했고 냉혈한 대표와 결혼했다.모두가 그녀가 버림받는 모습을 보려고 했지만 오직 그가 그녀를 보물처럼 총애하는 모습만을 봤다!,https://www.youtube.com/watch?v=ao8UTNJ0t-Q,오늘 먹은 흰토끼 캔디네<br>아니 캬라멜이라고 해야 하나
숏드,【완결】가족이 언니만 편애해 그녀의 약혼자마저 양보하게 했고 냉혈한 대표와 결혼했다.모두가 그녀가 버림받는 모습을 보려고 했지만 오직 그가 그녀를 보물처럼 총애하는 모습만을 봤다!,https://www.youtube.com/watch?v=ao8UTNJ0t-Q,남주 진짜 잘생겼다
숏드,【완결】가족이 언니만 편애해 그녀의 약혼자마저 양보하게 했고 냉혈한 대표와 결혼했다.모두가 그녀가 버림받는 모습을 보려고 했지만 오직 그가 그녀를 보물처럼 총애하는 모습만을 봤다!,https://www.youtube.com/watch?v=ao8UTNJ0t-Q,남주 키 크고 잘생긴거 같기도 한데 어딘가 어설픈건 뭘까 ㅎ
숏드,【완결】가족이 언니만 편애해 그녀의 약혼자마저 양보하게 했고 냉혈한 대표와 결혼했다.모두가 그녀가 버림받는 모습을 보려고 했지만 오직 그가 그녀를 보물처럼 총애하는 모습만을 봤다!,https://www.youtube.com/watch?v=ao8UTNJ0t-Q,이 남주 다른 드라마에서 봤는데 신인인지 표정 연기는 좀 어색했는데 외모는 👍🏻<br>앞으로 잘될 것 같아요.
숏드,【완결】가족이 언니만 편애해 그녀의 약혼자마저 양보하게 했고 냉혈한 대표와 결혼했다.모두가 그녀가 버림받는 모습을 보려고 했지만 오직 그가 그녀를 보물처럼 총애하는 모습만을 봤다!,https://www.youtube.com/watch?v=ao8UTNJ0t-Q,"《三分乖》<br>여주 여인,유인(余茵) <br>남주 감망성(甘望星)"
숏드,#1 자꾸만 자극하는 오라버니의 매운맛 숏드추천🔥 얼굴 비주얼합 미쳐버린 집착+금기 로맨스♨️ [#경몽] #숏폼드라마 #드라마리뷰 #로맨스,https://www.youtube.com/watch?v=ljrLmnBJmTs,스토리 진짜 강렬해서 계속 보게 됩니다!!
숏드,#1 자꾸만 자극하는 오라버니의 매운맛 숏드추천🔥 얼굴 비주얼합 미쳐버린 집착+금기 로맨스♨️ [#경몽] #숏폼드라마 #드라마리뷰 #로맨스,https://www.youtube.com/watch?v=ljrLmnBJmTs,남주의 연기가 인상깊네요~
숏드,#1 자꾸만 자극하는 오라버니의 매운맛 숏드추천🔥 얼굴 비주얼합 미쳐버린 집착+금기 로맨스♨️ [#경몽] #숏폼드라마 #드라마리뷰 #로맨스,https://www.youtube.com/watch?v=ljrLmnBJmTs,너무 매운데요???? 🔥🔥🔥 막장드라마 같은데 드라마 영상은 고퀄!!!! 중국어를 알아들을 수 있다면 더 재밌게 봤을 듯!
숏드,#1 자꾸만 자극하는 오라버니의 매운맛 숏드추천🔥 얼굴 비주얼합 미쳐버린 집착+금기 로맨스♨️ [#경몽] #숏폼드라마 #드라마리뷰 #로맨스,https://www.youtube.com/watch?v=ljrLmnBJmTs,어머어머 시작부터 마라맛이잖아 😆
숏드,#1 자꾸만 자극하는 오라버니의 매운맛 숏드추천🔥 얼굴 비주얼합 미쳐버린 집착+금기 로맨스♨️ [#경몽] #숏폼드라마 #드라마리뷰 #로맨스,https://www.youtube.com/watch?v=ljrLmnBJmTs,1화부터 설정이 확실해서 집중 잘 됐어요.<br>초반에 관계 구도랑 긴장감 잘 깔아줘서 다음 화 궁금해짐.<br>꿈 연출이랑 현실 연결되는 방식이 인상적이었음.
숏드,#1 자꾸만 자극하는 오라버니의 매운맛 숏드추천🔥 얼굴 비주얼합 미쳐버린 집착+금기 로맨스♨️ [#경몽] #숏폼드라마 #드라마리뷰 #로맨스,https://www.youtube.com/watch?v=ljrLmnBJmTs,설마 여자분 성세천하에 유희 인가요?
숏드,#1 자꾸만 자극하는 오라버니의 매운맛 숏드추천🔥 얼굴 비주얼합 미쳐버린 집착+금기 로맨스♨️ [#경몽] #숏폼드라마 #드라마리뷰 #로맨스,https://www.youtube.com/watch?v=ljrLmnBJmTs,와... 시작부터 마라맛이네 ㅡㅡ 허...
숏드,#1 자꾸만 자극하는 오라버니의 매운맛 숏드추천🔥 얼굴 비주얼합 미쳐버린 집착+금기 로맨스♨️ [#경몽] #숏폼드라마 #드라마리뷰 #로맨스,https://www.youtube.com/watch?v=ljrLmnBJmTs,꺼거들 다 왜이러시는건데요…..
숏드,#1 자꾸만 자극하는 오라버니의 매운맛 숏드추천🔥 얼굴 비주얼합 미쳐버린 집착+금기 로맨스♨️ [#경몽] #숏폼드라마 #드라마리뷰 #로맨스,https://www.youtube.com/watch?v=ljrLmnBJmTs,아 정실로 들일 생각을 안하고 있었다고~~~? 이거 완전 쓰레기아녀~?~~~?
숏드,#1 자꾸만 자극하는 오라버니의 매운맛 숏드추천🔥 얼굴 비주얼합 미쳐버린 집착+금기 로맨스♨️ [#경몽] #숏폼드라마 #드라마리뷰 #로맨스,https://www.youtube.com/watch?v=ljrLmnBJmTs,"<a href=""https://www.youtube.com/watch?v=ljrLmnBJmTs&amp;t=19"">0:19</a> 상세천하 유희 닮았다"
숏드,#1 자꾸만 자극하는 오라버니의 매운맛 숏드추천🔥 얼굴 비주얼합 미쳐버린 집착+금기 로맨스♨️ [#경몽] #숏폼드라마 #드라마리뷰 #로맨스,https://www.youtube.com/watch?v=ljrLmnBJmTs,남주~~멋져보임ㅋ
숏드,#1 자꾸만 자극하는 오라버니의 매운맛 숏드추천🔥 얼굴 비주얼합 미쳐버린 집착+금기 로맨스♨️ [#경몽] #숏폼드라마 #드라마리뷰 #로맨스,https://www.youtube.com/watch?v=ljrLmnBJmTs,중드는 숏드도 뭔가 몰입감이 있음
숏드,#1 자꾸만 자극하는 오라버니의 매운맛 숏드추천🔥 얼굴 비주얼합 미쳐버린 집착+금기 로맨스♨️ [#경몽] #숏폼드라마 #드라마리뷰 #로맨스,https://www.youtube.com/watch?v=ljrLmnBJmTs,티빙에 있어요 제목:경몽
숏드,#1 자꾸만 자극하는 오라버니의 매운맛 숏드추천🔥 얼굴 비주얼합 미쳐버린 집착+금기 로맨스♨️ [#경몽] #숏폼드라마 #드라마리뷰 #로맨스,https://www.youtube.com/watch?v=ljrLmnBJmTs,유희?
숏드,#1 자꾸만 자극하는 오라버니의 매운맛 숏드추천🔥 얼굴 비주얼합 미쳐버린 집착+금기 로맨스♨️ [#경몽] #숏폼드라마 #드라마리뷰 #로맨스,https://www.youtube.com/watch?v=ljrLmnBJmTs,뭐 숏폼들마는 자극적이야되니깐 내용이 이해가 됩니다.. 아직 정극도 못본게 많아서 숏드는 나중에~ ㅎ
숏드,#1 자꾸만 자극하는 오라버니의 매운맛 숏드추천🔥 얼굴 비주얼합 미쳐버린 집착+금기 로맨스♨️ [#경몽] #숏폼드라마 #드라마리뷰 #로맨스,https://www.youtube.com/watch?v=ljrLmnBJmTs,위티비에 있는데 이거 재밌음❤
숏드,#1 자꾸만 자극하는 오라버니의 매운맛 숏드추천🔥 얼굴 비주얼합 미쳐버린 집착+금기 로맨스♨️ [#경몽] #숏폼드라마 #드라마리뷰 #로맨스,https://www.youtube.com/watch?v=ljrLmnBJmTs,심청당? 빵집 이름인줄 😂 ㅋㅋ
숏드,#1 자꾸만 자극하는 오라버니의 매운맛 숏드추천🔥 얼굴 비주얼합 미쳐버린 집착+금기 로맨스♨️ [#경몽] #숏폼드라마 #드라마리뷰 #로맨스,https://www.youtube.com/watch?v=ljrLmnBJmTs,소재 와이러노 했더니 숏폼 드라마구나 😅
숏드,#1 자꾸만 자극하는 오라버니의 매운맛 숏드추천🔥 얼굴 비주얼합 미쳐버린 집착+금기 로맨스♨️ [#경몽] #숏폼드라마 #드라마리뷰 #로맨스,https://www.youtube.com/watch?v=ljrLmnBJmTs,가정폭력과 스톡홀름 신드롬
숏드,#1 자꾸만 자극하는 오라버니의 매운맛 숏드추천🔥 얼굴 비주얼합 미쳐버린 집착+금기 로맨스♨️ [#경몽] #숏폼드라마 #드라마리뷰 #로맨스,https://www.youtube.com/watch?v=ljrLmnBJmTs,나만의 것이라며 정실로 들일 생각도 안하고 있다니!!!
숏드,#1 자꾸만 자극하는 오라버니의 매운맛 숏드추천🔥 얼굴 비주얼합 미쳐버린 집착+금기 로맨스♨️ [#경몽] #숏폼드라마 #드라마리뷰 #로맨스,https://www.youtube.com/watch?v=ljrLmnBJmTs,오 이거 뭐임 재밌네
숏드,#1 자꾸만 자극하는 오라버니의 매운맛 숏드추천🔥 얼굴 비주얼합 미쳐버린 집착+금기 로맨스♨️ [#경몽] #숏폼드라마 #드라마리뷰 #로맨스,https://www.youtube.com/watch?v=ljrLmnBJmTs,"여주 아역 이쁘다 <a href=""https://www.youtube.com/watch?v=ljrLmnBJmTs&amp;t=145"">2:25</a>"
숏드,&quot;이젠 너 없는 세상은 없어!&quot; 8년 전 도망친 그녀... 💖돌아오자마자 &#39;재벌 후계자&#39;의 &#39;집착 덫&#39;에 걸리다! #cdrama  #드라마 #kdrama,https://www.youtube.com/watch?v=H_3AA4RQ_NM,어우....숏드보면서 펑펑울기는 또 첨이네<br>..
숏드,&quot;이젠 너 없는 세상은 없어!&quot; 8년 전 도망친 그녀... 💖돌아오자마자 &#39;재벌 후계자&#39;의 &#39;집착 덫&#39;에 걸리다! #cdrama  #드라마 #kdrama,https://www.youtube.com/watch?v=H_3AA4RQ_NM,남주 눈이 예쁘네요
숏드,&quot;이젠 너 없는 세상은 없어!&quot; 8년 전 도망친 그녀... 💖돌아오자마자 &#39;재벌 후계자&#39;의 &#39;집착 덫&#39;에 걸리다! #cdrama  #드라마 #kdrama,https://www.youtube.com/watch?v=H_3AA4RQ_NM,"<a href=""https://www.youtube.com/watch?v=H_3AA4RQ_NM&amp;t=2138"">35:38</a> 아이스 아메리카노 시켰다메요"
숏드,&quot;이젠 너 없는 세상은 없어!&quot; 8년 전 도망친 그녀... 💖돌아오자마자 &#39;재벌 후계자&#39;의 &#39;집착 덫&#39;에 걸리다! #cdrama  #드라마 #kdrama,https://www.youtube.com/watch?v=H_3AA4RQ_NM,진짜 명작입니다ㅜㅜㅜ
숏드,&quot;이젠 너 없는 세상은 없어!&quot; 8년 전 도망친 그녀... 💖돌아오자마자 &#39;재벌 후계자&#39;의 &#39;집착 덫&#39;에 걸리다! #cdrama  #드라마 #kdrama,https://www.youtube.com/watch?v=H_3AA4RQ_NM,❤❤❤❤❤
숏드,&quot;이젠 너 없는 세상은 없어!&quot; 8년 전 도망친 그녀... 💖돌아오자마자 &#39;재벌 후계자&#39;의 &#39;집착 덫&#39;에 걸리다! #cdrama  #드라마 #kdrama,https://www.youtube.com/watch?v=H_3AA4RQ_NM,중드보면서 이리 울줄 몰랐네 ㅜㅜ
숏드,&quot;이젠 너 없는 세상은 없어!&quot; 8년 전 도망친 그녀... 💖돌아오자마자 &#39;재벌 후계자&#39;의 &#39;집착 덫&#39;에 걸리다! #cdrama  #드라마 #kdrama,https://www.youtube.com/watch?v=H_3AA4RQ_NM,"이렇게 슬프면 어쩌자는거죠..,,계속 울게되는데,,,"
숏드,&quot;이젠 너 없는 세상은 없어!&quot; 8년 전 도망친 그녀... 💖돌아오자마자 &#39;재벌 후계자&#39;의 &#39;집착 덫&#39;에 걸리다! #cdrama  #드라마 #kdrama,https://www.youtube.com/watch?v=H_3AA4RQ_NM,약혼녀가 넘 노안
숏드,&quot;이젠 너 없는 세상은 없어!&quot; 8년 전 도망친 그녀... 💖돌아오자마자 &#39;재벌 후계자&#39;의 &#39;집착 덫&#39;에 걸리다! #cdrama  #드라마 #kdrama,https://www.youtube.com/watch?v=H_3AA4RQ_NM,아니 숏드가 왜이리 슬퍼요 ㅜㅜ
숏드,&quot;이젠 너 없는 세상은 없어!&quot; 8년 전 도망친 그녀... 💖돌아오자마자 &#39;재벌 후계자&#39;의 &#39;집착 덫&#39;에 걸리다! #cdrama  #드라마 #kdrama,https://www.youtube.com/watch?v=H_3AA4RQ_NM,두번째 보고 있는데도 나도 모르게 눈물이 나네요 중국숓츠 보고 울기는 처음이네요 잘보고 갑니다
숏드,&quot;이젠 너 없는 세상은 없어!&quot; 8년 전 도망친 그녀... 💖돌아오자마자 &#39;재벌 후계자&#39;의 &#39;집착 덫&#39;에 걸리다! #cdrama  #드라마 #kdrama,https://www.youtube.com/watch?v=H_3AA4RQ_NM,연기도 스토리도 더 좋아요 🥰 저도 눈물 찔끔….잘 봤어요
숏드,&quot;이젠 너 없는 세상은 없어!&quot; 8년 전 도망친 그녀... 💖돌아오자마자 &#39;재벌 후계자&#39;의 &#39;집착 덫&#39;에 걸리다! #cdrama  #드라마 #kdrama,https://www.youtube.com/watch?v=H_3AA4RQ_NM,우산이 귀한가?
숏드,&quot;이젠 너 없는 세상은 없어!&quot; 8년 전 도망친 그녀... 💖돌아오자마자 &#39;재벌 후계자&#39;의 &#39;집착 덫&#39;에 걸리다! #cdrama  #드라마 #kdrama,https://www.youtube.com/watch?v=H_3AA4RQ_NM,오첨호
숏드,&quot;이젠 너 없는 세상은 없어!&quot; 8년 전 도망친 그녀... 💖돌아오자마자 &#39;재벌 후계자&#39;의 &#39;집착 덫&#39;에 걸리다! #cdrama  #드라마 #kdrama,https://www.youtube.com/watch?v=H_3AA4RQ_NM,음 사실 저 회귀가 꿈이었어야 문학적으로ㅠ맞는건데....
숏드,&quot;이젠 너 없는 세상은 없어!&quot; 8년 전 도망친 그녀... 💖돌아오자마자 &#39;재벌 후계자&#39;의 &#39;집착 덫&#39;에 걸리다! #cdrama  #드라마 #kdrama,https://www.youtube.com/watch?v=H_3AA4RQ_NM,몇번을 봐도 슬픔
숏드,&quot;이젠 너 없는 세상은 없어!&quot; 8년 전 도망친 그녀... 💖돌아오자마자 &#39;재벌 후계자&#39;의 &#39;집착 덫&#39;에 걸리다! #cdrama  #드라마 #kdrama,https://www.youtube.com/watch?v=H_3AA4RQ_NM,눈물이 ㅜㅜ  꿈인건지ㆍㆍㆍ과거로의 회귀인지 모르지만  해피엔딩이라 잔잔하게  보기 좋았어요
숏드,&quot;이젠 너 없는 세상은 없어!&quot; 8년 전 도망친 그녀... 💖돌아오자마자 &#39;재벌 후계자&#39;의 &#39;집착 덫&#39;에 걸리다! #cdrama  #드라마 #kdrama,https://www.youtube.com/watch?v=H_3AA4RQ_NM,드라마 이름이 뭐예요??
숏드,&quot;이젠 너 없는 세상은 없어!&quot; 8년 전 도망친 그녀... 💖돌아오자마자 &#39;재벌 후계자&#39;의 &#39;집착 덫&#39;에 걸리다! #cdrama  #드라마 #kdrama,https://www.youtube.com/watch?v=H_3AA4RQ_NM,꿈이라도 깨지마라
숏드,&quot;이젠 너 없는 세상은 없어!&quot; 8년 전 도망친 그녀... 💖돌아오자마자 &#39;재벌 후계자&#39;의 &#39;집착 덫&#39;에 걸리다! #cdrama  #드라마 #kdrama,https://www.youtube.com/watch?v=H_3AA4RQ_NM,마지막엔 환생?
숏드,&quot;이젠 너 없는 세상은 없어!&quot; 8년 전 도망친 그녀... 💖돌아오자마자 &#39;재벌 후계자&#39;의 &#39;집착 덫&#39;에 걸리다! #cdrama  #드라마 #kdrama,https://www.youtube.com/watch?v=H_3AA4RQ_NM,여주가 쓰던 침대에서 잠들고 꿈꾼거 같은..짠하네요
숏드,&quot;이젠 너 없는 세상은 없어!&quot; 8년 전 도망친 그녀... 💖돌아오자마자 &#39;재벌 후계자&#39;의 &#39;집착 덫&#39;에 걸리다! #cdrama  #드라마 #kdrama,https://www.youtube.com/watch?v=H_3AA4RQ_NM,남자주인공 이름알수있을까요?
숏드,&quot;이젠 너 없는 세상은 없어!&quot; 8년 전 도망친 그녀... 💖돌아오자마자 &#39;재벌 후계자&#39;의 &#39;집착 덫&#39;에 걸리다! #cdrama  #드라마 #kdrama,https://www.youtube.com/watch?v=H_3AA4RQ_NM,보면서 계속 눈물이 ㅠㅠ
숏드,&quot;이젠 너 없는 세상은 없어!&quot; 8년 전 도망친 그녀... 💖돌아오자마자 &#39;재벌 후계자&#39;의 &#39;집착 덫&#39;에 걸리다! #cdrama  #드라마 #kdrama,https://www.youtube.com/watch?v=H_3AA4RQ_NM,이거 너무 슬픔 ㅜㅜㅜㅜㅜ 처음에 볼 때 엄청 엄청 울었어요 ㅜㅜㅜ
숏드,&quot;이젠 너 없는 세상은 없어!&quot; 8년 전 도망친 그녀... 💖돌아오자마자 &#39;재벌 후계자&#39;의 &#39;집착 덫&#39;에 걸리다! #cdrama  #드라마 #kdrama,https://www.youtube.com/watch?v=H_3AA4RQ_NM,남주 여주 이름이 뭐에요?
숏드,&quot;이젠 너 없는 세상은 없어!&quot; 8년 전 도망친 그녀... 💖돌아오자마자 &#39;재벌 후계자&#39;의 &#39;집착 덫&#39;에 걸리다! #cdrama  #드라마 #kdrama,https://www.youtube.com/watch?v=H_3AA4RQ_NM,재미서 보여서 들어 왔다가 봤는데 진짜 넘 슬퍼서 진짜 펑펑 울음 ㅠㅠ
숏드,&quot;이젠 너 없는 세상은 없어!&quot; 8년 전 도망친 그녀... 💖돌아오자마자 &#39;재벌 후계자&#39;의 &#39;집착 덫&#39;에 걸리다! #cdrama  #드라마 #kdrama,https://www.youtube.com/watch?v=H_3AA4RQ_NM,1시간동안 여주 캐릭터때문에 답답했는데 내용을 알고보니 여주 삶이 안쓰럽 여주 남주 얼굴합도 좋고 다행히 모두가 행복하게 끝나 좋았어요
숏드,&quot;이젠 너 없는 세상은 없어!&quot; 8년 전 도망친 그녀... 💖돌아오자마자 &#39;재벌 후계자&#39;의 &#39;집착 덫&#39;에 걸리다! #cdrama  #드라마 #kdrama,https://www.youtube.com/watch?v=H_3AA4RQ_NM,눈물이 펑픵. 남주 잘생겼어요❤❤❤
숏드,&quot;이젠 너 없는 세상은 없어!&quot; 8년 전 도망친 그녀... 💖돌아오자마자 &#39;재벌 후계자&#39;의 &#39;집착 덫&#39;에 걸리다! #cdrama  #드라마 #kdrama,https://www.youtube.com/watch?v=H_3AA4RQ_NM,오첨호배우 잔잔한 드라마도 찍었군요🥰🥰🥰
숏드,&quot;이젠 너 없는 세상은 없어!&quot; 8년 전 도망친 그녀... 💖돌아오자마자 &#39;재벌 후계자&#39;의 &#39;집착 덫&#39;에 걸리다! #cdrama  #드라마 #kdrama,https://www.youtube.com/watch?v=H_3AA4RQ_NM,저거 남주 꿈임..여주 죽은거맞음
숏드,&quot;이젠 너 없는 세상은 없어!&quot; 8년 전 도망친 그녀... 💖돌아오자마자 &#39;재벌 후계자&#39;의 &#39;집착 덫&#39;에 걸리다! #cdrama  #드라마 #kdrama,https://www.youtube.com/watch?v=H_3AA4RQ_NM,여주는 우산이 없나? 편의점에서 하나 사라.
숏드,&quot;이젠 너 없는 세상은 없어!&quot; 8년 전 도망친 그녀... 💖돌아오자마자 &#39;재벌 후계자&#39;의 &#39;집착 덫&#39;에 걸리다! #cdrama  #드라마 #kdrama,https://www.youtube.com/watch?v=H_3AA4RQ_NM,오빠는 무신 누나같구만~^^;;;
숏드,&quot;이젠 너 없는 세상은 없어!&quot; 8년 전 도망친 그녀... 💖돌아오자마자 &#39;재벌 후계자&#39;의 &#39;집착 덫&#39;에 걸리다! #cdrama  #드라마 #kdrama,https://www.youtube.com/watch?v=H_3AA4RQ_NM,힘든 고난과 역경을<br>해치고 해피엔딩<br>축하축하🎉
숏드,&quot;이젠 너 없는 세상은 없어!&quot; 8년 전 도망친 그녀... 💖돌아오자마자 &#39;재벌 후계자&#39;의 &#39;집착 덫&#39;에 걸리다! #cdrama  #드라마 #kdrama,https://www.youtube.com/watch?v=H_3AA4RQ_NM,아니 숏폼이 이리 슬프면 되겠냐? 작가는 반성해라ㅠㅠ
숏드,&quot;이젠 너 없는 세상은 없어!&quot; 8년 전 도망친 그녀... 💖돌아오자마자 &#39;재벌 후계자&#39;의 &#39;집착 덫&#39;에 걸리다! #cdrama  #드라마 #kdrama,https://www.youtube.com/watch?v=H_3AA4RQ_NM,ㅜ.ㅜ 2 번째 보는 건데도 슬퍼서 눈물 나와여 무관심이 그렇게 아파여 다행히 남주가 과거로 가서  청산 해서 다행이예요 😢
숏드,&quot;이젠 너 없는 세상은 없어!&quot; 8년 전 도망친 그녀... 💖돌아오자마자 &#39;재벌 후계자&#39;의 &#39;집착 덫&#39;에 걸리다! #cdrama  #드라마 #kdrama,https://www.youtube.com/watch?v=H_3AA4RQ_NM,이남자  누구여 ㅡㅠ
숏드,&quot;이젠 너 없는 세상은 없어!&quot; 8년 전 도망친 그녀... 💖돌아오자마자 &#39;재벌 후계자&#39;의 &#39;집착 덫&#39;에 걸리다! #cdrama  #드라마 #kdrama,https://www.youtube.com/watch?v=H_3AA4RQ_NM,악역 하나 없이 모두 행복해져서 좋다
숏드,&quot;이젠 너 없는 세상은 없어!&quot; 8년 전 도망친 그녀... 💖돌아오자마자 &#39;재벌 후계자&#39;의 &#39;집착 덫&#39;에 걸리다! #cdrama  #드라마 #kdrama,https://www.youtube.com/watch?v=H_3AA4RQ_NM,마지막이  해피엔딩이라 넘 좋아요~~
숏드,&quot;이젠 너 없는 세상은 없어!&quot; 8년 전 도망친 그녀... 💖돌아오자마자 &#39;재벌 후계자&#39;의 &#39;집착 덫&#39;에 걸리다! #cdrama  #드라마 #kdrama,https://www.youtube.com/watch?v=H_3AA4RQ_NM,피부암인가요 뭔 병이지???
숏드,&quot;이젠 너 없는 세상은 없어!&quot; 8년 전 도망친 그녀... 💖돌아오자마자 &#39;재벌 후계자&#39;의 &#39;집착 덫&#39;에 걸리다! #cdrama  #드라마 #kdrama,https://www.youtube.com/watch?v=H_3AA4RQ_NM,눈물이 겁나 나네요 엄마 보고싶다 아빠도. .
숏드,&quot;이젠 너 없는 세상은 없어!&quot; 8년 전 도망친 그녀... 💖돌아오자마자 &#39;재벌 후계자&#39;의 &#39;집착 덫&#39;에 걸리다! #cdrama  #드라마 #kdrama,https://www.youtube.com/watch?v=H_3AA4RQ_NM,이거 봤던건데 또 슬프네요..<br>오첨호 작품중 이게 젤 슬픈거같은..
숏드,&quot;이젠 너 없는 세상은 없어!&quot; 8년 전 도망친 그녀... 💖돌아오자마자 &#39;재벌 후계자&#39;의 &#39;집착 덫&#39;에 걸리다! #cdrama  #드라마 #kdrama,https://www.youtube.com/watch?v=H_3AA4RQ_NM,"이거 원자막을 봣는데, 결말이 꿈이엇다가 맞는걸로 알고잇는데.. 아니 정확히 말하자면 그냥 남주의 희망사항임.. 이거 비슷한 스토리 다른 배우들이 찍은거 잇어요. 거기서는 둘다 죽어서 무덤 보여줌"
숏드,&quot;이젠 너 없는 세상은 없어!&quot; 8년 전 도망친 그녀... 💖돌아오자마자 &#39;재벌 후계자&#39;의 &#39;집착 덫&#39;에 걸리다! #cdrama  #드라마 #kdrama,https://www.youtube.com/watch?v=H_3AA4RQ_NM,전에 한번 봤던건데 다시 보니까 왜 더 슬프냐 울면서 봤네ㅜㅜ
숏드,&quot;이젠 너 없는 세상은 없어!&quot; 8년 전 도망친 그녀... 💖돌아오자마자 &#39;재벌 후계자&#39;의 &#39;집착 덫&#39;에 걸리다! #cdrama  #드라마 #kdrama,https://www.youtube.com/watch?v=H_3AA4RQ_NM,숏드보면서 펑펑 울 줄이야..ㅜ
숏드,&quot;이젠 너 없는 세상은 없어!&quot; 8년 전 도망친 그녀... 💖돌아오자마자 &#39;재벌 후계자&#39;의 &#39;집착 덫&#39;에 걸리다! #cdrama  #드라마 #kdrama,https://www.youtube.com/watch?v=H_3AA4RQ_NM,여주 랑  남주이름뭐예요
숏드,&quot;이젠 너 없는 세상은 없어!&quot; 8년 전 도망친 그녀... 💖돌아오자마자 &#39;재벌 후계자&#39;의 &#39;집착 덫&#39;에 걸리다! #cdrama  #드라마 #kdrama,https://www.youtube.com/watch?v=H_3AA4RQ_NM,보는내내 이렇게 가슴아픈 숏드는 첨이네😢
숏드,&quot;이젠 너 없는 세상은 없어!&quot; 8년 전 도망친 그녀... 💖돌아오자마자 &#39;재벌 후계자&#39;의 &#39;집착 덫&#39;에 걸리다! #cdrama  #드라마 #kdrama,https://www.youtube.com/watch?v=H_3AA4RQ_NM,오첨호 였구나 ㅋㅋ  두번째  보는데  잘봤어요
숏드,&quot;이젠 너 없는 세상은 없어!&quot; 8년 전 도망친 그녀... 💖돌아오자마자 &#39;재벌 후계자&#39;의 &#39;집착 덫&#39;에 걸리다! #cdrama  #드라마 #kdrama,https://www.youtube.com/watch?v=H_3AA4RQ_NM,다 알지만 엄청 눈물이 났어
숏드,&quot;이젠 너 없는 세상은 없어!&quot; 8년 전 도망친 그녀... 💖돌아오자마자 &#39;재벌 후계자&#39;의 &#39;집착 덫&#39;에 걸리다! #cdrama  #드라마 #kdrama,https://www.youtube.com/watch?v=H_3AA4RQ_NM,청춘들힘든.가슴아픈사랑이네요❤
숏드,&quot;이젠 너 없는 세상은 없어!&quot; 8년 전 도망친 그녀... 💖돌아오자마자 &#39;재벌 후계자&#39;의 &#39;집착 덫&#39;에 걸리다! #cdrama  #드라마 #kdrama,https://www.youtube.com/watch?v=H_3AA4RQ_NM,에구~여주가 살아있게해<br>주셔서 감사합니다~^^
숏드,&quot;이젠 너 없는 세상은 없어!&quot; 8년 전 도망친 그녀... 💖돌아오자마자 &#39;재벌 후계자&#39;의 &#39;집착 덫&#39;에 걸리다! #cdrama  #드라마 #kdrama,https://www.youtube.com/watch?v=H_3AA4RQ_NM,귀하다~~오첨호 신작 드라마라니~~!!!
숏드,&quot;이젠 너 없는 세상은 없어!&quot; 8년 전 도망친 그녀... 💖돌아오자마자 &#39;재벌 후계자&#39;의 &#39;집착 덫&#39;에 걸리다! #cdrama  #드라마 #kdrama,https://www.youtube.com/watch?v=H_3AA4RQ_NM,펑펑 울었네요....
숏드,&quot;이젠 너 없는 세상은 없어!&quot; 8년 전 도망친 그녀... 💖돌아오자마자 &#39;재벌 후계자&#39;의 &#39;집착 덫&#39;에 걸리다! #cdrama  #드라마 #kdrama,https://www.youtube.com/watch?v=H_3AA4RQ_NM,다시봐도 슬프잖어~ㅠ😢❤<br>두배우 얼굴 합도. 좋아요❤❤❤❤❤
숏드,&quot;이젠 너 없는 세상은 없어!&quot; 8년 전 도망친 그녀... 💖돌아오자마자 &#39;재벌 후계자&#39;의 &#39;집착 덫&#39;에 걸리다! #cdrama  #드라마 #kdrama,https://www.youtube.com/watch?v=H_3AA4RQ_NM,"여자가 죽어서 슬폈는데, 남주가 옛날로 돌아가 행복했던 시절로 다시가 행복하게 마무리가 되어 넘 좋았어요."
숏드,&quot;이젠 너 없는 세상은 없어!&quot; 8년 전 도망친 그녀... 💖돌아오자마자 &#39;재벌 후계자&#39;의 &#39;집착 덫&#39;에 걸리다! #cdrama  #드라마 #kdrama,https://www.youtube.com/watch?v=H_3AA4RQ_NM,너무 슬픔
숏드,&quot;이젠 너 없는 세상은 없어!&quot; 8년 전 도망친 그녀... 💖돌아오자마자 &#39;재벌 후계자&#39;의 &#39;집착 덫&#39;에 걸리다! #cdrama  #드라마 #kdrama,https://www.youtube.com/watch?v=H_3AA4RQ_NM,악역하나없는데   완전 잼나게 봤네요 ~맘이 보는내내뭉클<br>   남주 넘  이쁘게 생겼..ㅎㅎ여주도 이쁜~  😊😊
숏드,&quot;이젠 너 없는 세상은 없어!&quot; 8년 전 도망친 그녀... 💖돌아오자마자 &#39;재벌 후계자&#39;의 &#39;집착 덫&#39;에 걸리다! #cdrama  #드라마 #kdrama,https://www.youtube.com/watch?v=H_3AA4RQ_NM,여주 처음엔 답답했는데 좀안되네
숏드,&quot;이젠 너 없는 세상은 없어!&quot; 8년 전 도망친 그녀... 💖돌아오자마자 &#39;재벌 후계자&#39;의 &#39;집착 덫&#39;에 걸리다! #cdrama  #드라마 #kdrama,https://www.youtube.com/watch?v=H_3AA4RQ_NM,행복하게 끝나서 다행... 마지막에 모든게 다 꿈이었다고 할까봐 조마조마했어요.
숏드,&quot;이젠 너 없는 세상은 없어!&quot; 8년 전 도망친 그녀... 💖돌아오자마자 &#39;재벌 후계자&#39;의 &#39;집착 덫&#39;에 걸리다! #cdrama  #드라마 #kdrama,https://www.youtube.com/watch?v=H_3AA4RQ_NM,우티엔하오❤
숏드,&quot;이젠 너 없는 세상은 없어!&quot; 8년 전 도망친 그녀... 💖돌아오자마자 &#39;재벌 후계자&#39;의 &#39;집착 덫&#39;에 걸리다! #cdrama  #드라마 #kdrama,https://www.youtube.com/watch?v=H_3AA4RQ_NM,칼로 죽이고 약먹이는거 없고 납치도 없어 좋네요
숏드,&quot;이젠 너 없는 세상은 없어!&quot; 8년 전 도망친 그녀... 💖돌아오자마자 &#39;재벌 후계자&#39;의 &#39;집착 덫&#39;에 걸리다! #cdrama  #드라마 #kdrama,https://www.youtube.com/watch?v=H_3AA4RQ_NM,남의 남자 사랑해봤자 고통이예요
숏드,&quot;이젠 너 없는 세상은 없어!&quot; 8년 전 도망친 그녀... 💖돌아오자마자 &#39;재벌 후계자&#39;의 &#39;집착 덫&#39;에 걸리다! #cdrama  #드라마 #kdrama,https://www.youtube.com/watch?v=H_3AA4RQ_NM,언니 전 남자 잊어야 새로운 남자가 들어갈 공간이 생기는 거예요
숏드,"어머니를 잃고 복수를 위해 입궁한 천재 여의,목욕탕에서 만난 남자가 세자였다…“봤으니 책임질게.”#숏드 #로맨스 사극",https://www.youtube.com/watch?v=iiA2zhl7rLA,시작장면 나레이션하는 여자목소리 <br>되게 좋네요. 중국어하는 여자 목소리 이렇게 좋게 들린적 첨이야 . . .
숏드,"어머니를 잃고 복수를 위해 입궁한 천재 여의,목욕탕에서 만난 남자가 세자였다…“봤으니 책임질게.”#숏드 #로맨스 사극",https://www.youtube.com/watch?v=iiA2zhl7rLA,역사 왜곡 그 자체네. 한복. 갓  등 중국문화가 아닌걸 자기네들 것인양 ㅠㅠ<br>보고 있자니 속이 메쓱거리네
숏드,"어머니를 잃고 복수를 위해 입궁한 천재 여의,목욕탕에서 만난 남자가 세자였다…“봤으니 책임질게.”#숏드 #로맨스 사극",https://www.youtube.com/watch?v=iiA2zhl7rLA,이제는 사람들이 우리문화를 베끼는것을 별 신경을 쓰지않고 그냥보나보네 중국 속국이 되가는중 국민들이 받아들이니까ㅉㅉㅉ 나는 기분나빠 안봄
숏드,"어머니를 잃고 복수를 위해 입궁한 천재 여의,목욕탕에서 만난 남자가 세자였다…“봤으니 책임질게.”#숏드 #로맨스 사극",https://www.youtube.com/watch?v=iiA2zhl7rLA,중국것들 정말 징글징글하다<br>부끄러움을 모르는것들<br>정부차원에서 한복을 더 널리널리 알려야한다 우리문화도.
숏드,"어머니를 잃고 복수를 위해 입궁한 천재 여의,목욕탕에서 만난 남자가 세자였다…“봤으니 책임질게.”#숏드 #로맨스 사극",https://www.youtube.com/watch?v=iiA2zhl7rLA,갓을 엄청 뺏고 싶어하네 지들 문화나 지키지 이쁘고 멋있는건 알아서!!!~~~ㅋㅋㅋㅋ <br>우리니나 반도체던 문화던 뭐던 자 지들거라고 자존심도 없는것들!!!~~~ㅉㅉㅉ
숏드,"어머니를 잃고 복수를 위해 입궁한 천재 여의,목욕탕에서 만난 남자가 세자였다…“봤으니 책임질게.”#숏드 #로맨스 사극",https://www.youtube.com/watch?v=iiA2zhl7rLA,여기는 대놓고 우리 의복이    나오네...😮 <br>갓은 좀...3D 프린터로 만든거 마냥 허접하지만...😂<br>줄거리가 살짝 대장금 느낌도 나는거 같지만 나름 재밌었어요
숏드,"어머니를 잃고 복수를 위해 입궁한 천재 여의,목욕탕에서 만난 남자가 세자였다…“봤으니 책임질게.”#숏드 #로맨스 사극",https://www.youtube.com/watch?v=iiA2zhl7rLA,여주  얼굴 안보네요?<br>몰입      안되   <br>1시간  보다 끝<br>볼게  많으니까
숏드,"어머니를 잃고 복수를 위해 입궁한 천재 여의,목욕탕에서 만난 남자가 세자였다…“봤으니 책임질게.”#숏드 #로맨스 사극",https://www.youtube.com/watch?v=iiA2zhl7rLA,왕이 가장무능하넹 사람볼줄모르고 고구마 100개먹은듯
숏드,"어머니를 잃고 복수를 위해 입궁한 천재 여의,목욕탕에서 만난 남자가 세자였다…“봤으니 책임질게.”#숏드 #로맨스 사극",https://www.youtube.com/watch?v=iiA2zhl7rLA,여주가 바뀐거 아님.악역이 더 여주 인물상인데.ㅎ
숏드,"어머니를 잃고 복수를 위해 입궁한 천재 여의,목욕탕에서 만난 남자가 세자였다…“봤으니 책임질게.”#숏드 #로맨스 사극",https://www.youtube.com/watch?v=iiA2zhl7rLA,여주 인물이..얼굴이 어둡고 상이 않좋와😢😢😢😢😢
숏드,"어머니를 잃고 복수를 위해 입궁한 천재 여의,목욕탕에서 만난 남자가 세자였다…“봤으니 책임질게.”#숏드 #로맨스 사극",https://www.youtube.com/watch?v=iiA2zhl7rLA,자막이 다른 글자와 겹쳐서 보기가 어렵다는 점이 조금 아쉽네요
숏드,"어머니를 잃고 복수를 위해 입궁한 천재 여의,목욕탕에서 만난 남자가 세자였다…“봤으니 책임질게.”#숏드 #로맨스 사극",https://www.youtube.com/watch?v=iiA2zhl7rLA,"처음부분만 약간 답답함을 느끼겠지만 연기,내용 다 괜찮았음"
숏드,"불임이던 금욕 총재, 낯선 그녀의 키스에 몸이 반응했다. 그는 당황하는 그녀를 번쩍 안고, 그녀를 지금 당장 세상 유일한 보물 아내로 맞이했다!",https://www.youtube.com/watch?v=xAXGPUF678k,"여자가 이상해요. 이 말 듣고 살인자 취급하다 다른 말 들고 잘해주고, 또 이 말 듣고 또 죽일놈 타령하고... 애가 무사할지에 대한 걱정도 없이 자기 임신시켰다고 화내고 그 엄마도 다짜고짜 살인시도...c급 숏드의 전형인듯~"
숏드,"불임이던 금욕 총재, 낯선 그녀의 키스에 몸이 반응했다. 그는 당황하는 그녀를 번쩍 안고, 그녀를 지금 당장 세상 유일한 보물 아내로 맞이했다!",https://www.youtube.com/watch?v=xAXGPUF678k,여주인공 넘 이뻐 역시 중국은 인구대국 이쁜여자도 많네
숏드,"불임이던 금욕 총재, 낯선 그녀의 키스에 몸이 반응했다. 그는 당황하는 그녀를 번쩍 안고, 그녀를 지금 당장 세상 유일한 보물 아내로 맞이했다!",https://www.youtube.com/watch?v=xAXGPUF678k,유전병 있어서 애낳을 수 없으면 결혼 못해야지! 말도 안됨
숏드,"불임이던 금욕 총재, 낯선 그녀의 키스에 몸이 반응했다. 그는 당황하는 그녀를 번쩍 안고, 그녀를 지금 당장 세상 유일한 보물 아내로 맞이했다!",https://www.youtube.com/watch?v=xAXGPUF678k,잘봤어요
숏드,"불임이던 금욕 총재, 낯선 그녀의 키스에 몸이 반응했다. 그는 당황하는 그녀를 번쩍 안고, 그녀를 지금 당장 세상 유일한 보물 아내로 맞이했다!",https://www.youtube.com/watch?v=xAXGPUF678k,💕💕💕💕💕💕
숏드,"불임이던 금욕 총재, 낯선 그녀의 키스에 몸이 반응했다. 그는 당황하는 그녀를 번쩍 안고, 그녀를 지금 당장 세상 유일한 보물 아내로 맞이했다!",https://www.youtube.com/watch?v=xAXGPUF678k,테무 윤수빈...
숏드,"불임이던 금욕 총재, 낯선 그녀의 키스에 몸이 반응했다. 그는 당황하는 그녀를 번쩍 안고, 그녀를 지금 당장 세상 유일한 보물 아내로 맞이했다!",https://www.youtube.com/watch?v=xAXGPUF678k,제목이 뭔가요?
숏드,"불임이던 금욕 총재, 낯선 그녀의 키스에 몸이 반응했다. 그는 당황하는 그녀를 번쩍 안고, 그녀를 지금 당장 세상 유일한 보물 아내로 맞이했다!",https://www.youtube.com/watch?v=xAXGPUF678k,너무슬프다아일보면눈물이산다
숏드,"불임이던 금욕 총재, 낯선 그녀의 키스에 몸이 반응했다. 그는 당황하는 그녀를 번쩍 안고, 그녀를 지금 당장 세상 유일한 보물 아내로 맞이했다!",https://www.youtube.com/watch?v=xAXGPUF678k,어떻게인간이저렇게독하고악할까
숏드,"불임이던 금욕 총재, 낯선 그녀의 키스에 몸이 반응했다. 그는 당황하는 그녀를 번쩍 안고, 그녀를 지금 당장 세상 유일한 보물 아내로 맞이했다!",https://www.youtube.com/watch?v=xAXGPUF678k,여주들 손톱은 적응이 안되네...일상생활에 불편하지 않을지..
숏드,"불임이던 금욕 총재, 낯선 그녀의 키스에 몸이 반응했다. 그는 당황하는 그녀를 번쩍 안고, 그녀를 지금 당장 세상 유일한 보물 아내로 맞이했다!",https://www.youtube.com/watch?v=xAXGPUF678k,의사역 배우 이름알고싶어요~
숏드,"불임이던 금욕 총재, 낯선 그녀의 키스에 몸이 반응했다. 그는 당황하는 그녀를 번쩍 안고, 그녀를 지금 당장 세상 유일한 보물 아내로 맞이했다!",https://www.youtube.com/watch?v=xAXGPUF678k,남주 아빠도 그리 똥꼬집은 아니었는데 계모 진작에 없애도 될걸 질질끌고... 아이가 다했네 여주가 너무 착하고 여리게 나와서 속상했는데 나쁜일들이 생각보다 적어서 다스려졌다
숏드,"불임이던 금욕 총재, 낯선 그녀의 키스에 몸이 반응했다. 그는 당황하는 그녀를 번쩍 안고, 그녀를 지금 당장 세상 유일한 보물 아내로 맞이했다!",https://www.youtube.com/watch?v=xAXGPUF678k,의사가 무슨 임산부가 애 낳고 죽는 약을 주냐 믿을 인간 하나 없네
숏드,"불임이던 금욕 총재, 낯선 그녀의 키스에 몸이 반응했다. 그는 당황하는 그녀를 번쩍 안고, 그녀를 지금 당장 세상 유일한 보물 아내로 맞이했다!",https://www.youtube.com/watch?v=xAXGPUF678k,ㄷㄹㅇ
숏드,"불임이던 금욕 총재, 낯선 그녀의 키스에 몸이 반응했다. 그는 당황하는 그녀를 번쩍 안고, 그녀를 지금 당장 세상 유일한 보물 아내로 맞이했다!",https://www.youtube.com/watch?v=xAXGPUF678k,여자집사(?)분 함소원씨 시어머님 아니신가??
숏드,"불임이던 금욕 총재, 낯선 그녀의 키스에 몸이 반응했다. 그는 당황하는 그녀를 번쩍 안고, 그녀를 지금 당장 세상 유일한 보물 아내로 맞이했다!",https://www.youtube.com/watch?v=xAXGPUF678k,낭주이름 궁금해요~~~~~~❤❤😊
숏드,"불임이던 금욕 총재, 낯선 그녀의 키스에 몸이 반응했다. 그는 당황하는 그녀를 번쩍 안고, 그녀를 지금 당장 세상 유일한 보물 아내로 맞이했다!",https://www.youtube.com/watch?v=xAXGPUF678k,중드는 뭐맨날 목조르노
숏드,"불임이던 금욕 총재, 낯선 그녀의 키스에 몸이 반응했다. 그는 당황하는 그녀를 번쩍 안고, 그녀를 지금 당장 세상 유일한 보물 아내로 맞이했다!",https://www.youtube.com/watch?v=xAXGPUF678k,남주 목소리 좋구만 ㅎㅎ
숏드,"불임이던 금욕 총재, 낯선 그녀의 키스에 몸이 반응했다. 그는 당황하는 그녀를 번쩍 안고, 그녀를 지금 당장 세상 유일한 보물 아내로 맞이했다!",https://www.youtube.com/watch?v=xAXGPUF678k,유치원 프로그램이 있을텐데 ㅋ
숏드,"불임이던 금욕 총재, 낯선 그녀의 키스에 몸이 반응했다. 그는 당황하는 그녀를 번쩍 안고, 그녀를 지금 당장 세상 유일한 보물 아내로 맞이했다!",https://www.youtube.com/watch?v=xAXGPUF678k,아역 넘 귀여워 여주 넘 이쁘고
숏드,"불임이던 금욕 총재, 낯선 그녀의 키스에 몸이 반응했다. 그는 당황하는 그녀를 번쩍 안고, 그녀를 지금 당장 세상 유일한 보물 아내로 맞이했다!",https://www.youtube.com/watch?v=xAXGPUF678k,아니 무슨 악역들이 다 일 저지르고 나서 알게되고 여주는 대체 뭔 죄고 남주는 대체 뭐하고 다니는거니 후
숏드,"불임이던 금욕 총재, 낯선 그녀의 키스에 몸이 반응했다. 그는 당황하는 그녀를 번쩍 안고, 그녀를 지금 당장 세상 유일한 보물 아내로 맞이했다!",https://www.youtube.com/watch?v=xAXGPUF678k,아니 남주 왤케 답답해 자기 엄마 첩땜에 죽은거 알았으면 아내를 잘 지켰어야지 후
숏드,"불임이던 금욕 총재, 낯선 그녀의 키스에 몸이 반응했다. 그는 당황하는 그녀를 번쩍 안고, 그녀를 지금 당장 세상 유일한 보물 아내로 맞이했다!",https://www.youtube.com/watch?v=xAXGPUF678k,해피앤딩이  항상<br>좋아요<br>애기도 귀여워요~^^♡
숏드,"불임이던 금욕 총재, 낯선 그녀의 키스에 몸이 반응했다. 그는 당황하는 그녀를 번쩍 안고, 그녀를 지금 당장 세상 유일한 보물 아내로 맞이했다!",https://www.youtube.com/watch?v=xAXGPUF678k,핵심일정 감사합니다 수고많으셨읍니다
숏드,"불임이던 금욕 총재, 낯선 그녀의 키스에 몸이 반응했다. 그는 당황하는 그녀를 번쩍 안고, 그녀를 지금 당장 세상 유일한 보물 아내로 맞이했다!",https://www.youtube.com/watch?v=xAXGPUF678k,사랑에 빠진 남자는 ...ㅜㅜ<br>남주 불쌍해<br>맨날 오해속에서 힘들어 해 너어무 착해
숏드,"불임이던 금욕 총재, 낯선 그녀의 키스에 몸이 반응했다. 그는 당황하는 그녀를 번쩍 안고, 그녀를 지금 당장 세상 유일한 보물 아내로 맞이했다!",https://www.youtube.com/watch?v=xAXGPUF678k,하 악우정 개이뻐
숏드,"불임이던 금욕 총재, 낯선 그녀의 키스에 몸이 반응했다. 그는 당황하는 그녀를 번쩍 안고, 그녀를 지금 당장 세상 유일한 보물 아내로 맞이했다!",https://www.youtube.com/watch?v=xAXGPUF678k,아무리 개짓을 해도 어찌 죽은사람이 또 도라오냐 ㅎ ㅎ 똥개들 참
숏드,"불임이던 금욕 총재, 낯선 그녀의 키스에 몸이 반응했다. 그는 당황하는 그녀를 번쩍 안고, 그녀를 지금 당장 세상 유일한 보물 아내로 맞이했다!",https://www.youtube.com/watch?v=xAXGPUF678k,제가 애정하는 여배우에요. 많이 사랑해주세요. Yue yuting 이쁘다.
숏드,"불임이던 금욕 총재, 낯선 그녀의 키스에 몸이 반응했다. 그는 당황하는 그녀를 번쩍 안고, 그녀를 지금 당장 세상 유일한 보물 아내로 맞이했다!",https://www.youtube.com/watch?v=xAXGPUF678k,잘됐다 결말이 해피 엔딩이라 좋아요
숏드,"불임이던 금욕 총재, 낯선 그녀의 키스에 몸이 반응했다. 그는 당황하는 그녀를 번쩍 안고, 그녀를 지금 당장 세상 유일한 보물 아내로 맞이했다!",https://www.youtube.com/watch?v=xAXGPUF678k,중국은 의료사실도 돈만 있으면 바꿀수 있나봐요
숏드,"불임이던 금욕 총재, 낯선 그녀의 키스에 몸이 반응했다. 그는 당황하는 그녀를 번쩍 안고, 그녀를 지금 당장 세상 유일한 보물 아내로 맞이했다!",https://www.youtube.com/watch?v=xAXGPUF678k,남주이름 뭐예요
숏드,"불임이던 금욕 총재, 낯선 그녀의 키스에 몸이 반응했다. 그는 당황하는 그녀를 번쩍 안고, 그녀를 지금 당장 세상 유일한 보물 아내로 맞이했다!",https://www.youtube.com/watch?v=xAXGPUF678k,여주 넘 예쁘고 남주도 잘생겼다
숏드,"불임이던 금욕 총재, 낯선 그녀의 키스에 몸이 반응했다. 그는 당황하는 그녀를 번쩍 안고, 그녀를 지금 당장 세상 유일한 보물 아내로 맞이했다!",https://www.youtube.com/watch?v=xAXGPUF678k,좋은 스토리에요❤❤❤
숏드,가볍게 보기 시작했다가 멈출 수 없게 만드는 숏드의 맛... 상대의 거짓을 스캔해버리는 여주와 왕의 계약 로맨스❤️ #차녕안 #숏폼드라마 #로맨스,https://www.youtube.com/watch?v=9hHRyzy728U,제목이 무엇인가요?
숏드,가볍게 보기 시작했다가 멈출 수 없게 만드는 숏드의 맛... 상대의 거짓을 스캔해버리는 여주와 왕의 계약 로맨스❤️ #차녕안 #숏폼드라마 #로맨스,https://www.youtube.com/watch?v=9hHRyzy728U,삼촌하고 조카같아보여서..😢
숏드,가볍게 보기 시작했다가 멈출 수 없게 만드는 숏드의 맛... 상대의 거짓을 스캔해버리는 여주와 왕의 계약 로맨스❤️ #차녕안 #숏폼드라마 #로맨스,https://www.youtube.com/watch?v=9hHRyzy728U,차녕안 남주 여주 케미 넘 조아요 ❤
숏드,가볍게 보기 시작했다가 멈출 수 없게 만드는 숏드의 맛... 상대의 거짓을 스캔해버리는 여주와 왕의 계약 로맨스❤️ #차녕안 #숏폼드라마 #로맨스,https://www.youtube.com/watch?v=9hHRyzy728U,오복임문 막내딸이네요 왠지 보면 설리가 생각나네요
숏드,가볍게 보기 시작했다가 멈출 수 없게 만드는 숏드의 맛... 상대의 거짓을 스캔해버리는 여주와 왕의 계약 로맨스❤️ #차녕안 #숏폼드라마 #로맨스,https://www.youtube.com/watch?v=9hHRyzy728U,남주 양세찬 살짝 닮은듯
숏드,가볍게 보기 시작했다가 멈출 수 없게 만드는 숏드의 맛... 상대의 거짓을 스캔해버리는 여주와 왕의 계약 로맨스❤️ #차녕안 #숏폼드라마 #로맨스,https://www.youtube.com/watch?v=9hHRyzy728U,처음 몇분동안 여주가 장님인가 의심했어요😂
숏드,가볍게 보기 시작했다가 멈출 수 없게 만드는 숏드의 맛... 상대의 거짓을 스캔해버리는 여주와 왕의 계약 로맨스❤️ #차녕안 #숏폼드라마 #로맨스,https://www.youtube.com/watch?v=9hHRyzy728U,남주는 눈썹이 앵그리버드 같아서 눈썹만 보이고 여주는 안광이 없어서 장님처럼 보임
숏드,가볍게 보기 시작했다가 멈출 수 없게 만드는 숏드의 맛... 상대의 거짓을 스캔해버리는 여주와 왕의 계약 로맨스❤️ #차녕안 #숏폼드라마 #로맨스,https://www.youtube.com/watch?v=9hHRyzy728U,또 재밋는거 낄여오셧네😮
숏드,가볍게 보기 시작했다가 멈출 수 없게 만드는 숏드의 맛... 상대의 거짓을 스캔해버리는 여주와 왕의 계약 로맨스❤️ #차녕안 #숏폼드라마 #로맨스,https://www.youtube.com/watch?v=9hHRyzy728U,여주 대명풍화에서 탕웨이 아역으로 처음봤는데 이쁘더라고요
숏드,가볍게 보기 시작했다가 멈출 수 없게 만드는 숏드의 맛... 상대의 거짓을 스캔해버리는 여주와 왕의 계약 로맨스❤️ #차녕안 #숏폼드라마 #로맨스,https://www.youtube.com/watch?v=9hHRyzy728U,황양전첨 갸ㅑㅑ귀엽다ㅠㅠ
숏드,가볍게 보기 시작했다가 멈출 수 없게 만드는 숏드의 맛... 상대의 거짓을 스캔해버리는 여주와 왕의 계약 로맨스❤️ #차녕안 #숏폼드라마 #로맨스,https://www.youtube.com/watch?v=9hHRyzy728U,같이 나온 여자는 구해준건가
숏드,쇼츠 드라마 싹 다 모아봤쩜 [민쩌미],https://www.youtube.com/watch?v=K1HQZNatum8,보고싶은 숏드 주제 추천해주시쩜🎀
숏드,쇼츠 드라마 싹 다 모아봤쩜 [민쩌미],https://www.youtube.com/watch?v=K1HQZNatum8,현직 중2인데 진짜 이야기 너무잘만드심 마지막은 ㄹㅇ개소름..
숏드,쇼츠 드라마 싹 다 모아봤쩜 [민쩌미],https://www.youtube.com/watch?v=K1HQZNatum8,정말제미서요❤❤❤❤❤😂😂😂😂😂🎉🎉🎉🎉🎉🎉🎉😊😊😊😊😊😊
숏드,쇼츠 드라마 싹 다 모아봤쩜 [민쩌미],https://www.youtube.com/watch?v=K1HQZNatum8,난윤세리가싫어
숏드,쇼츠 드라마 싹 다 모아봤쩜 [민쩌미],https://www.youtube.com/watch?v=K1HQZNatum8,민아진짜소오름......ㄷㄷㄷㄷㄷㄷㄷㄷㄷㄷㄷㄷㄷㄷㄷㄷㄷㄷㄷ
숏드,쇼츠 드라마 싹 다 모아봤쩜 [민쩌미],https://www.youtube.com/watch?v=K1HQZNatum8,"<a href=""https://www.youtube.com/watch?v=K1HQZNatum8&amp;t=3522"">58:42</a> 엇? 블로 인뎁!! 쩌미 언니 저도 블로 써요!"
숏드,쇼츠 드라마 싹 다 모아봤쩜 [민쩌미],https://www.youtube.com/watch?v=K1HQZNatum8,재미있게 흘러 가네라고 생각할때  마지막에 소름
숏드,쇼츠 드라마 싹 다 모아봤쩜 [민쩌미],https://www.youtube.com/watch?v=K1HQZNatum8,더 만들어주심 안돼나요??.
숏드,쇼츠 드라마 싹 다 모아봤쩜 [민쩌미],https://www.youtube.com/watch?v=K1HQZNatum8,세리도  솔찍히  심한말 함..
숏드,쇼츠 드라마 싹 다 모아봤쩜 [민쩌미],https://www.youtube.com/watch?v=K1HQZNatum8,"<a href=""https://www.youtube.com/watch?v=K1HQZNatum8&amp;t=1489"">24:49</a>에서 옷 코디가 도깨비에 김고은님 코디 아닌가?"
숏드,쇼츠 드라마 싹 다 모아봤쩜 [민쩌미],https://www.youtube.com/watch?v=K1HQZNatum8,"<a href=""https://www.youtube.com/watch?v=K1HQZNatum8&amp;t=3524"">58:44</a> 언니 블로 쓰네??"
숏드,쇼츠 드라마 싹 다 모아봤쩜 [민쩌미],https://www.youtube.com/watch?v=K1HQZNatum8,"<a href=""https://www.youtube.com/watch?v=K1HQZNatum8&amp;t=2536"">42:16</a>"
숏드,쇼츠 드라마 싹 다 모아봤쩜 [민쩌미],https://www.youtube.com/watch?v=K1HQZNatum8,"<a href=""https://www.youtube.com/watch?v=K1HQZNatum8&amp;t=2272"">37:52</a>"
숏드,쇼츠 드라마 싹 다 모아봤쩜 [민쩌미],https://www.youtube.com/watch?v=K1HQZNatum8,"<a href=""https://www.youtube.com/watch?v=K1HQZNatum8&amp;t=1088"">18:08</a>"
숏드,쇼츠 드라마 싹 다 모아봤쩜 [민쩌미],https://www.youtube.com/watch?v=K1HQZNatum8,결국엔 주인공이 빌런이였네;;;
숏드,쇼츠 드라마 싹 다 모아봤쩜 [민쩌미],https://www.youtube.com/watch?v=K1HQZNatum8,이름 선우민아 네글자 신기ㅣ
숏드,쇼츠 드라마 싹 다 모아봤쩜 [민쩌미],https://www.youtube.com/watch?v=K1HQZNatum8,그냥 민쩌미님이 노래를 잘하는듯 ❤
숏드,쇼츠 드라마 싹 다 모아봤쩜 [민쩌미],https://www.youtube.com/watch?v=K1HQZNatum8,아니 왜 자꾸 황재일 같은 스타일은 맨날 차임??!?!!!!?!????!!?!??!?!?!
숏드,쇼츠 드라마 싹 다 모아봤쩜 [민쩌미],https://www.youtube.com/watch?v=K1HQZNatum8,"<a href=""https://www.youtube.com/watch?v=K1HQZNatum8&amp;t=2299"">38:19</a> 에 나오는 노래 제목 뭔가요??"
숏드,쇼츠 드라마 싹 다 모아봤쩜 [민쩌미],https://www.youtube.com/watch?v=K1HQZNatum8,"와 ㄷㄷ , 그 선우민아 ;; 남미새내 ;;"
숏드,쇼츠 드라마 싹 다 모아봤쩜 [민쩌미],https://www.youtube.com/watch?v=K1HQZNatum8,진짜 대박이에요!!여러번봐도 마직막화는 늘충격임요!😮앞으로도 게속 이런 재미있는 영상 올려주세요~~ㅎ ㅡ ㅎ❤
숏드,쇼츠 드라마 싹 다 모아봤쩜 [민쩌미],https://www.youtube.com/watch?v=K1HQZNatum8,"<a href=""https://www.youtube.com/watch?v=K1HQZNatum8&amp;t=3224"">53:44</a> 애기 생긴줄;;"
숏드,쇼츠 드라마 싹 다 모아봤쩜 [민쩌미],https://www.youtube.com/watch?v=K1HQZNatum8,혼자 진짜 재밌게 노세요!
숏드,쇼츠 드라마 싹 다 모아봤쩜 [민쩌미],https://www.youtube.com/watch?v=K1HQZNatum8,언니 넘 팬이에요옹 ㅠㅠㅠ❤너무 이뻐요어노😊
숏드,쇼츠 드라마 싹 다 모아봤쩜 [민쩌미],https://www.youtube.com/watch?v=K1HQZNatum8,"<a href=""https://www.youtube.com/watch?v=K1HQZNatum8&amp;t=1409"">23:29</a>민쩌미 시작한날 ㄷㄷ"
숏드,쇼츠 드라마 싹 다 모아봤쩜 [민쩌미],https://www.youtube.com/watch?v=K1HQZNatum8,이룬거 또 올줏주세요
숏드,쇼츠 드라마 싹 다 모아봤쩜 [민쩌미],https://www.youtube.com/watch?v=K1HQZNatum8,진짜 재밌누
숏드,쇼츠 드라마 싹 다 모아봤쩜 [민쩌미],https://www.youtube.com/watch?v=K1HQZNatum8,아니현재오빠맨시지그거어떡게알인?!!!!
숏드,쇼츠 드라마 싹 다 모아봤쩜 [민쩌미],https://www.youtube.com/watch?v=K1HQZNatum8,세리1화에서는완~~~~~~~~~~~~~~전싫어
숏드,쇼츠 드라마 싹 다 모아봤쩜 [민쩌미],https://www.youtube.com/watch?v=K1HQZNatum8,넘 재밌음 ❤ 쇼츠 드라마 많이 올려주세요 😊
숏드,쇼츠 드라마 싹 다 모아봤쩜 [민쩌미],https://www.youtube.com/watch?v=K1HQZNatum8,"<a href=""https://www.youtube.com/watch?v=K1HQZNatum8&amp;t=2373"">39:33</a> 이런거 치얼업에서 본듯<br>뒤에서도"
숏드,쇼츠 드라마 싹 다 모아봤쩜 [민쩌미],https://www.youtube.com/watch?v=K1HQZNatum8,25분 23초에 입술 안 아프셨어요?
숏드,쇼츠 드라마 싹 다 모아봤쩜 [민쩌미],https://www.youtube.com/watch?v=K1HQZNatum8,"<a href=""https://www.youtube.com/watch?v=K1HQZNatum8&amp;t=3213"">53:33</a>이건 진짜 바람.."
숏드,쇼츠 드라마 싹 다 모아봤쩜 [민쩌미],https://www.youtube.com/watch?v=K1HQZNatum8,현재라는사람저정도면스토커아남?
숏드,쇼츠 드라마 싹 다 모아봤쩜 [민쩌미],https://www.youtube.com/watch?v=K1HQZNatum8,이런거 제발 한번만이라도 더 올려주세요 진찌 너무 재밌어요 너무 설레구 재엉어여!
숏드,쇼츠 드라마 싹 다 모아봤쩜 [민쩌미],https://www.youtube.com/watch?v=K1HQZNatum8,헐 ㄷ ㄷ 민쩌미님은 연기도 잘하고.. 노래도 완전 잘해요!
숏드,쇼츠 드라마 싹 다 모아봤쩜 [민쩌미],https://www.youtube.com/watch?v=K1HQZNatum8,지호는 무게에있었나느는데😊
숏드,쇼츠 드라마 싹 다 모아봤쩜 [민쩌미],https://www.youtube.com/watch?v=K1HQZNatum8,소름이다  선.우.민.아
숏드,쇼츠 드라마 싹 다 모아봤쩜 [민쩌미],https://www.youtube.com/watch?v=K1HQZNatum8,재밌게 보고 있어요❤
숏드,쇼츠 드라마 싹 다 모아봤쩜 [민쩌미],https://www.youtube.com/watch?v=K1HQZNatum8,와... 소름.. 그게 다 혼자 벌인거라고? 미쳤다 진짜.. ㄷㄷ..
숏드,쇼츠 드라마 싹 다 모아봤쩜 [민쩌미],https://www.youtube.com/watch?v=K1HQZNatum8,"<a href=""https://www.youtube.com/watch?v=K1HQZNatum8&amp;t=1768"">29:28</a> 립싱크 겁나 잘한다 찐인 줄"
숏드,쇼츠 드라마 싹 다 모아봤쩜 [민쩌미],https://www.youtube.com/watch?v=K1HQZNatum8,39분에 민아랑 지호 배경이 다르놐ㅋ😂
숏드,쇼츠 드라마 싹 다 모아봤쩜 [민쩌미],https://www.youtube.com/watch?v=K1HQZNatum8,53분 몬데?!!!!❤
숏드,쇼츠 드라마 싹 다 모아봤쩜 [민쩌미],https://www.youtube.com/watch?v=K1HQZNatum8,근데<br>너무쩌미님노래잘불린다❤
숏드,쇼츠 드라마 싹 다 모아봤쩜 [민쩌미],https://www.youtube.com/watch?v=K1HQZNatum8,똥마려워
숏드,쇼츠 드라마 싹 다 모아봤쩜 [민쩌미],https://www.youtube.com/watch?v=K1HQZNatum8,너무잘만들었어요.❤😊사랑해요요요요요요요🎉.
숏드,쇼츠 드라마 싹 다 모아봤쩜 [민쩌미],https://www.youtube.com/watch?v=K1HQZNatum8,너무좋아요
숏드,쇼츠 드라마 싹 다 모아봤쩜 [민쩌미],https://www.youtube.com/watch?v=K1HQZNatum8,너무재밌어요 개속이야기해주새요.
숏드,쇼츠 드라마 싹 다 모아봤쩜 [민쩌미],https://www.youtube.com/watch?v=K1HQZNatum8,"<a href=""https://www.youtube.com/watch?v=K1HQZNatum8&amp;t=725"">12:05</a> 헉 제 친구 이름이랑 똑같다!!! 안@호 ㅎㅎ"
숏드,쇼츠 드라마 싹 다 모아봤쩜 [민쩌미],https://www.youtube.com/watch?v=K1HQZNatum8,노래 넘 잘해여!!!
숏드,쇼츠 드라마 싹 다 모아봤쩜 [민쩌미],https://www.youtube.com/watch?v=K1HQZNatum8,너무 재밌는데 화면이 작아서 보기 힘들어유ㅠ
숏드,쇼츠 드라마 싹 다 모아봤쩜 [민쩌미],https://www.youtube.com/watch?v=K1HQZNatum8,현재가 민아한테 폭력성 보일때 진짜 놀람ㅠㅠ<br>글구 마지막 진짜 소름ㄷㄷ
숏드,쇼츠 드라마 싹 다 모아봤쩜 [민쩌미],https://www.youtube.com/watch?v=K1HQZNatum8,숏드 너무너무 재밌쩜!!
숏드,쇼츠 드라마 싹 다 모아봤쩜 [민쩌미],https://www.youtube.com/watch?v=K1HQZNatum8,쩌미언니 숏드 진짜 재밌쩜!! 💜💜 연기 쩜말 잘해요💜💜
숏드,쇼츠 드라마 싹 다 모아봤쩜 [민쩌미],https://www.youtube.com/watch?v=K1HQZNatum8,"<a href=""https://www.youtube.com/watch?v=K1HQZNatum8&amp;t=15"">0:15</a> ㅋㅋ 쬬오옥!"
숏드,쇼츠 드라마 싹 다 모아봤쩜 [민쩌미],https://www.youtube.com/watch?v=K1HQZNatum8,다비치 노래 제목 뭐에요?😊
숏드,쇼츠 드라마 싹 다 모아봤쩜 [민쩌미],https://www.youtube.com/watch?v=K1HQZNatum8,"<a href=""https://www.youtube.com/watch?v=K1HQZNatum8&amp;t=1415"">23:35</a> 이때둘다ㅋㅋㅋ 어깨가 넓어지냌ㅋㅋ"
숏드,쇼츠 드라마 싹 다 모아봤쩜 [민쩌미],https://www.youtube.com/watch?v=K1HQZNatum8,오 노래는 수노 사용했쩜?
숏드,쇼츠 드라마 싹 다 모아봤쩜 [민쩌미],https://www.youtube.com/watch?v=K1HQZNatum8,제타 갔다.......
숏드,쇼츠 드라마 싹 다 모아봤쩜 [민쩌미],https://www.youtube.com/watch?v=K1HQZNatum8,"<a href=""https://www.youtube.com/watch?v=K1HQZNatum8&amp;t=1764"">29:24</a>"
숏드,쇼츠 드라마 싹 다 모아봤쩜 [민쩌미],https://www.youtube.com/watch?v=K1HQZNatum8,완전 선택드라마가 아니라 막장드라마네
숏드,쇼츠 드라마 싹 다 모아봤쩜 [민쩌미],https://www.youtube.com/watch?v=K1HQZNatum8,사이다가게 들어오세요ㅋㅋㅋㅋ
숏드,쇼츠 드라마 싹 다 모아봤쩜 [민쩌미],https://www.youtube.com/watch?v=K1HQZNatum8,왤캐 다 예쁘고 잘생겼냐ㅋ
숏드,쇼츠 드라마 싹 다 모아봤쩜 [민쩌미],https://www.youtube.com/watch?v=K1HQZNatum8,노래 진짜 나왔으면 좋갰다
숏드,쇼츠 드라마 싹 다 모아봤쩜 [민쩌미],https://www.youtube.com/watch?v=K1HQZNatum8,낭만고양이 부를때 원본이랑 똑같아서 진짜 깜짝 놀람!!!!
숏드,쇼츠 드라마 싹 다 모아봤쩜 [민쩌미],https://www.youtube.com/watch?v=K1HQZNatum8,"예지몽..? <a href=""https://www.youtube.com/watch?v=K1HQZNatum8&amp;t=2549"">42:29</a>"
숏드,쇼츠 드라마 싹 다 모아봤쩜 [민쩌미],https://www.youtube.com/watch?v=K1HQZNatum8,언니너무예쁘점ㅎㅎ🎉❤
숏드,쇼츠 드라마 싹 다 모아봤쩜 [민쩌미],https://www.youtube.com/watch?v=K1HQZNatum8,감사합니다
숏드,쇼츠 드라마 싹 다 모아봤쩜 [민쩌미],https://www.youtube.com/watch?v=K1HQZNatum8,와 노래 너무 좋아요 ❤
숏드,쇼츠 드라마 싹 다 모아봤쩜 [민쩌미],https://www.youtube.com/watch?v=K1HQZNatum8,"<a href=""https://www.youtube.com/watch?v=K1HQZNatum8&amp;t=581"">9:41</a> 근데 보통 애들은 나댄다고 욕하던데"
숏드,쇼츠 드라마 싹 다 모아봤쩜 [민쩌미],https://www.youtube.com/watch?v=K1HQZNatum8,"민아는 돌고돌아 둘다 새드엔딩으로 끝나네요 ,,ㅠ"
숏드,쇼츠 드라마 싹 다 모아봤쩜 [민쩌미],https://www.youtube.com/watch?v=K1HQZNatum8,"<a href=""https://www.youtube.com/watch?v=K1HQZNatum8&amp;t=1260"">21:00</a> 차두 떡볶이집이넼ㅋㅋ"
숏드,쇼츠 드라마 싹 다 모아봤쩜 [민쩌미],https://www.youtube.com/watch?v=K1HQZNatum8,음~<br>전 친구랑 사이좋게 지내고 <br>마지막애 친구랑 싸워서 인생이 망한(?)<br>그런 숏드 추천좀 해볼개여.❤
숏드,쇼츠 드라마 싹 다 모아봤쩜 [민쩌미],https://www.youtube.com/watch?v=K1HQZNatum8,재미있쩜!❤
숏드,쇼츠 드라마 싹 다 모아봤쩜 [민쩌미],https://www.youtube.com/watch?v=K1HQZNatum8,"<a href=""https://www.youtube.com/watch?v=K1HQZNatum8&amp;t=1337"">22:17</a>"
숏드,쇼츠 드라마 싹 다 모아봤쩜 [민쩌미],https://www.youtube.com/watch?v=K1HQZNatum8,언니 이거 너무  재밌어여!! 다음에 또 만들어주시쩜!!
숏드,쇼츠 드라마 싹 다 모아봤쩜 [민쩌미],https://www.youtube.com/watch?v=K1HQZNatum8,아아앙ㅏ아아ㅏ아아아아악ㄱㄱ가가가ㅏ가ㅏ!!!!!!!!!!!!! 윤세리편ㄴㄴㄴㄴㄴㄴ!!!!!!!
숏드,쇼츠 드라마 싹 다 모아봤쩜 [민쩌미],https://www.youtube.com/watch?v=K1HQZNatum8,"<a href=""https://www.youtube.com/watch?v=K1HQZNatum8&amp;t=2200"">36:40</a> 여기사부터 걍 개근데 ㅋㅋㅋ"
숏드,쇼츠 드라마 싹 다 모아봤쩜 [민쩌미],https://www.youtube.com/watch?v=K1HQZNatum8,아 뒷이야기 더 보고 싶었는데 윤세리랑 선우민아 사건..지호랑 선우민아 연애 하는것도 ㅠㅠ
숏드,쇼츠 드라마 싹 다 모아봤쩜 [민쩌미],https://www.youtube.com/watch?v=K1HQZNatum8,민아 소름이야 맨 마지막에 ㄷㄷ
숏드,쇼츠 드라마 싹 다 모아봤쩜 [민쩌미],https://www.youtube.com/watch?v=K1HQZNatum8,그러게 왜 나를 짜증나게 해. 이 대사 멋있다 완전
숏드,쇼츠 드라마 싹 다 모아봤쩜 [민쩌미],https://www.youtube.com/watch?v=K1HQZNatum8,너무 재밌어요❤
숏드,쇼츠 드라마 싹 다 모아봤쩜 [민쩌미],https://www.youtube.com/watch?v=K1HQZNatum8,손을 꺾어 버린다ㅋㅋㅋㅋ😂😂
숏드,쇼츠 드라마 싹 다 모아봤쩜 [민쩌미],https://www.youtube.com/watch?v=K1HQZNatum8,민쩌미님 노래 너무 노래 잘 불러염
숏드,쇼츠 드라마 싹 다 모아봤쩜 [민쩌미],https://www.youtube.com/watch?v=K1HQZNatum8,윤세리복수
숏드,쇼츠 드라마 싹 다 모아봤쩜 [민쩌미],https://www.youtube.com/watch?v=K1HQZNatum8,언니2편좀만둘어주세용제밌네요제맨날챙겨보는중이에용^^
숏드,쇼츠 드라마 싹 다 모아봤쩜 [민쩌미],https://www.youtube.com/watch?v=K1HQZNatum8,마지막 소름 ㄷㄷ
숏드,쇼츠 드라마 싹 다 모아봤쩜 [민쩌미],https://www.youtube.com/watch?v=K1HQZNatum8,재밌쩜
숏드,쇼츠 드라마 싹 다 모아봤쩜 [민쩌미],https://www.youtube.com/watch?v=K1HQZNatum8,"<a href=""https://www.youtube.com/watch?v=K1HQZNatum8&amp;t=950"">15:50</a>"
숏드,쇼츠 드라마 싹 다 모아봤쩜 [민쩌미],https://www.youtube.com/watch?v=K1HQZNatum8,와 마지막에 제 예상이랑 맞아서 놀랐어요..
숏드,쇼츠 드라마 싹 다 모아봤쩜 [민쩌미],https://www.youtube.com/watch?v=K1HQZNatum8,배선영의 머리 방향이 기형적으로 틀어있는 이유가 무엇인가요?? 머리를 오른쪽으로 묶는 이유가 보수당을 지지하기 때문인가요. 왼쪽으로 묶었으면 큰일날 뻔 했군요.
숏드,쇼츠 드라마 싹 다 모아봤쩜 [민쩌미],https://www.youtube.com/watch?v=K1HQZNatum8,쩌미님 진짜 걍 가수임😂 언니 피아니스트예용?
숏드,쇼츠 드라마 싹 다 모아봤쩜 [민쩌미],https://www.youtube.com/watch?v=K1HQZNatum8,언니!저 이것만 5번 넘게 봤는데<br>봐도봐도 안질리고 넘라리 재밌어요!<br>항상 좋은 영상 올려주셔서 감사해요❤❤<br>그리고 다음 숏드주제는남자애들이랑 야구부 관련되면 좋겠어요!🎉
숏드,쇼츠 드라마 싹 다 모아봤쩜 [민쩌미],https://www.youtube.com/watch?v=K1HQZNatum8,통기타에서 왜 일렉 소리가..ㅎㄷㄷ
숏드,쇼츠 드라마 싹 다 모아봤쩜 [민쩌미],https://www.youtube.com/watch?v=K1HQZNatum8,"<a href=""https://www.youtube.com/watch?v=K1HQZNatum8&amp;t=2288"">38:08</a>  이게 너나 우리 인가요...?!!"
숏드,쇼츠 드라마 싹 다 모아봤쩜 [민쩌미],https://www.youtube.com/watch?v=K1HQZNatum8,선재업고튀어
숏드,쇼츠 드라마 싹 다 모아봤쩜 [민쩌미],https://www.youtube.com/watch?v=K1HQZNatum8,미친 거 아니냐… 다 ㅂㅎ길 잘핶다
숏드,쇼츠 드라마 싹 다 모아봤쩜 [민쩌미],https://www.youtube.com/watch?v=K1HQZNatum8,AI 노래 쓴 건 너무 웃긴데요ㅋㅋㅋㅋ
숏드,쇼츠 드라마 싹 다 모아봤쩜 [민쩌미],https://www.youtube.com/watch?v=K1HQZNatum8,ㅅ
숏드,쇼츠 드라마 싹 다 모아봤쩜 [민쩌미],https://www.youtube.com/watch?v=K1HQZNatum8,"<a href=""https://www.youtube.com/watch?v=K1HQZNatum8&amp;t=3437"">57:17</a> 여기 왜 현제 목소리가.."
숏드,쇼츠 드라마 싹 다 모아봤쩜 [민쩌미],https://www.youtube.com/watch?v=K1HQZNatum8,"다시 정주행했는데 와,,, 기억 안났는데 민아 진짜 반전 소름 이다,,,.."
숏드,쇼츠 드라마 싹 다 모아봤쩜 [민쩌미],https://www.youtube.com/watch?v=K1HQZNatum8,너무 재밌어요
숏드,쇼츠 드라마 싹 다 모아봤쩜 [민쩌미],https://www.youtube.com/watch?v=K1HQZNatum8,모아봤쩜💜
숏드,쇼츠 드라마 싹 다 모아봤쩜 [민쩌미],https://www.youtube.com/watch?v=K1HQZNatum8,와 혼자 어떻게 이걸 다 하지??❤
숏드,쇼츠 드라마 싹 다 모아봤쩜 [민쩌미],https://www.youtube.com/watch?v=K1HQZNatum8,"<a href=""https://www.youtube.com/watch?v=K1HQZNatum8&amp;t=2682"">44:42</a> 씨↘️씨➡️티↗️비↘️에➡️다 찍혔어↗️↗️ ㅋㅎㅎㅋ 사투리ㅋㅋ"
숏드,쇼츠 드라마 싹 다 모아봤쩜 [민쩌미],https://www.youtube.com/watch?v=K1HQZNatum8,😊
숏드,쇼츠 드라마 싹 다 모아봤쩜 [민쩌미],https://www.youtube.com/watch?v=K1HQZNatum8,크으 모음집..!!!
숏드,쇼츠 드라마 싹 다 모아봤쩜 [민쩌미],https://www.youtube.com/watch?v=K1HQZNatum8,숏츠에 나왔던 드라마를 다 모아서 영상으로 만들어주신거 쩜말 고맙쩜!💜
숏드,쇼츠 드라마 싹 다 모아봤쩜 [민쩌미],https://www.youtube.com/watch?v=K1HQZNatum8,"<a href=""https://www.youtube.com/watch?v=K1HQZNatum8&amp;t=4"">0:04</a> ~ <a href=""https://www.youtube.com/watch?v=K1HQZNatum8&amp;t=484"">8:04</a>        선우민아 (새드엔딩)<br><a href=""https://www.youtube.com/watch?v=K1HQZNatum8&amp;t=485"">8:05</a> ~ <a href=""https://www.youtube.com/watch?v=K1HQZNatum8&amp;t=899"">14:59</a>      윤세리    (선우민아 자리를 대신하는 세리)<br><a href=""https://www.youtube.com/watch?v=K1HQZNatum8&amp;t=900"">15:00</a> ~ <a href=""https://www.youtube.com/watch?v=K1HQZNatum8&amp;t=1466"">24:26</a>    선우민아 (첫번째 엔딩)<br><a href=""https://www.youtube.com/watch?v=K1HQZNatum8&amp;t=1473"">24:33</a> ~ <a href=""https://www.youtube.com/watch?v=K1HQZNatum8&amp;t=3663"">1:01:03</a> 선우민아 (대학생활)"
숏드,쇼츠 드라마 싹 다 모아봤쩜 [민쩌미],https://www.youtube.com/watch?v=K1HQZNatum8,언니 너무 목소리 좋아여♡♡ 언니 노래듣고 기분 좋아져요!! 언니 너무 사랑해♡
숏드,쇼츠 드라마 싹 다 모아봤쩜 [민쩌미],https://www.youtube.com/watch?v=K1HQZNatum8,아이돌이야기또만들어주세여❤
숏드,쇼츠 드라마 싹 다 모아봤쩜 [민쩌미],https://www.youtube.com/watch?v=K1HQZNatum8,다음엔  지호 시점    해주시쩜!💜💜💜💜
숏드,쇼츠 드라마 싹 다 모아봤쩜 [민쩌미],https://www.youtube.com/watch?v=K1HQZNatum8,눈감고 ‘쩜’쓰기 쩜   오!!!???
숏드,쇼츠 드라마 싹 다 모아봤쩜 [민쩌미],https://www.youtube.com/watch?v=K1HQZNatum8,언니 일주일 일상 브이로그 풀 영상 올려줭❤❤❤
숏드,쇼츠 드라마 싹 다 모아봤쩜 [민쩌미],https://www.youtube.com/watch?v=K1HQZNatum8,사랑 해요 ㅎㅎ ㅎㅎㅎㅎㅎㅎㅎㅎ
숏드,쇼츠 드라마 싹 다 모아봤쩜 [민쩌미],https://www.youtube.com/watch?v=K1HQZNatum8,민쩌미언니 영상을보고싶어요
숏드,쇼츠 드라마 싹 다 모아봤쩜 [민쩌미],https://www.youtube.com/watch?v=K1HQZNatum8,❤😂😂🎉🎉🎉😢😮😅😊🎉❤😢😮😅😊😊
숏드,쇼츠 드라마 싹 다 모아봤쩜 [민쩌미],https://www.youtube.com/watch?v=K1HQZNatum8,민쩌미언니 빨리빨리 영상을 올려주세요😂
숏드,쇼츠 드라마 싹 다 모아봤쩜 [민쩌미],https://www.youtube.com/watch?v=K1HQZNatum8,쩌미여.<br>오키요.<br>(더미믹4해야죠)
숏드,쇼츠 드라마 싹 다 모아봤쩜 [민쩌미],https://www.youtube.com/watch?v=K1HQZNatum8,와 마지막 진짜 소름ㄷㄷ 언니 연기 너무 잘해!!❤❤
숏드,쇼츠 드라마 싹 다 모아봤쩜 [민쩌미],https://www.youtube.com/watch?v=K1HQZNatum8,윤세리 아이돌 생활은 어때여?
숏드,쇼츠 드라마 싹 다 모아봤쩜 [민쩌미],https://www.youtube.com/watch?v=K1HQZNatum8,세리는 조심히 해야겠다 ㅋㅋ
숏드,쇼츠 드라마 싹 다 모아봤쩜 [민쩌미],https://www.youtube.com/watch?v=K1HQZNatum8,기적이 행방이나 비하인드 스토리 좀 알려주세요~~~ 너무 궁금해요 ❤
숏드,쇼츠 드라마 싹 다 모아봤쩜 [민쩌미],https://www.youtube.com/watch?v=K1HQZNatum8,"<a href=""https://www.youtube.com/watch?v=K1HQZNatum8&amp;t=2827"">47:07</a>  이거 뭐하는 거에요??"
숏드,쇼츠 드라마 싹 다 모아봤쩜 [민쩌미],https://www.youtube.com/watch?v=K1HQZNatum8,쩌미님 더미믹 4가 나왔어요!
숏드,쇼츠 드라마 싹 다 모아봤쩜 [민쩌미],https://www.youtube.com/watch?v=K1HQZNatum8,언니 민쩌미 만화책 넘 재밌어요❤
숏드,쇼츠 드라마 싹 다 모아봤쩜 [민쩌미],https://www.youtube.com/watch?v=K1HQZNatum8,와ㅏㅏㅏㅏㅏ!!!!드디어!!!❤❤❤❤😮😮
숏드,쇼츠 드라마 싹 다 모아봤쩜 [민쩌미],https://www.youtube.com/watch?v=K1HQZNatum8,보기만해도 웃음이 절로나오네 ㅋㅋㅋㅋ( 재미있어서 ㅋㅋㅋ)
숏드,쇼츠 드라마 싹 다 모아봤쩜 [민쩌미],https://www.youtube.com/watch?v=K1HQZNatum8,로맨스인줄알알는데!! 마지막에 소오오오오오름으으으ㅡㅇ!![?]
숏드,쇼츠 드라마 싹 다 모아봤쩜 [민쩌미],https://www.youtube.com/watch?v=K1HQZNatum8,이거 진짜 지금까지 다시보고있음 ㅋㅋㅋ 이거 마지막에 머무 재미있쨔냐냐 ㅠㅠㅋㅋㅋ
숏드,쇼츠 드라마 싹 다 모아봤쩜 [민쩌미],https://www.youtube.com/watch?v=K1HQZNatum8,이게 1시간이였나?
숏드,쇼츠 드라마 싹 다 모아봤쩜 [민쩌미],https://www.youtube.com/watch?v=K1HQZNatum8,저 썰 해주세요 저는 고은이고 임지민이 라는 애가 있는데 개가 뭐만하면 내가 사준다는데 만약에 다른친구가 돈이 있으면 야 너 돈있잖아 우리랑 절교해 이러고 다음날 되면 되면 없어는지 같이 놀고 장난이야 이러는게 저랑 친구들과 불편해요 그리고 개가 저랑 친구들이 남친이 각각있거든요 근데 개만 남친이 없어서 꼭 필요한 거 있을때마다 남친이 있는 애한테만 빌여요 그리고 같이 놀때 갑자기 욕하고 배만지고 엉덩이 ㅆ다듬고 냄새까지 맏아요 저랑 친구들은 너무 불편해요 다시친구해야될까요
숏드,쇼츠 드라마 싹 다 모아봤쩜 [민쩌미],https://www.youtube.com/watch?v=K1HQZNatum8,알겠어 감사하다쩜쩜쩜!!!!❤❤
숏드,쇼츠 드라마 싹 다 모아봤쩜 [민쩌미],https://www.youtube.com/watch?v=K1HQZNatum8,"<a href=""https://www.youtube.com/watch?v=K1HQZNatum8&amp;t=2193"">36:33</a>에 병 던지고 바로 <a href=""https://www.youtube.com/watch?v=K1HQZNatum8&amp;t=2199"">36:39</a> 에서 바로 막사가 노래 부르네ㅋㅋㅋㅋ"
숏드,쇼츠 드라마 싹 다 모아봤쩜 [민쩌미],https://www.youtube.com/watch?v=K1HQZNatum8,와 미쳤다 진쨔
숏드,쇼츠 드라마 싹 다 모아봤쩜 [민쩌미],https://www.youtube.com/watch?v=K1HQZNatum8,언냐 인스타 쩜바쩜중 공지에 책에 들어갔으면하는거 여기다 댓 달아보께ㅔ 일단은 키링? 이나 책갈피 좋을것같아 아니면 연필?
숏드,쇼츠 드라마 싹 다 모아봤쩜 [민쩌미],https://www.youtube.com/watch?v=K1HQZNatum8,안녕하세요 저는 선플달기 운동을 하고 있는 초등학교 5학년 학생입니다. 평소에 많이 즐겨봤고 웃겨주셔서 감사합니다(꾸벅)밤을 새면서 봤는데 웃어버려서 엄마에게 걸릴뻔한적도 있어요ㅋㅋ그리고 1인 다역이라서 힘드시겠지만 항상 재밌는 영상 올려주셔서 감사합니다!
숏드,쇼츠 드라마 싹 다 모아봤쩜 [민쩌미],https://www.youtube.com/watch?v=K1HQZNatum8,마셔마셔 너무 귀여워요 ㅋㅎㅋㅎㅋㅎㅋ
숏드,쇼츠 드라마 싹 다 모아봤쩜 [민쩌미],https://www.youtube.com/watch?v=K1HQZNatum8,와 역대급 반전 ㄷㄷ..
숏드,쇼츠 드라마 싹 다 모아봤쩜 [민쩌미],https://www.youtube.com/watch?v=K1HQZNatum8,쩌미 언니 ㅠ 제발 윤세리 나락 가게해주세영😢 민아 잘 나가게 해주세용
숏드,쇼츠 드라마 싹 다 모아봤쩜 [민쩌미],https://www.youtube.com/watch?v=K1HQZNatum8,짝사랑하는 유현 같은거요!!! 선택 드라마
숏드,쇼츠 드라마 싹 다 모아봤쩜 [민쩌미],https://www.youtube.com/watch?v=K1HQZNatum8,다 모으니 1시간 언니 진짜 대단하다 숏드 짧아서 쉬울거라 생각할수 있지만 배역도 많고 주기적으로 계속 올려야 해서 힘들텐데 끝까지 열심히 해줘서 고마워용 언닝💜
숏드,쇼츠 드라마 싹 다 모아봤쩜 [민쩌미],https://www.youtube.com/watch?v=K1HQZNatum8,❤❤❤❤🎉🎉🎉
숏드,쇼츠 드라마 싹 다 모아봤쩜 [민쩌미],https://www.youtube.com/watch?v=K1HQZNatum8,"<a href=""https://www.youtube.com/watch?v=K1HQZNatum8&amp;t=3324"">55:24</a> 이거 가스라이팅이 잖아!"
숏드,쇼츠 드라마 싹 다 모아봤쩜 [민쩌미],https://www.youtube.com/watch?v=K1HQZNatum8,언니  일찌 키우기 올려주세요
숏드,쇼츠 드라마 싹 다 모아봤쩜 [민쩌미],https://www.youtube.com/watch?v=K1HQZNatum8,진짜재밌다❤❤❤❤❤❤❤❤❤❤❤❤❤❤❤❤❤❤❤❤❤❤❤❤❤❤❤❤❤❤❤❤❤❤❤❤❤❤❤❤❤❤❤❤❤❤❤❤❤❤❤❤❤❤❤❤❤❤❤❤❤❤❤❤❤❤❤❤❤❤❤❤❤❤❤❤❤❤❤❤❤❤❤❤❤❤❤❤❤❤❤❤❤❤❤❤❤❤❤❤❤❤❤❤❤❤❤❤❤❤❤❤❤❤❤❤❤❤❤❤❤❤❤❤❤❤❤❤❤❤❤❤❤❤❤❤❤❤❤❤❤❤❤❤❤❤❤❤❤❤❤❤❤
숏드,쇼츠 드라마 싹 다 모아봤쩜 [민쩌미],https://www.youtube.com/watch?v=K1HQZNatum8,언니 일진키우기는 언제 올려줘용 ㅜ
숏드,쇼츠 드라마 싹 다 모아봤쩜 [민쩌미],https://www.youtube.com/watch?v=K1HQZNatum8,선우민아.신곡노래 끝까지듣고싶어요 그리고.마지막화이어서 그다음화보고싶어요 해주세요
숏드,쇼츠 드라마 싹 다 모아봤쩜 [민쩌미],https://www.youtube.com/watch?v=K1HQZNatum8,윤세리와 선우민ටㅏ 얘기 더 보고싶어요!!
숏드,쇼츠 드라마 싹 다 모아봤쩜 [민쩌미],https://www.youtube.com/watch?v=K1HQZNatum8,예은이 이야기랑 선우민우 다른 아이돌 이야기도 만들어주시면 안돼여 그리고 모아서 보니까 재밌어요 ❤
숏드,쇼츠 드라마 싹 다 모아봤쩜 [민쩌미],https://www.youtube.com/watch?v=K1HQZNatum8,민쩌미님 너무 재미있어요
숏드,쇼츠 드라마 싹 다 모아봤쩜 [민쩌미],https://www.youtube.com/watch?v=K1HQZNatum8,마지막은 다시 봐도 넘 무서워요ㅠㅠ
숏드,쇼츠 드라마 싹 다 모아봤쩜 [민쩌미],https://www.youtube.com/watch?v=K1HQZNatum8,와 진짜 완죤 소름<br>쩌미언니 연기 짱!!
숏드,쇼츠 드라마 싹 다 모아봤쩜 [민쩌미],https://www.youtube.com/watch?v=K1HQZNatum8,밍꼬발랄 교복이랑 똑같은거 입었네   돌아와 주셔서 감사합니다❤
숏드,쇼츠 드라마 싹 다 모아봤쩜 [민쩌미],https://www.youtube.com/watch?v=K1HQZNatum8,쩌미언니 저 11살 만쩜이에요 저 밍꼬발랄부터 민쩌미까지 영상 하나하나 다 보고 있어요 항상 <br>열심히영상 올려주시고 열심히 노력해서 감사합니다 항상 응원하고 파이팅 민쩌미언니!❤
숏드,쇼츠 드라마 싹 다 모아봤쩜 [민쩌미],https://www.youtube.com/watch?v=K1HQZNatum8,마지막 진짜 소름:;..
숏드,쇼츠 드라마 싹 다 모아봤쩜 [민쩌미],https://www.youtube.com/watch?v=K1HQZNatum8,ㅋㅋ
숏드,쇼츠 드라마 싹 다 모아봤쩜 [민쩌미],https://www.youtube.com/watch?v=K1HQZNatum8,소름
숏드,쇼츠 드라마 싹 다 모아봤쩜 [민쩌미],https://www.youtube.com/watch?v=K1HQZNatum8,10시간전!!!!이렇게 모아서 마니 올려주세요므므ㅠㅠ
숏드,쇼츠 드라마 싹 다 모아봤쩜 [민쩌미],https://www.youtube.com/watch?v=K1HQZNatum8,진짜 이번 숏드가 레전드였다 ㄷㄷ
숏드,쇼츠 드라마 싹 다 모아봤쩜 [민쩌미],https://www.youtube.com/watch?v=K1HQZNatum8,여행갈때 봐야겠쩜!💜
숏드,쇼츠 드라마 싹 다 모아봤쩜 [민쩌미],https://www.youtube.com/watch?v=K1HQZNatum8,언니 가수야?? 왤케 노래 잘 불러?
숏드,쇼츠 드라마 싹 다 모아봤쩜 [민쩌미],https://www.youtube.com/watch?v=K1HQZNatum8,"현재야,,너 얀데례니,,,아닌가,,멘헤라..?"
숏드,쇼츠 드라마 싹 다 모아봤쩜 [민쩌미],https://www.youtube.com/watch?v=K1HQZNatum8,쩌미 언니 너무 재밌어용❤ 항상 보고 있어도 재밌어요 사랑해용~❤
숏드,쇼츠 드라마 싹 다 모아봤쩜 [민쩌미],https://www.youtube.com/watch?v=K1HQZNatum8,엇 언니 잘볼게요옹~!
숏드,쇼츠 드라마 싹 다 모아봤쩜 [민쩌미],https://www.youtube.com/watch?v=K1HQZNatum8,세리 너무 귀여워 ㅎㅎ
숏드,쇼츠 드라마 싹 다 모아봤쩜 [민쩌미],https://www.youtube.com/watch?v=K1HQZNatum8,이번 숏드는 이기적의 여우짓 해주세욥a
숏드,쇼츠 드라마 싹 다 모아봤쩜 [민쩌미],https://www.youtube.com/watch?v=K1HQZNatum8,민쩌미님 오늘도 재밌는 영상 감사합니다❤❤❤
숏드,쇼츠 드라마 싹 다 모아봤쩜 [민쩌미],https://www.youtube.com/watch?v=K1HQZNatum8,언니 나 이거 모아보고 싶었는데 해줘서 고마워영
숏드,쇼츠 드라마 싹 다 모아봤쩜 [민쩌미],https://www.youtube.com/watch?v=K1HQZNatum8,민쩌미언니^^<br>오늘 쇼츠 드라마 모아보기 영상도 재미있게 보고 가고<br>오늘도 즐겁고 행복한 하루 보내시쩜^^
숏드,쇼츠 드라마 싹 다 모아봤쩜 [민쩌미],https://www.youtube.com/watch?v=K1HQZNatum8,소름돋아…
숏드,쇼츠 드라마 싹 다 모아봤쩜 [민쩌미],https://www.youtube.com/watch?v=K1HQZNatum8,어디서 부터 잘못됨..
숏드,쇼츠 드라마 싹 다 모아봤쩜 [민쩌미],https://www.youtube.com/watch?v=K1HQZNatum8,민쩌미 언니는 진짜 내 최애 유투부에요!정말 오늘도 재밌쩜!
숏드,쇼츠 드라마 싹 다 모아봤쩜 [민쩌미],https://www.youtube.com/watch?v=K1HQZNatum8,재밌어요 ❤
숏드,쇼츠 드라마 싹 다 모아봤쩜 [민쩌미],https://www.youtube.com/watch?v=K1HQZNatum8,선우민아 자작극 들키는거 보고싶어요
숏드,쇼츠 드라마 싹 다 모아봤쩜 [민쩌미],https://www.youtube.com/watch?v=K1HQZNatum8,6시간 전!🎉
숏드,쇼츠 드라마 싹 다 모아봤쩜 [민쩌미],https://www.youtube.com/watch?v=K1HQZNatum8,미쳤다!!~~~♡♡♡♡♡♡♡
숏드,쇼츠 드라마 싹 다 모아봤쩜 [민쩌미],https://www.youtube.com/watch?v=K1HQZNatum8,"<a href=""https://www.youtube.com/watch?v=K1HQZNatum8&amp;t=3208"">53:28</a>몬데엥!!!❤❤"
숏드,쇼츠 드라마 싹 다 모아봤쩜 [민쩌미],https://www.youtube.com/watch?v=K1HQZNatum8,우와!  연기 너무 잘하세요.!
숏드,쇼츠 드라마 싹 다 모아봤쩜 [민쩌미],https://www.youtube.com/watch?v=K1HQZNatum8,수혁이로 남주 해주세요❤❤
숏드,쇼츠 드라마 싹 다 모아봤쩜 [민쩌미],https://www.youtube.com/watch?v=K1HQZNatum8,언니 밍꼬발랄시절부터 봤던 초딩이 고딩이 됐어요
숏드,쇼츠 드라마 싹 다 모아봤쩜 [민쩌미],https://www.youtube.com/watch?v=K1HQZNatum8,4년전 오늘.....2021년 6월15일 잊을수 없네요<br>민정님 상처 받으실것같으면 안보셔도 되요 <br><br><br><br><br><br><br><br><br><br><br>잊을수 없네요 2021년 6월15일 전채널 영상 보려는마음도 있고 학원갔다와서 이날이 화요일이라 가뜩이나 전날이 월요일이여서 영상이 안올라와서 기대하고 민정님 전 채널봤는데 내용은 조금 휴식시간을 갔는다해서 금방 돌아올줄알고 맨날오후6시마다 봤던거 기억나네용 또 왜이렇게 안올라오나 해서 댓글봤더니 민쩌미로 돌아왔다고 엄마가 말해줬는데 그때 익숙하지않아서 민쩌미를 &quot;민쩜이&quot;로 검색했던거 기억나네요 그래도 옛날캐릭터들로 연기하실줄알았는데 안하셔서 한동안은 이채널도 민정님의 전채널도 안봤던거 기억나네요 <br>그때만 생각하면 민정님께 너무 죄송해요 민정님도 민정님만의 사정이 있었을텐데......앞으로는 전채널도 이채널도 꾸준히 볼게요 민정님 화이팅!!!!!<br>-꼬밍이이자 만쩜이가
숏드,쇼츠 드라마 싹 다 모아봤쩜 [민쩌미],https://www.youtube.com/watch?v=K1HQZNatum8,쩌미언니! 왜 민쩌미 크리에이터편 검색해도 안 나오고 찾아봐도 없어요? 크리에이터편 재밌는데..
숏드,쇼츠 드라마 싹 다 모아봤쩜 [민쩌미],https://www.youtube.com/watch?v=K1HQZNatum8,"<a href=""https://www.youtube.com/watch?v=K1HQZNatum8&amp;t=1260"">21:00</a> 뒤에 차두 뜨거워두 떡볶이뭐징?ㅋㅋ"
숏드,쇼츠 드라마 싹 다 모아봤쩜 [민쩌미],https://www.youtube.com/watch?v=K1HQZNatum8,"이어서보네까 너무 재밌쩜❤ <a href=""https://www.youtube.com/watch?v=K1HQZNatum8&amp;t=3677"">1:01:17</a>"
숏드,쇼츠 드라마 싹 다 모아봤쩜 [민쩌미],https://www.youtube.com/watch?v=K1HQZNatum8,ㅎㅎ 😂😂
숏드,쇼츠 드라마 싹 다 모아봤쩜 [민쩌미],https://www.youtube.com/watch?v=K1HQZNatum8,예은씨 이야기도 듣고 싶어요
숏드,쇼츠 드라마 싹 다 모아봤쩜 [민쩌미],https://www.youtube.com/watch?v=K1HQZNatum8,힘내시고 예전 유튜브는 잊으세요 힘내세요 전 밍꼬발랄이든 민쩌미든 정말 좋아요 감사합니다 ❤❤
숏드,쇼츠 드라마 싹 다 모아봤쩜 [민쩌미],https://www.youtube.com/watch?v=K1HQZNatum8,어머ㅓ어너머머머멈 몰아보기라니😂❤❤❤❤❤
숏드,쇼츠 드라마 싹 다 모아봤쩜 [민쩌미],https://www.youtube.com/watch?v=K1HQZNatum8,전 언니의 일상 브이로그 보구싶쩌무 ❤ 근데 언니의 모든 영상은 재밌쩜❤
숏드,쇼츠 드라마 싹 다 모아봤쩜 [민쩌미],https://www.youtube.com/watch?v=K1HQZNatum8,다음은 안 나와여?!!!!
숏드,쇼츠 드라마 싹 다 모아봤쩜 [민쩌미],https://www.youtube.com/watch?v=K1HQZNatum8,"<a href=""https://www.youtube.com/watch?v=K1HQZNatum8&amp;t=2214"">36:54</a> 너무 웃겨서 2분동안 웃었어요"
숏드,쇼츠 드라마 싹 다 모아봤쩜 [민쩌미],https://www.youtube.com/watch?v=K1HQZNatum8,으앙 내가 원하는거 올려줘서 고마워 언니❤❤❤
숏드,쇼츠 드라마 싹 다 모아봤쩜 [민쩌미],https://www.youtube.com/watch?v=K1HQZNatum8,아니면 선택지 반대로 바꿔서 진행해 주세요!!
숏드,쇼츠 드라마 싹 다 모아봤쩜 [민쩌미],https://www.youtube.com/watch?v=K1HQZNatum8,언니 진짜 연기잘해 ㅎㅎ 진짜 가수같앙 ㅎㅎㅎ❤❤❤
숏드,쇼츠 드라마 싹 다 모아봤쩜 [민쩌미],https://www.youtube.com/watch?v=K1HQZNatum8,주인공 윤세리로 바꿔서 캐스팅 된 이후 연습생에서 데뷔하게 되는 이야기나 선우민아가 윤세리 건드리는걸로 진행해 주세용!
숏드,쇼츠 드라마 싹 다 모아봤쩜 [민쩌미],https://www.youtube.com/watch?v=K1HQZNatum8,연기 대박이쩜!🎀💜💜🎀
숏드,쇼츠 드라마 싹 다 모아봤쩜 [민쩌미],https://www.youtube.com/watch?v=K1HQZNatum8,새로운 거 또해주면 좋을것같아요!!!
숏드,쇼츠 드라마 싹 다 모아봤쩜 [민쩌미],https://www.youtube.com/watch?v=K1HQZNatum8,3시간전이쩜!💜
숏드,쇼츠 드라마 싹 다 모아봤쩜 [민쩌미],https://www.youtube.com/watch?v=K1HQZNatum8,"내가 원하던거 나왔당!!!!!!!,!❤❤❤❤❤❤❤❤❤❤❤❤❤❤❤❤❤❤❤❤❤❤❤"
숏드,🇰🇷나비야 참 착하다  #숏폼드라마 #숏드라마 #숏드 #불펌,https://www.youtube.com/watch?v=M9Wwd4VnOM0,중국극본.. 대사 수정좀 하지.... 안내려갈게 가 아니라 내려가지 않을게 가 더 한국어에서는 어울리죠
숏드,（🔥 풀버전） 결혼은 치료 계약뿐?❤️‍🩹 그녀는 나의 해독체였다 #drama  #cdrama,https://www.youtube.com/watch?v=dEqFl9pRJIM,이 여배우 어디서 봤는데
숏드,（🔥 풀버전） 결혼은 치료 계약뿐?❤️‍🩹 그녀는 나의 해독체였다 #drama  #cdrama,https://www.youtube.com/watch?v=dEqFl9pRJIM,이 남자배우 이름 알고 싶어요
숏드,（🔥 풀버전） 결혼은 치료 계약뿐?❤️‍🩹 그녀는 나의 해독체였다 #drama  #cdrama,https://www.youtube.com/watch?v=dEqFl9pRJIM,아역배우 똑똑 한  학생 으로 출연 작 잘봤어요
숏드,（🔥 풀버전） 결혼은 치료 계약뿐?❤️‍🩹 그녀는 나의 해독체였다 #drama  #cdrama,https://www.youtube.com/watch?v=dEqFl9pRJIM,엄마랑아빠는 존잘인데 애는 왜...
숏드,（🔥 풀버전） 결혼은 치료 계약뿐?❤️‍🩹 그녀는 나의 해독체였다 #drama  #cdrama,https://www.youtube.com/watch?v=dEqFl9pRJIM,"여주도 미쳤네. 한달밖에 안남았는데 생판 모르는 남자한테 딸을 맡긴다고??  요즘 친부도 친딸 강간 하는 세상인데..,딸을 불구덩이에 집어넣고 가는구나"
숏드,（🔥 풀버전） 결혼은 치료 계약뿐?❤️‍🩹 그녀는 나의 해독체였다 #drama  #cdrama,https://www.youtube.com/watch?v=dEqFl9pRJIM,윤시윤인줄
숏드,（🔥 풀버전） 결혼은 치료 계약뿐?❤️‍🩹 그녀는 나의 해독체였다 #drama  #cdrama,https://www.youtube.com/watch?v=dEqFl9pRJIM,여주인공 이쁘고 긔엽고 ㅎㅎ<br>남주인공분도 이준기얼굴 보여용
숏드,（🔥 풀버전） 결혼은 치료 계약뿐?❤️‍🩹 그녀는 나의 해독체였다 #drama  #cdrama,https://www.youtube.com/watch?v=dEqFl9pRJIM,중국이랑 좀 다르게 찍을수 없을까니ㅡ~~
숏드,（🔥 풀버전） 결혼은 치료 계약뿐?❤️‍🩹 그녀는 나의 해독체였다 #drama  #cdrama,https://www.youtube.com/watch?v=dEqFl9pRJIM,이 남주 잘 생기진 않았는데 매력 있어요
숏드,（🔥 풀버전） 결혼은 치료 계약뿐?❤️‍🩹 그녀는 나의 해독체였다 #drama  #cdrama,https://www.youtube.com/watch?v=dEqFl9pRJIM,만찢커플
숏드,（🔥 풀버전） 결혼은 치료 계약뿐?❤️‍🩹 그녀는 나의 해독체였다 #drama  #cdrama,https://www.youtube.com/watch?v=dEqFl9pRJIM,왜 중국드라마인가
숏드,（🔥 풀버전） 결혼은 치료 계약뿐?❤️‍🩹 그녀는 나의 해독체였다 #drama  #cdrama,https://www.youtube.com/watch?v=dEqFl9pRJIM,중드처럼 허접한 스토리이면 실망인데
숏드,（🔥 풀버전） 결혼은 치료 계약뿐?❤️‍🩹 그녀는 나의 해독체였다 #drama  #cdrama,https://www.youtube.com/watch?v=dEqFl9pRJIM,마소위 곽우흔 했던거 가져온거구낭 남주 김남길+이준기 닮았어용
숏드,"【한국어 숏드】👧🏻추락한 여주×재벌 선배 👨🏻‍💼1억의 거래, 짝사랑의 현실화, 집착적인 사랑🔥  |선배님, 모두 우연인가요| iQIYI Korea",https://www.youtube.com/watch?v=_B8CU4L9lm0,제목 좀 알려주세요…
숏드,"3년 계약 결혼 내내 그는나를 사랑하지 않는 듯했다. 하지만 계약이 끝나던 날, 늘 고고하던 그가 다급히 문을 막아 서며 떨리는 목소리로 말했다: 100년만 더 연장하면 안 될까",https://www.youtube.com/watch?v=ZamymPOBKo4,너무  재미 있게  봤어요~~
숏드,"3년 계약 결혼 내내 그는나를 사랑하지 않는 듯했다. 하지만 계약이 끝나던 날, 늘 고고하던 그가 다급히 문을 막아 서며 떨리는 목소리로 말했다: 100년만 더 연장하면 안 될까",https://www.youtube.com/watch?v=ZamymPOBKo4,오우 남주 여주 모두 키스신 장인일세..넘 잘 봤어요 비하인드영상도 봤는데 남주가 진짜 여주한테 매너 짱이더라구요 설레었네요 ㅎㅎ❤
숏드,"3년 계약 결혼 내내 그는나를 사랑하지 않는 듯했다. 하지만 계약이 끝나던 날, 늘 고고하던 그가 다급히 문을 막아 서며 떨리는 목소리로 말했다: 100년만 더 연장하면 안 될까",https://www.youtube.com/watch?v=ZamymPOBKo4,진태현배우 닮으심
숏드,"3년 계약 결혼 내내 그는나를 사랑하지 않는 듯했다. 하지만 계약이 끝나던 날, 늘 고고하던 그가 다급히 문을 막아 서며 떨리는 목소리로 말했다: 100년만 더 연장하면 안 될까",https://www.youtube.com/watch?v=ZamymPOBKo4,왠지 슬픈내용이네ㅜ
숏드,"3년 계약 결혼 내내 그는나를 사랑하지 않는 듯했다. 하지만 계약이 끝나던 날, 늘 고고하던 그가 다급히 문을 막아 서며 떨리는 목소리로 말했다: 100년만 더 연장하면 안 될까",https://www.youtube.com/watch?v=ZamymPOBKo4,여주 예쁘다
숏드,"3년 계약 결혼 내내 그는나를 사랑하지 않는 듯했다. 하지만 계약이 끝나던 날, 늘 고고하던 그가 다급히 문을 막아 서며 떨리는 목소리로 말했다: 100년만 더 연장하면 안 될까",https://www.youtube.com/watch?v=ZamymPOBKo4,여주 남주  최고
숏드,"3년 계약 결혼 내내 그는나를 사랑하지 않는 듯했다. 하지만 계약이 끝나던 날, 늘 고고하던 그가 다급히 문을 막아 서며 떨리는 목소리로 말했다: 100년만 더 연장하면 안 될까",https://www.youtube.com/watch?v=ZamymPOBKo4,여주남주 잘생기고 이쁘니 넘 잼있고 몰입돼요^^
숏드,"3년 계약 결혼 내내 그는나를 사랑하지 않는 듯했다. 하지만 계약이 끝나던 날, 늘 고고하던 그가 다급히 문을 막아 서며 떨리는 목소리로 말했다: 100년만 더 연장하면 안 될까",https://www.youtube.com/watch?v=ZamymPOBKo4,캬 좋다 좋아
숏드,"3년 계약 결혼 내내 그는나를 사랑하지 않는 듯했다. 하지만 계약이 끝나던 날, 늘 고고하던 그가 다급히 문을 막아 서며 떨리는 목소리로 말했다: 100년만 더 연장하면 안 될까",https://www.youtube.com/watch?v=ZamymPOBKo4,연기가  아닌것같은  너무  리얼하게  잘하고  여주남주  두사람다  이쁘고  드라마 스토리  너무좋아요~  반했네요~~❤❤❤
숏드,"3년 계약 결혼 내내 그는나를 사랑하지 않는 듯했다. 하지만 계약이 끝나던 날, 늘 고고하던 그가 다급히 문을 막아 서며 떨리는 목소리로 말했다: 100년만 더 연장하면 안 될까",https://www.youtube.com/watch?v=ZamymPOBKo4,으아아 좋았다 <br>사실 내용은 별거없었지만 남주 눈빛이 다했네ㅎㅎ 재밌게 봤다아~~
숏드,"3년 계약 결혼 내내 그는나를 사랑하지 않는 듯했다. 하지만 계약이 끝나던 날, 늘 고고하던 그가 다급히 문을 막아 서며 떨리는 목소리로 말했다: 100년만 더 연장하면 안 될까",https://www.youtube.com/watch?v=ZamymPOBKo4,두분다 연기리얼해서 초반부터 너무 불타네요
숏드,"3년 계약 결혼 내내 그는나를 사랑하지 않는 듯했다. 하지만 계약이 끝나던 날, 늘 고고하던 그가 다급히 문을 막아 서며 떨리는 목소리로 말했다: 100년만 더 연장하면 안 될까",https://www.youtube.com/watch?v=ZamymPOBKo4,두배우 연기 정말 자연스럽다
숏드,"3년 계약 결혼 내내 그는나를 사랑하지 않는 듯했다. 하지만 계약이 끝나던 날, 늘 고고하던 그가 다급히 문을 막아 서며 떨리는 목소리로 말했다: 100년만 더 연장하면 안 될까",https://www.youtube.com/watch?v=ZamymPOBKo4,한국어 번역 최고라서 구독누름
숏드,"3년 계약 결혼 내내 그는나를 사랑하지 않는 듯했다. 하지만 계약이 끝나던 날, 늘 고고하던 그가 다급히 문을 막아 서며 떨리는 목소리로 말했다: 100년만 더 연장하면 안 될까",https://www.youtube.com/watch?v=ZamymPOBKo4,다시봐도 좋네요~~ 남주 여주~~ 잘어울리고 연기도 잘하고 둘다 예뻐요❤❤❤
숏드,"3년 계약 결혼 내내 그는나를 사랑하지 않는 듯했다. 하지만 계약이 끝나던 날, 늘 고고하던 그가 다급히 문을 막아 서며 떨리는 목소리로 말했다: 100년만 더 연장하면 안 될까",https://www.youtube.com/watch?v=ZamymPOBKo4,무심하게 바라보는척하면서 강아지처럼 애틋하게 보는 남주눈빛이 좋네요
숏드,"3년 계약 결혼 내내 그는나를 사랑하지 않는 듯했다. 하지만 계약이 끝나던 날, 늘 고고하던 그가 다급히 문을 막아 서며 떨리는 목소리로 말했다: 100년만 더 연장하면 안 될까",https://www.youtube.com/watch?v=ZamymPOBKo4,남주 어디가닮은건지는 모르겠지만 뭔가 계속 장동건이 떠오름
숏드,"3년 계약 결혼 내내 그는나를 사랑하지 않는 듯했다. 하지만 계약이 끝나던 날, 늘 고고하던 그가 다급히 문을 막아 서며 떨리는 목소리로 말했다: 100년만 더 연장하면 안 될까",https://www.youtube.com/watch?v=ZamymPOBKo4,두 배우님 작품 좋아요.중국은 배우들의 목숨 과 안전을 보장하라.
숏드,"3년 계약 결혼 내내 그는나를 사랑하지 않는 듯했다. 하지만 계약이 끝나던 날, 늘 고고하던 그가 다급히 문을 막아 서며 떨리는 목소리로 말했다: 100년만 더 연장하면 안 될까",https://www.youtube.com/watch?v=ZamymPOBKo4,왕호저 키스장인~❤<br>앱에서 봐서 더 재미<br>지게 봤던 작품~
숏드,"3년 계약 결혼 내내 그는나를 사랑하지 않는 듯했다. 하지만 계약이 끝나던 날, 늘 고고하던 그가 다급히 문을 막아 서며 떨리는 목소리로 말했다: 100년만 더 연장하면 안 될까",https://www.youtube.com/watch?v=ZamymPOBKo4,여기나오는 노래정보알수있을까요?
숏드,"3년 계약 결혼 내내 그는나를 사랑하지 않는 듯했다. 하지만 계약이 끝나던 날, 늘 고고하던 그가 다급히 문을 막아 서며 떨리는 목소리로 말했다: 100년만 더 연장하면 안 될까",https://www.youtube.com/watch?v=ZamymPOBKo4,심장에 무리가게 하는 중드라니..
숏드,"3년 계약 결혼 내내 그는나를 사랑하지 않는 듯했다. 하지만 계약이 끝나던 날, 늘 고고하던 그가 다급히 문을 막아 서며 떨리는 목소리로 말했다: 100년만 더 연장하면 안 될까",https://www.youtube.com/watch?v=ZamymPOBKo4,숏드치고는 얼굴합 연기력 대본 모두 좋아...추천추천
숏드,"3년 계약 결혼 내내 그는나를 사랑하지 않는 듯했다. 하지만 계약이 끝나던 날, 늘 고고하던 그가 다급히 문을 막아 서며 떨리는 목소리로 말했다: 100년만 더 연장하면 안 될까",https://www.youtube.com/watch?v=ZamymPOBKo4,재밌어요
숏드,"3년 계약 결혼 내내 그는나를 사랑하지 않는 듯했다. 하지만 계약이 끝나던 날, 늘 고고하던 그가 다급히 문을 막아 서며 떨리는 목소리로 말했다: 100년만 더 연장하면 안 될까",https://www.youtube.com/watch?v=ZamymPOBKo4,"우수에 젖은듯한 눈빛, 슬픔의 심연속에서 솟구치는듯한 눈물연기, 잘생기고 멋지고 매혹적인 배우 왕호오정은 숏드계의  보석입니다."
숏드,"3년 계약 결혼 내내 그는나를 사랑하지 않는 듯했다. 하지만 계약이 끝나던 날, 늘 고고하던 그가 다급히 문을 막아 서며 떨리는 목소리로 말했다: 100년만 더 연장하면 안 될까",https://www.youtube.com/watch?v=ZamymPOBKo4,나두 이런 여주가 되고싶다
숏드,"3년 계약 결혼 내내 그는나를 사랑하지 않는 듯했다. 하지만 계약이 끝나던 날, 늘 고고하던 그가 다급히 문을 막아 서며 떨리는 목소리로 말했다: 100년만 더 연장하면 안 될까",https://www.youtube.com/watch?v=ZamymPOBKo4,괜찮은 숏드중 하나❤❤보는내내 남주 여주 답답하고 안쓰럽고  불쌍하면서 오해가 깊어서 짜증도 나네요..속마음(말을 제대로 해 이것들아 )😂 훈훈한 엔딩❤❤
숏드,"3년 계약 결혼 내내 그는나를 사랑하지 않는 듯했다. 하지만 계약이 끝나던 날, 늘 고고하던 그가 다급히 문을 막아 서며 떨리는 목소리로 말했다: 100년만 더 연장하면 안 될까",https://www.youtube.com/watch?v=ZamymPOBKo4,아놔. 진짜..<br>왕하오진 어쩔껴~<br>미치겄네~🫠😍🫠😍
숏드,"3년 계약 결혼 내내 그는나를 사랑하지 않는 듯했다. 하지만 계약이 끝나던 날, 늘 고고하던 그가 다급히 문을 막아 서며 떨리는 목소리로 말했다: 100년만 더 연장하면 안 될까",https://www.youtube.com/watch?v=ZamymPOBKo4,진짜... 왕하오젠이랑 한편 더 찍어줬음 좋겠다<br>합이 왜이리 좋냐 ㅠㅠㅠㅠ  곽우흔 드라마는 다 좋음
숏드,"3년 계약 결혼 내내 그는나를 사랑하지 않는 듯했다. 하지만 계약이 끝나던 날, 늘 고고하던 그가 다급히 문을 막아 서며 떨리는 목소리로 말했다: 100년만 더 연장하면 안 될까",https://www.youtube.com/watch?v=ZamymPOBKo4,둘이 진짜 잘 어울려요~♡ 연기도 둘다 잘하고 연출도 좋고 이런 숏드보기 정말 하늘의 별따기~곽우흔 정말 숏드에서 젤 예쁜것같음. 정극에서도 밀리지않을것 같아요~왕호정도 진짜 잘생기고 연기도 잘하고 ~~진짜 둘이 부부면 그림같겠다했네요ㅋ
숏드,"3년 계약 결혼 내내 그는나를 사랑하지 않는 듯했다. 하지만 계약이 끝나던 날, 늘 고고하던 그가 다급히 문을 막아 서며 떨리는 목소리로 말했다: 100년만 더 연장하면 안 될까",https://www.youtube.com/watch?v=ZamymPOBKo4,남주나  동양 알랑드롱 인거 같음
숏드,"3년 계약 결혼 내내 그는나를 사랑하지 않는 듯했다. 하지만 계약이 끝나던 날, 늘 고고하던 그가 다급히 문을 막아 서며 떨리는 목소리로 말했다: 100년만 더 연장하면 안 될까",https://www.youtube.com/watch?v=ZamymPOBKo4,베스트 드라마  느낌이 가슴 깊이 깔아앉네요. 정말 좋아요❤
숏드,"3년 계약 결혼 내내 그는나를 사랑하지 않는 듯했다. 하지만 계약이 끝나던 날, 늘 고고하던 그가 다급히 문을 막아 서며 떨리는 목소리로 말했다: 100년만 더 연장하면 안 될까",https://www.youtube.com/watch?v=ZamymPOBKo4,남주 남자다운데 청순해 볼 수록 빠져드네
숏드,"3년 계약 결혼 내내 그는나를 사랑하지 않는 듯했다. 하지만 계약이 끝나던 날, 늘 고고하던 그가 다급히 문을 막아 서며 떨리는 목소리로 말했다: 100년만 더 연장하면 안 될까",https://www.youtube.com/watch?v=ZamymPOBKo4,남주여주그림체가너무잘맞는다진짜찰떡
숏드,"3년 계약 결혼 내내 그는나를 사랑하지 않는 듯했다. 하지만 계약이 끝나던 날, 늘 고고하던 그가 다급히 문을 막아 서며 떨리는 목소리로 말했다: 100년만 더 연장하면 안 될까",https://www.youtube.com/watch?v=ZamymPOBKo4,여주 궈위신 연기도 대박 넘 잘하고 너무 이쁨 매력이 넘쳐서 푹빠지게 만드는거 같아 둘이서 넘 예쁨❤
숏드,"3년 계약 결혼 내내 그는나를 사랑하지 않는 듯했다. 하지만 계약이 끝나던 날, 늘 고고하던 그가 다급히 문을 막아 서며 떨리는 목소리로 말했다: 100년만 더 연장하면 안 될까",https://www.youtube.com/watch?v=ZamymPOBKo4,궈위신 숏폼계의 조로사임  사람이 청초했다가 요염했다가 진짜 팔색조임 너무 이쁘다
숏드,"3년 계약 결혼 내내 그는나를 사랑하지 않는 듯했다. 하지만 계약이 끝나던 날, 늘 고고하던 그가 다급히 문을 막아 서며 떨리는 목소리로 말했다: 100년만 더 연장하면 안 될까",https://www.youtube.com/watch?v=ZamymPOBKo4,영상 이 아름다워요
숏드,"3년 계약 결혼 내내 그는나를 사랑하지 않는 듯했다. 하지만 계약이 끝나던 날, 늘 고고하던 그가 다급히 문을 막아 서며 떨리는 목소리로 말했다: 100년만 더 연장하면 안 될까",https://www.youtube.com/watch?v=ZamymPOBKo4,두 주인공. 너무 잘어울리는데요<br>최곱니다
숏드,"3년 계약 결혼 내내 그는나를 사랑하지 않는 듯했다. 하지만 계약이 끝나던 날, 늘 고고하던 그가 다급히 문을 막아 서며 떨리는 목소리로 말했다: 100년만 더 연장하면 안 될까",https://www.youtube.com/watch?v=ZamymPOBKo4,남주 미모 대단하다❤
숏드,"3년 계약 결혼 내내 그는나를 사랑하지 않는 듯했다. 하지만 계약이 끝나던 날, 늘 고고하던 그가 다급히 문을 막아 서며 떨리는 목소리로 말했다: 100년만 더 연장하면 안 될까",https://www.youtube.com/watch?v=ZamymPOBKo4,둘이 정말 사귀는사이 같이 연기가 대박 ❤ 둘이 너무 잘어울여 또 다른 작품 에서도 둘이하는 작품 보고싶다 제발 ❤❤
숏드,"3년 계약 결혼 내내 그는나를 사랑하지 않는 듯했다. 하지만 계약이 끝나던 날, 늘 고고하던 그가 다급히 문을 막아 서며 떨리는 목소리로 말했다: 100년만 더 연장하면 안 될까",https://www.youtube.com/watch?v=ZamymPOBKo4,시작부터가 낙하산으로 시작했는데 남들이 질투하는거 가지고 나쁘다니 여주 마음부터 썩었네
숏드,"3년 계약 결혼 내내 그는나를 사랑하지 않는 듯했다. 하지만 계약이 끝나던 날, 늘 고고하던 그가 다급히 문을 막아 서며 떨리는 목소리로 말했다: 100년만 더 연장하면 안 될까",https://www.youtube.com/watch?v=ZamymPOBKo4,재밋긴한데 음 ㅋㅋㅋ
숏드,"3년 계약 결혼 내내 그는나를 사랑하지 않는 듯했다. 하지만 계약이 끝나던 날, 늘 고고하던 그가 다급히 문을 막아 서며 떨리는 목소리로 말했다: 100년만 더 연장하면 안 될까",https://www.youtube.com/watch?v=ZamymPOBKo4,"<a href=""https://www.youtube.com/watch?v=ZamymPOBKo4&amp;t=8144"">2:15:44</a> <br><a href=""https://www.youtube.com/watch?v=ZamymPOBKo4&amp;t=12466"">3:27:46</a><br><a href=""https://www.youtube.com/watch?v=ZamymPOBKo4&amp;t=12580"">3:29:40</a><br>노래가 기깔나네요"
숏드,"3년 계약 결혼 내내 그는나를 사랑하지 않는 듯했다. 하지만 계약이 끝나던 날, 늘 고고하던 그가 다급히 문을 막아 서며 떨리는 목소리로 말했다: 100년만 더 연장하면 안 될까",https://www.youtube.com/watch?v=ZamymPOBKo4,보면볼수록좋은 왕하오젠~ 우는연기에 나도울컥 하네요<br>연기 진짜 잘하는것같아요~요즘 중드에 우리나라드라마 재미 없어서 않봐요~왕하오젠 우리나라에 한번 왓으면....<br>중국이민가고싶다....^^
숏드,"3년 계약 결혼 내내 그는나를 사랑하지 않는 듯했다. 하지만 계약이 끝나던 날, 늘 고고하던 그가 다급히 문을 막아 서며 떨리는 목소리로 말했다: 100년만 더 연장하면 안 될까",https://www.youtube.com/watch?v=ZamymPOBKo4,이쁘다
숏드,"3년 계약 결혼 내내 그는나를 사랑하지 않는 듯했다. 하지만 계약이 끝나던 날, 늘 고고하던 그가 다급히 문을 막아 서며 떨리는 목소리로 말했다: 100년만 더 연장하면 안 될까",https://www.youtube.com/watch?v=ZamymPOBKo4,여주는 고아라 닮았구요 남주는 장동건 닮음 숏츠드라마 보면 우리나라 배우랑  닮은 배우 많음
숏드,"3년 계약 결혼 내내 그는나를 사랑하지 않는 듯했다. 하지만 계약이 끝나던 날, 늘 고고하던 그가 다급히 문을 막아 서며 떨리는 목소리로 말했다: 100년만 더 연장하면 안 될까",https://www.youtube.com/watch?v=ZamymPOBKo4,이드라마 처음부터보려면 어떻게해요?
숏드,"3년 계약 결혼 내내 그는나를 사랑하지 않는 듯했다. 하지만 계약이 끝나던 날, 늘 고고하던 그가 다급히 문을 막아 서며 떨리는 목소리로 말했다: 100년만 더 연장하면 안 될까",https://www.youtube.com/watch?v=ZamymPOBKo4,왕호정 너무잘생겻자나~얼굴만봐도 웃음남❤
숏드,"3년 계약 결혼 내내 그는나를 사랑하지 않는 듯했다. 하지만 계약이 끝나던 날, 늘 고고하던 그가 다급히 문을 막아 서며 떨리는 목소리로 말했다: 100년만 더 연장하면 안 될까",https://www.youtube.com/watch?v=ZamymPOBKo4,왕하오젠 연기짱! 눈빛모야❤
숏드,"3년 계약 결혼 내내 그는나를 사랑하지 않는 듯했다. 하지만 계약이 끝나던 날, 늘 고고하던 그가 다급히 문을 막아 서며 떨리는 목소리로 말했다: 100년만 더 연장하면 안 될까",https://www.youtube.com/watch?v=ZamymPOBKo4,남여 주인공  연기  멋지구요<br>감독.작가  고급스럽네요<br>오랜만에  힐링  드라마  감사합니다
숏드,"3년 계약 결혼 내내 그는나를 사랑하지 않는 듯했다. 하지만 계약이 끝나던 날, 늘 고고하던 그가 다급히 문을 막아 서며 떨리는 목소리로 말했다: 100년만 더 연장하면 안 될까",https://www.youtube.com/watch?v=ZamymPOBKo4,"와 주연 배우님들 홀리해서 안구정화 된다. <br><a href=""https://www.youtube.com/watch?v=ZamymPOBKo4&amp;t=430"">7:10</a> 턱근육 멋짐."
숏드,"3년 계약 결혼 내내 그는나를 사랑하지 않는 듯했다. 하지만 계약이 끝나던 날, 늘 고고하던 그가 다급히 문을 막아 서며 떨리는 목소리로 말했다: 100년만 더 연장하면 안 될까",https://www.youtube.com/watch?v=ZamymPOBKo4,"두 남녀 주인공 둘 다 너무 잘생겼네요.  안구정화 커플.  중드 주인공들 못 생긴 애들도 꽤 많아 몰입이 안 될 때도 있음. 잘 생기지 않으면 연기라도 잘 하든지, 아니면  매력이라도 있든지 해야하는데. ㅜ.ㅜ.  반면 잘 생긴 배우들도 많이 보인다는 접에서 퉁 침.😊"
숏드,"3년 계약 결혼 내내 그는나를 사랑하지 않는 듯했다. 하지만 계약이 끝나던 날, 늘 고고하던 그가 다급히 문을 막아 서며 떨리는 목소리로 말했다: 100년만 더 연장하면 안 될까",https://www.youtube.com/watch?v=ZamymPOBKo4,너무 재밌어요. 몇번을 보는지..두 배우 너무 좋아하는데 특히 왕하오젠 연기력 대박!! 눈빛에 가슴이 콩닥콩닥 😊
숏드,"3년 계약 결혼 내내 그는나를 사랑하지 않는 듯했다. 하지만 계약이 끝나던 날, 늘 고고하던 그가 다급히 문을 막아 서며 떨리는 목소리로 말했다: 100년만 더 연장하면 안 될까",https://www.youtube.com/watch?v=ZamymPOBKo4,여주 내가 좋아하는 숏폼 여배우❤   너무 이쁨 ㅎㅎ   남주도 잘생기고 연기도 잘하고 ㅎ
숏드,"3년 계약 결혼 내내 그는나를 사랑하지 않는 듯했다. 하지만 계약이 끝나던 날, 늘 고고하던 그가 다급히 문을 막아 서며 떨리는 목소리로 말했다: 100년만 더 연장하면 안 될까",https://www.youtube.com/watch?v=ZamymPOBKo4,왕하오진 배우는 보면볼수록 빠져드는 것같아요 키스신 잘보고갑니다~^^
숏드,"3년 계약 결혼 내내 그는나를 사랑하지 않는 듯했다. 하지만 계약이 끝나던 날, 늘 고고하던 그가 다급히 문을 막아 서며 떨리는 목소리로 말했다: 100년만 더 연장하면 안 될까",https://www.youtube.com/watch?v=ZamymPOBKo4,오...중드인데 병맛이 아니네요ㅋㅋㅋ 막바지 피토하는건 역시 어이가없었지만... 남주여주 연기도 좋고 재미있게 봤어요
숏드,"3년 계약 결혼 내내 그는나를 사랑하지 않는 듯했다. 하지만 계약이 끝나던 날, 늘 고고하던 그가 다급히 문을 막아 서며 떨리는 목소리로 말했다: 100년만 더 연장하면 안 될까",https://www.youtube.com/watch?v=ZamymPOBKo4,"와, 이 영화 정말 최고야, 연기도 너무 좋고, 여주인공도 너무 예뻐 &lt;33"
숏드,"3년 계약 결혼 내내 그는나를 사랑하지 않는 듯했다. 하지만 계약이 끝나던 날, 늘 고고하던 그가 다급히 문을 막아 서며 떨리는 목소리로 말했다: 100년만 더 연장하면 안 될까",https://www.youtube.com/watch?v=ZamymPOBKo4,욕하면서 보는 유치짬뽕 중단드.<br>빠져든다 빠져들어
숏드,"3년 계약 결혼 내내 그는나를 사랑하지 않는 듯했다. 하지만 계약이 끝나던 날, 늘 고고하던 그가 다급히 문을 막아 서며 떨리는 목소리로 말했다: 100년만 더 연장하면 안 될까",https://www.youtube.com/watch?v=ZamymPOBKo4,남주여주 케미가 짱이네요
숏드,"3년 계약 결혼 내내 그는나를 사랑하지 않는 듯했다. 하지만 계약이 끝나던 날, 늘 고고하던 그가 다급히 문을 막아 서며 떨리는 목소리로 말했다: 100년만 더 연장하면 안 될까",https://www.youtube.com/watch?v=ZamymPOBKo4,한인생이 삶을 그림으로 그려가는 인간이 살아가는 남기는 무늬같은 드라마<br>잘봤습니다. .감사합니다.
숏드,"3년 계약 결혼 내내 그는나를 사랑하지 않는 듯했다. 하지만 계약이 끝나던 날, 늘 고고하던 그가 다급히 문을 막아 서며 떨리는 목소리로 말했다: 100년만 더 연장하면 안 될까",https://www.youtube.com/watch?v=ZamymPOBKo4,"이런 달달함이면 당분 과다라도 괜찮아요, 계속 줘요 제작진님 🍬💗"
숏드,"3년 계약 결혼 내내 그는나를 사랑하지 않는 듯했다. 하지만 계약이 끝나던 날, 늘 고고하던 그가 다급히 문을 막아 서며 떨리는 목소리로 말했다: 100년만 더 연장하면 안 될까",https://www.youtube.com/watch?v=ZamymPOBKo4,이 조합 미쳤다… 케미 뭐야 진짜 😭❤
숏드,"3년 계약 결혼 내내 그는나를 사랑하지 않는 듯했다. 하지만 계약이 끝나던 날, 늘 고고하던 그가 다급히 문을 막아 서며 떨리는 목소리로 말했다: 100년만 더 연장하면 안 될까",https://www.youtube.com/watch?v=ZamymPOBKo4,좋아하는 단편극 1.2.3위 모두 최애 Guo yuxin ❤❤❤❤❤배우 작품인데 1위 성하분덕랍(남주 류소욱-Liu xiaoxu)2위 심동환청고소아(남주 왕개목-Wang kaimu) 다음 세번째 좋아하는 드라마(남주 왕호정-wang haozhen)에요 각각 현지에서도 몇십억 뷰씩 나온 인기 드라마들이니 안 보신분들 찾아서 보시기를 추천드려요 곽우흔❤은 제겐 출연작은 무조건 보는 최애 여배이자 믿보배네요
숏드,"3년 계약 결혼 내내 그는나를 사랑하지 않는 듯했다. 하지만 계약이 끝나던 날, 늘 고고하던 그가 다급히 문을 막아 서며 떨리는 목소리로 말했다: 100년만 더 연장하면 안 될까",https://www.youtube.com/watch?v=ZamymPOBKo4,달달하고 좋네요. 남주배우 (wang haozen)이 나오는 다른 드라마에서는 연기력을 발휘할 기회가 별. 없는걸 보고 이걸보니 새로운 발견입니다 ❤❤❤
숏드,"3년 계약 결혼 내내 그는나를 사랑하지 않는 듯했다. 하지만 계약이 끝나던 날, 늘 고고하던 그가 다급히 문을 막아 서며 떨리는 목소리로 말했다: 100년만 더 연장하면 안 될까",https://www.youtube.com/watch?v=ZamymPOBKo4,바보처럼 괴롭힘 당하고 질질짜는것 보다 대처능력을 발휘해 극복하는 시나리오 업그레이드
숏드,"3년 계약 결혼 내내 그는나를 사랑하지 않는 듯했다. 하지만 계약이 끝나던 날, 늘 고고하던 그가 다급히 문을 막아 서며 떨리는 목소리로 말했다: 100년만 더 연장하면 안 될까",https://www.youtube.com/watch?v=ZamymPOBKo4,너무 잼나게 잘 봣어요<br>숏폼 요즘 넘 잘만든다
숏드,"3년 계약 결혼 내내 그는나를 사랑하지 않는 듯했다. 하지만 계약이 끝나던 날, 늘 고고하던 그가 다급히 문을 막아 서며 떨리는 목소리로 말했다: 100년만 더 연장하면 안 될까",https://www.youtube.com/watch?v=ZamymPOBKo4,입던옷 또 입고 또 입고 ㅋㅋㅋㅋ
숏드,"3년 계약 결혼 내내 그는나를 사랑하지 않는 듯했다. 하지만 계약이 끝나던 날, 늘 고고하던 그가 다급히 문을 막아 서며 떨리는 목소리로 말했다: 100년만 더 연장하면 안 될까",https://www.youtube.com/watch?v=ZamymPOBKo4,근데 남주 첫눈물씬 안약 넣은거  넘 티나요 ㅜ
숏드,"3년 계약 결혼 내내 그는나를 사랑하지 않는 듯했다. 하지만 계약이 끝나던 날, 늘 고고하던 그가 다급히 문을 막아 서며 떨리는 목소리로 말했다: 100년만 더 연장하면 안 될까",https://www.youtube.com/watch?v=ZamymPOBKo4,"<a href=""https://www.youtube.com/watch?v=ZamymPOBKo4&amp;t=8338"">2:18:58</a> 배경음악 뭔가요?"
숏드,"3년 계약 결혼 내내 그는나를 사랑하지 않는 듯했다. 하지만 계약이 끝나던 날, 늘 고고하던 그가 다급히 문을 막아 서며 떨리는 목소리로 말했다: 100년만 더 연장하면 안 될까",https://www.youtube.com/watch?v=ZamymPOBKo4,두배우가 진짜 잘어울려요.
숏드,"3년 계약 결혼 내내 그는나를 사랑하지 않는 듯했다. 하지만 계약이 끝나던 날, 늘 고고하던 그가 다급히 문을 막아 서며 떨리는 목소리로 말했다: 100년만 더 연장하면 안 될까",https://www.youtube.com/watch?v=ZamymPOBKo4,남녀주인공고 좋고 고구마 100개 먹은 듯한 드라마지만 재미있게 봤네요. 요즘 왕호정 다 찾아 보는 중❤ 난홍이랑 결말이 비슷하네
숏드,"3년 계약 결혼 내내 그는나를 사랑하지 않는 듯했다. 하지만 계약이 끝나던 날, 늘 고고하던 그가 다급히 문을 막아 서며 떨리는 목소리로 말했다: 100년만 더 연장하면 안 될까",https://www.youtube.com/watch?v=ZamymPOBKo4,글고 여주 다른 드라마에서는 걍 존예라서 본거지 남주랑 케미는 잘 안느껴졌는데 여기선 몬가 찐인듯ㅋㅋㅋ둘이 케미가 좋은건지 진짜 호감이 있는건지 보는 내내 뭔가 있어보임ㅋㅋㅋㅋ
숏드,"3년 계약 결혼 내내 그는나를 사랑하지 않는 듯했다. 하지만 계약이 끝나던 날, 늘 고고하던 그가 다급히 문을 막아 서며 떨리는 목소리로 말했다: 100년만 더 연장하면 안 될까",https://www.youtube.com/watch?v=ZamymPOBKo4,여주 넘나 이쁜것ㅋㅋㅋㅋㅋ 이름도 찾아봄ㅋㅋㅋㅋ 글고 남주도 여주랑 얼굴합 느좋...ㅋㅋ둘다 존잘존예라서 눈호강했음
숏드,"3년 계약 결혼 내내 그는나를 사랑하지 않는 듯했다. 하지만 계약이 끝나던 날, 늘 고고하던 그가 다급히 문을 막아 서며 떨리는 목소리로 말했다: 100년만 더 연장하면 안 될까",https://www.youtube.com/watch?v=ZamymPOBKo4,드라마중 젤 잘보았답니다.<br>두배우님 케미가 돋보여요<br>애절애절 그잡체😻⚘️💜🍀🫠
숏드,"3년 계약 결혼 내내 그는나를 사랑하지 않는 듯했다. 하지만 계약이 끝나던 날, 늘 고고하던 그가 다급히 문을 막아 서며 떨리는 목소리로 말했다: 100년만 더 연장하면 안 될까",https://www.youtube.com/watch?v=ZamymPOBKo4,남주 너무 잘생김 한국의 장동건~^^
숏드,"3년 계약 결혼 내내 그는나를 사랑하지 않는 듯했다. 하지만 계약이 끝나던 날, 늘 고고하던 그가 다급히 문을 막아 서며 떨리는 목소리로 말했다: 100년만 더 연장하면 안 될까",https://www.youtube.com/watch?v=ZamymPOBKo4,연기가 진심인듯~~^^
숏드,"3년 계약 결혼 내내 그는나를 사랑하지 않는 듯했다. 하지만 계약이 끝나던 날, 늘 고고하던 그가 다급히 문을 막아 서며 떨리는 목소리로 말했다: 100년만 더 연장하면 안 될까",https://www.youtube.com/watch?v=ZamymPOBKo4,"4시간 넘는걸 순삭. 퀄리티 좋은 숏드가 계속 나옴. 자막 좋고, 처음 보는 남주인데 곽우흔 배우랑 케미 좋네요."
숏드,"3년 계약 결혼 내내 그는나를 사랑하지 않는 듯했다. 하지만 계약이 끝나던 날, 늘 고고하던 그가 다급히 문을 막아 서며 떨리는 목소리로 말했다: 100년만 더 연장하면 안 될까",https://www.youtube.com/watch?v=ZamymPOBKo4,여주 박하선 닮음
숏드,"3년 계약 결혼 내내 그는나를 사랑하지 않는 듯했다. 하지만 계약이 끝나던 날, 늘 고고하던 그가 다급히 문을 막아 서며 떨리는 목소리로 말했다: 100년만 더 연장하면 안 될까",https://www.youtube.com/watch?v=ZamymPOBKo4,한글 자막이 저만 ?안되는걸가요?
숏드,"3년 계약 결혼 내내 그는나를 사랑하지 않는 듯했다. 하지만 계약이 끝나던 날, 늘 고고하던 그가 다급히 문을 막아 서며 떨리는 목소리로 말했다: 100년만 더 연장하면 안 될까",https://www.youtube.com/watch?v=ZamymPOBKo4,"몇번을 돌려봐도 재미있는 중독성은 왜지?왕하오,궈위신 최고의미남미녀의러브스토리인듯 아름답고애틋함에마음이 저립니다  스토리,배우들의연기가 이리도 감동일줄~~수준높아져서 큰일입니다(내가요)"
숏드,"3년 계약 결혼 내내 그는나를 사랑하지 않는 듯했다. 하지만 계약이 끝나던 날, 늘 고고하던 그가 다급히 문을 막아 서며 떨리는 목소리로 말했다: 100년만 더 연장하면 안 될까",https://www.youtube.com/watch?v=ZamymPOBKo4,와 넘 재밌네요<br>남주여주는 연기를 잘하는건지 진짜 사랑하는 사이인건지 서로를 바라보는 눈빛이 사랑이 뚝뚝 떨어지네요
숏드,"3년 계약 결혼 내내 그는나를 사랑하지 않는 듯했다. 하지만 계약이 끝나던 날, 늘 고고하던 그가 다급히 문을 막아 서며 떨리는 목소리로 말했다: 100년만 더 연장하면 안 될까",https://www.youtube.com/watch?v=ZamymPOBKo4,중국 고방재 가서<br>복숭아 파이 사와야겠네<br>달달한데 달달한게 먹고싶어짐
숏드,"3년 계약 결혼 내내 그는나를 사랑하지 않는 듯했다. 하지만 계약이 끝나던 날, 늘 고고하던 그가 다급히 문을 막아 서며 떨리는 목소리로 말했다: 100년만 더 연장하면 안 될까",https://www.youtube.com/watch?v=ZamymPOBKo4,그냥 좋아한다 말을 해 말을 하라고!!!! 아오 답답이들 하면서 끝까지 보고 있는 나 ㅋㅋㅋ
숏드,"3년 계약 결혼 내내 그는나를 사랑하지 않는 듯했다. 하지만 계약이 끝나던 날, 늘 고고하던 그가 다급히 문을 막아 서며 떨리는 목소리로 말했다: 100년만 더 연장하면 안 될까",https://www.youtube.com/watch?v=ZamymPOBKo4,안타깝고..애들 어뜨케요 아우 숏츠보고  울기는 처음이네 남주 여주 비주얼 최고
숏드,"3년 계약 결혼 내내 그는나를 사랑하지 않는 듯했다. 하지만 계약이 끝나던 날, 늘 고고하던 그가 다급히 문을 막아 서며 떨리는 목소리로 말했다: 100년만 더 연장하면 안 될까",https://www.youtube.com/watch?v=ZamymPOBKo4,근데 왜 형이랑 결혼시킨 거예요? 그냥 명목상인데 왜 같이 살아요? 나만 이해못한거임???
숏드,"3년 계약 결혼 내내 그는나를 사랑하지 않는 듯했다. 하지만 계약이 끝나던 날, 늘 고고하던 그가 다급히 문을 막아 서며 떨리는 목소리로 말했다: 100년만 더 연장하면 안 될까",https://www.youtube.com/watch?v=ZamymPOBKo4,好看好看
숏드,"3년 계약 결혼 내내 그는나를 사랑하지 않는 듯했다. 하지만 계약이 끝나던 날, 늘 고고하던 그가 다급히 문을 막아 서며 떨리는 목소리로 말했다: 100년만 더 연장하면 안 될까",https://www.youtube.com/watch?v=ZamymPOBKo4,남주 너무 잘생겼다..연기도 잘하고..😊😊😊
숏드,"3년 계약 결혼 내내 그는나를 사랑하지 않는 듯했다. 하지만 계약이 끝나던 날, 늘 고고하던 그가 다급히 문을 막아 서며 떨리는 목소리로 말했다: 100년만 더 연장하면 안 될까",https://www.youtube.com/watch?v=ZamymPOBKo4,"<a href=""https://www.youtube.com/watch?v=ZamymPOBKo4&amp;t=7720"">2:08:40</a> 머리에 너무 손을 척 올려서 웃김 위로하는 느낌이 아니랔ㅋㅋㅋㅋ"
숏드,"3년 계약 결혼 내내 그는나를 사랑하지 않는 듯했다. 하지만 계약이 끝나던 날, 늘 고고하던 그가 다급히 문을 막아 서며 떨리는 목소리로 말했다: 100년만 더 연장하면 안 될까",https://www.youtube.com/watch?v=ZamymPOBKo4,It would be very nice to have it captioned in English so we can understand the story not only in gestures. NetShort offers this drama in completed form and would be nice in English to cater to international audience. Not everyone can understand Chinese or other Asian languages. Something to consider when you want to bring out your shows. Thank you.
숏드,"3년 계약 결혼 내내 그는나를 사랑하지 않는 듯했다. 하지만 계약이 끝나던 날, 늘 고고하던 그가 다급히 문을 막아 서며 떨리는 목소리로 말했다: 100년만 더 연장하면 안 될까",https://www.youtube.com/watch?v=ZamymPOBKo4,남주 샤프해 멋져요!
숏드,"3년 계약 결혼 내내 그는나를 사랑하지 않는 듯했다. 하지만 계약이 끝나던 날, 늘 고고하던 그가 다급히 문을 막아 서며 떨리는 목소리로 말했다: 100년만 더 연장하면 안 될까",https://www.youtube.com/watch?v=ZamymPOBKo4,드디어 올라온 국민노공대회가...<br>이거 보고퐜는데 대에에에박!!!<br>곽우흔 왕호정  둘 연기 넘 줗음🥰🥰🥰
숏드,"3년 계약 결혼 내내 그는나를 사랑하지 않는 듯했다. 하지만 계약이 끝나던 날, 늘 고고하던 그가 다급히 문을 막아 서며 떨리는 목소리로 말했다: 100년만 더 연장하면 안 될까",https://www.youtube.com/watch?v=ZamymPOBKo4,너무 잘봤어요 <br>근데 진작 서로 고백을 하지~~ 가슴앓이 ㅜㅜ<br>남주는 너무 멋있네요 츤데레 ㅋ
숏드,"3년 계약 결혼 내내 그는나를 사랑하지 않는 듯했다. 하지만 계약이 끝나던 날, 늘 고고하던 그가 다급히 문을 막아 서며 떨리는 목소리로 말했다: 100년만 더 연장하면 안 될까",https://www.youtube.com/watch?v=ZamymPOBKo4,간만에 좋은 영화 한편 본것같은 드라마 아주좋아요<br>감사합니다
숏드,"3년 계약 결혼 내내 그는나를 사랑하지 않는 듯했다. 하지만 계약이 끝나던 날, 늘 고고하던 그가 다급히 문을 막아 서며 떨리는 목소리로 말했다: 100년만 더 연장하면 안 될까",https://www.youtube.com/watch?v=ZamymPOBKo4,대화좀 해라 인간들아<br>둘이 삽질 징하다 그래도 잼나네
숏드,"3년 계약 결혼 내내 그는나를 사랑하지 않는 듯했다. 하지만 계약이 끝나던 날, 늘 고고하던 그가 다급히 문을 막아 서며 떨리는 목소리로 말했다: 100년만 더 연장하면 안 될까",https://www.youtube.com/watch?v=ZamymPOBKo4,서로를 향한 사랑이 마침내 서로에게 닿아서 너무 행복해요~~~ 달콤하고 달달하게 사랑하는 모습을 계속 보게 되네요~~😊😊
숏드,"3년 계약 결혼 내내 그는나를 사랑하지 않는 듯했다. 하지만 계약이 끝나던 날, 늘 고고하던 그가 다급히 문을 막아 서며 떨리는 목소리로 말했다: 100년만 더 연장하면 안 될까",https://www.youtube.com/watch?v=ZamymPOBKo4,이 드라마 에서는 주인공 들 의상이 좀 나은것 같네요 😅
숏드,"3년 계약 결혼 내내 그는나를 사랑하지 않는 듯했다. 하지만 계약이 끝나던 날, 늘 고고하던 그가 다급히 문을 막아 서며 떨리는 목소리로 말했다: 100년만 더 연장하면 안 될까",https://www.youtube.com/watch?v=ZamymPOBKo4,번역 감사해요 😊
숏드,"3년 계약 결혼 내내 그는나를 사랑하지 않는 듯했다. 하지만 계약이 끝나던 날, 늘 고고하던 그가 다급히 문을 막아 서며 떨리는 목소리로 말했다: 100년만 더 연장하면 안 될까",https://www.youtube.com/watch?v=ZamymPOBKo4,Eng sub please😊
숏드,"3년 계약 결혼 내내 그는나를 사랑하지 않는 듯했다. 하지만 계약이 끝나던 날, 늘 고고하던 그가 다급히 문을 막아 서며 떨리는 목소리로 말했다: 100년만 더 연장하면 안 될까",https://www.youtube.com/watch?v=ZamymPOBKo4,왕하오젠은 울리고 러브씬을 찍게 해야 함. 키스 제법 잘함 ㅎㅎ<br>내 요즘 최애 배우! 터질 것 같은 심장 부여잡고 오열하면서 봄 ㅠㅠ
숏드,"3년 계약 결혼 내내 그는나를 사랑하지 않는 듯했다. 하지만 계약이 끝나던 날, 늘 고고하던 그가 다급히 문을 막아 서며 떨리는 목소리로 말했다: 100년만 더 연장하면 안 될까",https://www.youtube.com/watch?v=ZamymPOBKo4,왜 보고있는거야 이러면서 두시간째보고있는거 말도안되는 ㅋ
숏드,"3년 계약 결혼 내내 그는나를 사랑하지 않는 듯했다. 하지만 계약이 끝나던 날, 늘 고고하던 그가 다급히 문을 막아 서며 떨리는 목소리로 말했다: 100년만 더 연장하면 안 될까",https://www.youtube.com/watch?v=ZamymPOBKo4,너무 가슴 절절한 사랑이야기인거 같네요. 막상 현실의 사랑과 결혼은 ㅋ ㅎㅎㅎ
숏드,"3년 계약 결혼 내내 그는나를 사랑하지 않는 듯했다. 하지만 계약이 끝나던 날, 늘 고고하던 그가 다급히 문을 막아 서며 떨리는 목소리로 말했다: 100년만 더 연장하면 안 될까",https://www.youtube.com/watch?v=ZamymPOBKo4,남자배우 이름이 뭔가요?
숏드,"3년 계약 결혼 내내 그는나를 사랑하지 않는 듯했다. 하지만 계약이 끝나던 날, 늘 고고하던 그가 다급히 문을 막아 서며 떨리는 목소리로 말했다: 100년만 더 연장하면 안 될까",https://www.youtube.com/watch?v=ZamymPOBKo4,두 배우 수상해요.ㅎㅎ 현실에서도 둘이 이어지는 건 아니겠죠?  왠지 그런 촉이 왔어요. 이 여배우는 여러 드라마에서 다양한 남배우들과 연기 했는데 이 남배우랑 연기하는 게 가장 자연스럽고 케미가 좋아보여요. 웃는 게 더 편안해보여요. 현실에서도 잘 어울릴 거 같아요.
숏드,"3년 계약 결혼 내내 그는나를 사랑하지 않는 듯했다. 하지만 계약이 끝나던 날, 늘 고고하던 그가 다급히 문을 막아 서며 떨리는 목소리로 말했다: 100년만 더 연장하면 안 될까",https://www.youtube.com/watch?v=ZamymPOBKo4,틀자마자 감김ㅎㅎㅎ 여주 원래 좋아하는데 이남주랑 얼굴합이 젤 좋은거 같아요. 내용 지고지순한데 키스신이나 애정신은 19금이라 더 좋음 감사합니다
숏드,"3년 계약 결혼 내내 그는나를 사랑하지 않는 듯했다. 하지만 계약이 끝나던 날, 늘 고고하던 그가 다급히 문을 막아 서며 떨리는 목소리로 말했다: 100년만 더 연장하면 안 될까",https://www.youtube.com/watch?v=ZamymPOBKo4,이거 미치게 재밌음😢숏폼이 퀄리티가 넘 높아졌음
숏드,"3년 계약 결혼 내내 그는나를 사랑하지 않는 듯했다. 하지만 계약이 끝나던 날, 늘 고고하던 그가 다급히 문을 막아 서며 떨리는 목소리로 말했다: 100년만 더 연장하면 안 될까",https://www.youtube.com/watch?v=ZamymPOBKo4,"<a href=""https://www.youtube.com/watch?v=ZamymPOBKo4&amp;t=8165"">2:16:05</a> 쯤 배경음악이..장나라 가수 노래 &#39;스위트드림&#39; 하고 똑같네요. 나도 모르게 흥얼거려서 어? 아는노래인데 했어요<br>장나라가 중국에서도 유명한데..그냥 리메이크한거겠죠?"
숏드,"3년 계약 결혼 내내 그는나를 사랑하지 않는 듯했다. 하지만 계약이 끝나던 날, 늘 고고하던 그가 다급히 문을 막아 서며 떨리는 목소리로 말했다: 100년만 더 연장하면 안 될까",https://www.youtube.com/watch?v=ZamymPOBKo4,완결 올려 주셔서 너무너무 감사드립니다 ^^
숏드,"3년 계약 결혼 내내 그는나를 사랑하지 않는 듯했다. 하지만 계약이 끝나던 날, 늘 고고하던 그가 다급히 문을 막아 서며 떨리는 목소리로 말했다: 100년만 더 연장하면 안 될까",https://www.youtube.com/watch?v=ZamymPOBKo4,Poxa q pena sem legenda 😢😢😢
숏드,"3년 계약 결혼 내내 그는나를 사랑하지 않는 듯했다. 하지만 계약이 끝나던 날, 늘 고고하던 그가 다급히 문을 막아 서며 떨리는 목소리로 말했다: 100년만 더 연장하면 안 될까",https://www.youtube.com/watch?v=ZamymPOBKo4,여주드라마 많이봤는데 남주 처음보는데  연기잘하네 흠뻑빠져들게하네요 ㅎㅎㅎ
숏드,"3년 계약 결혼 내내 그는나를 사랑하지 않는 듯했다. 하지만 계약이 끝나던 날, 늘 고고하던 그가 다급히 문을 막아 서며 떨리는 목소리로 말했다: 100년만 더 연장하면 안 될까",https://www.youtube.com/watch?v=ZamymPOBKo4,화면 질이 안좋네요~~~
숏드,"3년 계약 결혼 내내 그는나를 사랑하지 않는 듯했다. 하지만 계약이 끝나던 날, 늘 고고하던 그가 다급히 문을 막아 서며 떨리는 목소리로 말했다: 100년만 더 연장하면 안 될까",https://www.youtube.com/watch?v=ZamymPOBKo4,남주 옆모습 라인 예술이다❤❤❤
숏드,"3년 계약 결혼 내내 그는나를 사랑하지 않는 듯했다. 하지만 계약이 끝나던 날, 늘 고고하던 그가 다급히 문을 막아 서며 떨리는 목소리로 말했다: 100년만 더 연장하면 안 될까",https://www.youtube.com/watch?v=ZamymPOBKo4,왕하오진❤궈위신 드라마 흥미롭게 잘봤는데 또  다시 봐도 흥미롭고 정말 좋네요<br>많은 작품 함께 하기를 바랍니다. <br>두사람 연기도 잘하고 커플중에 이쁜 커플이네요<br>빛나고 잘어울리고 행복해보이고 좋은 커플인것 같네요<br>지금까지 드라마 함께 했던 여배우들 중! <br>하오진과 궈위신.왕게게 함께 있을 때가 분위기도 잘 맞고 잘 어울리고 제일 예쁘고 성격도 마음에 들어요<br>차분하고 재밌고 자연스럽고 사랑스럽고 분위기도 정말 잘어울리고 잘 맞네요.<br>온화한지도 볼수 있어요 <br>흠잡을때 없는 세사람  응원합니다 ~<br>💯👍👏❤
숏드,"3년 계약 결혼 내내 그는나를 사랑하지 않는 듯했다. 하지만 계약이 끝나던 날, 늘 고고하던 그가 다급히 문을 막아 서며 떨리는 목소리로 말했다: 100년만 더 연장하면 안 될까",https://www.youtube.com/watch?v=ZamymPOBKo4,이거 국민남편이랑 내용 똑같네요ㅎㅎ 중국은 정극을 숏드로도 그냥 막 재생산이 가능한가봐여😊 여주 넘 좋아하는데 그래서 걍 봤어요
숏드,"3년 계약 결혼 내내 그는나를 사랑하지 않는 듯했다. 하지만 계약이 끝나던 날, 늘 고고하던 그가 다급히 문을 막아 서며 떨리는 목소리로 말했다: 100년만 더 연장하면 안 될까",https://www.youtube.com/watch?v=ZamymPOBKo4,어쩌면 가슴아프게 사랑을 ~
숏드,"3년 계약 결혼 내내 그는나를 사랑하지 않는 듯했다. 하지만 계약이 끝나던 날, 늘 고고하던 그가 다급히 문을 막아 서며 떨리는 목소리로 말했다: 100년만 더 연장하면 안 될까",https://www.youtube.com/watch?v=ZamymPOBKo4,드디어완결을보네요<br>감사합니다
숏드,"3년 계약 결혼 내내 그는나를 사랑하지 않는 듯했다. 하지만 계약이 끝나던 날, 늘 고고하던 그가 다급히 문을 막아 서며 떨리는 목소리로 말했다: 100년만 더 연장하면 안 될까",https://www.youtube.com/watch?v=ZamymPOBKo4,여배우가.넘무좋아하는데.남배우는더.잘새기고.잘어울여요.
숏드,"3년 계약 결혼 내내 그는나를 사랑하지 않는 듯했다. 하지만 계약이 끝나던 날, 늘 고고하던 그가 다급히 문을 막아 서며 떨리는 목소리로 말했다: 100년만 더 연장하면 안 될까",https://www.youtube.com/watch?v=ZamymPOBKo4,피폐스럽지않고 주인공들이 이뻐서  잘봤어요😊
숏드,"3년 계약 결혼 내내 그는나를 사랑하지 않는 듯했다. 하지만 계약이 끝나던 날, 늘 고고하던 그가 다급히 문을 막아 서며 떨리는 목소리로 말했다: 100년만 더 연장하면 안 될까",https://www.youtube.com/watch?v=ZamymPOBKo4,오!!! 드뎌 풀버전!!비주얼도 좋고 연기도 둘다 잘하고 너무 재미있어요~❤ 이런 숏드 많이 나왔으면~진짜 남녀주인공 미모는 내가 본 많은 숏드들중에 탑오브탑이다. 남주가 이쁘면 여주가 별로고 그랬는데..둘이 또 만나서 좋은 숏드 찍어주세요~!
숏드,"3년 계약 결혼 내내 그는나를 사랑하지 않는 듯했다. 하지만 계약이 끝나던 날, 늘 고고하던 그가 다급히 문을 막아 서며 떨리는 목소리로 말했다: 100년만 더 연장하면 안 될까",https://www.youtube.com/watch?v=ZamymPOBKo4,ممكن ترجمة بالعربية😊
숏드,"3년 계약 결혼 내내 그는나를 사랑하지 않는 듯했다. 하지만 계약이 끝나던 날, 늘 고고하던 그가 다급히 문을 막아 서며 떨리는 목소리로 말했다: 100년만 더 연장하면 안 될까",https://www.youtube.com/watch?v=ZamymPOBKo4,아싸
숏드,"3년 계약 결혼 내내 그는나를 사랑하지 않는 듯했다. 하지만 계약이 끝나던 날, 늘 고고하던 그가 다급히 문을 막아 서며 떨리는 목소리로 말했다: 100년만 더 연장하면 안 될까",https://www.youtube.com/watch?v=ZamymPOBKo4,풀버젼기다렸는데 넘 감사해요♥
숏드,"3년 계약 결혼 내내 그는나를 사랑하지 않는 듯했다. 하지만 계약이 끝나던 날, 늘 고고하던 그가 다급히 문을 막아 서며 떨리는 목소리로 말했다: 100년만 더 연장하면 안 될까",https://www.youtube.com/watch?v=ZamymPOBKo4,워~~~~올라왔다
숏드,"3년 계약 결혼 내내 그는나를 사랑하지 않는 듯했다. 하지만 계약이 끝나던 날, 늘 고고하던 그가 다급히 문을 막아 서며 떨리는 목소리로 말했다: 100년만 더 연장하면 안 될까",https://www.youtube.com/watch?v=ZamymPOBKo4,"awesome bgm(including mandarin songs, cantonese songs, english songs, korean songs etc.)"
숏드,"3년 계약 결혼 내내 그는나를 사랑하지 않는 듯했다. 하지만 계약이 끝나던 날, 늘 고고하던 그가 다급히 문을 막아 서며 떨리는 목소리로 말했다: 100년만 더 연장하면 안 될까",https://www.youtube.com/watch?v=ZamymPOBKo4,"<a href=""https://www.youtube.com/watch?v=ZamymPOBKo4&amp;t=6221"">1:43:41</a>-<a href=""https://www.youtube.com/watch?v=ZamymPOBKo4&amp;t=6226"">1:43:46</a>我和他都喜歡下雨天 都喜歡那句歌詞🤍🤍🤍"
숏드,"3년 계약 결혼 내내 그는나를 사랑하지 않는 듯했다. 하지만 계약이 끝나던 날, 늘 고고하던 그가 다급히 문을 막아 서며 떨리는 목소리로 말했다: 100년만 더 연장하면 안 될까",https://www.youtube.com/watch?v=ZamymPOBKo4,드디어 완결보았다. 뭐지 이드라마 영화보다 더 감동이다 남주여주 연기 감성 수준이대단하네요 아주좋은영화한편 본듯한 느낌! 행복했습니다 남주 여주님 앞으로도 늘 팬이될겁니다 좋은연기 오래 기억될겁니다🎉🎉🎉
숏드,"3년 계약 결혼 내내 그는나를 사랑하지 않는 듯했다. 하지만 계약이 끝나던 날, 늘 고고하던 그가 다급히 문을 막아 서며 떨리는 목소리로 말했다: 100년만 더 연장하면 안 될까",https://www.youtube.com/watch?v=ZamymPOBKo4,ㄱㄱㅑ~~~❤ 배우들 감정선 넘 좋아요~  아이유 배경음악 까지... 짱^^b
숏드,"3년 계약 결혼 내내 그는나를 사랑하지 않는 듯했다. 하지만 계약이 끝나던 날, 늘 고고하던 그가 다급히 문을 막아 서며 떨리는 목소리로 말했다: 100년만 더 연장하면 안 될까",https://www.youtube.com/watch?v=ZamymPOBKo4,"舊劇  於2025年8月30日上綫首播<br>❤有你的瑾年才安好❤❤最美的不是下雨天 是和你/她一起躲過雨的屋檐❤<br>劇名: 國民老公帶回家   原聲👍<br>男主王皓禎 ML: Wang Haozhen 飾演 陸瑾年<br>女主郭宇欣 FL: Guo Yuxin 飾演 喬安好<br>女配翁藝禎 SFL: Weng Yizhen 飾演 韓如初[許氏副總裁, 許嘉木母親]<br>男配王浩 SML: Wang Hao 飾演 許嘉木<br>姚旭娟 Yao Xujuan 飾演 趙萌[喬安好經紀人]<br>呂智恩 Lv Zhien 飾演 宋相思"
숏드,"3년 계약 결혼 내내 그는나를 사랑하지 않는 듯했다. 하지만 계약이 끝나던 날, 늘 고고하던 그가 다급히 문을 막아 서며 떨리는 목소리로 말했다: 100년만 더 연장하면 안 될까",https://www.youtube.com/watch?v=ZamymPOBKo4,좋은드라마 ^^
숏드,"3년 계약 결혼 내내 그는나를 사랑하지 않는 듯했다. 하지만 계약이 끝나던 날, 늘 고고하던 그가 다급히 문을 막아 서며 떨리는 목소리로 말했다: 100년만 더 연장하면 안 될까",https://www.youtube.com/watch?v=ZamymPOBKo4,드디어!! 완결 잘 볼게요.
숏드,"3년 계약 결혼 내내 그는나를 사랑하지 않는 듯했다. 하지만 계약이 끝나던 날, 늘 고고하던 그가 다급히 문을 막아 서며 떨리는 목소리로 말했다: 100년만 더 연장하면 안 될까",https://www.youtube.com/watch?v=ZamymPOBKo4,드뎌 떴네여 너무 감사합니다
숏드,"3년 계약 결혼 내내 그는나를 사랑하지 않는 듯했다. 하지만 계약이 끝나던 날, 늘 고고하던 그가 다급히 문을 막아 서며 떨리는 목소리로 말했다: 100년만 더 연장하면 안 될까",https://www.youtube.com/watch?v=ZamymPOBKo4,완결볼수있어서 너무 좋아요~❤
숏드,"3년 계약 결혼 내내 그는나를 사랑하지 않는 듯했다. 하지만 계약이 끝나던 날, 늘 고고하던 그가 다급히 문을 막아 서며 떨리는 목소리로 말했다: 100년만 더 연장하면 안 될까",https://www.youtube.com/watch?v=ZamymPOBKo4,둘조합 너무 좋다❤
숏드,"3년 계약 결혼 내내 그는나를 사랑하지 않는 듯했다. 하지만 계약이 끝나던 날, 늘 고고하던 그가 다급히 문을 막아 서며 떨리는 목소리로 말했다: 100년만 더 연장하면 안 될까",https://www.youtube.com/watch?v=ZamymPOBKo4,여주 넘 이뻐요<br>손톱 단정해서 좋아요
숏드,"3년 계약 결혼 내내 그는나를 사랑하지 않는 듯했다. 하지만 계약이 끝나던 날, 늘 고고하던 그가 다급히 문을 막아 서며 떨리는 목소리로 말했다: 100년만 더 연장하면 안 될까",https://www.youtube.com/watch?v=ZamymPOBKo4,"국민로공대회가(國民老公带回家, My National Husband) - 곽우흔(郭宇欣, 궈유신) / 왕호정(王皓祯, Wang Haozhen, Ben Wang)<br> 육진년(陆瑾年, Lu Jin Nian) 교안호(乔安好, Qiao An Hao) <br> - 허가목(许嘉木, Xu Jia Mu):왕호(王浩, Wang Hao)<br> - 한여초韩如初:옹예정翁艺祯<br> - 연조리年助理:팽예남彭睿男<br> - 조맹赵萌:요일의姚一依<br> - 림시의林诗意:주뢰朱磊<br> - 송상사宋相思:려지은吕智恩<br> - 정양程漾:한욱韩旭<br> - 심지의沈枝意:후경이侯璟颐<br> - 이마李妈:모문군慕汶君<br>- 어린 교안호幼年 乔安好:사월四月<br>- 어린 교안하幼年 乔安夏:설리雪莉"
숏드,"3년 계약 결혼 내내 그는나를 사랑하지 않는 듯했다. 하지만 계약이 끝나던 날, 늘 고고하던 그가 다급히 문을 막아 서며 떨리는 목소리로 말했다: 100년만 더 연장하면 안 될까",https://www.youtube.com/watch?v=ZamymPOBKo4,다시 태어난다면 이런사랑 꼭 한번 해봤으면....^^
숏드,"3년 계약 결혼 내내 그는나를 사랑하지 않는 듯했다. 하지만 계약이 끝나던 날, 늘 고고하던 그가 다급히 문을 막아 서며 떨리는 목소리로 말했다: 100년만 더 연장하면 안 될까",https://www.youtube.com/watch?v=ZamymPOBKo4,제가 젤 좋아하는 숏드네요 잘 보겠습니다
숏드,"3년 계약 결혼 내내 그는나를 사랑하지 않는 듯했다. 하지만 계약이 끝나던 날, 늘 고고하던 그가 다급히 문을 막아 서며 떨리는 목소리로 말했다: 100년만 더 연장하면 안 될까",https://www.youtube.com/watch?v=ZamymPOBKo4,꺄아악~~~~ 너무 좋아요!! <br>이거 번역 구린거 소장중이었는데ㅠ0ㅠ<br>감격 그 자체입니다.
숏드,"3년 계약 결혼 내내 그는나를 사랑하지 않는 듯했다. 하지만 계약이 끝나던 날, 늘 고고하던 그가 다급히 문을 막아 서며 떨리는 목소리로 말했다: 100년만 더 연장하면 안 될까",https://www.youtube.com/watch?v=ZamymPOBKo4,❤❤❤
숏드,"3년 계약 결혼 내내 그는나를 사랑하지 않는 듯했다. 하지만 계약이 끝나던 날, 늘 고고하던 그가 다급히 문을 막아 서며 떨리는 목소리로 말했다: 100년만 더 연장하면 안 될까",https://www.youtube.com/watch?v=ZamymPOBKo4,드디어 완결로 올라왔네요~ 올려주셔서 감사합니다.^^
릴스,인스타 릴스 260만 뷰 괌 우정여행 그영상 🏝️💙,https://www.youtube.com/watch?v=Ej_oZ_lu8nc,이거어떻게찍는지알려주세요
릴스,인스타 릴스 260만 뷰 괌 우정여행 그영상 🏝️💙,https://www.youtube.com/watch?v=Ej_oZ_lu8nc,청춘은 다시 오지않아요<br>뭐든다하시고 누리고<br>후회없는 삶 사세요<br>내 젊은 시절어디갔노<br>그립고 그립다<br>눈깜짝 60이넘었네
릴스,인스타 릴스 260만 뷰 괌 우정여행 그영상 🏝️💙,https://www.youtube.com/watch?v=Ej_oZ_lu8nc,"여기서 여왕벌이 누굴까?<br>오른쪽 두번째일까,아니면 왼쪽에서  세 번째?"
릴스,인스타 릴스 260만 뷰 괌 우정여행 그영상 🏝️💙,https://www.youtube.com/watch?v=Ej_oZ_lu8nc,회색바지와 반바지는 자리를 바꿨어야 했다
릴스,인스타 릴스 260만 뷰 괌 우정여행 그영상 🏝️💙,https://www.youtube.com/watch?v=Ej_oZ_lu8nc,김치여행단
릴스,인스타 릴스 260만 뷰 괌 우정여행 그영상 🏝️💙,https://www.youtube.com/watch?v=Ej_oZ_lu8nc,넘 이뿌다
릴스,인스타 릴스 260만 뷰 괌 우정여행 그영상 🏝️💙,https://www.youtube.com/watch?v=Ej_oZ_lu8nc,"후...<br>40년 전에 내게도 이런 젊음이 있었는데..<br>길거라 생각하고,<br> 내가하고 싶었던거 젊을때 미련없이 해보자 했는데..<br> 벌써 60이 다되었다..!!<br><br>이제 생각해보니 젊음이 생각보다 너무 짧았다...ㅠㅠ"
릴스,인스타 릴스 260만 뷰 괌 우정여행 그영상 🏝️💙,https://www.youtube.com/watch?v=Ej_oZ_lu8nc,부럽습니다. 젊음이 ! 다들 너무 이ㅃㅓ요 ❤
릴스,인스타 릴스 260만 뷰 괌 우정여행 그영상 🏝️💙,https://www.youtube.com/watch?v=Ej_oZ_lu8nc,젊음이부럽다
릴스,인스타 릴스 260만 뷰 괌 우정여행 그영상 🏝️💙,https://www.youtube.com/watch?v=Ej_oZ_lu8nc,난 너무놀았어.. 이제 그만 놀장..(모임일정을 열며..)
릴스,인스타 릴스 260만 뷰 괌 우정여행 그영상 🏝️💙,https://www.youtube.com/watch?v=Ej_oZ_lu8nc,멋지고 아름답네요...🎉🎉❤
릴스,인스타 릴스 260만 뷰 괌 우정여행 그영상 🏝️💙,https://www.youtube.com/watch?v=Ej_oZ_lu8nc,한국여성은  국내선조신한척  해외나감  개방적이되는건 왜죠?
릴스,인스타 릴스 260만 뷰 괌 우정여행 그영상 🏝️💙,https://www.youtube.com/watch?v=Ej_oZ_lu8nc,시집간친구들 있겠지?
릴스,인스타 릴스 260만 뷰 괌 우정여행 그영상 🏝️💙,https://www.youtube.com/watch?v=Ej_oZ_lu8nc,"눈이 부시도록 빛나는 청춘들이여, 그대들의 앞날을 응원한다 !"
릴스,인스타 릴스 260만 뷰 괌 우정여행 그영상 🏝️💙,https://www.youtube.com/watch?v=Ej_oZ_lu8nc,젊음이 좋다...
릴스,인스타 릴스 260만 뷰 괌 우정여행 그영상 🏝️💙,https://www.youtube.com/watch?v=Ej_oZ_lu8nc,어휴.... 지금즐기고 나중에는 피눈물이다
릴스,인스타 릴스 260만 뷰 괌 우정여행 그영상 🏝️💙,https://www.youtube.com/watch?v=Ej_oZ_lu8nc,이분들 걸그룹 이름이 멉니까? 팬가입하게😅
릴스,인스타 릴스 260만 뷰 괌 우정여행 그영상 🏝️💙,https://www.youtube.com/watch?v=Ej_oZ_lu8nc,젊음이 좋다~~매우좋다~~~
릴스,인스타 릴스 260만 뷰 괌 우정여행 그영상 🏝️💙,https://www.youtube.com/watch?v=Ej_oZ_lu8nc,응 나중에 결혼하고 애낳고 서로시기하고 결국 다 안봄ㅋㅋ
릴스,인스타 릴스 260만 뷰 괌 우정여행 그영상 🏝️💙,https://www.youtube.com/watch?v=Ej_oZ_lu8nc,과연 우정이 몇명이나 남을지 ..
릴스,인스타 릴스 260만 뷰 괌 우정여행 그영상 🏝️💙,https://www.youtube.com/watch?v=Ej_oZ_lu8nc,진짜 유유상종이다 다들 이쁘네
릴스,인스타 릴스 260만 뷰 괌 우정여행 그영상 🏝️💙,https://www.youtube.com/watch?v=Ej_oZ_lu8nc,걸그룹만 보다가 일반인들 보니까 신선합니다.
릴스,인스타 릴스 260만 뷰 괌 우정여행 그영상 🏝️💙,https://www.youtube.com/watch?v=Ej_oZ_lu8nc,40대버전이 더 긴장감과 박진감이넘친다 40대화이팅
릴스,인스타 릴스 260만 뷰 괌 우정여행 그영상 🏝️💙,https://www.youtube.com/watch?v=Ej_oZ_lu8nc,이언니들 저번에 지하철역 언니들 맞음?
릴스,인스타 릴스 260만 뷰 괌 우정여행 그영상 🏝️💙,https://www.youtube.com/watch?v=Ej_oZ_lu8nc,절로 미소가~^^ 젊음이 좋구나<br>그 때 알았다면 좋았을텐데 나이들어 알게되네ㅎ<br>예쁘게 즐겨요~^^<br>이런 예쁜 추억조각들이 미래의 나를 미소짓게 만들어 줄거예요♡
릴스,인스타 릴스 260만 뷰 괌 우정여행 그영상 🏝️💙,https://www.youtube.com/watch?v=Ej_oZ_lu8nc,아줌씨들 신났다 ㅋ
릴스,인스타 릴스 260만 뷰 괌 우정여행 그영상 🏝️💙,https://www.youtube.com/watch?v=Ej_oZ_lu8nc,저렇게 하면 지들이 이쁘다고 생각할까?(가운데 애는 좀 이쁨) 언제까지 저러고 놀 수 있을 거라고 생각하는 걸까...
릴스,인스타 릴스 260만 뷰 괌 우정여행 그영상 🏝️💙,https://www.youtube.com/watch?v=Ej_oZ_lu8nc,돈주고도 못사는 젊음 짧은 청춘 많이 만끽하시길..
릴스,인스타 릴스 260만 뷰 괌 우정여행 그영상 🏝️💙,https://www.youtube.com/watch?v=Ej_oZ_lu8nc,1번
릴스,인스타 릴스 260만 뷰 괌 우정여행 그영상 🏝️💙,https://www.youtube.com/watch?v=Ej_oZ_lu8nc,눈부시게 찬란한 젊음 보내시길..
릴스,인스타 릴스 260만 뷰 괌 우정여행 그영상 🏝️💙,https://www.youtube.com/watch?v=Ej_oZ_lu8nc,얼른 시집가라~~ 어차피 시집가면 안본다 슬슬😂😂😂
릴스,인스타 릴스 260만 뷰 괌 우정여행 그영상 🏝️💙,https://www.youtube.com/watch?v=Ej_oZ_lu8nc,뭐 완전 순수한 친구들은 아니긴하겟지만<br>그래도 무슨 비키니 쳐입고 고급호텔에서 수영하는거 올리는 사람들보단 낫지 않냐?? 너무 욕하지말자.
릴스,인스타 릴스 260만 뷰 괌 우정여행 그영상 🏝️💙,https://www.youtube.com/watch?v=Ej_oZ_lu8nc,인스타를위한 여행 그리고 영상 낭만제로
릴스,인스타 릴스 260만 뷰 괌 우정여행 그영상 🏝️💙,https://www.youtube.com/watch?v=Ej_oZ_lu8nc,그래 젊을때 즐겨라 인생은 지옥이다
릴스,인스타 릴스 260만 뷰 괌 우정여행 그영상 🏝️💙,https://www.youtube.com/watch?v=Ej_oZ_lu8nc,아다 ✋️
릴스,인스타 릴스 260만 뷰 괌 우정여행 그영상 🏝️💙,https://www.youtube.com/watch?v=Ej_oZ_lu8nc,친구끼리 이게되나?<br>동호회같은데 ?
릴스,인스타 릴스 260만 뷰 괌 우정여행 그영상 🏝️💙,https://www.youtube.com/watch?v=Ej_oZ_lu8nc,중요 한건 이 젊은이들 보고있는 내가 신나고 나고 즐거움 ! 🎉😂<br>당연 댄서들도 즐겁겠지~~
릴스,인스타 릴스 260만 뷰 괌 우정여행 그영상 🏝️💙,https://www.youtube.com/watch?v=Ej_oZ_lu8nc,남자버전은 다 선플이더니 여자버전은 악플이 좀 보이네ㅋㅋㅋ<br>둘다 보기좋은데 저것도 젊을때 다 할수있는 거고 하고싶은거 마음껏 해보기를
릴스,인스타 릴스 260만 뷰 괌 우정여행 그영상 🏝️💙,https://www.youtube.com/watch?v=Ej_oZ_lu8nc,젊은 시절 생각난다 렌트해서 여고동창들과.부산. 바닷가에 놀러가서 저렇게 놀고 시진찍었던 생각나네요. 전라도 광주에서. 부산까지. 지금 육십넘 은 할머니가 되었네요
릴스,인스타 릴스 260만 뷰 괌 우정여행 그영상 🏝️💙,https://www.youtube.com/watch?v=Ej_oZ_lu8nc,검은양말 신으면 나중에 벗을때 발가락 사이랑 발톱에 검은거 껴요
릴스,인스타 릴스 260만 뷰 괌 우정여행 그영상 🏝️💙,https://www.youtube.com/watch?v=Ej_oZ_lu8nc,연기력이 귀엽습니다..  ㅋㅋㅋ
릴스,인스타 릴스 260만 뷰 괌 우정여행 그영상 🏝️💙,https://www.youtube.com/watch?v=Ej_oZ_lu8nc,7공주파인데 1명이 없네?? 찍는 사람 포함. 공포의 7공주파
릴스,인스타 릴스 260만 뷰 괌 우정여행 그영상 🏝️💙,https://www.youtube.com/watch?v=Ej_oZ_lu8nc,즐겨라
릴스,인스타 릴스 260만 뷰 괌 우정여행 그영상 🏝️💙,https://www.youtube.com/watch?v=Ej_oZ_lu8nc,돌아이들 모아놨네 누가ㅈ데려가려나 참 한심하다
릴스,인스타 릴스 260만 뷰 괌 우정여행 그영상 🏝️💙,https://www.youtube.com/watch?v=Ej_oZ_lu8nc,언니들 입장하실께여~
릴스,인스타 릴스 260만 뷰 괌 우정여행 그영상 🏝️💙,https://www.youtube.com/watch?v=Ej_oZ_lu8nc,여행이면 여행이지.  우정여행은 무슨 개념인건가요 ㄷㄷ<br>친구들끼리 (여행) 갈 때랑 (우정여행) 갈 때랑 다른게 있나여..? 걍 SNS 중독자들 아닌가요?
릴스,인스타 릴스 260만 뷰 괌 우정여행 그영상 🏝️💙,https://www.youtube.com/watch?v=Ej_oZ_lu8nc,잘대주겟다
릴스,인스타 릴스 260만 뷰 괌 우정여행 그영상 🏝️💙,https://www.youtube.com/watch?v=Ej_oZ_lu8nc,젊음이 좋네.. 부러워..
릴스,인스타 릴스 260만 뷰 괌 우정여행 그영상 🏝️💙,https://www.youtube.com/watch?v=Ej_oZ_lu8nc,뒷줄 가운데분은 하기 싫은데 억지로 했네
릴스,인스타 릴스 260만 뷰 괌 우정여행 그영상 🏝️💙,https://www.youtube.com/watch?v=Ej_oZ_lu8nc,거기 짱이 누구냐?
릴스,인스타 릴스 260만 뷰 괌 우정여행 그영상 🏝️💙,https://www.youtube.com/watch?v=Ej_oZ_lu8nc,춤라인이 몸이 무거워보이는대
릴스,인스타 릴스 260만 뷰 괌 우정여행 그영상 🏝️💙,https://www.youtube.com/watch?v=Ej_oZ_lu8nc,헤어밴드님이랑 앞에 파란분은 .. 춤추시는 분인가..  어깨 움직임이 타고나셨네 ㄷㄷ
릴스,인스타 릴스 260만 뷰 괌 우정여행 그영상 🏝️💙,https://www.youtube.com/watch?v=Ej_oZ_lu8nc,다이쁘기 쉽지않은데 오우
릴스,인스타 릴스 260만 뷰 괌 우정여행 그영상 🏝️💙,https://www.youtube.com/watch?v=Ej_oZ_lu8nc,힌밴드가 젤 잘춤
릴스,인스타 릴스 260만 뷰 괌 우정여행 그영상 🏝️💙,https://www.youtube.com/watch?v=Ej_oZ_lu8nc,센터는 센터다ㅋㅋ 골반 움직임이 다르네
릴스,인스타 릴스 260만 뷰 괌 우정여행 그영상 🏝️💙,https://www.youtube.com/watch?v=Ej_oZ_lu8nc,이 영상 보면 남자 버전 영상 생각나고 다같이 하는걸 상상해봄 ㅋㅋ
릴스,인스타 릴스 260만 뷰 괌 우정여행 그영상 🏝️💙,https://www.youtube.com/watch?v=Ej_oZ_lu8nc,예쁘진 않은데 그저그런 수준들인데 본인들은 멋지고 예쁘다고 생각하는 요즘 엠지들 중 하나 ㅎㅎ
릴스,인스타 릴스 260만 뷰 괌 우정여행 그영상 🏝️💙,https://www.youtube.com/watch?v=Ej_oZ_lu8nc,남자도 만나고 좀 그래라 다들 멀쩡하게 생겨가지고 남자들이랑도 신나게 놀자
릴스,인스타 릴스 260만 뷰 괌 우정여행 그영상 🏝️💙,https://www.youtube.com/watch?v=Ej_oZ_lu8nc,헤어밴드 하신분 잘추신다~❤
릴스,인스타 릴스 260만 뷰 괌 우정여행 그영상 🏝️💙,https://www.youtube.com/watch?v=Ej_oZ_lu8nc,아름답다
릴스,인스타 릴스 260만 뷰 괌 우정여행 그영상 🏝️💙,https://www.youtube.com/watch?v=Ej_oZ_lu8nc,졸라 멋지다 ᆢ모두들 만수무강 하시킬 ᆢ
릴스,인스타 릴스 260만 뷰 괌 우정여행 그영상 🏝️💙,https://www.youtube.com/watch?v=Ej_oZ_lu8nc,왼쪽 끝 헤어밴드 누나가 제일 잘춤
릴스,인스타 릴스 260만 뷰 괌 우정여행 그영상 🏝️💙,https://www.youtube.com/watch?v=Ej_oZ_lu8nc,오른쪽 3번째 나랑 결혼해보자
릴스,인스타 릴스 260만 뷰 괌 우정여행 그영상 🏝️💙,https://www.youtube.com/watch?v=Ej_oZ_lu8nc,지금까지 봤던 이런류 영상 중 가장 별로다
릴스,인스타 릴스 260만 뷰 괌 우정여행 그영상 🏝️💙,https://www.youtube.com/watch?v=Ej_oZ_lu8nc,맨앞 두사람이 맨뒤로 가서  서세요
릴스,인스타 릴스 260만 뷰 괌 우정여행 그영상 🏝️💙,https://www.youtube.com/watch?v=Ej_oZ_lu8nc,끼리끼리의 좋은 표본 같네 ㅋ
릴스,인스타 릴스 260만 뷰 괌 우정여행 그영상 🏝️💙,https://www.youtube.com/watch?v=Ej_oZ_lu8nc,끼리끼리 논다더니 다이쁘네
릴스,인스타 릴스 260만 뷰 괌 우정여행 그영상 🏝️💙,https://www.youtube.com/watch?v=Ej_oZ_lu8nc,아유~가시나들 싱싱하이~다 이뿌넹
릴스,인스타 릴스 260만 뷰 괌 우정여행 그영상 🏝️💙,https://www.youtube.com/watch?v=Ej_oZ_lu8nc,"남자들은 본능적으로 가장 예쁜 여자를 알아보고, 그 여자만 관찰한다.😂😅🎉❤"
릴스,인스타 릴스 260만 뷰 괌 우정여행 그영상 🏝️💙,https://www.youtube.com/watch?v=Ej_oZ_lu8nc,"그러니까 사공이 많아, 배가 바다가 아닌 산으로 가고있음을 표현한거군요."
릴스,인스타 릴스 260만 뷰 괌 우정여행 그영상 🏝️💙,https://www.youtube.com/watch?v=Ej_oZ_lu8nc,센터가 괜히 센터가 아니고만
릴스,인스타 릴스 260만 뷰 괌 우정여행 그영상 🏝️💙,https://www.youtube.com/watch?v=Ej_oZ_lu8nc,여기 어디에요??
릴스,인스타 릴스 260만 뷰 괌 우정여행 그영상 🏝️💙,https://www.youtube.com/watch?v=Ej_oZ_lu8nc,외모도 외모지만.........진짜 저 시절이 그립네요~
릴스,인스타 릴스 260만 뷰 괌 우정여행 그영상 🏝️💙,https://www.youtube.com/watch?v=Ej_oZ_lu8nc,헤어밴드..
릴스,인스타 릴스 260만 뷰 괌 우정여행 그영상 🏝️💙,https://www.youtube.com/watch?v=Ej_oZ_lu8nc,넘 이쁘구 부러우네여 ❤
릴스,인스타 릴스 260만 뷰 괌 우정여행 그영상 🏝️💙,https://www.youtube.com/watch?v=Ej_oZ_lu8nc,자 수진이가 누구니~~
릴스,인스타 릴스 260만 뷰 괌 우정여행 그영상 🏝️💙,https://www.youtube.com/watch?v=Ej_oZ_lu8nc,추모곡이야 인간들아
릴스,인스타 릴스 260만 뷰 괌 우정여행 그영상 🏝️💙,https://www.youtube.com/watch?v=Ej_oZ_lu8nc,사랑해요^^
릴스,인스타 릴스 260만 뷰 괌 우정여행 그영상 🏝️💙,https://www.youtube.com/watch?v=Ej_oZ_lu8nc,더럽다
릴스,인스타 릴스 260만 뷰 괌 우정여행 그영상 🏝️💙,https://www.youtube.com/watch?v=Ej_oZ_lu8nc,", 우리는 인생이란 버스에 타고 있어서 , 이 버스가 얼마나 빠르게 지나가는지 모른다. 인생도 만찬가지다.. 우리 인생이 얼마나 아름다운지 , 그 아름다움 속에 있는 우리는 잘 느끼지 못한다. 지금 저들은 가장 경치좋은 구간을 지나가는 인생버스를 타고 있다."
릴스,인스타 릴스 260만 뷰 괌 우정여행 그영상 🏝️💙,https://www.youtube.com/watch?v=Ej_oZ_lu8nc,🥰탄탄한 조직 이군요!
릴스,인스타 릴스 260만 뷰 괌 우정여행 그영상 🏝️💙,https://www.youtube.com/watch?v=Ej_oZ_lu8nc,보기좋고이쁘고부럽다~
릴스,인스타 릴스 260만 뷰 괌 우정여행 그영상 🏝️💙,https://www.youtube.com/watch?v=Ej_oZ_lu8nc,젤 오른쪽 빼고 한명씩 으흠..
릴스,인스타 릴스 260만 뷰 괌 우정여행 그영상 🏝️💙,https://www.youtube.com/watch?v=Ej_oZ_lu8nc,그래서 수진이가 누군데
릴스,인스타 릴스 260만 뷰 괌 우정여행 그영상 🏝️💙,https://www.youtube.com/watch?v=Ej_oZ_lu8nc,여자들 의리는 애 낳고 나면 거의 파탄남<br><br>내 애가 친구 애보다 공부를 못한다거나 외모가 못한다거나 등 등 그럼 의리는 커녕 질투로 시작해서 증오의 대상이 됨
릴스,인스타 릴스 260만 뷰 괌 우정여행 그영상 🏝️💙,https://www.youtube.com/watch?v=Ej_oZ_lu8nc,본인들이 맛있다고 생각하겠지?
릴스,인스타 릴스 260만 뷰 괌 우정여행 그영상 🏝️💙,https://www.youtube.com/watch?v=Ej_oZ_lu8nc,젊음 좋다.
릴스,인스타 릴스 260만 뷰 괌 우정여행 그영상 🏝️💙,https://www.youtube.com/watch?v=Ej_oZ_lu8nc,이쁘다~~~~
릴스,인스타 릴스 260만 뷰 괌 우정여행 그영상 🏝️💙,https://www.youtube.com/watch?v=Ej_oZ_lu8nc,걸 그룹 같아요.
릴스,인스타 릴스 260만 뷰 괌 우정여행 그영상 🏝️💙,https://www.youtube.com/watch?v=Ej_oZ_lu8nc,댄스보다는 배경과 음악이 이 영상을 살림
릴스,인스타 릴스 260만 뷰 괌 우정여행 그영상 🏝️💙,https://www.youtube.com/watch?v=Ej_oZ_lu8nc,젊을때이런거많이찍어놔.그시절은다시오지않는빛나는시간.좋네좋아
릴스,인스타 릴스 260만 뷰 괌 우정여행 그영상 🏝️💙,https://www.youtube.com/watch?v=Ej_oZ_lu8nc,젊다
릴스,인스타 릴스 260만 뷰 괌 우정여행 그영상 🏝️💙,https://www.youtube.com/watch?v=Ej_oZ_lu8nc,센타 잘못뽑음 뒷자리 언니들이 더 잘춤
릴스,인스타 릴스 260만 뷰 괌 우정여행 그영상 🏝️💙,https://www.youtube.com/watch?v=Ej_oZ_lu8nc,짧뚱해서 이상하다
릴스,인스타 릴스 260만 뷰 괌 우정여행 그영상 🏝️💙,https://www.youtube.com/watch?v=Ej_oZ_lu8nc,난 1번이요
릴스,인스타 릴스 260만 뷰 괌 우정여행 그영상 🏝️💙,https://www.youtube.com/watch?v=Ej_oZ_lu8nc,역시 센터는 센터다 <br>선이 다르네
릴스,인스타 릴스 260만 뷰 괌 우정여행 그영상 🏝️💙,https://www.youtube.com/watch?v=Ej_oZ_lu8nc,1등 머리띠  2등 센터반바지
릴스,인스타 릴스 260만 뷰 괌 우정여행 그영상 🏝️💙,https://www.youtube.com/watch?v=Ej_oZ_lu8nc,치어리더 효과
릴스,인스타 릴스 260만 뷰 괌 우정여행 그영상 🏝️💙,https://www.youtube.com/watch?v=Ej_oZ_lu8nc,1번
릴스,인스타 릴스 260만 뷰 괌 우정여행 그영상 🏝️💙,https://www.youtube.com/watch?v=Ej_oZ_lu8nc,왜눈물이 날까...<br>벌써 내나이 환갑이네요ᆢ<br>청춘을 즐기셔요~~
릴스,인스타 릴스 260만 뷰 괌 우정여행 그영상 🏝️💙,https://www.youtube.com/watch?v=Ej_oZ_lu8nc,헤어밴드 찜❤
릴스,인스타 릴스 260만 뷰 괌 우정여행 그영상 🏝️💙,https://www.youtube.com/watch?v=Ej_oZ_lu8nc,난... 헤어밴드 누나...
릴스,인스타 릴스 260만 뷰 괌 우정여행 그영상 🏝️💙,https://www.youtube.com/watch?v=Ej_oZ_lu8nc,그때의 순수한 그열정.우정 그립다.
릴스,인스타 릴스 260만 뷰 괌 우정여행 그영상 🏝️💙,https://www.youtube.com/watch?v=Ej_oZ_lu8nc,젊음은 아름다움이고 축복이다.<br>놀든 일하든 지 인생 남에게 기생은 하징말길.
릴스,인스타 릴스 260만 뷰 괌 우정여행 그영상 🏝️💙,https://www.youtube.com/watch?v=Ej_oZ_lu8nc,젊음은 아름답습니다 1찍만 되지말아주세요
릴스,인스타 릴스 260만 뷰 괌 우정여행 그영상 🏝️💙,https://www.youtube.com/watch?v=Ej_oZ_lu8nc,쫀쫀하겠노
릴스,인스타 릴스 260만 뷰 괌 우정여행 그영상 🏝️💙,https://www.youtube.com/watch?v=Ej_oZ_lu8nc,끼리끼리노넹
릴스,인스타 릴스 260만 뷰 괌 우정여행 그영상 🏝️💙,https://www.youtube.com/watch?v=Ej_oZ_lu8nc,뒤에 언니!!
릴스,인스타 릴스 260만 뷰 괌 우정여행 그영상 🏝️💙,https://www.youtube.com/watch?v=Ej_oZ_lu8nc,어린 친구들 이뻐요 ㅎㅎ 평생 가는 친구 되길...
릴스,인스타 릴스 260만 뷰 괌 우정여행 그영상 🏝️💙,https://www.youtube.com/watch?v=Ej_oZ_lu8nc,나이좀 있어보이는데?ㅋㅋㅋㅋㅋㅋ 30후반??
릴스,인스타 릴스 260만 뷰 괌 우정여행 그영상 🏝️💙,https://www.youtube.com/watch?v=Ej_oZ_lu8nc,6대1은 어떤기분일까
릴스,인스타 릴스 260만 뷰 괌 우정여행 그영상 🏝️💙,https://www.youtube.com/watch?v=Ej_oZ_lu8nc,친구가 조아🎉🎉
릴스,인스타 릴스 260만 뷰 괌 우정여행 그영상 🏝️💙,https://www.youtube.com/watch?v=Ej_oZ_lu8nc,.
릴스,인스타 릴스 260만 뷰 괌 우정여행 그영상 🏝️💙,https://www.youtube.com/watch?v=Ej_oZ_lu8nc,누가 찍어줬을까가 더 궁금하네
릴스,인스타 릴스 260만 뷰 괌 우정여행 그영상 🏝️💙,https://www.youtube.com/watch?v=Ej_oZ_lu8nc,머리띠가 최고양
릴스,인스타 릴스 260만 뷰 괌 우정여행 그영상 🏝️💙,https://www.youtube.com/watch?v=Ej_oZ_lu8nc,1번❤
릴스,인스타 릴스 260만 뷰 괌 우정여행 그영상 🏝️💙,https://www.youtube.com/watch?v=Ej_oZ_lu8nc,어디 댄스스쿨이냐
릴스,인스타 릴스 260만 뷰 괌 우정여행 그영상 🏝️💙,https://www.youtube.com/watch?v=Ej_oZ_lu8nc,돼지가없네
릴스,인스타 릴스 260만 뷰 괌 우정여행 그영상 🏝️💙,https://www.youtube.com/watch?v=Ej_oZ_lu8nc,젊음이 좋다
릴스,인스타 릴스 260만 뷰 괌 우정여행 그영상 🏝️💙,https://www.youtube.com/watch?v=Ej_oZ_lu8nc,왼쪽 4번째가 진짜다
릴스,인스타 릴스 260만 뷰 괌 우정여행 그영상 🏝️💙,https://www.youtube.com/watch?v=Ej_oZ_lu8nc,드디어찾앗다..선글라스가 몸치
릴스,인스타 릴스 260만 뷰 괌 우정여행 그영상 🏝️💙,https://www.youtube.com/watch?v=Ej_oZ_lu8nc,청춘  부럽습니다~~~
릴스,인스타 릴스 260만 뷰 괌 우정여행 그영상 🏝️💙,https://www.youtube.com/watch?v=Ej_oZ_lu8nc,어색혀 연습더하고 내년에 와라
릴스,인스타 릴스 260만 뷰 괌 우정여행 그영상 🏝️💙,https://www.youtube.com/watch?v=Ej_oZ_lu8nc,지금이 좋은줄 모르죠. 시간이 흘러 나이가 들면 늦끼죠. 그때 그시절....
릴스,인스타 릴스 260만 뷰 괌 우정여행 그영상 🏝️💙,https://www.youtube.com/watch?v=Ej_oZ_lu8nc,젊음이 최고입니다 인생 젊엇을때 맘껏즐기세요. 인생 순식간에갑니다. 인간의 도리만하고살면됩니다<br>이런목적이고 저런목적이면 어떤가요... 한번뿐인 인생!
릴스,인스타 릴스 260만 뷰 괌 우정여행 그영상 🏝️💙,https://www.youtube.com/watch?v=Ej_oZ_lu8nc,젊음이 좋지
릴스,인스타 릴스 260만 뷰 괌 우정여행 그영상 🏝️💙,https://www.youtube.com/watch?v=Ej_oZ_lu8nc,그대들의 청춘을 응원합니다~~
릴스,인스타 릴스 260만 뷰 괌 우정여행 그영상 🏝️💙,https://www.youtube.com/watch?v=Ej_oZ_lu8nc,센타 잘골랐네
릴스,인스타 릴스 260만 뷰 괌 우정여행 그영상 🏝️💙,https://www.youtube.com/watch?v=Ej_oZ_lu8nc,돈이나 모아 이것들아.. 여자들 저래놓고 반은 남은 친구 결혼식 참석 안함 애 봐야 된다.. 애 아프다는 핑계로 ㅋㅋㅋㅋㅋㅋㅋㅋㅋ
릴스,인스타 릴스 260만 뷰 괌 우정여행 그영상 🏝️💙,https://www.youtube.com/watch?v=Ej_oZ_lu8nc,그래서 어디 걸그룹이라구요?
릴스,인스타 릴스 260만 뷰 괌 우정여행 그영상 🏝️💙,https://www.youtube.com/watch?v=Ej_oZ_lu8nc,다들 춤잘추네
릴스,인스타 릴스 260만 뷰 괌 우정여행 그영상 🏝️💙,https://www.youtube.com/watch?v=Ej_oZ_lu8nc,난 3번
릴스,인스타 릴스 260만 뷰 괌 우정여행 그영상 🏝️💙,https://www.youtube.com/watch?v=Ej_oZ_lu8nc,몇 년 후에 돌이보면 오글오글할수도.
릴스,인스타 릴스 260만 뷰 괌 우정여행 그영상 🏝️💙,https://www.youtube.com/watch?v=Ej_oZ_lu8nc,3번이요
릴스,인스타 릴스 260만 뷰 괌 우정여행 그영상 🏝️💙,https://www.youtube.com/watch?v=Ej_oZ_lu8nc,한명이 어디갔누
릴스,인스타 릴스 260만 뷰 괌 우정여행 그영상 🏝️💙,https://www.youtube.com/watch?v=Ej_oZ_lu8nc,너무예쁘네요❤❤❤
릴스,인스타 릴스 260만 뷰 괌 우정여행 그영상 🏝️💙,https://www.youtube.com/watch?v=Ej_oZ_lu8nc,몇년전인지 감도 안온다 ㄷㄷ
릴스,인스타 릴스 260만 뷰 괌 우정여행 그영상 🏝️💙,https://www.youtube.com/watch?v=Ej_oZ_lu8nc,영포티될 여자들이 모였구만 ㅋㅋ
릴스,인스타 릴스 260만 뷰 괌 우정여행 그영상 🏝️💙,https://www.youtube.com/watch?v=Ej_oZ_lu8nc,여섯명 전원 흑발에 머리숱이 상당하네요
릴스,인스타 릴스 260만 뷰 괌 우정여행 그영상 🏝️💙,https://www.youtube.com/watch?v=Ej_oZ_lu8nc,단신들의 합창
릴스,인스타 릴스 260만 뷰 괌 우정여행 그영상 🏝️💙,https://www.youtube.com/watch?v=Ej_oZ_lu8nc,왼쪽에서 2번째 내스타일😅
릴스,인스타 릴스 260만 뷰 괌 우정여행 그영상 🏝️💙,https://www.youtube.com/watch?v=Ej_oZ_lu8nc,우리 젊은시절엔<br>뭐하고 살까~<br>고민하느라 즐기지 못했던것 같은데~
릴스,인스타 릴스 260만 뷰 괌 우정여행 그영상 🏝️💙,https://www.youtube.com/watch?v=Ej_oZ_lu8nc,배꼽이이뿌네요
릴스,인스타 릴스 260만 뷰 괌 우정여행 그영상 🏝️💙,https://www.youtube.com/watch?v=Ej_oZ_lu8nc,와~ 어떻게 골반을 저렇게 움직일까. 골반만 보게되네!
릴스,인스타 릴스 260만 뷰 괌 우정여행 그영상 🏝️💙,https://www.youtube.com/watch?v=Ej_oZ_lu8nc,통장은 텅장 됐지?
릴스,인스타 릴스 260만 뷰 괌 우정여행 그영상 🏝️💙,https://www.youtube.com/watch?v=Ej_oZ_lu8nc,괜히 센터 자리 서 있는게 아니네
릴스,인스타 릴스 260만 뷰 괌 우정여행 그영상 🏝️💙,https://www.youtube.com/watch?v=Ej_oZ_lu8nc,저래 뭉치고 다니다가 30후반되서 결혼할 남자 없다는건가?
릴스,인스타 릴스 260만 뷰 괌 우정여행 그영상 🏝️💙,https://www.youtube.com/watch?v=Ej_oZ_lu8nc,그루브가 아이돌 연습생 느낌인데
릴스,인스타 릴스 260만 뷰 괌 우정여행 그영상 🏝️💙,https://www.youtube.com/watch?v=Ej_oZ_lu8nc,병* 육갑 뜬다고 참 고생들 많다
릴스,인스타 릴스 260만 뷰 괌 우정여행 그영상 🏝️💙,https://www.youtube.com/watch?v=Ej_oZ_lu8nc,젊음이 최고입니다 👍
릴스,인스타 릴스 260만 뷰 괌 우정여행 그영상 🏝️💙,https://www.youtube.com/watch?v=Ej_oZ_lu8nc,4번째가 젤낫네
릴스,인스타 릴스 260만 뷰 괌 우정여행 그영상 🏝️💙,https://www.youtube.com/watch?v=Ej_oZ_lu8nc,이걸 가짜우정이라 하는건 다 남자들인가? 원래 예쁜여자들은 예쁜여자들끼리 놀던데
릴스,인스타 릴스 260만 뷰 괌 우정여행 그영상 🏝️💙,https://www.youtube.com/watch?v=Ej_oZ_lu8nc,뭐하는 분들이시길래😂
릴스,인스타 릴스 260만 뷰 괌 우정여행 그영상 🏝️💙,https://www.youtube.com/watch?v=Ej_oZ_lu8nc,건강 관리 잘 해서 40년 뒤 똑 같이 찍어주세요. 우정 변치말고
릴스,인스타 릴스 260만 뷰 괌 우정여행 그영상 🏝️💙,https://www.youtube.com/watch?v=Ej_oZ_lu8nc,다시  오지  않을  젊음  즐겨라~~
릴스,인스타 릴스 260만 뷰 괌 우정여행 그영상 🏝️💙,https://www.youtube.com/watch?v=Ej_oZ_lu8nc,"2,3,5 쭉빵 사이에 낀 1,4,6 짧통 중 하나잖아...?"
릴스,인스타 릴스 260만 뷰 괌 우정여행 그영상 🏝️💙,https://www.youtube.com/watch?v=Ej_oZ_lu8nc,요 이쁜것들...❤
릴스,인스타 릴스 260만 뷰 괌 우정여행 그영상 🏝️💙,https://www.youtube.com/watch?v=Ej_oZ_lu8nc,참으로 싱싱하다😂
릴스,인스타 릴스 260만 뷰 괌 우정여행 그영상 🏝️💙,https://www.youtube.com/watch?v=Ej_oZ_lu8nc,조만간 텐프로행ㅋ
릴스,인스타 릴스 260만 뷰 괌 우정여행 그영상 🏝️💙,https://www.youtube.com/watch?v=Ej_oZ_lu8nc,잘춘다
릴스,인스타 릴스 260만 뷰 괌 우정여행 그영상 🏝️💙,https://www.youtube.com/watch?v=Ej_oZ_lu8nc,조금만 있어봐라 반은 떨어져 나간다
릴스,인스타 릴스 260만 뷰 괌 우정여행 그영상 🏝️💙,https://www.youtube.com/watch?v=Ej_oZ_lu8nc,봉지가 몇개여 골라먹는재미
릴스,인스타 릴스 260만 뷰 괌 우정여행 그영상 🏝️💙,https://www.youtube.com/watch?v=Ej_oZ_lu8nc,저는 4번째로 할게요
릴스,인스타 릴스 260만 뷰 괌 우정여행 그영상 🏝️💙,https://www.youtube.com/watch?v=Ej_oZ_lu8nc,젊음을 맘껏 즐겨라<br>세월 금방간다
릴스,인스타 릴스 260만 뷰 괌 우정여행 그영상 🏝️💙,https://www.youtube.com/watch?v=Ej_oZ_lu8nc,와~~~~부럽데이<br>나도 끼워줭~~~~~
릴스,인스타 릴스 260만 뷰 괌 우정여행 그영상 🏝️💙,https://www.youtube.com/watch?v=Ej_oZ_lu8nc,&#39;어떻게 여기에서 내가 제일 이쁘게 나오지?&#39;
릴스,인스타 릴스 260만 뷰 괌 우정여행 그영상 🏝️💙,https://www.youtube.com/watch?v=Ej_oZ_lu8nc,어후 관종들 ㅉㅉ
릴스,인스타 릴스 260만 뷰 괌 우정여행 그영상 🏝️💙,https://www.youtube.com/watch?v=Ej_oZ_lu8nc,이쁠때 많이많이 올리세요~
릴스,인스타 릴스 260만 뷰 괌 우정여행 그영상 🏝️💙,https://www.youtube.com/watch?v=Ej_oZ_lu8nc,저는 4번분요
릴스,인스타 릴스 260만 뷰 괌 우정여행 그영상 🏝️💙,https://www.youtube.com/watch?v=Ej_oZ_lu8nc,넘이쁘다 좋은추억 간직하세요
릴스,인스타 릴스 260만 뷰 괌 우정여행 그영상 🏝️💙,https://www.youtube.com/watch?v=Ej_oZ_lu8nc,왼쪽 2번째분이 찐 바이브에 미모도 젤 좋으신거 같음
릴스,인스타 릴스 260만 뷰 괌 우정여행 그영상 🏝️💙,https://www.youtube.com/watch?v=Ej_oZ_lu8nc,우정여행ㅋㅋ 앰뱅하네ㅋㅋ
릴스,인스타 릴스 260만 뷰 괌 우정여행 그영상 🏝️💙,https://www.youtube.com/watch?v=Ej_oZ_lu8nc,젊음이 한없이 부러운 60대 후반.
릴스,인스타 릴스 260만 뷰 괌 우정여행 그영상 🏝️💙,https://www.youtube.com/watch?v=Ej_oZ_lu8nc,나도 청춘이영원한줄아라씀
릴스,인스타 릴스 260만 뷰 괌 우정여행 그영상 🏝️💙,https://www.youtube.com/watch?v=Ej_oZ_lu8nc,센터만 리듬이있내....주변에 죄다 묻어가는 애들
릴스,인스타 릴스 260만 뷰 괌 우정여행 그영상 🏝️💙,https://www.youtube.com/watch?v=Ej_oZ_lu8nc,다들 한미모하시네 저렇게 모이면 수진이 한명쯤 있어야하는데
릴스,인스타 릴스 260만 뷰 괌 우정여행 그영상 🏝️💙,https://www.youtube.com/watch?v=Ej_oZ_lu8nc,멋지다🎉. 다시 태어나면 젊음을 마음껏 누리고 싶다.<br>나의 젊은시절은 여유가 없었고 치열하게 생존하느라 시간가는줄 모르다가 정신차려보니 60대가 되었네<br>젊을때 젊음을 마음껏 누리세요.<br>쓸데없는 극우개독 사이비 일베같은것에 빠져서 청춘을 낭비하지 마세요
릴스,인스타 릴스 260만 뷰 괌 우정여행 그영상 🏝️💙,https://www.youtube.com/watch?v=Ej_oZ_lu8nc,아우야 다 ...스타일이 미치신듯...부럽다....내 버킷중하나였는데..ㅎ이젠 못하고 .....ㅋ그져 부럽기만하네요ㅎ
릴스,인스타 릴스 260만 뷰 괌 우정여행 그영상 🏝️💙,https://www.youtube.com/watch?v=Ej_oZ_lu8nc,어차피 나이들면 서로 안봄 ㅋ
릴스,인스타 릴스 260만 뷰 괌 우정여행 그영상 🏝️💙,https://www.youtube.com/watch?v=Ej_oZ_lu8nc,외국인들 한국오면 저런춤 많이 추던데 ㅋ
릴스,인스타 릴스 260만 뷰 괌 우정여행 그영상 🏝️💙,https://www.youtube.com/watch?v=Ej_oZ_lu8nc,좋을때다😊
릴스,인스타 릴스 260만 뷰 괌 우정여행 그영상 🏝️💙,https://www.youtube.com/watch?v=Ej_oZ_lu8nc,"젊음은 추억으로....시간가는중,즐길때가 좋다😁"
릴스,인스타 릴스 260만 뷰 괌 우정여행 그영상 🏝️💙,https://www.youtube.com/watch?v=Ej_oZ_lu8nc,젊음 👌 ❤❤❤
릴스,인스타 릴스 260만 뷰 괌 우정여행 그영상 🏝️💙,https://www.youtube.com/watch?v=Ej_oZ_lu8nc,조회수 올리려고 판 우정  ㅋㅋㅋㅋ
릴스,인스타 릴스 260만 뷰 괌 우정여행 그영상 🏝️💙,https://www.youtube.com/watch?v=Ej_oZ_lu8nc,밀레니엄 애니콜 때 감성이네 스타일도
릴스,인스타 릴스 260만 뷰 괌 우정여행 그영상 🏝️💙,https://www.youtube.com/watch?v=Ej_oZ_lu8nc,즐거워 보인다~ 부럽네요😊😊
릴스,인스타 릴스 260만 뷰 괌 우정여행 그영상 🏝️💙,https://www.youtube.com/watch?v=Ej_oZ_lu8nc,왜 센터 섰는지 알긋네 ㅋ
릴스,인스타 릴스 260만 뷰 괌 우정여행 그영상 🏝️💙,https://www.youtube.com/watch?v=Ej_oZ_lu8nc,혹...놀이터에서 찍던 그 영상...?
릴스,인스타 릴스 260만 뷰 괌 우정여행 그영상 🏝️💙,https://www.youtube.com/watch?v=Ej_oZ_lu8nc,퐁퐁6인?
릴스,인스타 릴스 260만 뷰 괌 우정여행 그영상 🏝️💙,https://www.youtube.com/watch?v=Ej_oZ_lu8nc,왼쪽끝 청바지녀가  제일
릴스,인스타 릴스 260만 뷰 괌 우정여행 그영상 🏝️💙,https://www.youtube.com/watch?v=Ej_oZ_lu8nc,몸매보소 힙춤을..
릴스,인스타 릴스 260만 뷰 괌 우정여행 그영상 🏝️💙,https://www.youtube.com/watch?v=Ej_oZ_lu8nc,우야든동..프르른  젊음이  이쁘구마잉
릴스,인스타 릴스 260만 뷰 괌 우정여행 그영상 🏝️💙,https://www.youtube.com/watch?v=Ej_oZ_lu8nc,황철순이햐게 젤 멋있던데
릴스,인스타 릴스 260만 뷰 괌 우정여행 그영상 🏝️💙,https://www.youtube.com/watch?v=Ej_oZ_lu8nc,꺼 져
릴스,인스타 릴스 260만 뷰 괌 우정여행 그영상 🏝️💙,https://www.youtube.com/watch?v=Ej_oZ_lu8nc,와 이쁜애 옆에 이쁜애 옆에 이쁜애 ❤
릴스,인스타 릴스 260만 뷰 괌 우정여행 그영상 🏝️💙,https://www.youtube.com/watch?v=Ej_oZ_lu8nc,걸그룹인줄
릴스,인스타 릴스 260만 뷰 괌 우정여행 그영상 🏝️💙,https://www.youtube.com/watch?v=Ej_oZ_lu8nc,아주 오래전 몇년전에 대형이 똑같은 여성분들이 계셨는데<br>우연의 일치는 아니죠? 선글라스분이 기억나긴 합니다
릴스,인스타 릴스 260만 뷰 괌 우정여행 그영상 🏝️💙,https://www.youtube.com/watch?v=Ej_oZ_lu8nc,ㅇㅓ쩜 다들 이뻐~
릴스,인스타 릴스 260만 뷰 괌 우정여행 그영상 🏝️💙,https://www.youtube.com/watch?v=Ej_oZ_lu8nc,이제 하다하다 별에별 ㅋㅋㅋ 그냥 눈보라 청년만 나와라 쫌....
릴스,인스타 릴스 260만 뷰 괌 우정여행 그영상 🏝️💙,https://www.youtube.com/watch?v=Ej_oZ_lu8nc,술챗낭ㅋㅋ
릴스,인스타에서 난리난 유리 옷 갈아입는 릴스,https://www.youtube.com/watch?v=-j92jOdKaCI,"❤️소녀시대 Forever1 많관부 ❤️<br> 유리 릴스 보러가기<br><a href=""https://www.instagram.com/reel/CRu-a4IBfqL/?utm_medium=copy_link"">https://www.instagram.com/reel/CRu-a4IBfqL/?utm_medium=copy_link</a><br><br>유리한식탁 최신편 보러가기<br><a href=""https://www.youtube.com/watch?v=ctF1sRkPwpI"">https://youtu.be/ctF1sRkPwpI</a>"
릴스,인스타에서 난리난 유리 옷 갈아입는 릴스,https://www.youtube.com/watch?v=-j92jOdKaCI,다 어울려 +_+
릴스,인스타에서 난리난 유리 옷 갈아입는 릴스,https://www.youtube.com/watch?v=-j92jOdKaCI,옷신기
릴스,인스타에서 난리난 유리 옷 갈아입는 릴스,https://www.youtube.com/watch?v=-j92jOdKaCI,자 자자!!
릴스,인스타에서 난리난 유리 옷 갈아입는 릴스,https://www.youtube.com/watch?v=-j92jOdKaCI,와 이게벌써 4년전릴스네<br>저때기점으로 유리가 개예쁘다는걸 알앗음 어릴땐 몰랏는데 지금보면 젤 이쁜듯
릴스,인스타에서 난리난 유리 옷 갈아입는 릴스,https://www.youtube.com/watch?v=-j92jOdKaCI,제발 좋은 배우자 만나시길.
릴스,인스타에서 난리난 유리 옷 갈아입는 릴스,https://www.youtube.com/watch?v=-j92jOdKaCI,옷이 좀 요란
릴스,인스타에서 난리난 유리 옷 갈아입는 릴스,https://www.youtube.com/watch?v=-j92jOdKaCI,옷이 다 왜그래요
릴스,인스타에서 난리난 유리 옷 갈아입는 릴스,https://www.youtube.com/watch?v=-j92jOdKaCI,권혁준 동생?
릴스,인스타에서 난리난 유리 옷 갈아입는 릴스,https://www.youtube.com/watch?v=-j92jOdKaCI,나는 처음부터 소녀시대에서 유리가 젤좋았다
릴스,인스타에서 난리난 유리 옷 갈아입는 릴스,https://www.youtube.com/watch?v=-j92jOdKaCI,유리가 성격이 털털해서 친숙한 이미지라 글치 저 옆에 어지간한 인플루언서 세워놔도 다 희미해질정도로 화려한 사람임
릴스,인스타에서 난리난 유리 옷 갈아입는 릴스,https://www.youtube.com/watch?v=-j92jOdKaCI,잘만들었네 ~~
릴스,인스타에서 난리난 유리 옷 갈아입는 릴스,https://www.youtube.com/watch?v=-j92jOdKaCI,중국풍?
릴스,인스타에서 난리난 유리 옷 갈아입는 릴스,https://www.youtube.com/watch?v=-j92jOdKaCI,영상이 안끝나요
릴스,인스타에서 난리난 유리 옷 갈아입는 릴스,https://www.youtube.com/watch?v=-j92jOdKaCI,"릴스를 찍으랬더니 무슨 화보,광고를 찍으셨네 역시 짬밥있는 연예인들 실력은 어디 안가는구나 영상 잘봤습니다."
릴스,인스타에서 난리난 유리 옷 갈아입는 릴스,https://www.youtube.com/watch?v=-j92jOdKaCI,"거울에 비친 얼굴은 윤아가 살짝 보이네,,,"
릴스,인스타에서 난리난 유리 옷 갈아입는 릴스,https://www.youtube.com/watch?v=-j92jOdKaCI,옷 다벅도해줭
릴스,인스타에서 난리난 유리 옷 갈아입는 릴스,https://www.youtube.com/watch?v=-j92jOdKaCI,ㅅㅂ 유리창 검색하다 이게 뜨네
릴스,인스타에서 난리난 유리 옷 갈아입는 릴스,https://www.youtube.com/watch?v=-j92jOdKaCI,효리수때매 뜨는건가...? ㅋㅋㅋㅋㅋ 갑자기 왜 나의알고리즘에
릴스,인스타에서 난리난 유리 옷 갈아입는 릴스,https://www.youtube.com/watch?v=-j92jOdKaCI,스타킹 신으신건가요?
릴스,인스타에서 난리난 유리 옷 갈아입는 릴스,https://www.youtube.com/watch?v=-j92jOdKaCI,다리 개이쁘다
릴스,인스타에서 난리난 유리 옷 갈아입는 릴스,https://www.youtube.com/watch?v=-j92jOdKaCI,유리는 예쁜데 옷은 안예쁨
릴스,인스타에서 난리난 유리 옷 갈아입는 릴스,https://www.youtube.com/watch?v=-j92jOdKaCI,편집을 잘햇네요
릴스,인스타에서 난리난 유리 옷 갈아입는 릴스,https://www.youtube.com/watch?v=-j92jOdKaCI,이건 정성이네요🎉🎉🎉
릴스,인스타에서 난리난 유리 옷 갈아입는 릴스,https://www.youtube.com/watch?v=-j92jOdKaCI,박자가 존나잘맞아서  보게되네 ㅋㅋㅋ 원래 이런거 하면 박자 조금씩 엇나가서 신경쓰이는데
릴스,인스타에서 난리난 유리 옷 갈아입는 릴스,https://www.youtube.com/watch?v=-j92jOdKaCI,광...뇨니...😅😅
릴스,인스타에서 난리난 유리 옷 갈아입는 릴스,https://www.youtube.com/watch?v=-j92jOdKaCI,유리가 거울을 활용하네 ❤❤
릴스,인스타에서 난리난 유리 옷 갈아입는 릴스,https://www.youtube.com/watch?v=-j92jOdKaCI,오~ 승환
릴스,인스타에서 난리난 유리 옷 갈아입는 릴스,https://www.youtube.com/watch?v=-j92jOdKaCI,"?????,"
릴스,인스타에서 난리난 유리 옷 갈아입는 릴스,https://www.youtube.com/watch?v=-j92jOdKaCI,난 소시중에 유리가 제일 이쁘다생각햇음
릴스,인스타에서 난리난 유리 옷 갈아입는 릴스,https://www.youtube.com/watch?v=-j92jOdKaCI,마지막에 옷은 드래곤볼에 손오공 아내 치치 같음 ㅋㅋㅋㅋㅋㅋ
릴스,인스타에서 난리난 유리 옷 갈아입는 릴스,https://www.youtube.com/watch?v=-j92jOdKaCI,볼맛이나네
릴스,인스타에서 난리난 유리 옷 갈아입는 릴스,https://www.youtube.com/watch?v=-j92jOdKaCI,옷센스 참 없네....
릴스,인스타에서 난리난 유리 옷 갈아입는 릴스,https://www.youtube.com/watch?v=-j92jOdKaCI,괜찮내
릴스,인스타에서 난리난 유리 옷 갈아입는 릴스,https://www.youtube.com/watch?v=-j92jOdKaCI,누구신지😅
릴스,인스타에서 난리난 유리 옷 갈아입는 릴스,https://www.youtube.com/watch?v=-j92jOdKaCI,옷이다 왜이랰ㅋㅋ
릴스,인스타에서 난리난 유리 옷 갈아입는 릴스,https://www.youtube.com/watch?v=-j92jOdKaCI,소녀시대는 다들 사람들이 좋아보임 ㅋ
릴스,인스타에서 난리난 유리 옷 갈아입는 릴스,https://www.youtube.com/watch?v=-j92jOdKaCI,그래서 유리인가😂😂
릴스,인스타에서 난리난 유리 옷 갈아입는 릴스,https://www.youtube.com/watch?v=-j92jOdKaCI,ユリのこんな動画大好き❤綺麗なユリをたくさん見られて嬉しい
릴스,인스타에서 난리난 유리 옷 갈아입는 릴스,https://www.youtube.com/watch?v=-j92jOdKaCI,거울 보고 왜 이러는지 도무지 이해가안감
릴스,인스타에서 난리난 유리 옷 갈아입는 릴스,https://www.youtube.com/watch?v=-j92jOdKaCI,이뻐요
릴스,인스타에서 난리난 유리 옷 갈아입는 릴스,https://www.youtube.com/watch?v=-j92jOdKaCI,와 확실히 다르다….
릴스,인스타에서 난리난 유리 옷 갈아입는 릴스,https://www.youtube.com/watch?v=-j92jOdKaCI,유리가 누군지 혹 영상에 거울 유리???
릴스,인스타에서 난리난 유리 옷 갈아입는 릴스,https://www.youtube.com/watch?v=-j92jOdKaCI,왜 이렇게 항상 촌스럽지
릴스,인스타에서 난리난 유리 옷 갈아입는 릴스,https://www.youtube.com/watch?v=-j92jOdKaCI,와 의상에 신발까지 코디한 거 진짜 대단...
릴스,인스타에서 난리난 유리 옷 갈아입는 릴스,https://www.youtube.com/watch?v=-j92jOdKaCI,와 옷 들이 하나같이 다 화려한데 다 잘 어울린다
릴스,인스타에서 난리난 유리 옷 갈아입는 릴스,https://www.youtube.com/watch?v=-j92jOdKaCI,다음 영상 나올때까지 숨 참는다
릴스,인스타에서 난리난 유리 옷 갈아입는 릴스,https://www.youtube.com/watch?v=-j92jOdKaCI,이쁘당
릴스,인스타에서 난리난 유리 옷 갈아입는 릴스,https://www.youtube.com/watch?v=-j92jOdKaCI,벗는거는?
릴스,인스타에서 난리난 유리 옷 갈아입는 릴스,https://www.youtube.com/watch?v=-j92jOdKaCI,난리 안났는디?
릴스,인스타에서 난리난 유리 옷 갈아입는 릴스,https://www.youtube.com/watch?v=-j92jOdKaCI,와 죤 섹시 ❤❤❤❤❤❤❤
릴스,인스타에서 난리난 유리 옷 갈아입는 릴스,https://www.youtube.com/watch?v=-j92jOdKaCI,만백성에게 고하노라아아
릴스,인스타에서 난리난 유리 옷 갈아입는 릴스,https://www.youtube.com/watch?v=-j92jOdKaCI,그래 리효수 센터하세요
릴스,인스타에서 난리난 유리 옷 갈아입는 릴스,https://www.youtube.com/watch?v=-j92jOdKaCI,"권상 도르래•풀리 또는 드럼의 피치직경과 로프의 공칭 직경 사이의 비율은 로프의 가닥수와 관계없이 최소 몇 이상이어야 하는가? (단, 주택용 엘리베이터는 제외한다.)<br>40"
릴스,인스타에서 난리난 유리 옷 갈아입는 릴스,https://www.youtube.com/watch?v=-j92jOdKaCI,이거 조회수 3천만ㅋㅋ효리수에서 다뤄줫으면
릴스,인스타에서 난리난 유리 옷 갈아입는 릴스,https://www.youtube.com/watch?v=-j92jOdKaCI,요즘 아이돌은 이런 고급짐이 없어...
릴스,인스타에서 난리난 유리 옷 갈아입는 릴스,https://www.youtube.com/watch?v=-j92jOdKaCI,일단 신나있음ㅋㅋㅋㅋㅋㅋ
릴스,인스타에서 난리난 유리 옷 갈아입는 릴스,https://www.youtube.com/watch?v=-j92jOdKaCI,보라색 원피스가 젤 이쁘군요. 각선미도 돋보이고
릴스,인스타에서 난리난 유리 옷 갈아입는 릴스,https://www.youtube.com/watch?v=-j92jOdKaCI,"힘도 별로 안 들었을 것 같아. 이 정도 안무야 유리한텐 동네 재롱잔치 수준이었을테니 한 번에 탁 찍고, &quot;어라 빨리 끝났네? 다음!&quot; 하고 스피디하게 탁탁탁 찍었을 것 같음. 가장 많이 걸린 시간이 옷 갈아 입는 시간이었을 듯."
릴스,인스타에서 난리난 유리 옷 갈아입는 릴스,https://www.youtube.com/watch?v=-j92jOdKaCI,춤은 잘추고 이쁘긴한데 옷은 신기할정도로 이쁜 옷이 없네 ㅋㅋㅋㅋㅋㅋㅋㅋㅋㅋ
릴스,인스타에서 난리난 유리 옷 갈아입는 릴스,https://www.youtube.com/watch?v=-j92jOdKaCI,이제이모가되다니...안믿긴다현실이 나도삼촌이라니...ㅋㅋㅋ
릴스,인스타에서 난리난 유리 옷 갈아입는 릴스,https://www.youtube.com/watch?v=-j92jOdKaCI,와 근데 옷 진짜 별로다….
릴스,인스타에서 난리난 유리 옷 갈아입는 릴스,https://www.youtube.com/watch?v=-j92jOdKaCI,효리수 할라가 날 여기까지 이끄는구나
릴스,인스타에서 난리난 유리 옷 갈아입는 릴스,https://www.youtube.com/watch?v=-j92jOdKaCI,소녀시대 유리 많이 닮앗네
릴스,인스타에서 난리난 유리 옷 갈아입는 릴스,https://www.youtube.com/watch?v=-j92jOdKaCI,그런다고 리수효 되는거 아니다!
릴스,인스타에서 난리난 유리 옷 갈아입는 릴스,https://www.youtube.com/watch?v=-j92jOdKaCI,역시 효리수 센터.
릴스,인스타에서 난리난 유리 옷 갈아입는 릴스,https://www.youtube.com/watch?v=-j92jOdKaCI,근데 옷이 다 이상함 미감 어쩔 ㅜ 유리는 예전 코디가 스타일해준 핏원피스 입던때가 찰떡임
릴스,인스타에서 난리난 유리 옷 갈아입는 릴스,https://www.youtube.com/watch?v=-j92jOdKaCI,리수효 찬성
릴스,인스타에서 난리난 유리 옷 갈아입는 릴스,https://www.youtube.com/watch?v=-j92jOdKaCI,소녀시대 유리라는 뜻도 있었구만 유리 옷이라고 해서 유리? 옷?
릴스,인스타에서 난리난 유리 옷 갈아입는 릴스,https://www.youtube.com/watch?v=-j92jOdKaCI,다 필요없고 방이.참.부럽네..
릴스,인스타에서 난리난 유리 옷 갈아입는 릴스,https://www.youtube.com/watch?v=-j92jOdKaCI,효리수보다가 여기까지 넘어온 사람🥹🤚
릴스,인스타에서 난리난 유리 옷 갈아입는 릴스,https://www.youtube.com/watch?v=-j92jOdKaCI,윤아 아닌가?내 눈이 잘못됬나?
릴스,인스타에서 난리난 유리 옷 갈아입는 릴스,https://www.youtube.com/watch?v=-j92jOdKaCI,여러모로 따지면 소녀시대중 제일 매력있던건 유리였다.
릴스,인스타에서 난리난 유리 옷 갈아입는 릴스,https://www.youtube.com/watch?v=-j92jOdKaCI,유리 ㅋㅋㅋㅋ😁👍 참 털털해~ 유머감각도 있고~
릴스,인스타에서 난리난 유리 옷 갈아입는 릴스,https://www.youtube.com/watch?v=-j92jOdKaCI,성인모텔같은데ㅋ
릴스,인스타에서 난리난 유리 옷 갈아입는 릴스,https://www.youtube.com/watch?v=-j92jOdKaCI,다른거 또 릴스 해줌 좋게따… 쾌감 쩌는데ㅠㅠ
릴스,인스타에서 난리난 유리 옷 갈아입는 릴스,https://www.youtube.com/watch?v=-j92jOdKaCI,편집 어떻게 한거지 옷갈아입기 힘들었겄다
릴스,인스타에서 난리난 유리 옷 갈아입는 릴스,https://www.youtube.com/watch?v=-j92jOdKaCI,진짜 소시 맴버들은 전설이지. 기럭지나 라이브나.
릴스,인스타에서 난리난 유리 옷 갈아입는 릴스,https://www.youtube.com/watch?v=-j92jOdKaCI,틱톡인스타 춤잘추네옷잘입네여신입네 하던 촌것들<br>한방에 보내버리는~ㅋㅋ
릴스,인스타에서 난리난 유리 옷 갈아입는 릴스,https://www.youtube.com/watch?v=-j92jOdKaCI,THE BEST THAT&#39;S EVER DONE THIS
릴스,인스타에서 난리난 유리 옷 갈아입는 릴스,https://www.youtube.com/watch?v=-j92jOdKaCI,역시 다리는 소시중에 원탑
릴스,인스타에서 난리난 유리 옷 갈아입는 릴스,https://www.youtube.com/watch?v=-j92jOdKaCI,이거 원래 대딸 쳐주는거 아님?
릴스,인스타에서 난리난 유리 옷 갈아입는 릴스,https://www.youtube.com/watch?v=-j92jOdKaCI,지나가는 실건과 입니다. 멋지네요
릴스,인스타에서 난리난 유리 옷 갈아입는 릴스,https://www.youtube.com/watch?v=-j92jOdKaCI,저거 옷 갈아입는데 ㅈㄴ 귀찮았겠다
릴스,인스타에서 난리난 유리 옷 갈아입는 릴스,https://www.youtube.com/watch?v=-j92jOdKaCI,근데유리는70ㅡ80년대미인스탈이지지금은😢
릴스,인스타에서 난리난 유리 옷 갈아입는 릴스,https://www.youtube.com/watch?v=-j92jOdKaCI,이런 영상 찍어서 올리면 돈 버는 세상이라니.....  유튜브가 진짜 사회를 변화시킴..
릴스,인스타에서 난리난 유리 옷 갈아입는 릴스,https://www.youtube.com/watch?v=-j92jOdKaCI,효리수 데뷔 기원❤
릴스,인스타에서 난리난 유리 옷 갈아입는 릴스,https://www.youtube.com/watch?v=-j92jOdKaCI,왤케 예쁜겨
릴스,인스타에서 난리난 유리 옷 갈아입는 릴스,https://www.youtube.com/watch?v=-j92jOdKaCI,유리가 대박이네..저 유리 얼마면 살수 있냐..
릴스,인스타에서 난리난 유리 옷 갈아입는 릴스,https://www.youtube.com/watch?v=-j92jOdKaCI,근대 퍼스멀 컬러는 없는듯
릴스,인스타에서 난리난 유리 옷 갈아입는 릴스,https://www.youtube.com/watch?v=-j92jOdKaCI,우오ㅏ!!! 진짜 비율 좋은건 소시가 짱이다
릴스,인스타에서 난리난 유리 옷 갈아입는 릴스,https://www.youtube.com/watch?v=-j92jOdKaCI,역시 현직은 다르구만
릴스,인스타에서 난리난 유리 옷 갈아입는 릴스,https://www.youtube.com/watch?v=-j92jOdKaCI,자세히보면 보라색원피스때<br>팬티보인다
릴스,인스타에서 난리난 유리 옷 갈아입는 릴스,https://www.youtube.com/watch?v=-j92jOdKaCI,역시 뽕필이 흐르는구나~ 유리는 역시 뽕필~~
릴스,인스타에서 난리난 유리 옷 갈아입는 릴스,https://www.youtube.com/watch?v=-j92jOdKaCI,그와중에 처음 파자마가 제일 이쁨😂
릴스,인스타에서 난리난 유리 옷 갈아입는 릴스,https://www.youtube.com/watch?v=-j92jOdKaCI,이광수.. 유리.. 막춤은.. 더존 시즌 1꺼 계속 돌려쓰네~
릴스,인스타에서 난리난 유리 옷 갈아입는 릴스,https://www.youtube.com/watch?v=-j92jOdKaCI,옷은 개구린데 유리는 이쁘다
릴스,인스타에서 난리난 유리 옷 갈아입는 릴스,https://www.youtube.com/watch?v=-j92jOdKaCI,라인은 진짜 와
릴스,인스타에서 난리난 유리 옷 갈아입는 릴스,https://www.youtube.com/watch?v=-j92jOdKaCI,생태계 파괴자 유리님 😅😅😅
릴스,인스타에서 난리난 유리 옷 갈아입는 릴스,https://www.youtube.com/watch?v=-j92jOdKaCI,우와 뭔가 고급지고 예쁨😮
릴스,인스타에서 난리난 유리 옷 갈아입는 릴스,https://www.youtube.com/watch?v=-j92jOdKaCI,다리 예쁜거봐
릴스,인스타에서 난리난 유리 옷 갈아입는 릴스,https://www.youtube.com/watch?v=-j92jOdKaCI,Yuriiiaaaaaaaa
릴스,인스타에서 난리난 유리 옷 갈아입는 릴스,https://www.youtube.com/watch?v=-j92jOdKaCI,유리가 유리앞에서 유리유리하게 옷을 갈아입네👍👍👍
릴스,인스타에서 난리난 유리 옷 갈아입는 릴스,https://www.youtube.com/watch?v=-j92jOdKaCI,오~~~~ <br>역시~~~♡♡♡♡♡
릴스,인스타에서 난리난 유리 옷 갈아입는 릴스,https://www.youtube.com/watch?v=-j92jOdKaCI,"멀입느냐가 아니고 누가입느냐 구만.,"
릴스,인스타에서 난리난 유리 옷 갈아입는 릴스,https://www.youtube.com/watch?v=-j92jOdKaCI,이게4년전이라니
릴스,인스타에서 난리난 유리 옷 갈아입는 릴스,https://www.youtube.com/watch?v=-j92jOdKaCI,시간 많이 갈아넣었겠는데 ㅋㅎㅋㅎㅋㅎ 여윽시 해본사람이 하는걸 해야해 ㅋㅎㅋㅎ
릴스,인스타에서 난리난 유리 옷 갈아입는 릴스,https://www.youtube.com/watch?v=-j92jOdKaCI,이거존나중독잇음
릴스,인스타에서 난리난 유리 옷 갈아입는 릴스,https://www.youtube.com/watch?v=-j92jOdKaCI,들어가서 쉬세요 이제
릴스,인스타에서 난리난 유리 옷 갈아입는 릴스,https://www.youtube.com/watch?v=-j92jOdKaCI,유리 진짜 라인라인 너무 이쁨
릴스,인스타에서 난리난 유리 옷 갈아입는 릴스,https://www.youtube.com/watch?v=-j92jOdKaCI,관리잘한아줌마노..
릴스,인스타에서 난리난 유리 옷 갈아입는 릴스,https://www.youtube.com/watch?v=-j92jOdKaCI,뉸나...❤
릴스,인스타에서 난리난 유리 옷 갈아입는 릴스,https://www.youtube.com/watch?v=-j92jOdKaCI,편집 지리네
릴스,인스타에서 난리난 유리 옷 갈아입는 릴스,https://www.youtube.com/watch?v=-j92jOdKaCI,다리 이쁜거 봐
릴스,인스타에서 난리난 유리 옷 갈아입는 릴스,https://www.youtube.com/watch?v=-j92jOdKaCI,몰랐는데 소시 멤버들이 <br>하나같이 레전드였군요!
릴스,인스타에서 난리난 유리 옷 갈아입는 릴스,https://www.youtube.com/watch?v=-j92jOdKaCI,아주메 영상이 아직도 나오네 ㅋ
릴스,인스타에서 난리난 유리 옷 갈아입는 릴스,https://www.youtube.com/watch?v=-j92jOdKaCI,완전 킬힐인데 다리에 알 하나도 없네<br>연예인은 정말 다르네<br>예뿌다😊
릴스,인스타에서 난리난 유리 옷 갈아입는 릴스,https://www.youtube.com/watch?v=-j92jOdKaCI,Это видео набрало больше лайков чем просмотров на оригинальном треке
릴스,인스타에서 난리난 유리 옷 갈아입는 릴스,https://www.youtube.com/watch?v=-j92jOdKaCI,이쁜척하느라 고생이 많다
릴스,인스타에서 난리난 유리 옷 갈아입는 릴스,https://www.youtube.com/watch?v=-j92jOdKaCI,와..다리 라인 진짜 이쁘네
릴스,인스타에서 난리난 유리 옷 갈아입는 릴스,https://www.youtube.com/watch?v=-j92jOdKaCI,원피스 하나같이 다 잘어울리네~근데 4년전 영상이네😅
릴스,인스타에서 난리난 유리 옷 갈아입는 릴스,https://www.youtube.com/watch?v=-j92jOdKaCI,너무 예쁘다
릴스,인스타에서 난리난 유리 옷 갈아입는 릴스,https://www.youtube.com/watch?v=-j92jOdKaCI,중국 비트같아요 ㅋㅋ
릴스,인스타에서 난리난 유리 옷 갈아입는 릴스,https://www.youtube.com/watch?v=-j92jOdKaCI,아너무 이쁘다 ㅠㅠ
릴스,인스타에서 난리난 유리 옷 갈아입는 릴스,https://www.youtube.com/watch?v=-j92jOdKaCI,유리라서 유리 두둘리는거에요 ?
릴스,인스타에서 난리난 유리 옷 갈아입는 릴스,https://www.youtube.com/watch?v=-j92jOdKaCI,편집 잘했네
릴스,인스타에서 난리난 유리 옷 갈아입는 릴스,https://www.youtube.com/watch?v=-j92jOdKaCI,본격 퍼스널컬러 알아볼 수 있는 방법
릴스,인스타에서 난리난 유리 옷 갈아입는 릴스,https://www.youtube.com/watch?v=-j92jOdKaCI,다리 겁나 미끈하네.. 맛있겠다..피자..
릴스,인스타에서 난리난 유리 옷 갈아입는 릴스,https://www.youtube.com/watch?v=-j92jOdKaCI,옷이 다 안이쁘다 ㅠㅠ
릴스,인스타에서 난리난 유리 옷 갈아입는 릴스,https://www.youtube.com/watch?v=-j92jOdKaCI,부들부들 떨리네요
릴스,인스타에서 난리난 유리 옷 갈아입는 릴스,https://www.youtube.com/watch?v=-j92jOdKaCI,귀엽다 ㅋㅋ
릴스,인스타에서 난리난 유리 옷 갈아입는 릴스,https://www.youtube.com/watch?v=-j92jOdKaCI,권유리
릴스,인스타에서 난리난 유리 옷 갈아입는 릴스,https://www.youtube.com/watch?v=-j92jOdKaCI,유리가 유리에서 유리를 보고 옷을 갈아입는 유리 영상
릴스,인스타에서 난리난 유리 옷 갈아입는 릴스,https://www.youtube.com/watch?v=-j92jOdKaCI,유리도 수영이 못지 않게 다리가 정말 길어보여요.
릴스,인스타에서 난리난 유리 옷 갈아입는 릴스,https://www.youtube.com/watch?v=-j92jOdKaCI,아줌마...
릴스,인스타에서 난리난 유리 옷 갈아입는 릴스,https://www.youtube.com/watch?v=-j92jOdKaCI,소시는 유리지!
릴스,인스타에서 난리난 유리 옷 갈아입는 릴스,https://www.youtube.com/watch?v=-j92jOdKaCI,각선미 미쳤네 ㄷㄷ
릴스,인스타에서 난리난 유리 옷 갈아입는 릴스,https://www.youtube.com/watch?v=-j92jOdKaCI,유리 좋다 ❤❤
릴스,인스타에서 난리난 유리 옷 갈아입는 릴스,https://www.youtube.com/watch?v=-j92jOdKaCI,유리님 맞죠?
릴스,인스타에서 난리난 유리 옷 갈아입는 릴스,https://www.youtube.com/watch?v=-j92jOdKaCI,넘 예쁨❤
릴스,인스타에서 난리난 유리 옷 갈아입는 릴스,https://www.youtube.com/watch?v=-j92jOdKaCI,"Omg tantos millones de vistas, Reina❤"
릴스,인스타에서 난리난 유리 옷 갈아입는 릴스,https://www.youtube.com/watch?v=-j92jOdKaCI,다 좋은데 옷이 촌시려워요
릴스,인스타에서 난리난 유리 옷 갈아입는 릴스,https://www.youtube.com/watch?v=-j92jOdKaCI,고생많어
릴스,인스타에서 난리난 유리 옷 갈아입는 릴스,https://www.youtube.com/watch?v=-j92jOdKaCI,하나같이 다 잘어울리고 예쁜옷 ㅠ0ㅠ!!❤
릴스,인스타에서 난리난 유리 옷 갈아입는 릴스,https://www.youtube.com/watch?v=-j92jOdKaCI,약시 하느님은공평
릴스,인스타에서 난리난 유리 옷 갈아입는 릴스,https://www.youtube.com/watch?v=-j92jOdKaCI,송은석보다가 생각나서들름
릴스,인스타에서 난리난 유리 옷 갈아입는 릴스,https://www.youtube.com/watch?v=-j92jOdKaCI,옷 취향이 ㄹㅈㄷ
릴스,인스타에서 난리난 유리 옷 갈아입는 릴스,https://www.youtube.com/watch?v=-j92jOdKaCI,너무 미안한데 영상 내내 유리 다리만 멍하게 봤네<br>다리가 이쁘다는게 이런거구나 싶네...
릴스,인스타에서 난리난 유리 옷 갈아입는 릴스,https://www.youtube.com/watch?v=-j92jOdKaCI,대기업은 다르네
릴스,인스타에서 난리난 유리 옷 갈아입는 릴스,https://www.youtube.com/watch?v=-j92jOdKaCI,Yurii❤
릴스,인스타에서 난리난 유리 옷 갈아입는 릴스,https://www.youtube.com/watch?v=-j92jOdKaCI,유리 언니 꼬맹이 시절 영상보다가 <br>이거보니까 현타옴!!!😊☺️🤭
릴스,인스타에서 난리난 유리 옷 갈아입는 릴스,https://www.youtube.com/watch?v=-j92jOdKaCI,와 3천만이야
릴스,인스타에서 난리난 유리 옷 갈아입는 릴스,https://www.youtube.com/watch?v=-j92jOdKaCI,춤 자체는 정말 별 특별한 춤도 아닌데 진짜 중독성있고 이쁘네
릴스,인스타에서 난리난 유리 옷 갈아입는 릴스,https://www.youtube.com/watch?v=-j92jOdKaCI,다리가 제대로건강
릴스,인스타에서 난리난 유리 옷 갈아입는 릴스,https://www.youtube.com/watch?v=-j92jOdKaCI,프로가하니 다르긴 다르구나
릴스,인스타에서 난리난 유리 옷 갈아입는 릴스,https://www.youtube.com/watch?v=-j92jOdKaCI,لطفا حمایت کنید❤❤❤
릴스,인스타에서 난리난 유리 옷 갈아입는 릴스,https://www.youtube.com/watch?v=-j92jOdKaCI,역시 유리가 춤선(태)이  쫀쫀하고 잘해
릴스,인스타에서 난리난 유리 옷 갈아입는 릴스,https://www.youtube.com/watch?v=-j92jOdKaCI,Привет
릴스,인스타에서 난리난 유리 옷 갈아입는 릴스,https://www.youtube.com/watch?v=-j92jOdKaCI,😳☹️😊😄😁🤭🥰😍✨️♥️♥️♥️🫰🫶🏻
릴스,인스타에서 난리난 유리 옷 갈아입는 릴스,https://www.youtube.com/watch?v=-j92jOdKaCI,"와,, 이런거 어케 하는거냐.. 배우고 싶다."
릴스,인스타에서 난리난 유리 옷 갈아입는 릴스,https://www.youtube.com/watch?v=-j92jOdKaCI,유리가 유리 앞에서 춤을 춥니다. 유리에 비친 유리가 정말 아름답군요. 깨끗한 유리에 비친 유리. 이게 4년전 영상이라니.....
릴스,인스타에서 난리난 유리 옷 갈아입는 릴스,https://www.youtube.com/watch?v=-j92jOdKaCI,다리가 짧아
릴스,인스타에서 난리난 유리 옷 갈아입는 릴스,https://www.youtube.com/watch?v=-j92jOdKaCI,이쁘다
릴스,인스타에서 난리난 유리 옷 갈아입는 릴스,https://www.youtube.com/watch?v=-j92jOdKaCI,얘도 진짜 안늙네
릴스,인스타에서 난리난 유리 옷 갈아입는 릴스,https://www.youtube.com/watch?v=-j92jOdKaCI,와 누구지? 하고보니 유리였군 어쩐지 보기좋더라
릴스,인스타에서 난리난 유리 옷 갈아입는 릴스,https://www.youtube.com/watch?v=-j92jOdKaCI,신발 화려한걸좋아하네
릴스,인스타에서 난리난 유리 옷 갈아입는 릴스,https://www.youtube.com/watch?v=-j92jOdKaCI,Prolly not
릴스,인스타에서 난리난 유리 옷 갈아입는 릴스,https://www.youtube.com/watch?v=-j92jOdKaCI,난 이수영이 제일 예쁘더라
릴스,인스타에서 난리난 유리 옷 갈아입는 릴스,https://www.youtube.com/watch?v=-j92jOdKaCI,뭔가몸매가 아줌마야
릴스,인스타에서 난리난 유리 옷 갈아입는 릴스,https://www.youtube.com/watch?v=-j92jOdKaCI,멋지다..그냥 멋지다는 말밖에
릴스,인스타에서 난리난 유리 옷 갈아입는 릴스,https://www.youtube.com/watch?v=-j92jOdKaCI,나두 저러게하고 싶다요.
릴스,인스타에서 난리난 유리 옷 갈아입는 릴스,https://www.youtube.com/watch?v=-j92jOdKaCI,Me just scrolling to try and find an english comment
릴스,인스타에서 난리난 유리 옷 갈아입는 릴스,https://www.youtube.com/watch?v=-j92jOdKaCI,신기하네 거울속신발은 계속 바뀌는데 거울밖 신발은 어쩌다 한번씩 바뀜
릴스,인스타에서 난리난 유리 옷 갈아입는 릴스,https://www.youtube.com/watch?v=-j92jOdKaCI,😮
릴스,인스타에서 난리난 유리 옷 갈아입는 릴스,https://www.youtube.com/watch?v=-j92jOdKaCI,개이쁘네
릴스,인스타에서 난리난 유리 옷 갈아입는 릴스,https://www.youtube.com/watch?v=-j92jOdKaCI,유리짱 아름다운미가 붐붐하다 멋져벌려!~
릴스,인스타에서 난리난 유리 옷 갈아입는 릴스,https://www.youtube.com/watch?v=-j92jOdKaCI,"우와 이거 어케 편집한거에요 !!!😮 저도 알려줘요 ,,,, 😍😍😍😍😍"
릴스,인스타에서 난리난 유리 옷 갈아입는 릴스,https://www.youtube.com/watch?v=-j92jOdKaCI,춤선 보소
릴스,인스타에서 난리난 유리 옷 갈아입는 릴스,https://www.youtube.com/watch?v=-j92jOdKaCI,유리너무이ㅃㅓ 성격도 시원시원 해서 좋은데 청순섹시 😮😢😢😮😮😅😅😅
릴스,인스타에서 난리난 유리 옷 갈아입는 릴스,https://www.youtube.com/watch?v=-j92jOdKaCI,As pernas da Yuri são lindas
릴스,인스타에서 난리난 유리 옷 갈아입는 릴스,https://www.youtube.com/watch?v=-j92jOdKaCI,ㅋㅋㅋㅋㅋ 소녀시대 클라슼ㅋㅋㅋㅋ 캬
릴스,인스타에서 난리난 유리 옷 갈아입는 릴스,https://www.youtube.com/watch?v=-j92jOdKaCI,유리야 덱스가 지켜보고있다
릴스,인스타에서 난리난 유리 옷 갈아입는 릴스,https://www.youtube.com/watch?v=-j92jOdKaCI,2세대 아이돌 끝판왕
릴스,인스타에서 난리난 유리 옷 갈아입는 릴스,https://www.youtube.com/watch?v=-j92jOdKaCI,So satisfying 😌
릴스,인스타에서 난리난 유리 옷 갈아입는 릴스,https://www.youtube.com/watch?v=-j92jOdKaCI,옷이몇개없노...
릴스,인스타에서 난리난 유리 옷 갈아입는 릴스,https://www.youtube.com/watch?v=-j92jOdKaCI,어려서봤을땐 그렇게 예쁜줄 몰랐는데 크고나서보니 유리가 진짜 예쁜거였네
릴스,인스타에서 난리난 유리 옷 갈아입는 릴스,https://www.youtube.com/watch?v=-j92jOdKaCI,인스타 나 유툽에서 존나 이쁜척하는애들이랑은 질적으로 틀리네..... 연예인은 머가 달라도 다름 ㅋㅋㅋㅋㅋ
릴스,인스타에서 난리난 유리 옷 갈아입는 릴스,https://www.youtube.com/watch?v=-j92jOdKaCI,땐쓰 허네
릴스,인스타에서 난리난 유리 옷 갈아입는 릴스,https://www.youtube.com/watch?v=-j92jOdKaCI,라떼 관물대 고정 여신은 흑진주 율 이었다 이말이야
릴스,인스타에서 난리난 유리 옷 갈아입는 릴스,https://www.youtube.com/watch?v=-j92jOdKaCI,이거 실제로 편집하려면 진짜 찍는것도 개어렵고 편집도 손대야될게 한두개가 아님...
릴스,인스타에서 난리난 유리 옷 갈아입는 릴스,https://www.youtube.com/watch?v=-j92jOdKaCI,와... 저 나이에 저 같은 자리에서 저 똑같은 춤을 저렇게 여러번 추셨다는게 정말 뭐랄까... 존경... 리스팩트... 애잔... 성찰.... 표현하기 어렵네.... 대단합니다.
릴스,인스타에서 난리난 유리 옷 갈아입는 릴스,https://www.youtube.com/watch?v=-j92jOdKaCI,유리 신났네
릴스,인스타에서 난리난 유리 옷 갈아입는 릴스,https://www.youtube.com/watch?v=-j92jOdKaCI,how much money  she spent ?
릴스,인스타에서 난리난 유리 옷 갈아입는 릴스,https://www.youtube.com/watch?v=-j92jOdKaCI,누가 진짠가여?
릴스,인스타에서 난리난 유리 옷 갈아입는 릴스,https://www.youtube.com/watch?v=-j92jOdKaCI,편집아닐때 혼자보면 나머하는거지
릴스,인스타에서 난리난 유리 옷 갈아입는 릴스,https://www.youtube.com/watch?v=-j92jOdKaCI,갓집자님 존경...
릴스,인스타에서 난리난 유리 옷 갈아입는 릴스,https://www.youtube.com/watch?v=-j92jOdKaCI,다리 이쁜거 보소
릴스,인스타에서 난리난 유리 옷 갈아입는 릴스,https://www.youtube.com/watch?v=-j92jOdKaCI,정성가득
릴스,인스타에서 난리난 유리 옷 갈아입는 릴스,https://www.youtube.com/watch?v=-j92jOdKaCI,저 춤을 몇번 췄을까ㅋㅋ
릴스,인스타에서 난리난 유리 옷 갈아입는 릴스,https://www.youtube.com/watch?v=-j92jOdKaCI,효연이 말한 뽕삘😂
릴스,제 3자의 운명 #릴스 #쇼츠 #유머 #웃긴영상 #병원 #reels #shorts #painclinic,https://www.youtube.com/watch?v=ZaF83oUMQXU,3년 간 연구 끝에 드디어 출시된 최초의 기도개방형베개 에어웨이필로우! (조남룡 베개) 많은 관심 부탁드립니다!<br>구매는 프로필 링크에서 가능합니다❤
릴스,제 3자의 운명 #릴스 #쇼츠 #유머 #웃긴영상 #병원 #reels #shorts #painclinic,https://www.youtube.com/watch?v=ZaF83oUMQXU,진짜. 표정 압권
릴스,제 3자의 운명 #릴스 #쇼츠 #유머 #웃긴영상 #병원 #reels #shorts #painclinic,https://www.youtube.com/watch?v=ZaF83oUMQXU,병원이 장사가 안되니?
릴스,제 3자의 운명 #릴스 #쇼츠 #유머 #웃긴영상 #병원 #reels #shorts #painclinic,https://www.youtube.com/watch?v=ZaF83oUMQXU,병원들이 의료에 집중하고 많은시간들을 의료연구와 환자의 고민에 더 집중 하면 좋겠다...
릴스,제 3자의 운명 #릴스 #쇼츠 #유머 #웃긴영상 #병원 #reels #shorts #painclinic,https://www.youtube.com/watch?v=ZaF83oUMQXU,ㅋ
릴스,제 3자의 운명 #릴스 #쇼츠 #유머 #웃긴영상 #병원 #reels #shorts #painclinic,https://www.youtube.com/watch?v=ZaF83oUMQXU,장꾸 간호사님 소가락도 이미 다쳤네
릴스,제 3자의 운명 #릴스 #쇼츠 #유머 #웃긴영상 #병원 #reels #shorts #painclinic,https://www.youtube.com/watch?v=ZaF83oUMQXU,문 발로 차는 영상중에 이게 젤 리얼하다 ㅋㅋㅋ
릴스,제 3자의 운명 #릴스 #쇼츠 #유머 #웃긴영상 #병원 #reels #shorts #painclinic,https://www.youtube.com/watch?v=ZaF83oUMQXU,세컨들....
릴스,제 3자의 운명 #릴스 #쇼츠 #유머 #웃긴영상 #병원 #reels #shorts #painclinic,https://www.youtube.com/watch?v=ZaF83oUMQXU,ㅋㅋㅋㅋ
릴스,제 3자의 운명 #릴스 #쇼츠 #유머 #웃긴영상 #병원 #reels #shorts #painclinic,https://www.youtube.com/watch?v=ZaF83oUMQXU,저분은 연봉 동결ㅋ
릴스,제 3자의 운명 #릴스 #쇼츠 #유머 #웃긴영상 #병원 #reels #shorts #painclinic,https://www.youtube.com/watch?v=ZaF83oUMQXU,여기도 의학 계열이네요?
릴스,제 3자의 운명 #릴스 #쇼츠 #유머 #웃긴영상 #병원 #reels #shorts #painclinic,https://www.youtube.com/watch?v=ZaF83oUMQXU,이건 장난이다
릴스,제 3자의 운명 #릴스 #쇼츠 #유머 #웃긴영상 #병원 #reels #shorts #painclinic,https://www.youtube.com/watch?v=ZaF83oUMQXU,직장에서 행복하시겠어요...ㅋ
릴스,제 3자의 운명 #릴스 #쇼츠 #유머 #웃긴영상 #병원 #reels #shorts #painclinic,https://www.youtube.com/watch?v=ZaF83oUMQXU,의사들 요즘 병원 하기도 어렵구나...
릴스,제 3자의 운명 #릴스 #쇼츠 #유머 #웃긴영상 #병원 #reels #shorts #painclinic,https://www.youtube.com/watch?v=ZaF83oUMQXU,손가락은 또 왜 다쳤데?😂
릴스,제 3자의 운명 #릴스 #쇼츠 #유머 #웃긴영상 #병원 #reels #shorts #painclinic,https://www.youtube.com/watch?v=ZaF83oUMQXU,이런 시트콤 오랜만이다
릴스,제 3자의 운명 #릴스 #쇼츠 #유머 #웃긴영상 #병원 #reels #shorts #painclinic,https://www.youtube.com/watch?v=ZaF83oUMQXU,무하냐 ㅋㅋ
릴스,제 3자의 운명 #릴스 #쇼츠 #유머 #웃긴영상 #병원 #reels #shorts #painclinic,https://www.youtube.com/watch?v=ZaF83oUMQXU,그상태로 원장님거길 차버렸어야 레전드인데
릴스,제 3자의 운명 #릴스 #쇼츠 #유머 #웃긴영상 #병원 #reels #shorts #painclinic,https://www.youtube.com/watch?v=ZaF83oUMQXU,ㅎㅎ
릴스,제 3자의 운명 #릴스 #쇼츠 #유머 #웃긴영상 #병원 #reels #shorts #painclinic,https://www.youtube.com/watch?v=ZaF83oUMQXU,아씨 꼭 나한테만 그래. 둘은 봐주고 ㅠㅠ  이러는거 같음  😊😊😊😊😊😊😊
릴스,제 3자의 운명 #릴스 #쇼츠 #유머 #웃긴영상 #병원 #reels #shorts #painclinic,https://www.youtube.com/watch?v=ZaF83oUMQXU,와ㅋ
릴스,제 3자의 운명 #릴스 #쇼츠 #유머 #웃긴영상 #병원 #reels #shorts #painclinic,https://www.youtube.com/watch?v=ZaF83oUMQXU,와 월급주는 의사샘방문을 이래 차능교😂😂
릴스,제 3자의 운명 #릴스 #쇼츠 #유머 #웃긴영상 #병원 #reels #shorts #painclinic,https://www.youtube.com/watch?v=ZaF83oUMQXU,너는 내안에 들어와 하나의 육변기가되었다
릴스,제 3자의 운명 #릴스 #쇼츠 #유머 #웃긴영상 #병원 #reels #shorts #painclinic,https://www.youtube.com/watch?v=ZaF83oUMQXU,어느 병원인지ᆢ진료도 잘보실듯🥰
릴스,제 3자의 운명 #릴스 #쇼츠 #유머 #웃긴영상 #병원 #reels #shorts #painclinic,https://www.youtube.com/watch?v=ZaF83oUMQXU,ㅋㅋㅋㅋㅋ
릴스,제 3자의 운명 #릴스 #쇼츠 #유머 #웃긴영상 #병원 #reels #shorts #painclinic,https://www.youtube.com/watch?v=ZaF83oUMQXU,ㅋㅋㅋㅋㅋㅋㅋㅋㅋㅋㅋㅋㅋㅋㅋㅋㅋㅋㅋㅋ😂손구락깁스뭐임ㅋㅋㅋㅋㅋㅋㅋㅋㅋㅋㅋㅋ😂
릴스,제 3자의 운명 #릴스 #쇼츠 #유머 #웃긴영상 #병원 #reels #shorts #painclinic,https://www.youtube.com/watch?v=ZaF83oUMQXU,ㅋㅋㅋㅋㅋㅋㅋ😂
릴스,제 3자의 운명 #릴스 #쇼츠 #유머 #웃긴영상 #병원 #reels #shorts #painclinic,https://www.youtube.com/watch?v=ZaF83oUMQXU,유쾌한 병원 환자들도 친절히 대하죠
릴스,제 3자의 운명 #릴스 #쇼츠 #유머 #웃긴영상 #병원 #reels #shorts #painclinic,https://www.youtube.com/watch?v=ZaF83oUMQXU,스토리가  ㅎㅎ<br>넘  욱겨요ㅡㅡㅎ
릴스,제 3자의 운명 #릴스 #쇼츠 #유머 #웃긴영상 #병원 #reels #shorts #painclinic,https://www.youtube.com/watch?v=ZaF83oUMQXU,손가락도 다치고 이젠 다리여?
릴스,제 3자의 운명 #릴스 #쇼츠 #유머 #웃긴영상 #병원 #reels #shorts #painclinic,https://www.youtube.com/watch?v=ZaF83oUMQXU,넘 웃겨
릴스,제 3자의 운명 #릴스 #쇼츠 #유머 #웃긴영상 #병원 #reels #shorts #painclinic,https://www.youtube.com/watch?v=ZaF83oUMQXU,이렇게 환자가 없나 ㅎㅎ 아산 배방 정형외과는 대학병원처럼 검나 바쁜데 ㅎㅎ😊
릴스,제 3자의 운명 #릴스 #쇼츠 #유머 #웃긴영상 #병원 #reels #shorts #painclinic,https://www.youtube.com/watch?v=ZaF83oUMQXU,저게 머하는짓이여 봣다가 너무웃기네요 ㅋ  10번이상 본듯 ㅋㅋㅋㅋ
릴스,제 3자의 운명 #릴스 #쇼츠 #유머 #웃긴영상 #병원 #reels #shorts #painclinic,https://www.youtube.com/watch?v=ZaF83oUMQXU,"너무 재밌읍니다...엄숙한 병원이라서 더욱더 재미를 느끼는듯해요,,.,내속이 다 시원하다 너무나도 오랫동안 엄숙한 분위기 병원....숨소리참기도 힘들고  기침하기도 어려운 병원 ,,,굿 쌍 따봉,,,,,역시 배운분들이라 아이디어가 뛰어나네요 ㅎㅎㅎ"
릴스,제 3자의 운명 #릴스 #쇼츠 #유머 #웃긴영상 #병원 #reels #shorts #painclinic,https://www.youtube.com/watch?v=ZaF83oUMQXU,세번째  녀석 좆뗐네 ㅋㅋㅋ
릴스,제 3자의 운명 #릴스 #쇼츠 #유머 #웃긴영상 #병원 #reels #shorts #painclinic,https://www.youtube.com/watch?v=ZaF83oUMQXU,저절로 웃음이 ㅋㅋㅋ😂😂😂
릴스,제 3자의 운명 #릴스 #쇼츠 #유머 #웃긴영상 #병원 #reels #shorts #painclinic,https://www.youtube.com/watch?v=ZaF83oUMQXU,조무사지 그러니 저러고 다니지
릴스,제 3자의 운명 #릴스 #쇼츠 #유머 #웃긴영상 #병원 #reels #shorts #painclinic,https://www.youtube.com/watch?v=ZaF83oUMQXU,쥑이네👌😆😆😆
릴스,제 3자의 운명 #릴스 #쇼츠 #유머 #웃긴영상 #병원 #reels #shorts #painclinic,https://www.youtube.com/watch?v=ZaF83oUMQXU,뻘줌ㅡ
릴스,제 3자의 운명 #릴스 #쇼츠 #유머 #웃긴영상 #병원 #reels #shorts #painclinic,https://www.youtube.com/watch?v=ZaF83oUMQXU,꿀밤한대 갈겨~
릴스,제 3자의 운명 #릴스 #쇼츠 #유머 #웃긴영상 #병원 #reels #shorts #painclinic,https://www.youtube.com/watch?v=ZaF83oUMQXU,이미 손가락하나 해먹었네 ㅋㅋㅋㅋ
릴스,제 3자의 운명 #릴스 #쇼츠 #유머 #웃긴영상 #병원 #reels #shorts #painclinic,https://www.youtube.com/watch?v=ZaF83oUMQXU,허😂허허허 그려유 웃으면서 삽시다 🎉🎉🎉🎉🎉
릴스,제 3자의 운명 #릴스 #쇼츠 #유머 #웃긴영상 #병원 #reels #shorts #painclinic,https://www.youtube.com/watch?v=ZaF83oUMQXU,ㅋㅋㅋ 내가 왜?
릴스,제 3자의 운명 #릴스 #쇼츠 #유머 #웃긴영상 #병원 #reels #shorts #painclinic,https://www.youtube.com/watch?v=ZaF83oUMQXU,ㅋㅋㅋㅋ 진짜
릴스,제 3자의 운명 #릴스 #쇼츠 #유머 #웃긴영상 #병원 #reels #shorts #painclinic,https://www.youtube.com/watch?v=ZaF83oUMQXU,이 병원 어딘가요? 가보고 싶다 ㅋ
릴스,제 3자의 운명 #릴스 #쇼츠 #유머 #웃긴영상 #병원 #reels #shorts #painclinic,https://www.youtube.com/watch?v=ZaF83oUMQXU,3번째 간호사 의사 배우자 같은데 두분이 달맞네요
릴스,제 3자의 운명 #릴스 #쇼츠 #유머 #웃긴영상 #병원 #reels #shorts #painclinic,https://www.youtube.com/watch?v=ZaF83oUMQXU,ㅋㅋㅋㅋ 웃겨
릴스,제 3자의 운명 #릴스 #쇼츠 #유머 #웃긴영상 #병원 #reels #shorts #painclinic,https://www.youtube.com/watch?v=ZaF83oUMQXU,ㅋㅋㅋㅋ
릴스,제 3자의 운명 #릴스 #쇼츠 #유머 #웃긴영상 #병원 #reels #shorts #painclinic,https://www.youtube.com/watch?v=ZaF83oUMQXU,아고    3번    불쌍해 🎉🎉🎉ㅋㅋ
릴스,제 3자의 운명 #릴스 #쇼츠 #유머 #웃긴영상 #병원 #reels #shorts #painclinic,https://www.youtube.com/watch?v=ZaF83oUMQXU,웃음소리만 안 넣었어도 좀 더 재미있었을텐데
릴스,제 3자의 운명 #릴스 #쇼츠 #유머 #웃긴영상 #병원 #reels #shorts #painclinic,https://www.youtube.com/watch?v=ZaF83oUMQXU,의사쌤 크록스에 지비츠 엄청 많네
릴스,제 3자의 운명 #릴스 #쇼츠 #유머 #웃긴영상 #병원 #reels #shorts #painclinic,https://www.youtube.com/watch?v=ZaF83oUMQXU,그러니.손꾸락 부러지지...조심해~~
릴스,제 3자의 운명 #릴스 #쇼츠 #유머 #웃긴영상 #병원 #reels #shorts #painclinic,https://www.youtube.com/watch?v=ZaF83oUMQXU,분위기 굿~~
릴스,제 3자의 운명 #릴스 #쇼츠 #유머 #웃긴영상 #병원 #reels #shorts #painclinic,https://www.youtube.com/watch?v=ZaF83oUMQXU,정말 저럴 수는 없겠지요😊
릴스,제 3자의 운명 #릴스 #쇼츠 #유머 #웃긴영상 #병원 #reels #shorts #painclinic,https://www.youtube.com/watch?v=ZaF83oUMQXU,헐~
릴스,제 3자의 운명 #릴스 #쇼츠 #유머 #웃긴영상 #병원 #reels #shorts #painclinic,https://www.youtube.com/watch?v=ZaF83oUMQXU,저병원이 꿀단지네 좋은 의료진들 같음
릴스,제 3자의 운명 #릴스 #쇼츠 #유머 #웃긴영상 #병원 #reels #shorts #painclinic,https://www.youtube.com/watch?v=ZaF83oUMQXU,재미있군요
릴스,제 3자의 운명 #릴스 #쇼츠 #유머 #웃긴영상 #병원 #reels #shorts #painclinic,https://www.youtube.com/watch?v=ZaF83oUMQXU,아됴~!!!개구장이들~~손꾸락 깁스한것 까지  완벽하닷.
릴스,제 3자의 운명 #릴스 #쇼츠 #유머 #웃긴영상 #병원 #reels #shorts #painclinic,https://www.youtube.com/watch?v=ZaF83oUMQXU,아씨 ㅋㅋㅋㅋㅋㅋㅋㅋㅋㅋㅋ
릴스,제 3자의 운명 #릴스 #쇼츠 #유머 #웃긴영상 #병원 #reels #shorts #painclinic,https://www.youtube.com/watch?v=ZaF83oUMQXU,원장님 최소 서울대는 아닌듯...서울대는 융통성도 없도  꽉 막힌 ...지만 잘 난 줄 아는...
릴스,제 3자의 운명 #릴스 #쇼츠 #유머 #웃긴영상 #병원 #reels #shorts #painclinic,https://www.youtube.com/watch?v=ZaF83oUMQXU,ㅋㅋㅋㅋㅋ 😂😂😂😂😅😅😅😅
릴스,제 3자의 운명 #릴스 #쇼츠 #유머 #웃긴영상 #병원 #reels #shorts #painclinic,https://www.youtube.com/watch?v=ZaF83oUMQXU,이런 분위기 너무 좋아 ㅎ<br>직원 있을때도 이렇게 지냈는데 ...<br>이젠 혼자 일하니 너무 심심하다ㅜㅜ..<br>그래도 다들 자기 사업도 하고 잘 지내니 좋다~^^
릴스,제 3자의 운명 #릴스 #쇼츠 #유머 #웃긴영상 #병원 #reels #shorts #painclinic,https://www.youtube.com/watch?v=ZaF83oUMQXU,웃겨<br>귀엽 고예뻐
릴스,제 3자의 운명 #릴스 #쇼츠 #유머 #웃긴영상 #병원 #reels #shorts #painclinic,https://www.youtube.com/watch?v=ZaF83oUMQXU,손가락은 또 왜다치셨어욬ㅋㅋㅋ
릴스,제 3자의 운명 #릴스 #쇼츠 #유머 #웃긴영상 #병원 #reels #shorts #painclinic,https://www.youtube.com/watch?v=ZaF83oUMQXU,ㅋㅋㅋㅋㅋ 몇번을봐도 너무 웃기네요
릴스,제 3자의 운명 #릴스 #쇼츠 #유머 #웃긴영상 #병원 #reels #shorts #painclinic,https://www.youtube.com/watch?v=ZaF83oUMQXU,아이구 민망해라.
릴스,제 3자의 운명 #릴스 #쇼츠 #유머 #웃긴영상 #병원 #reels #shorts #painclinic,https://www.youtube.com/watch?v=ZaF83oUMQXU,저  눈빛😅
릴스,제 3자의 운명 #릴스 #쇼츠 #유머 #웃긴영상 #병원 #reels #shorts #painclinic,https://www.youtube.com/watch?v=ZaF83oUMQXU,대략남감  절치부심  긴가민가  비몽사몽
릴스,제 3자의 운명 #릴스 #쇼츠 #유머 #웃긴영상 #병원 #reels #shorts #painclinic,https://www.youtube.com/watch?v=ZaF83oUMQXU,근데 간호사 분들 얼굴이 다 이쁘네 얼굴 보고 뽑나..
릴스,제 3자의 운명 #릴스 #쇼츠 #유머 #웃긴영상 #병원 #reels #shorts #painclinic,https://www.youtube.com/watch?v=ZaF83oUMQXU,ㅋㅋㅋㅋㅋㅋㅋㅋㅋㅋㅋ 아 너무 웃기다
릴스,제 3자의 운명 #릴스 #쇼츠 #유머 #웃긴영상 #병원 #reels #shorts #painclinic,https://www.youtube.com/watch?v=ZaF83oUMQXU,안녕하세요😅
릴스,제 3자의 운명 #릴스 #쇼츠 #유머 #웃긴영상 #병원 #reels #shorts #painclinic,https://www.youtube.com/watch?v=ZaF83oUMQXU,아~너무웃겨<br>가족같은회사~  내가족은 집에  아니고!<br>내가족은 병원이예요<br>한참 웃었네요 하하핫
릴스,제 3자의 운명 #릴스 #쇼츠 #유머 #웃긴영상 #병원 #reels #shorts #painclinic,https://www.youtube.com/watch?v=ZaF83oUMQXU,아 우리 센터장이랑 비슷하게 생겼네 씨..ㅋ
릴스,제 3자의 운명 #릴스 #쇼츠 #유머 #웃긴영상 #병원 #reels #shorts #painclinic,https://www.youtube.com/watch?v=ZaF83oUMQXU,😂😂😂😂😂😂
릴스,제 3자의 운명 #릴스 #쇼츠 #유머 #웃긴영상 #병원 #reels #shorts #painclinic,https://www.youtube.com/watch?v=ZaF83oUMQXU,등겨 묵다가 들킸네 ㅋㅋ
릴스,제 3자의 운명 #릴스 #쇼츠 #유머 #웃긴영상 #병원 #reels #shorts #painclinic,https://www.youtube.com/watch?v=ZaF83oUMQXU,ㄱ 저 품어라 아빠의 마음으로<br>....
릴스,제 3자의 운명 #릴스 #쇼츠 #유머 #웃긴영상 #병원 #reels #shorts #painclinic,https://www.youtube.com/watch?v=ZaF83oUMQXU,직원은 왜 다 여자들인가?ㅋㅋ 원장은 왜 전부 남자고
릴스,제 3자의 운명 #릴스 #쇼츠 #유머 #웃긴영상 #병원 #reels #shorts #painclinic,https://www.youtube.com/watch?v=ZaF83oUMQXU,팀웍이 최곱니다.
릴스,제 3자의 운명 #릴스 #쇼츠 #유머 #웃긴영상 #병원 #reels #shorts #painclinic,https://www.youtube.com/watch?v=ZaF83oUMQXU,😂😂😂😂
릴스,제 3자의 운명 #릴스 #쇼츠 #유머 #웃긴영상 #병원 #reels #shorts #painclinic,https://www.youtube.com/watch?v=ZaF83oUMQXU,귀여워
릴스,제 3자의 운명 #릴스 #쇼츠 #유머 #웃긴영상 #병원 #reels #shorts #painclinic,https://www.youtube.com/watch?v=ZaF83oUMQXU,별거아닌것같은데 은근웃기네 😂
릴스,제 3자의 운명 #릴스 #쇼츠 #유머 #웃긴영상 #병원 #reels #shorts #painclinic,https://www.youtube.com/watch?v=ZaF83oUMQXU,이거보고 한참 웃었네여~^^
릴스,제 3자의 운명 #릴스 #쇼츠 #유머 #웃긴영상 #병원 #reels #shorts #painclinic,https://www.youtube.com/watch?v=ZaF83oUMQXU,ㅋㅋㅋ
릴스,제 3자의 운명 #릴스 #쇼츠 #유머 #웃긴영상 #병원 #reels #shorts #painclinic,https://www.youtube.com/watch?v=ZaF83oUMQXU,이런개노잼 중국영상따라하는거왜쳐만드는거야 중국인되고싶으면 중국을가
릴스,제 3자의 운명 #릴스 #쇼츠 #유머 #웃긴영상 #병원 #reels #shorts #painclinic,https://www.youtube.com/watch?v=ZaF83oUMQXU,저기워뎌<br>나도가서 차게😂😂😂
릴스,제 3자의 운명 #릴스 #쇼츠 #유머 #웃긴영상 #병원 #reels #shorts #painclinic,https://www.youtube.com/watch?v=ZaF83oUMQXU,손가락은 또 왜 다친거야😂😂😂😂😂
릴스,제 3자의 운명 #릴스 #쇼츠 #유머 #웃긴영상 #병원 #reels #shorts #painclinic,https://www.youtube.com/watch?v=ZaF83oUMQXU,저 병원에서 일하고 싶것네 ㅋㅋ
릴스,제 3자의 운명 #릴스 #쇼츠 #유머 #웃긴영상 #병원 #reels #shorts #painclinic,https://www.youtube.com/watch?v=ZaF83oUMQXU,❤❤😂😂it&#39;s so funny ❤❤❤ Merry Christmas 😊😊
릴스,제 3자의 운명 #릴스 #쇼츠 #유머 #웃긴영상 #병원 #reels #shorts #painclinic,https://www.youtube.com/watch?v=ZaF83oUMQXU,😁😄😁😄😁😄
릴스,제 3자의 운명 #릴스 #쇼츠 #유머 #웃긴영상 #병원 #reels #shorts #painclinic,https://www.youtube.com/watch?v=ZaF83oUMQXU,원장님 행복하시겠습니다<br>말괄량이 직원들이 있어 심심하진 않겠어요
릴스,제 3자의 운명 #릴스 #쇼츠 #유머 #웃긴영상 #병원 #reels #shorts #painclinic,https://www.youtube.com/watch?v=ZaF83oUMQXU,ㅋㅋㅋㅋ뻔하다고 생각하면서  봤는데도 왤케 웃기냐!!!!!!!
릴스,제 3자의 운명 #릴스 #쇼츠 #유머 #웃긴영상 #병원 #reels #shorts #painclinic,https://www.youtube.com/watch?v=ZaF83oUMQXU,몇번만에 성공했지? 기가막힌타이밍 ㅋ
릴스,제 3자의 운명 #릴스 #쇼츠 #유머 #웃긴영상 #병원 #reels #shorts #painclinic,https://www.youtube.com/watch?v=ZaF83oUMQXU,간택 당하셨군요 ㅎㅎㅎ
릴스,제 3자의 운명 #릴스 #쇼츠 #유머 #웃긴영상 #병원 #reels #shorts #painclinic,https://www.youtube.com/watch?v=ZaF83oUMQXU,😂😂우리나라 인줄 모르다가 ㅋㅋㅋ
릴스,제 3자의 운명 #릴스 #쇼츠 #유머 #웃긴영상 #병원 #reels #shorts #painclinic,https://www.youtube.com/watch?v=ZaF83oUMQXU,분위기좋네
릴스,제 3자의 운명 #릴스 #쇼츠 #유머 #웃긴영상 #병원 #reels #shorts #painclinic,https://www.youtube.com/watch?v=ZaF83oUMQXU,타이밍이.....ㅋㅋㅋ
릴스,제 3자의 운명 #릴스 #쇼츠 #유머 #웃긴영상 #병원 #reels #shorts #painclinic,https://www.youtube.com/watch?v=ZaF83oUMQXU,ㅋㅋㅋㅋ <br>3번째 간호사분이 젤로 이쁜가?😂❤
릴스,제 3자의 운명 #릴스 #쇼츠 #유머 #웃긴영상 #병원 #reels #shorts #painclinic,https://www.youtube.com/watch?v=ZaF83oUMQXU,너무 웃겨서 배가 아프네요ㅋ
릴스,제 3자의 운명 #릴스 #쇼츠 #유머 #웃긴영상 #병원 #reels #shorts #painclinic,https://www.youtube.com/watch?v=ZaF83oUMQXU,ㅎㅎㅎ
릴스,제 3자의 운명 #릴스 #쇼츠 #유머 #웃긴영상 #병원 #reels #shorts #painclinic,https://www.youtube.com/watch?v=ZaF83oUMQXU,제일 개구진 선생님이 잡히신듯 ㅋㅋㅋ 손가락이 증명해주고 있는듯이 ㅋㅋ
릴스,제 3자의 운명 #릴스 #쇼츠 #유머 #웃긴영상 #병원 #reels #shorts #painclinic,https://www.youtube.com/watch?v=ZaF83oUMQXU,ㅋㅋ
릴스,제 3자의 운명 #릴스 #쇼츠 #유머 #웃긴영상 #병원 #reels #shorts #painclinic,https://www.youtube.com/watch?v=ZaF83oUMQXU,??? : 괜찮아?<br>??? : 네<br>??? : 잡아와<br>??? : 네
릴스,제 3자의 운명 #릴스 #쇼츠 #유머 #웃긴영상 #병원 #reels #shorts #painclinic,https://www.youtube.com/watch?v=ZaF83oUMQXU,ㅋㅋㅋㅋㅋ 😂
릴스,제 3자의 운명 #릴스 #쇼츠 #유머 #웃긴영상 #병원 #reels #shorts #painclinic,https://www.youtube.com/watch?v=ZaF83oUMQXU,분명 한국인데 왜 중국느낌이 나지?ㅋㅋㅋ
릴스,제 3자의 운명 #릴스 #쇼츠 #유머 #웃긴영상 #병원 #reels #shorts #painclinic,https://www.youtube.com/watch?v=ZaF83oUMQXU,굉장히 억지 스럽고 웃기지도 않네
릴스,제 3자의 운명 #릴스 #쇼츠 #유머 #웃긴영상 #병원 #reels #shorts #painclinic,https://www.youtube.com/watch?v=ZaF83oUMQXU,에고 ^^^^~
릴스,제 3자의 운명 #릴스 #쇼츠 #유머 #웃긴영상 #병원 #reels #shorts #painclinic,https://www.youtube.com/watch?v=ZaF83oUMQXU,마귀할멈 웃음소리네
릴스,제 3자의 운명 #릴스 #쇼츠 #유머 #웃긴영상 #병원 #reels #shorts #painclinic,https://www.youtube.com/watch?v=ZaF83oUMQXU,손가락은 왜?<br>장난하다가?😅😅<br>상투를 잡다!
릴스,제 3자의 운명 #릴스 #쇼츠 #유머 #웃긴영상 #병원 #reels #shorts #painclinic,https://www.youtube.com/watch?v=ZaF83oUMQXU,문 위치가  바꼈다
릴스,제 3자의 운명 #릴스 #쇼츠 #유머 #웃긴영상 #병원 #reels #shorts #painclinic,https://www.youtube.com/watch?v=ZaF83oUMQXU,Siempre cae la misma<br>😂😂😂
릴스,제 3자의 운명 #릴스 #쇼츠 #유머 #웃긴영상 #병원 #reels #shorts #painclinic,https://www.youtube.com/watch?v=ZaF83oUMQXU,이거<br>중국거<br>패러디 한거네 ㅎㅎ
릴스,제 3자의 운명 #릴스 #쇼츠 #유머 #웃긴영상 #병원 #reels #shorts #painclinic,https://www.youtube.com/watch?v=ZaF83oUMQXU,2탄 도 부탁드립니다
릴스,제 3자의 운명 #릴스 #쇼츠 #유머 #웃긴영상 #병원 #reels #shorts #painclinic,https://www.youtube.com/watch?v=ZaF83oUMQXU,제미는 있는데 영상이 너무 허점함.<br>여자가 안으로 열리는 문을 찾느데 <br>안에서 남자가 문을 염 그런데 남자가 문을 여고나서<br>남자가 문밖에 서있음 여자는 문 안쪽에 있고
릴스,제 3자의 운명 #릴스 #쇼츠 #유머 #웃긴영상 #병원 #reels #shorts #painclinic,https://www.youtube.com/watch?v=ZaF83oUMQXU,ㅋㅋㅋ
릴스,제 3자의 운명 #릴스 #쇼츠 #유머 #웃긴영상 #병원 #reels #shorts #painclinic,https://www.youtube.com/watch?v=ZaF83oUMQXU,요오~  요오~~  헠~~
릴스,제 3자의 운명 #릴스 #쇼츠 #유머 #웃긴영상 #병원 #reels #shorts #painclinic,https://www.youtube.com/watch?v=ZaF83oUMQXU,이건 쫌 웃김.ㅋ
릴스,제 3자의 운명 #릴스 #쇼츠 #유머 #웃긴영상 #병원 #reels #shorts #painclinic,https://www.youtube.com/watch?v=ZaF83oUMQXU,ㅋ
릴스,제 3자의 운명 #릴스 #쇼츠 #유머 #웃긴영상 #병원 #reels #shorts #painclinic,https://www.youtube.com/watch?v=ZaF83oUMQXU,이거 시리즈임?  가끔 보면 계속재생함 ㅋㅋ
릴스,제 3자의 운명 #릴스 #쇼츠 #유머 #웃긴영상 #병원 #reels #shorts #painclinic,https://www.youtube.com/watch?v=ZaF83oUMQXU,첫번째 분이 젤 신난듯..ㅋㅋㅋ
릴스,제 3자의 운명 #릴스 #쇼츠 #유머 #웃긴영상 #병원 #reels #shorts #painclinic,https://www.youtube.com/watch?v=ZaF83oUMQXU,한가하네~
릴스,제 3자의 운명 #릴스 #쇼츠 #유머 #웃긴영상 #병원 #reels #shorts #painclinic,https://www.youtube.com/watch?v=ZaF83oUMQXU,😂😂😂😂😂
릴스,제 3자의 운명 #릴스 #쇼츠 #유머 #웃긴영상 #병원 #reels #shorts #painclinic,https://www.youtube.com/watch?v=ZaF83oUMQXU,배꼽 빠지는줄😂😂😂😂
릴스,제 3자의 운명 #릴스 #쇼츠 #유머 #웃긴영상 #병원 #reels #shorts #painclinic,https://www.youtube.com/watch?v=ZaF83oUMQXU,홍보치고는 산박하네요
릴스,제 3자의 운명 #릴스 #쇼츠 #유머 #웃긴영상 #병원 #reels #shorts #painclinic,https://www.youtube.com/watch?v=ZaF83oUMQXU,와우
릴스,제 3자의 운명 #릴스 #쇼츠 #유머 #웃긴영상 #병원 #reels #shorts #painclinic,https://www.youtube.com/watch?v=ZaF83oUMQXU,이런게 좋아요😊
릴스,제 3자의 운명 #릴스 #쇼츠 #유머 #웃긴영상 #병원 #reels #shorts #painclinic,https://www.youtube.com/watch?v=ZaF83oUMQXU,주작질사절
릴스,제 3자의 운명 #릴스 #쇼츠 #유머 #웃긴영상 #병원 #reels #shorts #painclinic,https://www.youtube.com/watch?v=ZaF83oUMQXU,ㅋㅋㅋㅋㅋㅋㅋㅋㅋ
릴스,제 3자의 운명 #릴스 #쇼츠 #유머 #웃긴영상 #병원 #reels #shorts #painclinic,https://www.youtube.com/watch?v=ZaF83oUMQXU,3번째 쌤 얼마나 까불고다니면 손가락도 깁스하셨네ㅋㅋㅋㅋ
릴스,제 3자의 운명 #릴스 #쇼츠 #유머 #웃긴영상 #병원 #reels #shorts #painclinic,https://www.youtube.com/watch?v=ZaF83oUMQXU,아빠와 딸 셋 ㅋ ㅋ ㅋ 다들 사이가 좋네요
릴스,제 3자의 운명 #릴스 #쇼츠 #유머 #웃긴영상 #병원 #reels #shorts #painclinic,https://www.youtube.com/watch?v=ZaF83oUMQXU,웃겨 죽네
릴스,제 3자의 운명 #릴스 #쇼츠 #유머 #웃긴영상 #병원 #reels #shorts #painclinic,https://www.youtube.com/watch?v=ZaF83oUMQXU,잡힌 간호사분 표정이 너무 웃겨요😂
릴스,제 3자의 운명 #릴스 #쇼츠 #유머 #웃긴영상 #병원 #reels #shorts #painclinic,https://www.youtube.com/watch?v=ZaF83oUMQXU,한참 웃었어요<br>재미있게 좔봤습니다
릴스,제 3자의 운명 #릴스 #쇼츠 #유머 #웃긴영상 #병원 #reels #shorts #painclinic,https://www.youtube.com/watch?v=ZaF83oUMQXU,😅😅😅😅
릴스,제 3자의 운명 #릴스 #쇼츠 #유머 #웃긴영상 #병원 #reels #shorts #painclinic,https://www.youtube.com/watch?v=ZaF83oUMQXU,마지막<br>문안 드어간분<br>표정연기 여ㆍ<br>굿
릴스,제 3자의 운명 #릴스 #쇼츠 #유머 #웃긴영상 #병원 #reels #shorts #painclinic,https://www.youtube.com/watch?v=ZaF83oUMQXU,귀요미들
릴스,제 3자의 운명 #릴스 #쇼츠 #유머 #웃긴영상 #병원 #reels #shorts #painclinic,https://www.youtube.com/watch?v=ZaF83oUMQXU,도대체 왜들 그러시는겁니까 😂😅 ㅋㅋ
릴스,제 3자의 운명 #릴스 #쇼츠 #유머 #웃긴영상 #병원 #reels #shorts #painclinic,https://www.youtube.com/watch?v=ZaF83oUMQXU,이뿐 간호사 표정이 너무 예뻐요
릴스,제 3자의 운명 #릴스 #쇼츠 #유머 #웃긴영상 #병원 #reels #shorts #painclinic,https://www.youtube.com/watch?v=ZaF83oUMQXU,ㅋㅋㅋㅋㅋㅋ
릴스,제 3자의 운명 #릴스 #쇼츠 #유머 #웃긴영상 #병원 #reels #shorts #painclinic,https://www.youtube.com/watch?v=ZaF83oUMQXU,친😂
릴스,제 3자의 운명 #릴스 #쇼츠 #유머 #웃긴영상 #병원 #reels #shorts #painclinic,https://www.youtube.com/watch?v=ZaF83oUMQXU,멋지다 ㅋㅋㅋㅋㅋ
릴스,제 3자의 운명 #릴스 #쇼츠 #유머 #웃긴영상 #병원 #reels #shorts #painclinic,https://www.youtube.com/watch?v=ZaF83oUMQXU,아ㅋㅋㅋ 이게 뭐라고 이렇게웃기냐ㅋㅋ
릴스,제 3자의 운명 #릴스 #쇼츠 #유머 #웃긴영상 #병원 #reels #shorts #painclinic,https://www.youtube.com/watch?v=ZaF83oUMQXU,😂😂
릴스,제 3자의 운명 #릴스 #쇼츠 #유머 #웃긴영상 #병원 #reels #shorts #painclinic,https://www.youtube.com/watch?v=ZaF83oUMQXU,근데 진짜 쎄게. 치는거같은데
릴스,제 3자의 운명 #릴스 #쇼츠 #유머 #웃긴영상 #병원 #reels #shorts #painclinic,https://www.youtube.com/watch?v=ZaF83oUMQXU,ㅋㅋㅋ
릴스,제 3자의 운명 #릴스 #쇼츠 #유머 #웃긴영상 #병원 #reels #shorts #painclinic,https://www.youtube.com/watch?v=ZaF83oUMQXU,"멀보노, ?  ㄴㅣ 누고?  ㅁㅓ  ㅇㅓㅉㅓ ㄹㅏㄱㅓ?"
릴스,제 3자의 운명 #릴스 #쇼츠 #유머 #웃긴영상 #병원 #reels #shorts #painclinic,https://www.youtube.com/watch?v=ZaF83oUMQXU,ㅋㅋㅋㅋㅋㅋ재수없게 독박썼네
릴스,제 3자의 운명 #릴스 #쇼츠 #유머 #웃긴영상 #병원 #reels #shorts #painclinic,https://www.youtube.com/watch?v=ZaF83oUMQXU,ㅋㅋㅋㅋ ㅋㅋㅋㅋ 어이상실
릴스,제 3자의 운명 #릴스 #쇼츠 #유머 #웃긴영상 #병원 #reels #shorts #painclinic,https://www.youtube.com/watch?v=ZaF83oUMQXU,일본거 따라하지마라
릴스,제 3자의 운명 #릴스 #쇼츠 #유머 #웃긴영상 #병원 #reels #shorts #painclinic,https://www.youtube.com/watch?v=ZaF83oUMQXU,ㅋㅋㅋㅋㅋㅋㅋㅋㅋㅋㅋ시나리오 잘짯네...ㅋㅋㅋㅋ
릴스,제 3자의 운명 #릴스 #쇼츠 #유머 #웃긴영상 #병원 #reels #shorts #painclinic,https://www.youtube.com/watch?v=ZaF83oUMQXU,안으로 드갔는데 쓰러진건 문밖이네...
릴스,제 3자의 운명 #릴스 #쇼츠 #유머 #웃긴영상 #병원 #reels #shorts #painclinic,https://www.youtube.com/watch?v=ZaF83oUMQXU,드럼 훈훈한 원장님이 계시나 저런 마음 훈훈한 원장님이 계시나. 진짜 세상 좋아졌다.<br>일반적으로 의사가 요즘에는 자기들만의 선택이중한.뭔가? 갑질이나 <br>서민의식이 고정되가는 느낌인데<br>괜한 그런 의식 속에서 이런 영상은 완전 허물어 버리네
릴스,제 3자의 운명 #릴스 #쇼츠 #유머 #웃긴영상 #병원 #reels #shorts #painclinic,https://www.youtube.com/watch?v=ZaF83oUMQXU,애들 귀엽네 사랑스러워라 ❤❤❤❤❤❤❤
릴스,제 3자의 운명 #릴스 #쇼츠 #유머 #웃긴영상 #병원 #reels #shorts #painclinic,https://www.youtube.com/watch?v=ZaF83oUMQXU,막내는 뭔죄.
릴스,제 3자의 운명 #릴스 #쇼츠 #유머 #웃긴영상 #병원 #reels #shorts #painclinic,https://www.youtube.com/watch?v=ZaF83oUMQXU,리얼하네 ㅋㅋㅋㅋ
릴스,제 3자의 운명 #릴스 #쇼츠 #유머 #웃긴영상 #병원 #reels #shorts #painclinic,https://www.youtube.com/watch?v=ZaF83oUMQXU,재밌는 병원일세 ㅋㅋㅋ
릴스,제 3자의 운명 #릴스 #쇼츠 #유머 #웃긴영상 #병원 #reels #shorts #painclinic,https://www.youtube.com/watch?v=ZaF83oUMQXU,빵터졌네요~~😂
릴스,제 3자의 운명 #릴스 #쇼츠 #유머 #웃긴영상 #병원 #reels #shorts #painclinic,https://www.youtube.com/watch?v=ZaF83oUMQXU,"신경차단술 시급하네,,,,"
릴스,제 3자의 운명 #릴스 #쇼츠 #유머 #웃긴영상 #병원 #reels #shorts #painclinic,https://www.youtube.com/watch?v=ZaF83oUMQXU,ㅎㅎㅎㅎㅎㅎㅎㅎㅎㅎㅎㅎㅎㅎㅎㅎㅎㅎㅎㅎ미친다
릴스,제 3자의 운명 #릴스 #쇼츠 #유머 #웃긴영상 #병원 #reels #shorts #painclinic,https://www.youtube.com/watch?v=ZaF83oUMQXU,ㅋㅋㅋㅋㅋ
릴스,제 3자의 운명 #릴스 #쇼츠 #유머 #웃긴영상 #병원 #reels #shorts #painclinic,https://www.youtube.com/watch?v=ZaF83oUMQXU,ㅋㅋㅋ
릴스,제 3자의 운명 #릴스 #쇼츠 #유머 #웃긴영상 #병원 #reels #shorts #painclinic,https://www.youtube.com/watch?v=ZaF83oUMQXU,"직장생활이 재미있어질거 ㄱ,ㅌ아요"
릴스,제 3자의 운명 #릴스 #쇼츠 #유머 #웃긴영상 #병원 #reels #shorts #painclinic,https://www.youtube.com/watch?v=ZaF83oUMQXU,저기요 숙녀분들이 뭐하시는건가요?
릴스,제 3자의 운명 #릴스 #쇼츠 #유머 #웃긴영상 #병원 #reels #shorts #painclinic,https://www.youtube.com/watch?v=ZaF83oUMQXU,재미도없고 인물도없고 실력으로 홍보해라 ㅡㅡ
릴스,제 3자의 운명 #릴스 #쇼츠 #유머 #웃긴영상 #병원 #reels #shorts #painclinic,https://www.youtube.com/watch?v=ZaF83oUMQXU,위로 쳐다보시는 모습이 너무 귀여워요 ㅋㅋㅋㅋㅋㅋㅋ
릴스,제 3자의 운명 #릴스 #쇼츠 #유머 #웃긴영상 #병원 #reels #shorts #painclinic,https://www.youtube.com/watch?v=ZaF83oUMQXU,왜 나만 가지고 그래 ㅋ
릴스,제 3자의 운명 #릴스 #쇼츠 #유머 #웃긴영상 #병원 #reels #shorts #painclinic,https://www.youtube.com/watch?v=ZaF83oUMQXU,직원누나 ㅠㅠ
릴스,제 3자의 운명 #릴스 #쇼츠 #유머 #웃긴영상 #병원 #reels #shorts #painclinic,https://www.youtube.com/watch?v=ZaF83oUMQXU,재밌는 근무환경 이구만 ㅎ
릴스,제 3자의 운명 #릴스 #쇼츠 #유머 #웃긴영상 #병원 #reels #shorts #painclinic,https://www.youtube.com/watch?v=ZaF83oUMQXU,왠 고라니들이
릴스,제 3자의 운명 #릴스 #쇼츠 #유머 #웃긴영상 #병원 #reels #shorts #painclinic,https://www.youtube.com/watch?v=ZaF83oUMQXU,저거 트리플H 기술로 들어가면 딱인데
릴스,제 3자의 운명 #릴스 #쇼츠 #유머 #웃긴영상 #병원 #reels #shorts #painclinic,https://www.youtube.com/watch?v=ZaF83oUMQXU,ㅋㅋㅋㅋㅋㅋㅋㅋㅋㅋㅋㅋㅋㅋㅋㅋㅋㅋㅋㅋㅋㅋㅋㅋㅋㅋㅋㅋㅋㅋㅋㅋㅋㅋㅋㅋㅋㅋㅋㅋㅋㅋㅋㅋㅋㅋㅋㅋㅋㅋㅋ
릴스,제 3자의 운명 #릴스 #쇼츠 #유머 #웃긴영상 #병원 #reels #shorts #painclinic,https://www.youtube.com/watch?v=ZaF83oUMQXU,3번재분  원장님과 남매 같으심....ㅎㅎㅎㅎㅎ
릴스,제 3자의 운명 #릴스 #쇼츠 #유머 #웃긴영상 #병원 #reels #shorts #painclinic,https://www.youtube.com/watch?v=ZaF83oUMQXU,어의 없어서 구독 누릅니다😂😂😂
릴스,제 3자의 운명 #릴스 #쇼츠 #유머 #웃긴영상 #병원 #reels #shorts #painclinic,https://www.youtube.com/watch?v=ZaF83oUMQXU,유쾌한장면인지 모르겠습니다  어이상실입니다  간호사님들 정신질환보입 니다
릴스,제 3자의 운명 #릴스 #쇼츠 #유머 #웃긴영상 #병원 #reels #shorts #painclinic,https://www.youtube.com/watch?v=ZaF83oUMQXU,첫번째분 처음이 아닌듯
릴스,제 3자의 운명 #릴스 #쇼츠 #유머 #웃긴영상 #병원 #reels #shorts #painclinic,https://www.youtube.com/watch?v=ZaF83oUMQXU,이제 어쩔?<br>이 빡침을 어이 할꼬....ㅋㅋㅋ
릴스,제 3자의 운명 #릴스 #쇼츠 #유머 #웃긴영상 #병원 #reels #shorts #painclinic,https://www.youtube.com/watch?v=ZaF83oUMQXU,한마리 잡음. 그런데 문 방향이. ㅡ.ㅡ; 고증이 덜 됨
릴스,제 3자의 운명 #릴스 #쇼츠 #유머 #웃긴영상 #병원 #reels #shorts #painclinic,https://www.youtube.com/watch?v=ZaF83oUMQXU,와 병원에서 저러네 오진다
릴스,제 3자의 운명 #릴스 #쇼츠 #유머 #웃긴영상 #병원 #reels #shorts #painclinic,https://www.youtube.com/watch?v=ZaF83oUMQXU,뻘하게 터졌다ㅋㅋㅋㅋㅋㅋㅋㅋ
릴스,제 3자의 운명 #릴스 #쇼츠 #유머 #웃긴영상 #병원 #reels #shorts #painclinic,https://www.youtube.com/watch?v=ZaF83oUMQXU,손가락 왜 깁스했는지 알것다 ㅋ
릴스,제 3자의 운명 #릴스 #쇼츠 #유머 #웃긴영상 #병원 #reels #shorts #painclinic,https://www.youtube.com/watch?v=ZaF83oUMQXU,하필 마지막 넘어진 간호사가 손가락 깁스까지 하고 있으니 더 말괄량이 같음 ㅋㅋ ㅋ
릴스,제 3자의 운명 #릴스 #쇼츠 #유머 #웃긴영상 #병원 #reels #shorts #painclinic,https://www.youtube.com/watch?v=ZaF83oUMQXU,원장님 표정과 간호사의 어이없는 웃음ㅋㅋㅌㅌㅌㅌㅋㅋㅋㅋㅋㅋㅋㅋ
릴스,제 3자의 운명 #릴스 #쇼츠 #유머 #웃긴영상 #병원 #reels #shorts #painclinic,https://www.youtube.com/watch?v=ZaF83oUMQXU,"세번도전끝에슛골인시도,,문전앞에서의사님발앞에서노골😮"
릴스,제 3자의 운명 #릴스 #쇼츠 #유머 #웃긴영상 #병원 #reels #shorts #painclinic,https://www.youtube.com/watch?v=ZaF83oUMQXU,이런걸 전문용어로 젖됐다고 하지요
릴스,제 3자의 운명 #릴스 #쇼츠 #유머 #웃긴영상 #병원 #reels #shorts #painclinic,https://www.youtube.com/watch?v=ZaF83oUMQXU,그와중에 평소에도 얼마나 장난꾸러기면은 손가락도 부러져있네 ㅋㅋ
릴스,제 3자의 운명 #릴스 #쇼츠 #유머 #웃긴영상 #병원 #reels #shorts #painclinic,https://www.youtube.com/watch?v=ZaF83oUMQXU,간호사님들 귀엽네
릴스,제 3자의 운명 #릴스 #쇼츠 #유머 #웃긴영상 #병원 #reels #shorts #painclinic,https://www.youtube.com/watch?v=ZaF83oUMQXU,차지도 못하고 ㅋㅋㅋㅋㅋ
릴스,제 3자의 운명 #릴스 #쇼츠 #유머 #웃긴영상 #병원 #reels #shorts #painclinic,https://www.youtube.com/watch?v=ZaF83oUMQXU,이미 핑거스프린트하고계시네ㅋㅋㅋㅋㅋ
릴스,제 3자의 운명 #릴스 #쇼츠 #유머 #웃긴영상 #병원 #reels #shorts #painclinic,https://www.youtube.com/watch?v=ZaF83oUMQXU,ㅋㅋㅋㅋㅋㅋㅋㅋㅋㅋㅋㅋㅋㅋㅋㅋㅋㅋㅋㅋㅋㅋㅋㅋㅋㅋ
릴스,제 3자의 운명 #릴스 #쇼츠 #유머 #웃긴영상 #병원 #reels #shorts #painclinic,https://www.youtube.com/watch?v=ZaF83oUMQXU,1번은 경력직이네 발놀림이 현역이구만
릴스,제 3자의 운명 #릴스 #쇼츠 #유머 #웃긴영상 #병원 #reels #shorts #painclinic,https://www.youtube.com/watch?v=ZaF83oUMQXU,안으로빨려들어가는거 개웃기네 ㅋㅋㅋㅋ
릴스,제 3자의 운명 #릴스 #쇼츠 #유머 #웃긴영상 #병원 #reels #shorts #painclinic,https://www.youtube.com/watch?v=ZaF83oUMQXU,순풍산부인과 시트콤 분위기네요 ㅋㅋ
릴스,제 3자의 운명 #릴스 #쇼츠 #유머 #웃긴영상 #병원 #reels #shorts #painclinic,https://www.youtube.com/watch?v=ZaF83oUMQXU,개웃기네 ㅋㅋㅋㅋ
릴스,제 3자의 운명 #릴스 #쇼츠 #유머 #웃긴영상 #병원 #reels #shorts #painclinic,https://www.youtube.com/watch?v=ZaF83oUMQXU,하츄핑
릴스,제 3자의 운명 #릴스 #쇼츠 #유머 #웃긴영상 #병원 #reels #shorts #painclinic,https://www.youtube.com/watch?v=ZaF83oUMQXU,젤 웃길거 같은사람 뽑았구만
릴스,제 3자의 운명 #릴스 #쇼츠 #유머 #웃긴영상 #병원 #reels #shorts #painclinic,https://www.youtube.com/watch?v=ZaF83oUMQXU,아니 몬 병원에서<br>저러고 놀고 있냐고오오~~<br>ㅋㅋㅋㅋㅋㅋㅋ
릴스,제 3자의 운명 #릴스 #쇼츠 #유머 #웃긴영상 #병원 #reels #shorts #painclinic,https://www.youtube.com/watch?v=ZaF83oUMQXU,미국 10대들 놀이 따라했네..<br>미국에선 총쏘기 때문에<br>장난 잘못하면 하늘 나라감~
릴스,제 3자의 운명 #릴스 #쇼츠 #유머 #웃긴영상 #병원 #reels #shorts #painclinic,https://www.youtube.com/watch?v=ZaF83oUMQXU,민망해~~~
릴스,제 3자의 운명 #릴스 #쇼츠 #유머 #웃긴영상 #병원 #reels #shorts #painclinic,https://www.youtube.com/watch?v=ZaF83oUMQXU,이 영상을 또 보고 싶어서 찾아왔습니더~언재쯤이면 이 영상을 보고도 안웃을 날이 올까요!!?? 근대 넘 웃김😂😂😂
릴스,제 3자의 운명 #릴스 #쇼츠 #유머 #웃긴영상 #병원 #reels #shorts #painclinic,https://www.youtube.com/watch?v=ZaF83oUMQXU,이런짓왜해 문박살나면어쩌려고 시끄러워
릴스,제 3자의 운명 #릴스 #쇼츠 #유머 #웃긴영상 #병원 #reels #shorts #painclinic,https://www.youtube.com/watch?v=ZaF83oUMQXU,😂😂😂
릴스,카리나 허락받고 올리는 릴스👯‍♀️ with 경혜,https://www.youtube.com/watch?v=kX8e9sFMDfc,혜리 경혜 영상인데 카리나한테 허락 왜 받음?
릴스,카리나 허락받고 올리는 릴스👯‍♀️ with 경혜,https://www.youtube.com/watch?v=kX8e9sFMDfc,"Their friendship is so cute, I hope it always stays that way ❤"
릴스,카리나 허락받고 올리는 릴스👯‍♀️ with 경혜,https://www.youtube.com/watch?v=kX8e9sFMDfc,𓇼 ⋆.˚ 𓆉 𓆝 𓆡⋆.˚ 𓇼
릴스,카리나 허락받고 올리는 릴스👯‍♀️ with 경혜,https://www.youtube.com/watch?v=kX8e9sFMDfc,I LOVE ❤😍
릴스,카리나 허락받고 올리는 릴스👯‍♀️ with 경혜,https://www.youtube.com/watch?v=kX8e9sFMDfc,😅
릴스,카리나 허락받고 올리는 릴스👯‍♀️ with 경혜,https://www.youtube.com/watch?v=kX8e9sFMDfc,그 있잖어요~~~!<br><br>죄송한대....<br><br> 울 과이셨던<br><br>이경미 교수님 닮으셨어요!!!!?!!!?!😂😂😂😨🫢🫢🫢😂<br><br><del>내가. 누군지 맞혀보시오</del>
릴스,카리나 허락받고 올리는 릴스👯‍♀️ with 경혜,https://www.youtube.com/watch?v=kX8e9sFMDfc,❤
릴스,카리나 허락받고 올리는 릴스👯‍♀️ with 경혜,https://www.youtube.com/watch?v=kX8e9sFMDfc,Hyeri es súper hermosa 😊❤
릴스,카리나 허락받고 올리는 릴스👯‍♀️ with 경혜,https://www.youtube.com/watch?v=kX8e9sFMDfc,miss u
릴스,카리나 허락받고 올리는 릴스👯‍♀️ with 경혜,https://www.youtube.com/watch?v=kX8e9sFMDfc,I love hyeri❤
릴스,카리나 허락받고 올리는 릴스👯‍♀️ with 경혜,https://www.youtube.com/watch?v=kX8e9sFMDfc,아 이게 그 영상이구나 ㅋㅋㅋ
릴스,카리나 허락받고 올리는 릴스👯‍♀️ with 경혜,https://www.youtube.com/watch?v=kX8e9sFMDfc,❤❤
릴스,카리나 허락받고 올리는 릴스👯‍♀️ with 경혜,https://www.youtube.com/watch?v=kX8e9sFMDfc,"혜리는 정말 귀엽고, 시기를 정확하게 맞춰서 너무 좋아요"
릴스,카리나 허락받고 올리는 릴스👯‍♀️ with 경혜,https://www.youtube.com/watch?v=kX8e9sFMDfc,太酷了
릴스,카리나 허락받고 올리는 릴스👯‍♀️ with 경혜,https://www.youtube.com/watch?v=kX8e9sFMDfc,❤❤❤❤❤❤
릴스,카리나 허락받고 올리는 릴스👯‍♀️ with 경혜,https://www.youtube.com/watch?v=kX8e9sFMDfc,ㅋㅋㅋㅋㅋ approved 😂👍
릴스,카리나 허락받고 올리는 릴스👯‍♀️ with 경혜,https://www.youtube.com/watch?v=kX8e9sFMDfc,好可爱啊哈哈哈❤❤❤
릴스,카리나 허락받고 올리는 릴스👯‍♀️ with 경혜,https://www.youtube.com/watch?v=kX8e9sFMDfc,最后好好玩❤
릴스,카리나 허락받고 올리는 릴스👯‍♀️ with 경혜,https://www.youtube.com/watch?v=kX8e9sFMDfc,"that&#39;s so energetic, sis"
릴스,카리나 허락받고 올리는 릴스👯‍♀️ with 경혜,https://www.youtube.com/watch?v=kX8e9sFMDfc,Hyeri is really funny...😂
릴스,카리나 허락받고 올리는 릴스👯‍♀️ with 경혜,https://www.youtube.com/watch?v=kX8e9sFMDfc,hyeri跳的好帅
릴스,카리나 허락받고 올리는 릴스👯‍♀️ with 경혜,https://www.youtube.com/watch?v=kX8e9sFMDfc,LOVE IT ❤💃💃
릴스,카리나 허락받고 올리는 릴스👯‍♀️ with 경혜,https://www.youtube.com/watch?v=kX8e9sFMDfc,Not her doing the “A” 😂👏🏼👏🏼👏🏼👏🏼
릴스,카리나 허락받고 올리는 릴스👯‍♀️ with 경혜,https://www.youtube.com/watch?v=kX8e9sFMDfc,"ESTO ES DEMASIADO LINDO ,,,GRACIAS KARINA POR CONVENCERLA"
릴스,카리나 허락받고 올리는 릴스👯‍♀️ with 경혜,https://www.youtube.com/watch?v=kX8e9sFMDfc,❤❤
릴스,카리나 허락받고 올리는 릴스👯‍♀️ with 경혜,https://www.youtube.com/watch?v=kX8e9sFMDfc,❤❤❤
릴스,카리나 허락받고 올리는 릴스👯‍♀️ with 경혜,https://www.youtube.com/watch?v=kX8e9sFMDfc,Lee Hye-riiii 😭❤️🔥
릴스,카리나 허락받고 올리는 릴스👯‍♀️ with 경혜,https://www.youtube.com/watch?v=kX8e9sFMDfc,혜리는 당연하고 경혜언니도 춤잘추시네❤
릴스,카리나 허락받고 올리는 릴스👯‍♀️ with 경혜,https://www.youtube.com/watch?v=kX8e9sFMDfc,혜리엉니 이뿌닥
릴스,카리나 허락받고 올리는 릴스👯‍♀️ with 경혜,https://www.youtube.com/watch?v=kX8e9sFMDfc,이렇게나 귀여운데요?? 😭❤️
릴스,카리나 허락받고 올리는 릴스👯‍♀️ with 경혜,https://www.youtube.com/watch?v=kX8e9sFMDfc,🔥❤😍
릴스,카리나 허락받고 올리는 릴스👯‍♀️ with 경혜,https://www.youtube.com/watch?v=kX8e9sFMDfc,와 확실히 아이돌 춤선은 다르구나...........
릴스,카리나 허락받고 올리는 릴스👯‍♀️ with 경혜,https://www.youtube.com/watch?v=kX8e9sFMDfc,ㅋㅋ친구분도 끼가 장난아니신듯 ㅋㅋ
릴스,카리나 허락받고 올리는 릴스👯‍♀️ with 경혜,https://www.youtube.com/watch?v=kX8e9sFMDfc,가슴이 ㅋㅋㅋㅋ
릴스,카리나 허락받고 올리는 릴스👯‍♀️ with 경혜,https://www.youtube.com/watch?v=kX8e9sFMDfc,❤
릴스,카리나 허락받고 올리는 릴스👯‍♀️ with 경혜,https://www.youtube.com/watch?v=kX8e9sFMDfc,😍🤩🇰🇷💯
릴스,카리나 허락받고 올리는 릴스👯‍♀️ with 경혜,https://www.youtube.com/watch?v=kX8e9sFMDfc,Go hyeriiii and bestieeee
릴스,카리나 허락받고 올리는 릴스👯‍♀️ with 경혜,https://www.youtube.com/watch?v=kX8e9sFMDfc,허락을 왜 받.........?
릴스,카리나 허락받고 올리는 릴스👯‍♀️ with 경혜,https://www.youtube.com/watch?v=kX8e9sFMDfc,"Hello ms hyeri,I&#39;m your fun from Philippines , I watch your movie my roommate is a gumiho her in Philippines"
릴스,카리나 허락받고 올리는 릴스👯‍♀️ with 경혜,https://www.youtube.com/watch?v=kX8e9sFMDfc,두 분 다 춤을 잘 추시는데요😊<br>그래서 카리나씨가 올리라고 한 듯 해요😊
릴스,카리나 허락받고 올리는 릴스👯‍♀️ with 경혜,https://www.youtube.com/watch?v=kX8e9sFMDfc,아니 몸이 왤케 예뻐 대박 나비족인줄
릴스,카리나 허락받고 올리는 릴스👯‍♀️ with 경혜,https://www.youtube.com/watch?v=kX8e9sFMDfc,이쁘당 정말 ❤
릴스,카리나 허락받고 올리는 릴스👯‍♀️ with 경혜,https://www.youtube.com/watch?v=kX8e9sFMDfc,혜리님 춤선 오랜만에....근데 넘 좋네요. 댄스곡 하나 내주세요. 왠지 끈적한 댄스곡...넘 잘어울릴실듯 (전 여자)
릴스,카리나 허락받고 올리는 릴스👯‍♀️ with 경혜,https://www.youtube.com/watch?v=kX8e9sFMDfc,세상에 여기 우리 부모님 모시고 다녀온 숙소쟈나.... 배경이 너무 익숙하더라니🫢
릴스,카리나 허락받고 올리는 릴스👯‍♀️ with 경혜,https://www.youtube.com/watch?v=kX8e9sFMDfc,없누
릴스,카리나 허락받고 올리는 릴스👯‍♀️ with 경혜,https://www.youtube.com/watch?v=kX8e9sFMDfc,어디지..배경 예쁘네
릴스,카리나 허락받고 올리는 릴스👯‍♀️ with 경혜,https://www.youtube.com/watch?v=kX8e9sFMDfc,둘 다 귀엽잖아
릴스,카리나 허락받고 올리는 릴스👯‍♀️ with 경혜,https://www.youtube.com/watch?v=kX8e9sFMDfc,왜케 이모같지..??
릴스,카리나 허락받고 올리는 릴스👯‍♀️ with 경혜,https://www.youtube.com/watch?v=kX8e9sFMDfc,카리나 종아리가 아닌데? 싶어서 한참봤네 역시 아니구나
릴스,카리나 허락받고 올리는 릴스👯‍♀️ with 경혜,https://www.youtube.com/watch?v=kX8e9sFMDfc,맨날 놀고먹고 돌아다니네
릴스,카리나 허락받고 올리는 릴스👯‍♀️ with 경혜,https://www.youtube.com/watch?v=kX8e9sFMDfc,재밌네
릴스,카리나 허락받고 올리는 릴스👯‍♀️ with 경혜,https://www.youtube.com/watch?v=kX8e9sFMDfc,😂so cute especially d dive am happy u uploaded it
릴스,카리나 허락받고 올리는 릴스👯‍♀️ with 경혜,https://www.youtube.com/watch?v=kX8e9sFMDfc,헤리 춤 자주춰줬으면
릴스,카리나 허락받고 올리는 릴스👯‍♀️ with 경혜,https://www.youtube.com/watch?v=kX8e9sFMDfc,💝🌷
릴스,카리나 허락받고 올리는 릴스👯‍♀️ with 경혜,https://www.youtube.com/watch?v=kX8e9sFMDfc,3초 카리나
릴스,카리나 허락받고 올리는 릴스👯‍♀️ with 경혜,https://www.youtube.com/watch?v=kX8e9sFMDfc,도대체 카리나는 어디있고 덕선이는 어디있는거야? <br>댓글은 혜리 카리나 이야기가 많은데 못 찾겠다;;ㄷㄷ
릴스,카리나 허락받고 올리는 릴스👯‍♀️ with 경혜,https://www.youtube.com/watch?v=kX8e9sFMDfc,카리나 허락받았대서 저기서 누가 카리난지 한참 봄
릴스,카리나 허락받고 올리는 릴스👯‍♀️ with 경혜,https://www.youtube.com/watch?v=kX8e9sFMDfc,카리나가 어딨음??
릴스,카리나 허락받고 올리는 릴스👯‍♀️ with 경혜,https://www.youtube.com/watch?v=kX8e9sFMDfc,???:예쁘다
릴스,카리나 허락받고 올리는 릴스👯‍♀️ with 경혜,https://www.youtube.com/watch?v=kX8e9sFMDfc,일찌감치 데뷔해서 이젠 놀고먹어도될정도로 벌었을텐데
릴스,카리나 허락받고 올리는 릴스👯‍♀️ with 경혜,https://www.youtube.com/watch?v=kX8e9sFMDfc,아뭐야 전 허락받는 영상 다시보기 전까지 카리나인 줄 알았어요
릴스,카리나 허락받고 올리는 릴스👯‍♀️ with 경혜,https://www.youtube.com/watch?v=kX8e9sFMDfc,두분 우정 너무조하 ❤❤❤
릴스,카리나 허락받고 올리는 릴스👯‍♀️ with 경혜,https://www.youtube.com/watch?v=kX8e9sFMDfc,재밌네
릴스,카리나 허락받고 올리는 릴스👯‍♀️ with 경혜,https://www.youtube.com/watch?v=kX8e9sFMDfc,혜리~<br>구속이야<br>왜 날 이곳으로<br>자꾸오게하는거얌!❤
릴스,카리나 허락받고 올리는 릴스👯‍♀️ with 경혜,https://www.youtube.com/watch?v=kX8e9sFMDfc,와 어떤 잔망꾸러기(?) 일반인이 제목 어그로를 했나 했눈데 ㅋㅋㅋㅋㅋㅋㅌㅌㅌㅌㅋㅋ 찐 카리나였어!!!😂😂😂😂
릴스,카리나 허락받고 올리는 릴스👯‍♀️ with 경혜,https://www.youtube.com/watch?v=kX8e9sFMDfc,가평이네
릴스,카리나 허락받고 올리는 릴스👯‍♀️ with 경혜,https://www.youtube.com/watch?v=kX8e9sFMDfc,카리나가 어딨어요?
릴스,카리나 허락받고 올리는 릴스👯‍♀️ with 경혜,https://www.youtube.com/watch?v=kX8e9sFMDfc,귀여운 혜리씨 화이팅입니다!! ❤️
릴스,카리나 허락받고 올리는 릴스👯‍♀️ with 경혜,https://www.youtube.com/watch?v=kX8e9sFMDfc,Hyeri so pretty ❤
릴스,카리나 허락받고 올리는 릴스👯‍♀️ with 경혜,https://www.youtube.com/watch?v=kX8e9sFMDfc,❤❤❤❤❤❤❤❤❤
릴스,카리나 허락받고 올리는 릴스👯‍♀️ with 경혜,https://www.youtube.com/watch?v=kX8e9sFMDfc,귀여워!!!!!!!!!!!!!!
릴스,카리나 허락받고 올리는 릴스👯‍♀️ with 경혜,https://www.youtube.com/watch?v=kX8e9sFMDfc,수영장에들어가서 찍은영상 예쁘네요
릴스,카리나 허락받고 올리는 릴스👯‍♀️ with 경혜,https://www.youtube.com/watch?v=kX8e9sFMDfc,hahahaha you really uploaded it after Karina said it was good ♥
릴스,카리나 허락받고 올리는 릴스👯‍♀️ with 경혜,https://www.youtube.com/watch?v=kX8e9sFMDfc,이 귀여운 영상을 올릴지 말지 고민했다닠
릴스,카리나 허락받고 올리는 릴스👯‍♀️ with 경혜,https://www.youtube.com/watch?v=kX8e9sFMDfc,카리나가보늕눈이있네😊😊😊
릴스,카리나 허락받고 올리는 릴스👯‍♀️ with 경혜,https://www.youtube.com/watch?v=kX8e9sFMDfc,귀여워ㅋㅋㅋ
릴스,카리나 허락받고 올리는 릴스👯‍♀️ with 경혜,https://www.youtube.com/watch?v=kX8e9sFMDfc,ㅋㅋㅋ 개겹네…둘다 너무 호감이야…덕선이와 짱구…❤
릴스,카리나 허락받고 올리는 릴스👯‍♀️ with 경혜,https://www.youtube.com/watch?v=kX8e9sFMDfc,카리나가 어딨어??
릴스,카리나 허락받고 올리는 릴스👯‍♀️ with 경혜,https://www.youtube.com/watch?v=kX8e9sFMDfc,징챠 너무 귀여움..❤
릴스,카리나 허락받고 올리는 릴스👯‍♀️ with 경혜,https://www.youtube.com/watch?v=kX8e9sFMDfc,쇼츠보는중에 역광이라서 <br><br>‘무슨 일반인이 카리나 허락을 맡아? ㅋㅋㅋ 제목 웃긴다 ㅋㅋ ’<br><br>그런데 혜리였구나 ㅋㅋ <br><br>첫번째 장면은 역광이라서 안보이고 두번째 장면은<br><br>수경 써서 안보이거든 ..<br><br>연예인들은 왠만하면 저렇게 어둡게 <br><br>역광으로 챌린지 안하지 않나????? <br><br>신박하네 ㅋㅋㅋㅋㅋㅋ
릴스,카리나 허락받고 올리는 릴스👯‍♀️ with 경혜,https://www.youtube.com/watch?v=kX8e9sFMDfc,카리나 어딨음!
릴스,카리나 허락받고 올리는 릴스👯‍♀️ with 경혜,https://www.youtube.com/watch?v=kX8e9sFMDfc,Cute love it❤❤❤❤❤
릴스,카리나 허락받고 올리는 릴스👯‍♀️ with 경혜,https://www.youtube.com/watch?v=kX8e9sFMDfc,"hahah karina is right, upload it! hahah its beautiful (the background too) :p"
릴스,카리나 허락받고 올리는 릴스👯‍♀️ with 경혜,https://www.youtube.com/watch?v=kX8e9sFMDfc,와 여기 숙소 어디에요?
릴스,카리나 허락받고 올리는 릴스👯‍♀️ with 경혜,https://www.youtube.com/watch?v=kX8e9sFMDfc,와 ㅋㅋㅋ
릴스,카리나 허락받고 올리는 릴스👯‍♀️ with 경혜,https://www.youtube.com/watch?v=kX8e9sFMDfc,오 머야 겁나 잘찍었네 지민이 말처럼 예쁘기만하네 왜 안올린겨~~!!
릴스,카리나 허락받고 올리는 릴스👯‍♀️ with 경혜,https://www.youtube.com/watch?v=kX8e9sFMDfc,경혜언니 웨이브 지린다 춤선...
릴스,카리나 허락받고 올리는 릴스👯‍♀️ with 경혜,https://www.youtube.com/watch?v=kX8e9sFMDfc,카리나가 독을 풀었네
릴스,카리나 허락받고 올리는 릴스👯‍♀️ with 경혜,https://www.youtube.com/watch?v=kX8e9sFMDfc,혜리 비율 대박...
릴스,카리나 허락받고 올리는 릴스👯‍♀️ with 경혜,https://www.youtube.com/watch?v=kX8e9sFMDfc,You shine so bright Hyeri! So beautiful and fun! 🤩 ❤
릴스,카리나 허락받고 올리는 릴스👯‍♀️ with 경혜,https://www.youtube.com/watch?v=kX8e9sFMDfc,진짜 편해 보임 혜리씨 넘 좋아요 ❤
릴스,카리나 허락받고 올리는 릴스👯‍♀️ with 경혜,https://www.youtube.com/watch?v=kX8e9sFMDfc,ㅋㅋㅋㅋ 귀엽네용 야무지게 놀다오셧넹
릴스,카리나 허락받고 올리는 릴스👯‍♀️ with 경혜,https://www.youtube.com/watch?v=kX8e9sFMDfc,Friendship like them😘🥰❤️
릴스,카리나 허락받고 올리는 릴스👯‍♀️ with 경혜,https://www.youtube.com/watch?v=kX8e9sFMDfc,아니 이거 아래에 카리나한테 허락받는 영상 뜸 ㅋㅋㅋㅋㅋ 바로 이해 완
릴스,카리나 허락받고 올리는 릴스👯‍♀️ with 경혜,https://www.youtube.com/watch?v=kX8e9sFMDfc,ㅋㅋㅋㅋㅋㅋ너무귀여웡 우리예쁘니들이
릴스,카리나 허락받고 올리는 릴스👯‍♀️ with 경혜,https://www.youtube.com/watch?v=kX8e9sFMDfc,경혜가 누구에요??😮
릴스,카리나 허락받고 올리는 릴스👯‍♀️ with 경혜,https://www.youtube.com/watch?v=kX8e9sFMDfc,Looking like So much fun🎉 happy to see you happy and vibing
릴스,카리나 허락받고 올리는 릴스👯‍♀️ with 경혜,https://www.youtube.com/watch?v=kX8e9sFMDfc,혜리❤경혜...혜혜혜~이쁘네요^^
릴스,카리나 허락받고 올리는 릴스👯‍♀️ with 경혜,https://www.youtube.com/watch?v=kX8e9sFMDfc,카리나가 어디?
릴스,카리나 허락받고 올리는 릴스👯‍♀️ with 경혜,https://www.youtube.com/watch?v=kX8e9sFMDfc,The background!
릴스,카리나 허락받고 올리는 릴스👯‍♀️ with 경혜,https://www.youtube.com/watch?v=kX8e9sFMDfc,너무너무 가고싶어서 맨날 구독만 하던 그 펜션 같은데 아니 갈걸 ㅠ 아니 갈걸 .. 내 사랑 혜리님이 왔었구나…
릴스,카리나 허락받고 올리는 릴스👯‍♀️ with 경혜,https://www.youtube.com/watch?v=kX8e9sFMDfc,ㅋㅋㅋㅋㅋㅋㅋ귀엽다 ㅋㅋㅋㅋ
릴스,카리나 허락받고 올리는 릴스👯‍♀️ with 경혜,https://www.youtube.com/watch?v=kX8e9sFMDfc,진짜 걸그룹포스 어디안가긴해ㅋㅋㅋㅋㅋ
릴스,카리나 허락받고 올리는 릴스👯‍♀️ with 경혜,https://www.youtube.com/watch?v=kX8e9sFMDfc,ㅋㅋㅋ카리나 눈썰미 굿
릴스,카리나 허락받고 올리는 릴스👯‍♀️ with 경혜,https://www.youtube.com/watch?v=kX8e9sFMDfc,않잌ㅋㅋ진짜 얼굴 안 나오잖앜ㅋㅋ
릴스,카리나 허락받고 올리는 릴스👯‍♀️ with 경혜,https://www.youtube.com/watch?v=kX8e9sFMDfc,넘웃겨~~~~^^
릴스,카리나 허락받고 올리는 릴스👯‍♀️ with 경혜,https://www.youtube.com/watch?v=kX8e9sFMDfc,진짜 카리나 테그? 하셨네요 ㅋㅋㅋ
릴스,카리나 허락받고 올리는 릴스👯‍♀️ with 경혜,https://www.youtube.com/watch?v=kX8e9sFMDfc,💛💛💛
릴스,카리나 허락받고 올리는 릴스👯‍♀️ with 경혜,https://www.youtube.com/watch?v=kX8e9sFMDfc,아 너무 귀여워요
릴스,카리나 허락받고 올리는 릴스👯‍♀️ with 경혜,https://www.youtube.com/watch?v=kX8e9sFMDfc,Rina&#39;ya izlttiği videooo PAĞSĞLDŞWPD
릴스,카리나 허락받고 올리는 릴스👯‍♀️ with 경혜,https://www.youtube.com/watch?v=kX8e9sFMDfc,You don’t tag Karina? 😂😂😂
릴스,카리나 허락받고 올리는 릴스👯‍♀️ with 경혜,https://www.youtube.com/watch?v=kX8e9sFMDfc,😂😂😂😂❤❤❤
릴스,카리나 허락받고 올리는 릴스👯‍♀️ with 경혜,https://www.youtube.com/watch?v=kX8e9sFMDfc,오!!!!!💃💃💃
릴스,카리나 허락받고 올리는 릴스👯‍♀️ with 경혜,https://www.youtube.com/watch?v=kX8e9sFMDfc,아니 근데 이 듀오 너무 좋아ㅋㅋㅋ
릴스,카리나 허락받고 올리는 릴스👯‍♀️ with 경혜,https://www.youtube.com/watch?v=kX8e9sFMDfc,사랑둥이야❤
릴스,카리나 허락받고 올리는 릴스👯‍♀️ with 경혜,https://www.youtube.com/watch?v=kX8e9sFMDfc,텐션업 치얼업 춤추는 혜리❤ 빅토리 8.14 만나요
릴스,카리나 허락받고 올리는 릴스👯‍♀️ with 경혜,https://www.youtube.com/watch?v=kX8e9sFMDfc,혜리님 경혜님 이쁘고 귀여워요!❤
릴스,카리나 허락받고 올리는 릴스👯‍♀️ with 경혜,https://www.youtube.com/watch?v=kX8e9sFMDfc,진짜 없긴 없다
릴스,카리나 허락받고 올리는 릴스👯‍♀️ with 경혜,https://www.youtube.com/watch?v=kX8e9sFMDfc,"Let&#39;s go, ladies❤❤"
릴스,카리나 허락받고 올리는 릴스👯‍♀️ with 경혜,https://www.youtube.com/watch?v=kX8e9sFMDfc,Duo gorgeous🔥❤
릴스,카리나 허락받고 올리는 릴스👯‍♀️ with 경혜,https://www.youtube.com/watch?v=kX8e9sFMDfc,Saya menyukainya🔥
릴스,카리나 허락받고 올리는 릴스👯‍♀️ with 경혜,https://www.youtube.com/watch?v=kX8e9sFMDfc,This gumiho duo 😂😂😂😂
릴스,카리나 허락받고 올리는 릴스👯‍♀️ with 경혜,https://www.youtube.com/watch?v=kX8e9sFMDfc,예쁘다카리나화이팅!🎉
릴스,카리나 허락받고 올리는 릴스👯‍♀️ with 경혜,https://www.youtube.com/watch?v=kX8e9sFMDfc,You are the iconic!!!!
릴스,카리나 허락받고 올리는 릴스👯‍♀️ with 경혜,https://www.youtube.com/watch?v=kX8e9sFMDfc,?? : 카리나랑 언제 춘천갔어요?
릴스,카리나 허락받고 올리는 릴스👯‍♀️ with 경혜,https://www.youtube.com/watch?v=kX8e9sFMDfc,혜리님 생일 기부 못지않는 최고의 릴스 감사해요
릴스,카리나 허락받고 올리는 릴스👯‍♀️ with 경혜,https://www.youtube.com/watch?v=kX8e9sFMDfc,옆에 장첸님 열심히추네
릴스,카리나 허락받고 올리는 릴스👯‍♀️ with 경혜,https://www.youtube.com/watch?v=kX8e9sFMDfc,오 이쁘네요 배경이
릴스,카리나 허락받고 올리는 릴스👯‍♀️ with 경혜,https://www.youtube.com/watch?v=kX8e9sFMDfc,"They’re so pretty, best friends 🥰🥰"
릴스,카리나 허락받고 올리는 릴스👯‍♀️ with 경혜,https://www.youtube.com/watch?v=kX8e9sFMDfc,너무 채미쇼 😅
릴스,카리나 허락받고 올리는 릴스👯‍♀️ with 경혜,https://www.youtube.com/watch?v=kX8e9sFMDfc,❤❤
릴스,카리나 허락받고 올리는 릴스👯‍♀️ with 경혜,https://www.youtube.com/watch?v=kX8e9sFMDfc,"<a href=""http://www.youtube.com/results?search_query=%23%EC%B9%B4%EB%A6%AC%EB%82%98"">#카리나</a>"
릴스,카리나 허락받고 올리는 릴스👯‍♀️ with 경혜,https://www.youtube.com/watch?v=kX8e9sFMDfc,❤Hyeri❤
릴스,카리나 허락받고 올리는 릴스👯‍♀️ with 경혜,https://www.youtube.com/watch?v=kX8e9sFMDfc,❤❤❤❤❤
릴스,카리나 허락받고 올리는 릴스👯‍♀️ with 경혜,https://www.youtube.com/watch?v=kX8e9sFMDfc,Divertido😂😂😂😂
릴스,카리나 허락받고 올리는 릴스👯‍♀️ with 경혜,https://www.youtube.com/watch?v=kX8e9sFMDfc,❤
릴스,카리나 허락받고 올리는 릴스👯‍♀️ with 경혜,https://www.youtube.com/watch?v=kX8e9sFMDfc,누나 몸치같아요
릴스,카리나 허락받고 올리는 릴스👯‍♀️ with 경혜,https://www.youtube.com/watch?v=kX8e9sFMDfc,혜리너무좋다
릴스,카리나 허락받고 올리는 릴스👯‍♀️ with 경혜,https://www.youtube.com/watch?v=kX8e9sFMDfc,기여운뎈ㅋㅋㅋㅋㅋㅋ카리나가 올리라고 잘했네😂😂
릴스,카리나 허락받고 올리는 릴스👯‍♀️ with 경혜,https://www.youtube.com/watch?v=kX8e9sFMDfc,ㅋㅋㅋㅋㅋㅋㅋ밈의제왕 숏츠박사 틱톡교수님 컨펌이 있었구나ㅋㅋㅋㅋㅋㅋ
릴스,카리나 허락받고 올리는 릴스👯‍♀️ with 경혜,https://www.youtube.com/watch?v=kX8e9sFMDfc,배경이 이쁘단 말이였구낰ㅋㅋㅋㅋㅋㅋㅋㅋㅋㅋㅋㅋㅋㅋㅋㅋㅋㅋㅋㅋㅋㅋㅋㅋㅋㅋㅋ
릴스,카리나 허락받고 올리는 릴스👯‍♀️ with 경혜,https://www.youtube.com/watch?v=kX8e9sFMDfc,언니 진짜 너무 예쁘고 해맑고 사랑스러워서 아무리 못 찍은 영상이여도 언니가 그냥 빛이나요
릴스,카리나 허락받고 올리는 릴스👯‍♀️ with 경혜,https://www.youtube.com/watch?v=kX8e9sFMDfc,❤
릴스,카리나 허락받고 올리는 릴스👯‍♀️ with 경혜,https://www.youtube.com/watch?v=kX8e9sFMDfc,👏🏻🥰😍
릴스,카리나 허락받고 올리는 릴스👯‍♀️ with 경혜,https://www.youtube.com/watch?v=kX8e9sFMDfc,뭐야~ 카리나씨 말대로 얼굴 예쁘게 잘 나왔네요~ 👍👍 유쾌하고 좋아요!! 😁👍
릴스,카리나 허락받고 올리는 릴스👯‍♀️ with 경혜,https://www.youtube.com/watch?v=kX8e9sFMDfc,❤❤❤❤❤❤
릴스,카리나 허락받고 올리는 릴스👯‍♀️ with 경혜,https://www.youtube.com/watch?v=kX8e9sFMDfc,Amei 🎉🎉🎉🎉🎉🎉🎉
릴스,카리나 허락받고 올리는 릴스👯‍♀️ with 경혜,https://www.youtube.com/watch?v=kX8e9sFMDfc,Grandi ❤
릴스,카리나 허락받고 올리는 릴스👯‍♀️ with 경혜,https://www.youtube.com/watch?v=kX8e9sFMDfc,เอ้อออ อดีตเกิร์ลกรุ๊ปสุดเซ็กซี่แห่งยุคนะคะ ถึงจะผันตัวมาเป็นตลกแล้วก็เถอะ
릴스,카리나 허락받고 올리는 릴스👯‍♀️ with 경혜,https://www.youtube.com/watch?v=kX8e9sFMDfc,카리나가 올리라던 그 예쁜영상 ㅋㅋㅋㅋㅋ예쁘네요
릴스,카리나 허락받고 올리는 릴스👯‍♀️ with 경혜,https://www.youtube.com/watch?v=kX8e9sFMDfc,귀엽드아아ㅏ아ㅏ 우정여햏ㅇ
릴스,카리나 허락받고 올리는 릴스👯‍♀️ with 경혜,https://www.youtube.com/watch?v=kX8e9sFMDfc,존나 사랑스럽고 귀엽고😊❤
릴스,카리나 허락받고 올리는 릴스👯‍♀️ with 경혜,https://www.youtube.com/watch?v=kX8e9sFMDfc,"아씨 귀여워 ㅋㅋㅋㅋㅋㅋㅋㅋㅋㅋㅋㅋ혜리 당신 일요일 밤에 직장인을 웃게 했어 최고야,,~🍀"
릴스,카리나 허락받고 올리는 릴스👯‍♀️ with 경혜,https://www.youtube.com/watch?v=kX8e9sFMDfc,😅😂😅😂😅😂😅😂😅😅😂
릴스,카리나 허락받고 올리는 릴스👯‍♀️ with 경혜,https://www.youtube.com/watch?v=kX8e9sFMDfc,"이 와중에 혜리 몸매 무슨 일, 예쁘다 ❤"
릴스,카리나 허락받고 올리는 릴스👯‍♀️ with 경혜,https://www.youtube.com/watch?v=kX8e9sFMDfc,혜리 비율 무슨일
릴스,카리나 허락받고 올리는 릴스👯‍♀️ with 경혜,https://www.youtube.com/watch?v=kX8e9sFMDfc,역광이라 안보여서그러는데 누구랑 누구인가요
릴스,카리나 허락받고 올리는 릴스👯‍♀️ with 경혜,https://www.youtube.com/watch?v=kX8e9sFMDfc,오래 걸으면 종아리 너무 땡겨서 진짜로 사려고 했는데 …. 당첨되면 좋겠네요 🙏🏻
릴스,카리나 허락받고 올리는 릴스👯‍♀️ with 경혜,https://www.youtube.com/watch?v=kX8e9sFMDfc,Soo-kyung and lee dam comeback!!😅
릴스,카리나 허락받고 올리는 릴스👯‍♀️ with 경혜,https://www.youtube.com/watch?v=kX8e9sFMDfc,❤😂 Hyeri is so damn hilarious and gorgeous
릴스,카리나 허락받고 올리는 릴스👯‍♀️ with 경혜,https://www.youtube.com/watch?v=kX8e9sFMDfc,우와 이쁘다 <br><br><br><br><br><br><br><br><br> 배경이 😅😅😅
릴스,카리나 허락받고 올리는 릴스👯‍♀️ with 경혜,https://www.youtube.com/watch?v=kX8e9sFMDfc,❤
릴스,카리나 허락받고 올리는 릴스👯‍♀️ with 경혜,https://www.youtube.com/watch?v=kX8e9sFMDfc,So cute hyeri love from Canada
릴스,카리나 허락받고 올리는 릴스👯‍♀️ with 경혜,https://www.youtube.com/watch?v=kX8e9sFMDfc,진짜 올리셧네(카리나 추천)ㅋㅋ 너무 좋은데요!!!
릴스,카리나 허락받고 올리는 릴스👯‍♀️ with 경혜,https://www.youtube.com/watch?v=kX8e9sFMDfc,이게  카리나 가수님한테 보여준 영상이 였군요 ㅎㅎ
릴스,카리나 허락받고 올리는 릴스👯‍♀️ with 경혜,https://www.youtube.com/watch?v=kX8e9sFMDfc,The duo that i needed❤
릴스,카리나 허락받고 올리는 릴스👯‍♀️ with 경혜,https://www.youtube.com/watch?v=kX8e9sFMDfc,이제야 올리시다니ㅋㅋㅋㅋㅋㅋ
릴스,카리나 허락받고 올리는 릴스👯‍♀️ with 경혜,https://www.youtube.com/watch?v=kX8e9sFMDfc,845. Lk❤ wowww🎉
릴스,카리나 허락받고 올리는 릴스👯‍♀️ with 경혜,https://www.youtube.com/watch?v=kX8e9sFMDfc,넘 귀여워요 😆
릴스,카리나 허락받고 올리는 릴스👯‍♀️ with 경혜,https://www.youtube.com/watch?v=kX8e9sFMDfc,우왕... 미모가 그늘에 가려서 아쉬워요 🤦
릴스,카리나 허락받고 올리는 릴스👯‍♀️ with 경혜,https://www.youtube.com/watch?v=kX8e9sFMDfc,멋진데 오홍~~ 혜리는 이쁘고 귀여워 ❤
릴스,카리나 허락받고 올리는 릴스👯‍♀️ with 경혜,https://www.youtube.com/watch?v=kX8e9sFMDfc,😍😍😍iloveyousomuchhyeri❤❤❤
릴스,카리나 허락받고 올리는 릴스👯‍♀️ with 경혜,https://www.youtube.com/watch?v=kX8e9sFMDfc,ㅋㅋㅋㅋㅋㅋㅋㅋㅋㅋㅋㅋㅋㅋ진짜 밝은 에너짘ㅋㅋㅋㅋㅋㅋㅋ
릴스,카리나 허락받고 올리는 릴스👯‍♀️ with 경혜,https://www.youtube.com/watch?v=kX8e9sFMDfc,예쁘네요~~배경이ㅋㅋㅋ
릴스,카리나 허락받고 올리는 릴스👯‍♀️ with 경혜,https://www.youtube.com/watch?v=kX8e9sFMDfc,하 두 분 여행 주기적으로 많이 다녀 주시면 안 될까요 정규 안 되면 스핀오프같은 컨텐츠로도 안 되나요 찐친 바이브 미쳤움 너무 재미있다...
릴스,카리나 허락받고 올리는 릴스👯‍♀️ with 경혜,https://www.youtube.com/watch?v=kX8e9sFMDfc,Yeah by Usher
릴스,카리나 허락받고 올리는 릴스👯‍♀️ with 경혜,https://www.youtube.com/watch?v=kX8e9sFMDfc,와 이거 드뎌 올렸네여 졸귀 ㅠㅠㅠㅠㅠ
릴스,카리나 허락받고 올리는 릴스👯‍♀️ with 경혜,https://www.youtube.com/watch?v=kX8e9sFMDfc,이제 올리시면 ㅋㅋㅋ
릴스,카리나 허락받고 올리는 릴스👯‍♀️ with 경혜,https://www.youtube.com/watch?v=kX8e9sFMDfc,이게 바로 카리나가 예쁘다고했던 그 영상이군요!!!!
릴스,카리나 허락받고 올리는 릴스👯‍♀️ with 경혜,https://www.youtube.com/watch?v=kX8e9sFMDfc,왜이제 올렷어요ㅋㅋ 궁금햇는데ㅋㅋ
릴스,카리나 허락받고 올리는 릴스👯‍♀️ with 경혜,https://www.youtube.com/watch?v=kX8e9sFMDfc,예쁘다~ 배경이...
릴스,카리나 허락받고 올리는 릴스👯‍♀️ with 경혜,https://www.youtube.com/watch?v=kX8e9sFMDfc,이쁘다 잘한다
릴스,카리나 허락받고 올리는 릴스👯‍♀️ with 경혜,https://www.youtube.com/watch?v=kX8e9sFMDfc,ヘリちゃんもギョンヘちゃんも最高！
릴스,카리나 허락받고 올리는 릴스👯‍♀️ with 경혜,https://www.youtube.com/watch?v=kX8e9sFMDfc,ㅋㅋㅋㅋㅋ드디어올리셨네요ㅋㅋ 귀여운데요?
릴스,카리나 허락받고 올리는 릴스👯‍♀️ with 경혜,https://www.youtube.com/watch?v=kX8e9sFMDfc,ㅋㅋㅋ이거보는내내귀여우셔가지공ㅋ파워풀댄스!!또업글해주세여계속계속!!!!!
릴스,카리나 허락받고 올리는 릴스👯‍♀️ with 경혜,https://www.youtube.com/watch?v=kX8e9sFMDfc,This duo together is really pretty
릴스,카리나 허락받고 올리는 릴스👯‍♀️ with 경혜,https://www.youtube.com/watch?v=kX8e9sFMDfc,goooood❤
릴스,카리나 허락받고 올리는 릴스👯‍♀️ with 경혜,https://www.youtube.com/watch?v=kX8e9sFMDfc,우아아아 릴스 내리다가 혜리가 방금 올린영상이 나오다니이이이 ❤❤❤
릴스,카리나 허락받고 올리는 릴스👯‍♀️ with 경혜,https://www.youtube.com/watch?v=kX8e9sFMDfc,Their dance and visuals are not a joke!! 😅😂🤣❤️
릴스,인스타그램 릴스 저녁 6시에 올리지마세요🙅🏻‍♂️ 댓글 확인!!,https://www.youtube.com/watch?v=9HU-uRq925Y,릴스 저녁 6시에 올리면 안되는 이유👇🏻<br><br>저는 인스타그램이 유튜브보다 훨씬 어렵다고 생각한 사람입니다.<br>하지만 이제 조금씩 생각이 바뀌고 있습니다.<br>드디어 인스타 콘텐츠들도 노출이 되고 있고<br>드디어 팔로우 1K를 눈앞에 두고 있습니다.<br>(감사합니다)<br><br>인스타를 빠르게 키우기 위해서 <br>열심히 알고리즘에 대해 공부하고<br>최대한 나의 릴스를 많이 노출시키기 위해<br>노력하시는 분들이 정말 많은 거 알고 있습니다.<br><br>오늘은 그런 분들과 같이 나누고 싶은 이야기에요.<br>알고리즘의 본질에 대해서 이야기하고 싶었습니다.<br><br>최근에 한 영상을 봤습니다. <br>해외의 SNS 마케팅 구루(권위자)가 이렇게 말하더군요.<br><br>알고리즘 좀 제발 신경쓰지마세요! <br>‘알고리즘’이 아니라 ‘어디언스’(청중)를 신경쓰세요!<br>알고리즘이 당신을 선택하더라도<br>어디언스(청중)가 여러분을 버린다면 <br>여러분의 콘텐츠는 죽을 것입니다.<br>하지만 어디언스가 당신을 선택한다면<br>알고리즘이 당신을 버려도 <br>당신은 더 많은 사람에게 확산될 겁니다. <br><br><br>저는 매일 1일 1릴스를 하고 있습니다. <br>무슨 일이 있어도 하루에 릴스를 하나 만들어서 올리고 있어요. <br><br>“1일 1릴스를 해라. 그럼 인스타그램이 너의 계정을 밀어줄 것이다”<br>라는 말을 들어서 시작한 건 아니에요. <br><br>저는 릴스를 만들어내는 생산성을 올리기 위해 <br>그리고 저의 콘텐츠 제작 습관을 만들기 위해 <br>1일 1릴스를 하고 있습니다. <br><br>시간은 정해진 시간 없이 막 올리고 있어요.<br>저녁 6시에 올리지 않아도 좋은 콘텐츠는 결국 확산 되더라궁.<br><br>우연히 이건 저녁 6시 피크타임에 올리게 됐네요;; <br><br>마지막으로<br>릴스 코치님들 죄송합니다😂 <br>어그로를 좀 끌어봤습니다..ㅎㅎ<br><br>SNS로 영향력을 키우고 싶다면<br>저를  구독하세요!
릴스,인스타그램 릴스 저녁 6시에 올리지마세요🙅🏻‍♂️ 댓글 확인!!,https://www.youtube.com/watch?v=9HU-uRq925Y,어차피 인스타는 허위광고 댓글부대세상
릴스,인스타그램 릴스 저녁 6시에 올리지마세요🙅🏻‍♂️ 댓글 확인!!,https://www.youtube.com/watch?v=9HU-uRq925Y,진짜 빠르게 스크롤 패싱당하는 구조상 인스타가 유튜브보다 훨씬 어려운것같아요
릴스,인스타그램 릴스 저녁 6시에 올리지마세요🙅🏻‍♂️ 댓글 확인!!,https://www.youtube.com/watch?v=9HU-uRq925Y,징딤하는데 컨테츠가 좋으면 조회수가 잘나옴
릴스,인스타그램 릴스 저녁 6시에 올리지마세요🙅🏻‍♂️ 댓글 확인!!,https://www.youtube.com/watch?v=9HU-uRq925Y,저 인스타에 최근에 올린 영상이 100만회가 넘었는데요..; 혹시 이럴때 더 자주 영상 올리는게 채널에 도움이 될까요?
릴스,인스타그램 릴스 저녁 6시에 올리지마세요🙅🏻‍♂️ 댓글 확인!!,https://www.youtube.com/watch?v=9HU-uRq925Y,올리고 싶을때 올리세요 그냥~
릴스,인스타그램 릴스 저녁 6시에 올리지마세요🙅🏻‍♂️ 댓글 확인!!,https://www.youtube.com/watch?v=9HU-uRq925Y,p.m.w.121011 9시 30분 쯤? 290만 뷰
릴스,인스타그램 릴스 저녁 6시에 올리지마세요🙅🏻‍♂️ 댓글 확인!!,https://www.youtube.com/watch?v=9HU-uRq925Y,근데 운빨이 존나큰듯
릴스,인스타그램 릴스 저녁 6시에 올리지마세요🙅🏻‍♂️ 댓글 확인!!,https://www.youtube.com/watch?v=9HU-uRq925Y,그 쓸데없는거 해서 뭐해요... 현실에 집중하는게 낫다고 봅니다
릴스,벌써 세 시간 째,https://www.youtube.com/watch?v=nSqNLM5orPo,Deep 진짜 진짜 최고예요!!! 👍😅
릴스,벌써 세 시간 째,https://www.youtube.com/watch?v=nSqNLM5orPo,플랭크를 하면서 릴스는 본느것도 좋겠군
릴스,벌써 세 시간 째,https://www.youtube.com/watch?v=nSqNLM5orPo,아니 닌자 뺨은 왜때리고 왜 돼지새끼라 하는 건데ㅋㅋ ㅋ
릴스,벌써 세 시간 째,https://www.youtube.com/watch?v=nSqNLM5orPo,배달어플을 2시간이나 보다니<br>나중에 직쏘 영화 찾아볼까
릴스,벌써 세 시간 째,https://www.youtube.com/watch?v=nSqNLM5orPo,넘넘 재밋어욬ㅋ ❤
릴스,벌써 세 시간 째,https://www.youtube.com/watch?v=nSqNLM5orPo,"<a href=""https://www.youtube.com/watch?v=nSqNLM5orPo&amp;t=311"">5:11</a> 이거 왜 결국 떡볶이로 돌아오냐면 고민하다가 헤비한 떡볶이도 먹을 수 잇을만큼 배고파져서임 ㅋㅋㅋㅋㅋㅋㅋㅋㅋㅋ"
릴스,벌써 세 시간 째,https://www.youtube.com/watch?v=nSqNLM5orPo,벌써 세 시간 째
릴스,벌써 세 시간 째,https://www.youtube.com/watch?v=nSqNLM5orPo,이 돼지야 ㅋㅋㅋ 흑돼지 같은 색 ㅋㅋㅋㅋㅋㅋ
릴스,벌써 세 시간 째,https://www.youtube.com/watch?v=nSqNLM5orPo,넌 이걸 보는 8분 21초동안 살아있었나?
릴스,벌써 세 시간 째,https://www.youtube.com/watch?v=nSqNLM5orPo,"<a href=""https://www.youtube.com/watch?v=nSqNLM5orPo&amp;t=198"">3:18</a> “나약한 돼지 새끼‘’ ㅋㅋㅋㅋㅋㅋㅋㅋㅋㅋㅋㅋㅋㅋㅋㅋㅋㅋㅋㅋㅋㅋ"
릴스,벌써 세 시간 째,https://www.youtube.com/watch?v=nSqNLM5orPo,이번화 메세지 진짜 좋다ㅠㅠㅜㅠ
릴스,벌써 세 시간 째,https://www.youtube.com/watch?v=nSqNLM5orPo,저런 아이디어는 어디서 나오는거임??
릴스,벌써 세 시간 째,https://www.youtube.com/watch?v=nSqNLM5orPo,오히려 난 이런거보다 일상 생활을 그대로 보여주는게 더 재밌는것같음
릴스,벌써 세 시간 째,https://www.youtube.com/watch?v=nSqNLM5orPo,혼자만의 시간을 위해 검색만 40분 했습니다 어떤 벌을 받나요..
릴스,벌써 세 시간 째,https://www.youtube.com/watch?v=nSqNLM5orPo,저건 내가 시킨거 아닌데ㅋㅋㅋㅋㅋㅋㅋㅋㅋㅋㅋ
릴스,벌써 세 시간 째,https://www.youtube.com/watch?v=nSqNLM5orPo,"<a href=""https://www.youtube.com/watch?v=nSqNLM5orPo&amp;t=197"">3:17</a> ㅋㅋㅋㅋ 개웃기네 ? 나오는거"
릴스,벌써 세 시간 째,https://www.youtube.com/watch?v=nSqNLM5orPo,이 편은 보는데 죄책감 들어서 끝까지 못 보겠어요.... 시험 끝나고 볼게요...
릴스,벌써 세 시간 째,https://www.youtube.com/watch?v=nSqNLM5orPo,배달은 밥고르다가 릴스보다가 시간 흐르다가 다시 밥먹어야지 생각해서 또 릴스보다가… 결국 밥때 놓쳐서 야식으로 먹음..
릴스,벌써 세 시간 째,https://www.youtube.com/watch?v=nSqNLM5orPo,난 띱 중독😛
릴스,벌써 세 시간 째,https://www.youtube.com/watch?v=nSqNLM5orPo,아니 ㅋㅋㅋ 혁준씨 ㅋㅋㅋㅋ 애드립 싸대기에요?? ㅋㅋㅋㅌ
릴스,벌써 세 시간 째,https://www.youtube.com/watch?v=nSqNLM5orPo,"시간 확인 하는게 습관이고 버릇이라 뭐든 시간 확인하고 2시간 이상 넘어가면 잠깐 폰 끄고 집안일하고 장보고 요리해서 먹는데<br>시간 남으면 뜨개질,책,자소서 쓰다가 진짜 할거 없어도.....<br><br><br><br><br><br>즐겁게 게임하지 하핳..."
릴스,벌써 세 시간 째,https://www.youtube.com/watch?v=nSqNLM5orPo,3시간!?!?! 난 1분도 안되는ㄷ..
릴스,벌써 세 시간 째,https://www.youtube.com/watch?v=nSqNLM5orPo,다들 밥 머먹을지 고민하다 2시간 버려본적  없음??
릴스,벌써 세 시간 째,https://www.youtube.com/watch?v=nSqNLM5orPo,스쿼트하면서 보고 있어용 ㅎㅎ
릴스,벌써 세 시간 째,https://www.youtube.com/watch?v=nSqNLM5orPo,근데 영화도 즐길려고 보는거고 릴스도 즐길려고 보는건데 영화보는거 많큼 릴스보면서 즐거우면 괜찮지 않나??<br>어짜피 이러나 저러나 나의 자유시간인데....내가 즐거우면 장땡이지...!!
릴스,벌써 세 시간 째,https://www.youtube.com/watch?v=nSqNLM5orPo,그럼 띱 보는것도 시간낭비인가요?
릴스,벌써 세 시간 째,https://www.youtube.com/watch?v=nSqNLM5orPo,"띱은 항상 교훈적인내용, 좋은 내용을 담고잇는게 너무좋늠"
릴스,벌써 세 시간 째,https://www.youtube.com/watch?v=nSqNLM5orPo,키야 공익광고네 걍
릴스,벌써 세 시간 째,https://www.youtube.com/watch?v=nSqNLM5orPo,"그러네.. 백금, 천금보다 소중한 지금을 아무 의미없이 보내고 있었네.... 띱도 이제 그만 봐야겠다"
릴스,벌써 세 시간 째,https://www.youtube.com/watch?v=nSqNLM5orPo,나도 이게 몇시간째인지...
릴스,벌써 세 시간 째,https://www.youtube.com/watch?v=nSqNLM5orPo,ㅋㅋㅋㅋㅋㅋㅋㅋㅋㅋㅋㅋㅋㅋㅋㅋㅋㅋㅋㅋㅋ
릴스,벌써 세 시간 째,https://www.youtube.com/watch?v=nSqNLM5orPo,"나도보고 조카도 보여줄영상,,,, ㅠㅠ사회풍자 굳.."
릴스,벌써 세 시간 째,https://www.youtube.com/watch?v=nSqNLM5orPo,전하고자 하는 메세지는 정말좋다. 내일은 절반 줄여서 쇼츠 8시간만 볼게요 감사합니다.
릴스,벌써 세 시간 째,https://www.youtube.com/watch?v=nSqNLM5orPo,아 진짜 띱 고마워
릴스,벌써 세 시간 째,https://www.youtube.com/watch?v=nSqNLM5orPo,"<a href=""https://www.youtube.com/watch?v=nSqNLM5orPo&amp;t=418"">6:58</a> 이렇게 밝은 시간에 눈뜨면서 저런 한가한 꿈 꾸고 일어나는 젊음이 부럽다"
릴스,벌써 세 시간 째,https://www.youtube.com/watch?v=nSqNLM5orPo,이 영상을 지금 꺼야되는거죠..?
릴스,벌써 세 시간 째,https://www.youtube.com/watch?v=nSqNLM5orPo,장편드라마 하나 해주셨으면 ㅠ💕
릴스,벌써 세 시간 째,https://www.youtube.com/watch?v=nSqNLM5orPo,감성  천재들
릴스,벌써 세 시간 째,https://www.youtube.com/watch?v=nSqNLM5orPo,무서웡.. 이제 띱 그만 봐야겠네...
릴스,벌써 세 시간 째,https://www.youtube.com/watch?v=nSqNLM5orPo,"<a href=""https://www.youtube.com/watch?v=nSqNLM5orPo&amp;t=331"">5:31</a> 두쫀쿠 먹으면서 보다가 빵터져서 코코아가루 날렸어욬ㅋㅋㄱㅋㅋㅋㅋㅋㄱ"
릴스,벌써 세 시간 째,https://www.youtube.com/watch?v=nSqNLM5orPo,근데 플랭크 1분이 진짜 힘듦ㅋㅋㅋ
릴스,벌써 세 시간 째,https://www.youtube.com/watch?v=nSqNLM5orPo,"<a href=""https://www.youtube.com/watch?v=nSqNLM5orPo&amp;t=390"">6:30</a> 킬링타임이라며 시간을 죽이다보면 결국 죽는 건 시간이 아니라 바로 너 자신이다 메모..."
릴스,벌써 세 시간 째,https://www.youtube.com/watch?v=nSqNLM5orPo,나도 이제 띱 그만 봐야겠다...
릴스,벌써 세 시간 째,https://www.youtube.com/watch?v=nSqNLM5orPo,이건 현시대 유튜브 공익광고협의회 선정 동영상으로 선정해서 각 나라 언어로 번역해서 구글 차원에서 배포해야 함 ㅋㅋㅋ
릴스,벌써 세 시간 째,https://www.youtube.com/watch?v=nSqNLM5orPo,저 정도면 선택 장애가 ㅎㅎㅎ
릴스,벌써 세 시간 째,https://www.youtube.com/watch?v=nSqNLM5orPo,진짜 알찹니다 ㅋㅋㅋㅋㅋㅋ
릴스,벌써 세 시간 째,https://www.youtube.com/watch?v=nSqNLM5orPo,So should we start watching @_deep at 2x speed now? 😂
릴스,벌써 세 시간 째,https://www.youtube.com/watch?v=nSqNLM5orPo,아 진짜 개존잼 ㅋㅋㅋㅋㅋㅋㅋㅋㅋㅋㅋㅋㅋㅋㅋㅋㅋㅋㅋㅋ
릴스,벌써 세 시간 째,https://www.youtube.com/watch?v=nSqNLM5orPo,윤태용이 연기 젤 잘하네
릴스,벌써 세 시간 째,https://www.youtube.com/watch?v=nSqNLM5orPo,띱이 특별한 이유는 일상의 단순한 소재를 단순하지 않게 표현해서인 것 같음
릴스,벌써 세 시간 째,https://www.youtube.com/watch?v=nSqNLM5orPo,"<a href=""https://www.youtube.com/watch?v=nSqNLM5orPo&amp;t=75"">1:15</a> 여기서 뭔가 화면밖에 우리한테도 말하는거같은 연출같네"
릴스,벌써 세 시간 째,https://www.youtube.com/watch?v=nSqNLM5orPo,이걸 샤워하면서 보고있는 내가 레전드...
릴스,벌써 세 시간 째,https://www.youtube.com/watch?v=nSqNLM5orPo,나도 꿈에서 투명의자했는데 현실에서  깨어나니깐 급똥마렵더라
릴스,벌써 세 시간 째,https://www.youtube.com/watch?v=nSqNLM5orPo,ㅋㅋㅋㅋㅋㅋ띱은 진짜 최고야 ㅋㅋㅋ 대체 어케 생각해내 이런거!! 전 모르죠. 주전자인데 ㅋㅋㅋㅋㅋㅋㅋㅋㅋ 넘 웃김 ㅋㅋㅋㅋ
릴스,벌써 세 시간 째,https://www.youtube.com/watch?v=nSqNLM5orPo,뺨은 왜때리는데 ㅋㅋㅋㅋㅋㅋㅋㅋㅋㅋㅋㅋㅋㅋㅋㅋㅋㅋㅋㅋㅋㅋ
릴스,벌써 세 시간 째,https://www.youtube.com/watch?v=nSqNLM5orPo,"<a href=""https://www.youtube.com/watch?v=nSqNLM5orPo&amp;t=179"">2:59</a> 아니.... 플랭크 하면서 릴스 보면 시간 진짜 느리게 가긴 함.....ㅎ....."
릴스,벌써 세 시간 째,https://www.youtube.com/watch?v=nSqNLM5orPo,규남이 옷 정보 아시는 분 있으실까요 🥹
릴스,벌써 세 시간 째,https://www.youtube.com/watch?v=nSqNLM5orPo,오늘 영상 요약: 띱 영상만 보아야한다
릴스,벌써 세 시간 째,https://www.youtube.com/watch?v=nSqNLM5orPo,앗 ... 띱 영상 릴스로 나오면 못보는거야...?
릴스,벌써 세 시간 째,https://www.youtube.com/watch?v=nSqNLM5orPo,뀨남이 가면쓰고 웃었다 무조건 ㅋㅋㅋㅋㅋㅋㅋㅋㅋㅋㅋㅋㅋㅋ
릴스,벌써 세 시간 째,https://www.youtube.com/watch?v=nSqNLM5orPo,작가가 누군지 몰라도 대박임 ㅎ
릴스,벌써 세 시간 째,https://www.youtube.com/watch?v=nSqNLM5orPo,지금 이거 보면서도 죽어있는 사람~~?
릴스,벌써 세 시간 째,https://www.youtube.com/watch?v=nSqNLM5orPo,아휴~!! 게임을 시작하지..
릴스,벌써 세 시간 째,https://www.youtube.com/watch?v=nSqNLM5orPo,가면 쓰고 있는거 규남님인듯 노트북은 혁준님
릴스,벌써 세 시간 째,https://www.youtube.com/watch?v=nSqNLM5orPo,태용님 블랙컴뱃 대표 검정닮앗어요
릴스,벌써 세 시간 째,https://www.youtube.com/watch?v=nSqNLM5orPo,베개에 수건깐거 디테일 좋다
릴스,벌써 세 시간 째,https://www.youtube.com/watch?v=nSqNLM5orPo,진짜 오늘 저래서 할말이 없다<br>차라리 잠이라도 잘걸 하…
릴스,벌써 세 시간 째,https://www.youtube.com/watch?v=nSqNLM5orPo,그거 알아요? 딸랑 에술 학교애 물미역썜 윤혁준임..ㄷㄷ
릴스,벌써 세 시간 째,https://www.youtube.com/watch?v=nSqNLM5orPo,아... 띱도 한번 보기 시작하면 다른거 또 보고 하게 되던데... 띱을 끊어야 하나.....
릴스,벌써 세 시간 째,https://www.youtube.com/watch?v=nSqNLM5orPo,뭔데 이거 16:9 고
릴스,벌써 세 시간 째,https://www.youtube.com/watch?v=nSqNLM5orPo,근데 띱은 조회수 100만은 기본이구나 짱이다
릴스,벌써 세 시간 째,https://www.youtube.com/watch?v=nSqNLM5orPo,요즘 김규남 &quot;디어 마이 엑스&quot; 나오는거 알고 있으면 개추ㅋㅋ
릴스,벌써 세 시간 째,https://www.youtube.com/watch?v=nSqNLM5orPo,진짜 일단 운동을 하면서 살아있음을 느끼라는 말 진짜 운동 자극된다 …(하루종일 누워있다가 저녁 9시가 된 사람이 말해요..) 운동 하러가야징 .. ❤ 띱 사랑해 나도 내일부턴 알차게 살께요 😊
릴스,벌써 세 시간 째,https://www.youtube.com/watch?v=nSqNLM5orPo,난 이걸보며 시간을 버리고있어?
릴스,벌써 세 시간 째,https://www.youtube.com/watch?v=nSqNLM5orPo,왜 닌자같이 뛰어오는건데 ㅋㅋㅋㅋㅋ
릴스,벌써 세 시간 째,https://www.youtube.com/watch?v=nSqNLM5orPo,마지막 아웃트로에 나오는 노래 제목이 뭔가요?
릴스,벌써 세 시간 째,https://www.youtube.com/watch?v=nSqNLM5orPo,좀전에 라디오에서 세분 목소리 들려서 한번 더 보러 왔어요 ㅋㅋ
릴스,벌써 세 시간 째,https://www.youtube.com/watch?v=nSqNLM5orPo,플랭크 팔이 저렇게 모이면 승모에 무리 가요 운동은 오래 해야되니까~ 조심하세요
릴스,벌써 세 시간 째,https://www.youtube.com/watch?v=nSqNLM5orPo,이게 마냥 웃을 영상은 아니야...  나도 이미 노예가 되어있는데..
릴스,벌써 세 시간 째,https://www.youtube.com/watch?v=nSqNLM5orPo,스마트폰에 중독되지말라는 영상을 스마트폰으로 보고잇다. 아이러니하네
릴스,벌써 세 시간 째,https://www.youtube.com/watch?v=nSqNLM5orPo,이제 이것도 안봐야지
릴스,벌써 세 시간 째,https://www.youtube.com/watch?v=nSqNLM5orPo,베개가 누렇네. 좀 빨아요 ㅋㅋㅋㅋㅋ
릴스,벌써 세 시간 째,https://www.youtube.com/watch?v=nSqNLM5orPo,릴스 그만 볼께요.. 으앙!!!
릴스,벌써 세 시간 째,https://www.youtube.com/watch?v=nSqNLM5orPo,저건 내가 시킨거아닌데 ㅋㅋㅋㅋㅋㅋㅋㅋㅋㅋㅋㅋㅋㅋㅋㅋㅋㅋ
릴스,벌써 세 시간 째,https://www.youtube.com/watch?v=nSqNLM5orPo,띱만 챙겨보고 열심히 현생 살면 되는 거죠?? 이번 편 좀 무섭다 ㅠㅠ
릴스,벌써 세 시간 째,https://www.youtube.com/watch?v=nSqNLM5orPo,띱 애청자로 오늘 본 8분21초는 가장 유익했다
릴스,벌써 세 시간 째,https://www.youtube.com/watch?v=nSqNLM5orPo,이번영상  출석체크 하러 왔습니다 😊  영상 다 봤으니  릴스 보러 가야지
릴스,벌써 세 시간 째,https://www.youtube.com/watch?v=nSqNLM5orPo,이건 아마 영상을 보고있는 우리에게 말하는게 아닐까
릴스,벌써 세 시간 째,https://www.youtube.com/watch?v=nSqNLM5orPo,본격 태용님 구르기 프로젝트 😂😂😂
릴스,벌써 세 시간 째,https://www.youtube.com/watch?v=nSqNLM5orPo,"릴스 볼 땐 스쿼트 하고 보고, 배달앱은 투명의자 하고 보면 괜찮다는 함의가 담겨있다고 하네요."
릴스,벌써 세 시간 째,https://www.youtube.com/watch?v=nSqNLM5orPo,"<a href=""https://www.youtube.com/watch?v=nSqNLM5orPo&amp;t=227"">3:47</a> 자세 개귀여웡 ㅋㅋㅋㅋ<br><br>아니 혁준이형이 직쏘 아니었어...?"
릴스,벌써 세 시간 째,https://www.youtube.com/watch?v=nSqNLM5orPo,진짜 와닿는 내용이네요 킬링타임 시간이 아니라 나를 죽인다...
릴스,벌써 세 시간 째,https://www.youtube.com/watch?v=nSqNLM5orPo,규남이 눈빛연기 미쳤다...넘 멋있어요 16:8로 찍으신건가요? 화면도 연기도 진짜 영화같음 ㄷㄷ
릴스,벌써 세 시간 째,https://www.youtube.com/watch?v=nSqNLM5orPo,배달?? 아! 배달은 괘잖을거야 그래 괜찮아!<br><br>2시간 시작 ㅋㅋㅋㅋㅋㅋㅋㅋㅋㅋㅋㅋㅋㅋㅋㅋㅋㅋㅋㅋㅋㅋㅋㅋㅋㅋㅋㅋㅋㅋㅋㅋㅋㅋㅋㅋㅋㅋㅋㅋㅋㅋㅋㅋㅋㅋㅋㅋㅋㅋㅋㅋㅋㅋㅋㅋㅋㅋㅋㅋㅋㅋㅋㅋㅋ
릴스,벌써 세 시간 째,https://www.youtube.com/watch?v=nSqNLM5orPo,ㅋㅋㅋㅋㅋㅋ 저건 내가 시킨게 아닌데 ㅋㅋㅋㅋㅋ
릴스,벌써 세 시간 째,https://www.youtube.com/watch?v=nSqNLM5orPo,아하 평소에도 많이 먹고 릴스만 잔뜩 보니까 그걸 돌려까기 위해 이 단편 영화를 만든거구나?
릴스,벌써 세 시간 째,https://www.youtube.com/watch?v=nSqNLM5orPo,얼굴은 직쏜데 자꾸 규남이 목소리랑 얼굴이 떠올라 ㅋㅋㅋㅋㅋㅋㅋㅋㅋㅋ
릴스,벌써 세 시간 째,https://www.youtube.com/watch?v=nSqNLM5orPo,"<a href=""https://www.youtube.com/watch?v=nSqNLM5orPo&amp;t=475"">7:55</a> 아휴"
릴스,벌써 세 시간 째,https://www.youtube.com/watch?v=nSqNLM5orPo,직쏘를 제압하면되쟈ㅋㅋ
릴스,벌써 세 시간 째,https://www.youtube.com/watch?v=nSqNLM5orPo,전 띱을 보면서 시간을 죽이는 돼지인가요...?ㅎㅎ
릴스,벌써 세 시간 째,https://www.youtube.com/watch?v=nSqNLM5orPo,굉장히 교훈적인데 걍 웃김ㅠㅠㅠㅠ
릴스,벌써 세 시간 째,https://www.youtube.com/watch?v=nSqNLM5orPo,띱은 진짜 볼때마다 퀄리티가 올라가는것 같네요
릴스,벌써 세 시간 째,https://www.youtube.com/watch?v=nSqNLM5orPo,선택장애들한테 너무 잔인한 영상이네요
릴스,벌써 세 시간 째,https://www.youtube.com/watch?v=nSqNLM5orPo,"<a href=""https://www.youtube.com/watch?v=nSqNLM5orPo&amp;t=311"">5:11</a> 여기는 현실성 제로인거 알지 아무리 결정장애여도 배민 2시간은 ㅈㄹ이다"
릴스,벌써 세 시간 째,https://www.youtube.com/watch?v=nSqNLM5orPo,릴스도 릴슨데 그냥 유튜브 자체로 몇시간을 봐서 잠을 설치긴 함..<br>아 안되겠다. 폰 볼 시간을 조금이라도 줄이기 위해서 긴축구독을 해야지. 일단 이거부터 ㅋㅋㅋ
릴스,벌써 세 시간 째,https://www.youtube.com/watch?v=nSqNLM5orPo,8분 버릴까봐 안 봤습니다
릴스,벌써 세 시간 째,https://www.youtube.com/watch?v=nSqNLM5orPo,띱채널은그럼?.....
릴스,벌써 세 시간 째,https://www.youtube.com/watch?v=nSqNLM5orPo,ㄷㄷㄷ이영상은 주기적으로 봐야겠다
릴스,벌써 세 시간 째,https://www.youtube.com/watch?v=nSqNLM5orPo,Kudos to you guys highlighting the most prominent issue all of us are having! Better to reflect on that.🙌
릴스,벌써 세 시간 째,https://www.youtube.com/watch?v=nSqNLM5orPo,난 아무런죄가 없겠군 ㅋㅋ 릴스가 뭔지도 모르는 아재.. ㅋㅋ
릴스,벌써 세 시간 째,https://www.youtube.com/watch?v=nSqNLM5orPo,엄지 운동 많이 된다
릴스,벌써 세 시간 째,https://www.youtube.com/watch?v=nSqNLM5orPo,26년 1일부터 매일 릴스 1시간 이상은 본거같은데  그렇게 이번달 치면 릴스만 하루넘게 본거네... 좋은 깨달음 영상 고맙습니다
릴스,벌써 세 시간 째,https://www.youtube.com/watch?v=nSqNLM5orPo,보다 현타와서 끔
릴스,벌써 세 시간 째,https://www.youtube.com/watch?v=nSqNLM5orPo,오늘나에게 인생의 교훈을 주신 띱 세분에게 감사를 ㅍ표합니다.
릴스,벌써 세 시간 째,https://www.youtube.com/watch?v=nSqNLM5orPo,솔직히 플랭크할때 릴스보여주면 시간순삭이다
릴스,벌써 세 시간 째,https://www.youtube.com/watch?v=nSqNLM5orPo,ok that&#39;s deep
릴스,벌써 세 시간 째,https://www.youtube.com/watch?v=nSqNLM5orPo,띱 쇼츠는 어떻게 하죠...?
릴스,벌써 세 시간 째,https://www.youtube.com/watch?v=nSqNLM5orPo,교훈도 있고 재미도 있고 진짜 띱은 천재얌👏👏
릴스,벌써 세 시간 째,https://www.youtube.com/watch?v=nSqNLM5orPo,개가 똥을 끊지
릴스,벌써 세 시간 째,https://www.youtube.com/watch?v=nSqNLM5orPo,내시간 8분이 낭비되엇다 😢
릴스,벌써 세 시간 째,https://www.youtube.com/watch?v=nSqNLM5orPo,"<a href=""https://www.youtube.com/watch?v=nSqNLM5orPo&amp;t=919"">15:19</a> 가기전에 따귀 때리는게 은근 킹받네 ㅋㅋ 글구 <a href=""https://www.youtube.com/watch?v=nSqNLM5orPo&amp;t=331"">5:31</a> 뭐야 ㅋㅋ 태용님한테 원한이라도?? ㅋㅋ"
릴스,벌써 세 시간 째,https://www.youtube.com/watch?v=nSqNLM5orPo,아 규남인줄몰랐는데 댓글 스포당했네 ....
릴스,벌써 세 시간 째,https://www.youtube.com/watch?v=nSqNLM5orPo,유튭도 끊어야겠다.
릴스,벌써 세 시간 째,https://www.youtube.com/watch?v=nSqNLM5orPo,"이거 보느라 <a href=""https://www.youtube.com/watch?v=nSqNLM5orPo&amp;t=501"">8:21</a> 죽었다"
릴스,벌써 세 시간 째,https://www.youtube.com/watch?v=nSqNLM5orPo,태용이형 이쁘다
릴스,벌써 세 시간 째,https://www.youtube.com/watch?v=nSqNLM5orPo,와 인스타 계정 삭제하고 지우니까 이영상이 올라왔네요😂😂😂 진짜 교훈 제대로 받고 갑니다!! 감사합니다😊😊
릴스,벌써 세 시간 째,https://www.youtube.com/watch?v=nSqNLM5orPo,Omg this is so good and it was very much needed also. Totally loved it ❤️
릴스,벌써 세 시간 째,https://www.youtube.com/watch?v=nSqNLM5orPo,아... 이제 띱 구독 취소하고 일상으로 돌아가야겠다....
릴스,벌써 세 시간 째,https://www.youtube.com/watch?v=nSqNLM5orPo,하 이걸 보는 나도 롱폼 중독에다가 릴스 중독에다가 아 핸드폰 꺼야하는데 큰일 났넹 못 끊겠어!! 릴스 너무 많이 봐 진짜 ㅠ 방학이라고 더 보는 것같음 이걸 이렇게 드라마틱하게 만드는것도 겁나 레전드긴해! 영화2시간이랑 릴스 2시간이나 체감상 너무 다른건 너무 잘 표현하심..
릴스,벌써 세 시간 째,https://www.youtube.com/watch?v=nSqNLM5orPo,우리 너무 편한 세상에 살고있는거 맞지 ? ㅋ
릴스,벌써 세 시간 째,https://www.youtube.com/watch?v=nSqNLM5orPo,와 철학적이다 … 너무 좋다 🖤
릴스,벌써 세 시간 째,https://www.youtube.com/watch?v=nSqNLM5orPo,pc 시청자를 배려해서 이 비율로 안찍었으면 좋겠다..
릴스,벌써 세 시간 째,https://www.youtube.com/watch?v=nSqNLM5orPo,자야되는데 지금 나인데
릴스,벌써 세 시간 째,https://www.youtube.com/watch?v=nSqNLM5orPo,릴스는 시간날때 잠깐 몇분보는게 맞긴함 근데 요즘은 다들 몇시간씩 붙잡고 해야될걸 못하니까 그렇지..이번 영상은 교훈넘쳤다 ㄹㅇ
릴스,벌써 세 시간 째,https://www.youtube.com/watch?v=nSqNLM5orPo,찐공감 ㅋㅋㅋ 특히 배달음식 리뷰 ㅋㅋㅋ
릴스,벌써 세 시간 째,https://www.youtube.com/watch?v=nSqNLM5orPo,"<a href=""https://www.youtube.com/watch?v=nSqNLM5orPo&amp;t=442"">7:22</a> 아ㅋㅎㅋㅎ 너무 공감되네요..! 😂 이번 방학동안 알차게 보네볼게요..!☺️"
릴스,벌써 세 시간 째,https://www.youtube.com/watch?v=nSqNLM5orPo,킬링타임은 시간을 죽이는 것이 아니라 나를 죽이는 것이다!! 명언이다
릴스,벌써 세 시간 째,https://www.youtube.com/watch?v=nSqNLM5orPo,다시는 너희 채널을 보면서 시간낭비 하지 않을게 고마워 <br>다시한번 일깨워줘서
릴스,벌써 세 시간 째,https://www.youtube.com/watch?v=nSqNLM5orPo,썸네일 이수지인줄ㅋㅋㅋㅋㅋㅋㅋㅋㅋㅋㅋㅋㅋㅋㅋ
릴스,벌써 세 시간 째,https://www.youtube.com/watch?v=nSqNLM5orPo,요즘 나다
릴스,벌써 세 시간 째,https://www.youtube.com/watch?v=nSqNLM5orPo,"<a href=""https://www.youtube.com/watch?v=nSqNLM5orPo&amp;t=329"">5:29</a> ㅋㅋㅋㅋㅋㅋㅋㅋㅋㅋㅋㅋㅋㅋㅋㅋㅋㅋㅋㅋㅋㅋㅋㅋㅋㅋㅋㅋㅋㅋ아 겁나 요란하게 등장하는 것도 웃겨죽겠는데ㅋㅋㅋㅋㅋㅋㅋㅋㅋㅋㅋㅋㅋㅋ 저건 내가 시킨 게 아니랰ㅋㅋㅋㅋㅋ아 ㅋㅋㅋㅋㅋㅋㅋㅋㅋㅋㅋㅋ"
릴스,벌써 세 시간 째,https://www.youtube.com/watch?v=nSqNLM5orPo,와… 소름이다 지쨔😮😮😮😮😮
릴스,벌써 세 시간 째,https://www.youtube.com/watch?v=nSqNLM5orPo,이번 편을 썸네일 보자마자 아 약간 쿼카오빠가 누워서 릴스보다가 시간보고 아 뭐야 시간이 이렇게나 지났다고? 하는 시나리오겠지? 내 하루를 똑같이 박아놓은 영상이겠구나 했는데 직소 나오자마자 개터짐 ㅋㅎㅋㅎㅋㅎ ㅠㅠㅠ
릴스,벌써 세 시간 째,https://www.youtube.com/watch?v=nSqNLM5orPo,극공감... 다 들 알고 있지먀...
릴스,벌써 세 시간 째,https://www.youtube.com/watch?v=nSqNLM5orPo,처음은 재밌었는데ㅠㅠ 재탕 ㅠㅠ
릴스,벌써 세 시간 째,https://www.youtube.com/watch?v=nSqNLM5orPo,오늘부터 구독도 해지하고 유튜브도 삭제해야겠다<br>덕분에 감사합니다
릴스,벌써 세 시간 째,https://www.youtube.com/watch?v=nSqNLM5orPo,"<a href=""https://www.youtube.com/watch?v=nSqNLM5orPo&amp;t=40"">0:40</a> 규남씨 목소리가 들리는 느낌인데요???ㅋㅋㅋㅋㅋㅋㅋㅋㅋㅋㅋㅋㅋㅋㅋㅋㅋㅋㅋㅋㅋㅋㅋㅋ 귀여워ㅋㅋㅋ"
릴스,벌써 세 시간 째,https://www.youtube.com/watch?v=nSqNLM5orPo,생각해보니까 지금까지 봐왔던 릴스시간만해도 1년은 넘겠다...이제 줄여야징...
릴스,벌써 세 시간 째,https://www.youtube.com/watch?v=nSqNLM5orPo,존나 의미있는 내용이네ㅋㅋ
릴스,벌써 세 시간 째,https://www.youtube.com/watch?v=nSqNLM5orPo,잘봤습니다
릴스,벌써 세 시간 째,https://www.youtube.com/watch?v=nSqNLM5orPo,띱 영상 완전 킬링타임용이네~
릴스,벌써 세 시간 째,https://www.youtube.com/watch?v=nSqNLM5orPo,"띱 릴스좀 그만 보라는 뜻인가요,,,,,,,,,,,,,,,,,,,,,"
릴스,벌써 세 시간 째,https://www.youtube.com/watch?v=nSqNLM5orPo,내가 릴스 본 시간만큼 플랭크를 한다면 사이타마가 될 거 같은데..
릴스,벌써 세 시간 째,https://www.youtube.com/watch?v=nSqNLM5orPo,"릴스 아니고 띱 영상보면서 나는 시간 낭비하고 있다... 구독, 조...좋아요.."
릴스,벌써 세 시간 째,https://www.youtube.com/watch?v=nSqNLM5orPo,"반성을 하게되는 영상이지만,, <br>바뀌지않을것같군..ㅠ"
릴스,벌써 세 시간 째,https://www.youtube.com/watch?v=nSqNLM5orPo,"<a href=""https://www.youtube.com/watch?v=nSqNLM5orPo&amp;t=236"">3:56</a> 이거 구도 너무 폭력적이네요 ㅋㅋㅋㅋㅋㅋ"
릴스,벌써 세 시간 째,https://www.youtube.com/watch?v=nSqNLM5orPo,나만 이렇게 시간 보내는줄 알았는데..
릴스,벌써 세 시간 째,https://www.youtube.com/watch?v=nSqNLM5orPo,퀄리티가 갈수록 느네.. 나만 알고 싶은 유튜번데 언제 이렇게 유명해진 거야 ㅠ
릴스,벌써 세 시간 째,https://www.youtube.com/watch?v=nSqNLM5orPo,죽은시간을 없애기위해 구취하고갑니다~
릴스,벌써 세 시간 째,https://www.youtube.com/watch?v=nSqNLM5orPo,"<a href=""https://www.youtube.com/watch?v=nSqNLM5orPo&amp;t=210"">3:30</a> 이건그냥 돼지라고 욕하는거잖아욬ㅋㅋㅋㅋ큐ㅠㅠㅠ큐큐큐큐ㅠㅠ"
릴스,벌써 세 시간 째,https://www.youtube.com/watch?v=nSqNLM5orPo,경종을 울리는 영상이네요😢
릴스,벌써 세 시간 째,https://www.youtube.com/watch?v=nSqNLM5orPo,이 영상도 곧 릴스 짤로 돌겠네ㅋ
릴스,벌써 세 시간 째,https://www.youtube.com/watch?v=nSqNLM5orPo,명작.
릴스,벌써 세 시간 째,https://www.youtube.com/watch?v=nSqNLM5orPo,역시 그냥 등장하지 않을 줄 알았어 직쏘규남이 ㅋㅋㅋㅋㅋㅋㅋㅋㅋㅋㅋ
릴스,벌써 세 시간 째,https://www.youtube.com/watch?v=nSqNLM5orPo,쿼카 괴롭히지 마!
릴스,벌써 세 시간 째,https://www.youtube.com/watch?v=nSqNLM5orPo,와 몰입감 때문에 이번 영상 평소보다 길다고 생각했는데 8분..? 체감 시간 두 배나 되는 이 알찬 컨텐츠를 이 짧은 시간에 효율적으로 뇌리에 박아넣을 수 있다니.. 릴스 볼 시간에 띱 본다;
릴스,벌써 세 시간 째,https://www.youtube.com/watch?v=nSqNLM5orPo,아주 알차게 보낸 8분21초^^
릴스,벌써 세 시간 째,https://www.youtube.com/watch?v=nSqNLM5orPo,그러니깐 씻기전에 띱 정주행을 틀었어야지...
릴스,벌써 세 시간 째,https://www.youtube.com/watch?v=nSqNLM5orPo,노잼
릴스,벌써 세 시간 째,https://www.youtube.com/watch?v=nSqNLM5orPo,"<a href=""https://www.youtube.com/watch?v=nSqNLM5orPo&amp;t=197"">03:17</a> 나약한돼지새끼 이돼지야 꿀돼지같은새끼 ㅋㅋㅋㅋㅋㅋㅋㅋㅋㅋㅋㅋㅋㅋㅋㅋㅋㅋㅋ개웃기네 진짜😂"
릴스,벌써 세 시간 째,https://www.youtube.com/watch?v=nSqNLM5orPo,근데 보는 내내 개찔림...
릴스,벌써 세 시간 째,https://www.youtube.com/watch?v=nSqNLM5orPo,ㄴㅈ
릴스,벌써 세 시간 째,https://www.youtube.com/watch?v=nSqNLM5orPo,초반 아이씨 부터 걍 터졌음...
릴스,벌써 세 시간 째,https://www.youtube.com/watch?v=nSqNLM5orPo,좋은 영상 감사합니다<br>그런 의미로 시간을 아끼기 위해 구독을 해제하겠습니다ㅋㅋㅋㅋㅋㅋㅋㅋ
릴스,벌써 세 시간 째,https://www.youtube.com/watch?v=nSqNLM5orPo,띱 릴스 못보겠다😂
릴스,벌써 세 시간 째,https://www.youtube.com/watch?v=nSqNLM5orPo,한숨쉬는 규남 직쏘 귀여워...
릴스,벌써 세 시간 째,https://www.youtube.com/watch?v=nSqNLM5orPo,이번편은 웃으면서 볼수는 없었어요
릴스,벌써 세 시간 째,https://www.youtube.com/watch?v=nSqNLM5orPo,교훈대로 유튜브 이제 안보겠습니다 <br>띱 안녕
릴스,벌써 세 시간 째,https://www.youtube.com/watch?v=nSqNLM5orPo,김규남 오늘 좀 이쁘다
릴스,벌써 세 시간 째,https://www.youtube.com/watch?v=nSqNLM5orPo,이 영상보니까 이제 유튜브도 안봐야겟네...
릴스,벌써 세 시간 째,https://www.youtube.com/watch?v=nSqNLM5orPo,쿼카 인형 집에 많은거 왤케 웃기지...? ㅋㅋㅋㅋㅋ
릴스,벌써 세 시간 째,https://www.youtube.com/watch?v=nSqNLM5orPo,규남님 진짜 이쁘다
릴스,벌써 세 시간 째,https://www.youtube.com/watch?v=nSqNLM5orPo,망해가는 한국에서 뭐 중독이면 어때
릴스,벌써 세 시간 째,https://www.youtube.com/watch?v=nSqNLM5orPo,겨우 3시간???
릴스,벌써 세 시간 째,https://www.youtube.com/watch?v=nSqNLM5orPo,"<a href=""https://www.youtube.com/watch?v=nSqNLM5orPo&amp;t=328"">5:28</a> 규남이 말투네ㅋㅋㅋㄱㅋㅋ"
릴스,벌써 세 시간 째,https://www.youtube.com/watch?v=nSqNLM5orPo,난 스토리 올려도 16시간애 100넘으면 감사한데 70만 …?  ㅈㄴ 부럽네 ..
릴스,벌써 세 시간 째,https://www.youtube.com/watch?v=nSqNLM5orPo,아 규남이 얼굴없이 8분 지났네 하..
릴스,벌써 세 시간 째,https://www.youtube.com/watch?v=nSqNLM5orPo,"이 영상을 보고난 후, 띱 채널을 구독해제 하였습니다. 감사합니다."
릴스,벌써 세 시간 째,https://www.youtube.com/watch?v=nSqNLM5orPo,선생님들…. 진짜 뼈 아파서 못보겠어요………….ㅜㅜㅜㅜㅠ
릴스,벌써 세 시간 째,https://www.youtube.com/watch?v=nSqNLM5orPo,화면비율바꾼거 좋네요 😊
릴스,벌써 세 시간 째,https://www.youtube.com/watch?v=nSqNLM5orPo,"<a href=""https://www.youtube.com/watch?v=nSqNLM5orPo&amp;t=197"">3:17</a> ???"
릴스,벌써 세 시간 째,https://www.youtube.com/watch?v=nSqNLM5orPo,"<a href=""https://www.youtube.com/watch?v=nSqNLM5orPo&amp;t=226"">3:46</a> 이거 자세 왜케 웃기냐 ㅋㅋㅋㅋ"
릴스,벌써 세 시간 째,https://www.youtube.com/watch?v=nSqNLM5orPo,"<a href=""https://www.youtube.com/watch?v=nSqNLM5orPo&amp;t=144"">2:24</a>, 여기서 조진세처럼 자체 타입랩스 했으면 개웃겼을거같음 ㅋㅋㅋㅋㅋㅋㅋㅋㅋㅋㅋㅋㅋㅋ"
릴스,벌써 세 시간 째,https://www.youtube.com/watch?v=nSqNLM5orPo,규남직쏘때메 메이킹필름이 더 기대됨 ㅋㅋㅋ
릴스,벌써 세 시간 째,https://www.youtube.com/watch?v=nSqNLM5orPo,진짜 묶여져 있나요? 비하인드 보여주새욬
릴스,벌써 세 시간 째,https://www.youtube.com/watch?v=nSqNLM5orPo,"<a href=""https://www.youtube.com/watch?v=nSqNLM5orPo&amp;t=169"">2:49</a> <a href=""https://www.youtube.com/watch?v=nSqNLM5orPo&amp;t=171"">2:51</a> 머리 옥에티!!"
릴스,벌써 세 시간 째,https://www.youtube.com/watch?v=nSqNLM5orPo,아... 띱때문에 플랭크 8분20초 추가됐네..하
릴스,벌써 세 시간 째,https://www.youtube.com/watch?v=nSqNLM5orPo,어떻게 릴스를 세시간이나봐?….. 재미도없고 생산적이지도않고.
릴스,벌써 세 시간 째,https://www.youtube.com/watch?v=nSqNLM5orPo,이렇게 잡혀갈수도 있으니까 이제 띱 보는거 그만해야겠다.....ㅠㅠ 그동안 고마웠어.... 띱.....
릴스,벌써 세 시간 째,https://www.youtube.com/watch?v=nSqNLM5orPo,항상 보면서 생각한적없이 재밋다만 생각햇는데 연기 엄청 잘하시네여 놀랫음진심
릴스,#스토리방 릴스 ai 인지 사람인지 헷깔림 dance music 릴스챌린지 뮤직 이쁜여자,https://www.youtube.com/watch?v=tFePzSW3AVE,Very beautiful young woman and entertainment and outfits and dancing ❤️🤩💓😍
릴스,#스토리방 릴스 ai 인지 사람인지 헷깔림 dance music 릴스챌린지 뮤직 이쁜여자,https://www.youtube.com/watch?v=tFePzSW3AVE,이분 이름이 뭔가요?<br>이 영상이 너무 이쁘게 나와서 화제가 됐는데 막상 다른영상 찾아보면 깬다던데 나도 깨고싶다.
릴스,#스토리방 릴스 ai 인지 사람인지 헷깔림 dance music 릴스챌린지 뮤직 이쁜여자,https://www.youtube.com/watch?v=tFePzSW3AVE,예뻐요🎉🎉🎉
릴스,#스토리방 릴스 ai 인지 사람인지 헷깔림 dance music 릴스챌린지 뮤직 이쁜여자,https://www.youtube.com/watch?v=tFePzSW3AVE,같은 여자가 봐도 천상계인데요???실제인물 맞으시나요??<br>귀염.프리티.섹시.요염. 다 가지셨네요..부럽
릴스,#스토리방 릴스 ai 인지 사람인지 헷깔림 dance music 릴스챌린지 뮤직 이쁜여자,https://www.youtube.com/watch?v=tFePzSW3AVE,"Boa toda, venha pro baiano, que eu te ensino a ser gente"
릴스,#스토리방 릴스 ai 인지 사람인지 헷깔림 dance music 릴스챌린지 뮤직 이쁜여자,https://www.youtube.com/watch?v=tFePzSW3AVE,il n&#39;y a que les vêtements qui change !!!!!! de la PUB
릴스,#스토리방 릴스 ai 인지 사람인지 헷깔림 dance music 릴스챌린지 뮤직 이쁜여자,https://www.youtube.com/watch?v=tFePzSW3AVE,❤❤❤❤❤
릴스,#스토리방 릴스 ai 인지 사람인지 헷깔림 dance music 릴스챌린지 뮤직 이쁜여자,https://www.youtube.com/watch?v=tFePzSW3AVE,The desperate simps love this low quality AI 😂
릴스,#스토리방 릴스 ai 인지 사람인지 헷깔림 dance music 릴스챌린지 뮤직 이쁜여자,https://www.youtube.com/watch?v=tFePzSW3AVE,WOW
릴스,#스토리방 릴스 ai 인지 사람인지 헷깔림 dance music 릴스챌린지 뮤직 이쁜여자,https://www.youtube.com/watch?v=tFePzSW3AVE,Дуже красиво від чудової красуні з чарівними очами та чарівною посмішкою ❤❤❤🎉🎉🎉😊😊😊
릴스,#스토리방 릴스 ai 인지 사람인지 헷깔림 dance music 릴스챌린지 뮤직 이쁜여자,https://www.youtube.com/watch?v=tFePzSW3AVE,黒衣装も素敵です～❤
릴스,#스토리방 릴스 ai 인지 사람인지 헷깔림 dance music 릴스챌린지 뮤직 이쁜여자,https://www.youtube.com/watch?v=tFePzSW3AVE,I would love to dance with you 😊
릴스,#스토리방 릴스 ai 인지 사람인지 헷깔림 dance music 릴스챌린지 뮤직 이쁜여자,https://www.youtube.com/watch?v=tFePzSW3AVE,노래제목이 뭐죠?
릴스,#스토리방 릴스 ai 인지 사람인지 헷깔림 dance music 릴스챌린지 뮤직 이쁜여자,https://www.youtube.com/watch?v=tFePzSW3AVE,잘한다...
릴스,#스토리방 릴스 ai 인지 사람인지 헷깔림 dance music 릴스챌린지 뮤직 이쁜여자,https://www.youtube.com/watch?v=tFePzSW3AVE,🍫🍫
릴스,#스토리방 릴스 ai 인지 사람인지 헷깔림 dance music 릴스챌린지 뮤직 이쁜여자,https://www.youtube.com/watch?v=tFePzSW3AVE,이 음악만 나오면 당신이 생각나는 이유가 뭘까요?  직접보고싶네요
릴스,#스토리방 릴스 ai 인지 사람인지 헷깔림 dance music 릴스챌린지 뮤직 이쁜여자,https://www.youtube.com/watch?v=tFePzSW3AVE,Смотреть можно бесконечно ❤❤❤🎉🎉🎉❤
릴스,#스토리방 릴스 ai 인지 사람인지 헷깔림 dance music 릴스챌린지 뮤직 이쁜여자,https://www.youtube.com/watch?v=tFePzSW3AVE,이건 ai아니죠?
릴스,#스토리방 릴스 ai 인지 사람인지 헷깔림 dance music 릴스챌린지 뮤직 이쁜여자,https://www.youtube.com/watch?v=tFePzSW3AVE,I❤u all the time but u don&#39;t ❤me😢
릴스,#스토리방 릴스 ai 인지 사람인지 헷깔림 dance music 릴스챌린지 뮤직 이쁜여자,https://www.youtube.com/watch?v=tFePzSW3AVE,Look at the view behind her.
릴스,#스토리방 릴스 ai 인지 사람인지 헷깔림 dance music 릴스챌린지 뮤직 이쁜여자,https://www.youtube.com/watch?v=tFePzSW3AVE,니가 왜 중공이냐고…
릴스,#스토리방 릴스 ai 인지 사람인지 헷깔림 dance music 릴스챌린지 뮤직 이쁜여자,https://www.youtube.com/watch?v=tFePzSW3AVE,OMG what a cute girl!😊
릴스,#스토리방 릴스 ai 인지 사람인지 헷깔림 dance music 릴스챌린지 뮤직 이쁜여자,https://www.youtube.com/watch?v=tFePzSW3AVE,Lo más lindo de ella es no tatuajes
릴스,#스토리방 릴스 ai 인지 사람인지 헷깔림 dance music 릴스챌린지 뮤직 이쁜여자,https://www.youtube.com/watch?v=tFePzSW3AVE,La mejor creación de dios es la mujer
릴스,#스토리방 릴스 ai 인지 사람인지 헷깔림 dance music 릴스챌린지 뮤직 이쁜여자,https://www.youtube.com/watch?v=tFePzSW3AVE,Wow 😊
릴스,#스토리방 릴스 ai 인지 사람인지 헷깔림 dance music 릴스챌린지 뮤직 이쁜여자,https://www.youtube.com/watch?v=tFePzSW3AVE,😊
릴스,#스토리방 릴스 ai 인지 사람인지 헷깔림 dance music 릴스챌린지 뮤직 이쁜여자,https://www.youtube.com/watch?v=tFePzSW3AVE,쭝궈짜장 아가씨가 귀여우면서 섹시하넹~~ ㅠㅠ
릴스,#스토리방 릴스 ai 인지 사람인지 헷깔림 dance music 릴스챌린지 뮤직 이쁜여자,https://www.youtube.com/watch?v=tFePzSW3AVE,Malisimo
릴스,#스토리방 릴스 ai 인지 사람인지 헷깔림 dance music 릴스챌린지 뮤직 이쁜여자,https://www.youtube.com/watch?v=tFePzSW3AVE,Chaparrita un cepillaso te levantaste de tu cama  toda despeinadota..
릴스,#스토리방 릴스 ai 인지 사람인지 헷깔림 dance music 릴스챌린지 뮤직 이쁜여자,https://www.youtube.com/watch?v=tFePzSW3AVE,2026 🌹
릴스,#스토리방 릴스 ai 인지 사람인지 헷깔림 dance music 릴스챌린지 뮤직 이쁜여자,https://www.youtube.com/watch?v=tFePzSW3AVE,😍
릴스,#스토리방 릴스 ai 인지 사람인지 헷깔림 dance music 릴스챌린지 뮤직 이쁜여자,https://www.youtube.com/watch?v=tFePzSW3AVE,pretty pretty pretty pretty pretty prettypretty pretty prettypretty pretty prettypretty pretty pretty3♥♥♥♥♥♥♥
릴스,#스토리방 릴스 ai 인지 사람인지 헷깔림 dance music 릴스챌린지 뮤직 이쁜여자,https://www.youtube.com/watch?v=tFePzSW3AVE,이 누나는 전설임 ㅎ
릴스,#스토리방 릴스 ai 인지 사람인지 헷깔림 dance music 릴스챌린지 뮤직 이쁜여자,https://www.youtube.com/watch?v=tFePzSW3AVE,You&#39;re so cute and sweet dance ❤ it... thank you Beautiful girl
릴스,#스토리방 릴스 ai 인지 사람인지 헷깔림 dance music 릴스챌린지 뮤직 이쁜여자,https://www.youtube.com/watch?v=tFePzSW3AVE,@storybang100
릴스,#스토리방 릴스 ai 인지 사람인지 헷깔림 dance music 릴스챌린지 뮤직 이쁜여자,https://www.youtube.com/watch?v=tFePzSW3AVE,Congratulesion Thank jou very mach!
릴스,#스토리방 릴스 ai 인지 사람인지 헷깔림 dance music 릴스챌린지 뮤직 이쁜여자,https://www.youtube.com/watch?v=tFePzSW3AVE,😂❤❤❤❤❤
릴스,#스토리방 릴스 ai 인지 사람인지 헷깔림 dance music 릴스챌린지 뮤직 이쁜여자,https://www.youtube.com/watch?v=tFePzSW3AVE,약간 김새롬 닳았는데
릴스,#스토리방 릴스 ai 인지 사람인지 헷깔림 dance music 릴스챌린지 뮤직 이쁜여자,https://www.youtube.com/watch?v=tFePzSW3AVE,😂 okay very nice yah 😅💕
릴스,#스토리방 릴스 ai 인지 사람인지 헷깔림 dance music 릴스챌린지 뮤직 이쁜여자,https://www.youtube.com/watch?v=tFePzSW3AVE,親愛的早安，早餐吃的好最重要的養生養生美容解嗎？❤
릴스,#스토리방 릴스 ai 인지 사람인지 헷깔림 dance music 릴스챌린지 뮤직 이쁜여자,https://www.youtube.com/watch?v=tFePzSW3AVE,I love More 💋😍😍🥰😘🌹🌹🌹🌹🕺🥳
릴스,#스토리방 릴스 ai 인지 사람인지 헷깔림 dance music 릴스챌린지 뮤직 이쁜여자,https://www.youtube.com/watch?v=tFePzSW3AVE,"This is the original, non-AI one! All the others are AI fakes."
릴스,#스토리방 릴스 ai 인지 사람인지 헷깔림 dance music 릴스챌린지 뮤직 이쁜여자,https://www.youtube.com/watch?v=tFePzSW3AVE,😅💯💥💥
릴스,#스토리방 릴스 ai 인지 사람인지 헷깔림 dance music 릴스챌린지 뮤직 이쁜여자,https://www.youtube.com/watch?v=tFePzSW3AVE,"Same Ai same moves , music just different computer generated girls"
릴스,#스토리방 릴스 ai 인지 사람인지 헷깔림 dance music 릴스챌린지 뮤직 이쁜여자,https://www.youtube.com/watch?v=tFePzSW3AVE,ㄱㄴㄱㄹ
릴스,#스토리방 릴스 ai 인지 사람인지 헷깔림 dance music 릴스챌린지 뮤직 이쁜여자,https://www.youtube.com/watch?v=tFePzSW3AVE,Fantastica😍
릴스,#스토리방 릴스 ai 인지 사람인지 헷깔림 dance music 릴스챌린지 뮤직 이쁜여자,https://www.youtube.com/watch?v=tFePzSW3AVE,🇨🇳
릴스,#스토리방 릴스 ai 인지 사람인지 헷깔림 dance music 릴스챌린지 뮤직 이쁜여자,https://www.youtube.com/watch?v=tFePzSW3AVE,머리안감은지 오래된거같음..
릴스,#스토리방 릴스 ai 인지 사람인지 헷깔림 dance music 릴스챌린지 뮤직 이쁜여자,https://www.youtube.com/watch?v=tFePzSW3AVE,Mijita rica 🤑
릴스,#스토리방 릴스 ai 인지 사람인지 헷깔림 dance music 릴스챌린지 뮤직 이쁜여자,https://www.youtube.com/watch?v=tFePzSW3AVE,Non 6 l&#39;originale però 😂
릴스,#스토리방 릴스 ai 인지 사람인지 헷깔림 dance music 릴스챌린지 뮤직 이쁜여자,https://www.youtube.com/watch?v=tFePzSW3AVE,Baby time
릴스,#스토리방 릴스 ai 인지 사람인지 헷깔림 dance music 릴스챌린지 뮤직 이쁜여자,https://www.youtube.com/watch?v=tFePzSW3AVE,LIKE
릴스,#스토리방 릴스 ai 인지 사람인지 헷깔림 dance music 릴스챌린지 뮤직 이쁜여자,https://www.youtube.com/watch?v=tFePzSW3AVE,이분 실제 중국모델
릴스,#스토리방 릴스 ai 인지 사람인지 헷깔림 dance music 릴스챌린지 뮤직 이쁜여자,https://www.youtube.com/watch?v=tFePzSW3AVE,❤❤❤❤❤❤❤❤❤❤❤❤❤❤❤❤❤❤sei bellissima complimenti e anche stupenda e affascinante sei una donna di classe io sono di Roma e tu dove sei ❤❤❤❤❤❤❤❤❤❤❤❤❤❤❤❤❤❤❤❤❤❤❤❤❤❤❤❤❤
릴스,#스토리방 릴스 ai 인지 사람인지 헷깔림 dance music 릴스챌린지 뮤직 이쁜여자,https://www.youtube.com/watch?v=tFePzSW3AVE,AIですか？とても綺麗な女性ですね😊
릴스,#스토리방 릴스 ai 인지 사람인지 헷깔림 dance music 릴스챌린지 뮤직 이쁜여자,https://www.youtube.com/watch?v=tFePzSW3AVE,나만 보나
릴스,#스토리방 릴스 ai 인지 사람인지 헷깔림 dance music 릴스챌린지 뮤직 이쁜여자,https://www.youtube.com/watch?v=tFePzSW3AVE,이영상이 릴스계 본죄다 팩트당
릴스,#스토리방 릴스 ai 인지 사람인지 헷깔림 dance music 릴스챌린지 뮤직 이쁜여자,https://www.youtube.com/watch?v=tFePzSW3AVE,그 춤 안니데
릴스,#스토리방 릴스 ai 인지 사람인지 헷깔림 dance music 릴스챌린지 뮤직 이쁜여자,https://www.youtube.com/watch?v=tFePzSW3AVE,❤❤❤❤❤❤❤❤❤❤❤❤❤❤❤❤❤❤❤❤❤❤❤❤❤❤❤❤❤❤老婆老婆抱抱
릴스,#스토리방 릴스 ai 인지 사람인지 헷깔림 dance music 릴스챌린지 뮤직 이쁜여자,https://www.youtube.com/watch?v=tFePzSW3AVE,Hir ands sistem son is you make shka
릴스,#스토리방 릴스 ai 인지 사람인지 헷깔림 dance music 릴스챌린지 뮤직 이쁜여자,https://www.youtube.com/watch?v=tFePzSW3AVE,"이 영상은 소녀시대 서현 닮았네요😊<br>중국 두진위라는 실존인물<br>이라는데, 이 쇼츠에서 유독<br>겁나 매력적입니다~👍"
릴스,#스토리방 릴스 ai 인지 사람인지 헷깔림 dance music 릴스챌린지 뮤직 이쁜여자,https://www.youtube.com/watch?v=tFePzSW3AVE,Schichtwechsel um Mitternacht? Oder hebt ihr koi 7 Stunden tach.
릴스,#스토리방 릴스 ai 인지 사람인지 헷깔림 dance music 릴스챌린지 뮤직 이쁜여자,https://www.youtube.com/watch?v=tFePzSW3AVE,Ai c8
릴스,#스토리방 릴스 ai 인지 사람인지 헷깔림 dance music 릴스챌린지 뮤직 이쁜여자,https://www.youtube.com/watch?v=tFePzSW3AVE,J aime quand tu es toi ma belle
릴스,#스토리방 릴스 ai 인지 사람인지 헷깔림 dance music 릴스챌린지 뮤직 이쁜여자,https://www.youtube.com/watch?v=tFePzSW3AVE,❤❤❤
릴스,#스토리방 릴스 ai 인지 사람인지 헷깔림 dance music 릴스챌린지 뮤직 이쁜여자,https://www.youtube.com/watch?v=tFePzSW3AVE,춤이 약간 김기수 생각나네요
릴스,#스토리방 릴스 ai 인지 사람인지 헷깔림 dance music 릴스챌린지 뮤직 이쁜여자,https://www.youtube.com/watch?v=tFePzSW3AVE,왜 왜 왜 ㅠㅠ 내 눈에만 남자인거야 ㅠㅠㅠ
릴스,#스토리방 릴스 ai 인지 사람인지 헷깔림 dance music 릴스챌린지 뮤직 이쁜여자,https://www.youtube.com/watch?v=tFePzSW3AVE,Very nice ❤❤❤❤❤
릴스,#스토리방 릴스 ai 인지 사람인지 헷깔림 dance music 릴스챌린지 뮤직 이쁜여자,https://www.youtube.com/watch?v=tFePzSW3AVE,❤❤  SUPER ❤SÜSSE ❤TRAUM ❤ LADY ❤TRAUM ❤HAFT ❤❤❤SUPER ❤Perfekt ❤SÜSSE ❤❤LADY ❤❤❤❤❤❤❤❤❤❤❤❤❤❤❤❤❤❤❤❤❤❤
릴스,#스토리방 릴스 ai 인지 사람인지 헷깔림 dance music 릴스챌린지 뮤직 이쁜여자,https://www.youtube.com/watch?v=tFePzSW3AVE,お綺麗です🥰
릴스,#스토리방 릴스 ai 인지 사람인지 헷깔림 dance music 릴스챌린지 뮤직 이쁜여자,https://www.youtube.com/watch?v=tFePzSW3AVE,Fantastic. 🎉🎉🎉
릴스,#스토리방 릴스 ai 인지 사람인지 헷깔림 dance music 릴스챌린지 뮤직 이쁜여자,https://www.youtube.com/watch?v=tFePzSW3AVE,Very cute!
릴스,#스토리방 릴스 ai 인지 사람인지 헷깔림 dance music 릴스챌린지 뮤직 이쁜여자,https://www.youtube.com/watch?v=tFePzSW3AVE,Uma boa noite linda moça você é uma linda mulher❤🎉
릴스,#스토리방 릴스 ai 인지 사람인지 헷깔림 dance music 릴스챌린지 뮤직 이쁜여자,https://www.youtube.com/watch?v=tFePzSW3AVE,Прекрасно 🎉
릴스,#스토리방 릴스 ai 인지 사람인지 헷깔림 dance music 릴스챌린지 뮤직 이쁜여자,https://www.youtube.com/watch?v=tFePzSW3AVE,Eres la mejor ❤
릴스,#스토리방 릴스 ai 인지 사람인지 헷깔림 dance music 릴스챌린지 뮤직 이쁜여자,https://www.youtube.com/watch?v=tFePzSW3AVE,I love the scenery
릴스,#스토리방 릴스 ai 인지 사람인지 헷깔림 dance music 릴스챌린지 뮤직 이쁜여자,https://www.youtube.com/watch?v=tFePzSW3AVE,Good morning sunshine 🌄
릴스,#스토리방 릴스 ai 인지 사람인지 헷깔림 dance music 릴스챌린지 뮤직 이쁜여자,https://www.youtube.com/watch?v=tFePzSW3AVE,😊
릴스,#스토리방 릴스 ai 인지 사람인지 헷깔림 dance music 릴스챌린지 뮤직 이쁜여자,https://www.youtube.com/watch?v=tFePzSW3AVE,내가 널 어떻게 잊었는데
릴스,#스토리방 릴스 ai 인지 사람인지 헷깔림 dance music 릴스챌린지 뮤직 이쁜여자,https://www.youtube.com/watch?v=tFePzSW3AVE,❤i❤love❤you❤jaanu
릴스,#스토리방 릴스 ai 인지 사람인지 헷깔림 dance music 릴스챌린지 뮤직 이쁜여자,https://www.youtube.com/watch?v=tFePzSW3AVE,중화권 여자 중 임청아  담 으로 좋다
릴스,#스토리방 릴스 ai 인지 사람인지 헷깔림 dance music 릴스챌린지 뮤직 이쁜여자,https://www.youtube.com/watch?v=tFePzSW3AVE,Che vos hablas de castellano ?
릴스,#스토리방 릴스 ai 인지 사람인지 헷깔림 dance music 릴스챌린지 뮤직 이쁜여자,https://www.youtube.com/watch?v=tFePzSW3AVE,사람입니다 AI 아닙니다
릴스,#스토리방 릴스 ai 인지 사람인지 헷깔림 dance music 릴스챌린지 뮤직 이쁜여자,https://www.youtube.com/watch?v=tFePzSW3AVE,Oauu !!! so beautiful AI<br>The best video !
릴스,#스토리방 릴스 ai 인지 사람인지 헷깔림 dance music 릴스챌린지 뮤직 이쁜여자,https://www.youtube.com/watch?v=tFePzSW3AVE,Real cutie
릴스,#스토리방 릴스 ai 인지 사람인지 헷깔림 dance music 릴스챌린지 뮤직 이쁜여자,https://www.youtube.com/watch?v=tFePzSW3AVE,Jesteś  jedyna  w  tej  konkurencji  robisz  to  perfekcyjnie
릴스,#스토리방 릴스 ai 인지 사람인지 헷깔림 dance music 릴스챌린지 뮤직 이쁜여자,https://www.youtube.com/watch?v=tFePzSW3AVE,Original
릴스,#스토리방 릴스 ai 인지 사람인지 헷깔림 dance music 릴스챌린지 뮤직 이쁜여자,https://www.youtube.com/watch?v=tFePzSW3AVE,Supperrr princessss♥️🌹✍️💋
릴스,#스토리방 릴스 ai 인지 사람인지 헷깔림 dance music 릴스챌린지 뮤직 이쁜여자,https://www.youtube.com/watch?v=tFePzSW3AVE,Come si chiama sta canzone?<br>Grazie.
릴스,#스토리방 릴스 ai 인지 사람인지 헷깔림 dance music 릴스챌린지 뮤직 이쁜여자,https://www.youtube.com/watch?v=tFePzSW3AVE,저두요 몇년 지났어도 이아가씨가 젤이쁘고 자연스러워요 요즘은 AI영상이 판을치니
릴스,#스토리방 릴스 ai 인지 사람인지 헷깔림 dance music 릴스챌린지 뮤직 이쁜여자,https://www.youtube.com/watch?v=tFePzSW3AVE,뭐 그냥 그림의 떡 😊
릴스,#스토리방 릴스 ai 인지 사람인지 헷깔림 dance music 릴스챌린지 뮤직 이쁜여자,https://www.youtube.com/watch?v=tFePzSW3AVE,Nane problim no
릴스,#스토리방 릴스 ai 인지 사람인지 헷깔림 dance music 릴스챌린지 뮤직 이쁜여자,https://www.youtube.com/watch?v=tFePzSW3AVE,뒤에 자연도 참 이쁜데?영상보면 자연이 안보임 네버(○｀ε´○)(○｀ε´○)😮😮😮
릴스,#스토리방 릴스 ai 인지 사람인지 헷깔림 dance music 릴스챌린지 뮤직 이쁜여자,https://www.youtube.com/watch?v=tFePzSW3AVE,ill dance with you
릴스,#스토리방 릴스 ai 인지 사람인지 헷깔림 dance music 릴스챌린지 뮤직 이쁜여자,https://www.youtube.com/watch?v=tFePzSW3AVE,매력있다
릴스,#스토리방 릴스 ai 인지 사람인지 헷깔림 dance music 릴스챌린지 뮤직 이쁜여자,https://www.youtube.com/watch?v=tFePzSW3AVE,I would love to dance with her forever
릴스,#스토리방 릴스 ai 인지 사람인지 헷깔림 dance music 릴스챌린지 뮤직 이쁜여자,https://www.youtube.com/watch?v=tFePzSW3AVE,Sensational
릴스,#스토리방 릴스 ai 인지 사람인지 헷깔림 dance music 릴스챌린지 뮤직 이쁜여자,https://www.youtube.com/watch?v=tFePzSW3AVE,경찰. 그녀는 허리가 없다 😂😂❤❤
릴스,#스토리방 릴스 ai 인지 사람인지 헷깔림 dance music 릴스챌린지 뮤직 이쁜여자,https://www.youtube.com/watch?v=tFePzSW3AVE,Espectacular
릴스,#스토리방 릴스 ai 인지 사람인지 헷깔림 dance music 릴스챌린지 뮤직 이쁜여자,https://www.youtube.com/watch?v=tFePzSW3AVE,나도 100번넘게봄 또중국식당 소수민족 쪼마난 아가씨 춤도추고 귀여움
릴스,#스토리방 릴스 ai 인지 사람인지 헷깔림 dance music 릴스챌린지 뮤직 이쁜여자,https://www.youtube.com/watch?v=tFePzSW3AVE,이건 가짜아님
릴스,#스토리방 릴스 ai 인지 사람인지 헷깔림 dance music 릴스챌린지 뮤직 이쁜여자,https://www.youtube.com/watch?v=tFePzSW3AVE,在习近平那里相亲的注意啦 他给你介绍的那个是个拖 拿他拖着你呢 他的给你再换个 他熊你呢fhjkll
릴스,#스토리방 릴스 ai 인지 사람인지 헷깔림 dance music 릴스챌린지 뮤직 이쁜여자,https://www.youtube.com/watch?v=tFePzSW3AVE,女神！冇得頂！
릴스,#스토리방 릴스 ai 인지 사람인지 헷깔림 dance music 릴스챌린지 뮤직 이쁜여자,https://www.youtube.com/watch?v=tFePzSW3AVE,Very Beautiful and hot 🔥🔥🔥🔥🔥🔥🔥🔥
릴스,#스토리방 릴스 ai 인지 사람인지 헷깔림 dance music 릴스챌린지 뮤직 이쁜여자,https://www.youtube.com/watch?v=tFePzSW3AVE,박은빈 얼굴도 있는듯
릴스,#스토리방 릴스 ai 인지 사람인지 헷깔림 dance music 릴스챌린지 뮤직 이쁜여자,https://www.youtube.com/watch?v=tFePzSW3AVE,그래 ai아니고 최초 원본인건 알겠는데 누구임 중국인임?
릴스,#스토리방 릴스 ai 인지 사람인지 헷깔림 dance music 릴스챌린지 뮤직 이쁜여자,https://www.youtube.com/watch?v=tFePzSW3AVE,Herrlich....Abspritzen und Gut ist....
릴스,#스토리방 릴스 ai 인지 사람인지 헷깔림 dance music 릴스챌린지 뮤직 이쁜여자,https://www.youtube.com/watch?v=tFePzSW3AVE,빨아줘 입싸가자
릴스,#스토리방 릴스 ai 인지 사람인지 헷깔림 dance music 릴스챌린지 뮤직 이쁜여자,https://www.youtube.com/watch?v=tFePzSW3AVE,Eres bellaaaaa al natural
릴스,#스토리방 릴스 ai 인지 사람인지 헷깔림 dance music 릴스챌린지 뮤직 이쁜여자,https://www.youtube.com/watch?v=tFePzSW3AVE,Beautiful beauty queen
릴스,#스토리방 릴스 ai 인지 사람인지 헷깔림 dance music 릴스챌린지 뮤직 이쁜여자,https://www.youtube.com/watch?v=tFePzSW3AVE,Beautiful beauty queen
릴스,#스토리방 릴스 ai 인지 사람인지 헷깔림 dance music 릴스챌린지 뮤직 이쁜여자,https://www.youtube.com/watch?v=tFePzSW3AVE,매력적이네요~♡♡♡♡♡
릴스,#스토리방 릴스 ai 인지 사람인지 헷깔림 dance music 릴스챌린지 뮤직 이쁜여자,https://www.youtube.com/watch?v=tFePzSW3AVE,"사랑하는 당신, 춤이 정말 아름다워요."
릴스,#스토리방 릴스 ai 인지 사람인지 헷깔림 dance music 릴스챌린지 뮤직 이쁜여자,https://www.youtube.com/watch?v=tFePzSW3AVE,"내 사랑, 정말 멋져 보여요."
릴스,#스토리방 릴스 ai 인지 사람인지 헷깔림 dance music 릴스챌린지 뮤직 이쁜여자,https://www.youtube.com/watch?v=tFePzSW3AVE,"Ah finally... the real one all other fake AI come from.<br><br>For those who dont know, this is the only girl thats real, doing this thing."
릴스,#스토리방 릴스 ai 인지 사람인지 헷깔림 dance music 릴스챌린지 뮤직 이쁜여자,https://www.youtube.com/watch?v=tFePzSW3AVE,What kind of video is this like a tick tock
릴스,#스토리방 릴스 ai 인지 사람인지 헷깔림 dance music 릴스챌린지 뮤직 이쁜여자,https://www.youtube.com/watch?v=tFePzSW3AVE,好きだ❤❤❤
릴스,#스토리방 릴스 ai 인지 사람인지 헷깔림 dance music 릴스챌린지 뮤직 이쁜여자,https://www.youtube.com/watch?v=tFePzSW3AVE,Супер супер спасибо большое за выступление ❤❤❤❤❤❤❤❤
릴스,#스토리방 릴스 ai 인지 사람인지 헷깔림 dance music 릴스챌린지 뮤직 이쁜여자,https://www.youtube.com/watch?v=tFePzSW3AVE,Oi😅🎉ola❤❤❤❤❤❤❤❤❤❤❤❤❤❤❤❤❤❤❤❤❤❤❤
릴스,#스토리방 릴스 ai 인지 사람인지 헷깔림 dance music 릴스챌린지 뮤직 이쁜여자,https://www.youtube.com/watch?v=tFePzSW3AVE,Isn&#39;t this slowly getting boring...??<br><br>Yeah...!!<br><br>They&#39;re pretty...   But enough is enough....
릴스,#스토리방 릴스 ai 인지 사람인지 헷깔림 dance music 릴스챌린지 뮤직 이쁜여자,https://www.youtube.com/watch?v=tFePzSW3AVE,❤❤❤Bonito bailesito ❤te ves hermosa mi amor ❤te amo 💋🧡🌺🌺🌼💘💘🔥🥰♥️💕😘🌹🤍🤍🤍❤️‍🔥🙋
릴스,#스토리방 릴스 ai 인지 사람인지 헷깔림 dance music 릴스챌린지 뮤직 이쁜여자,https://www.youtube.com/watch?v=tFePzSW3AVE,그냥 이쁘기만 한게 아니고 매력이 있노
릴스,#스토리방 릴스 ai 인지 사람인지 헷깔림 dance music 릴스챌린지 뮤직 이쁜여자,https://www.youtube.com/watch?v=tFePzSW3AVE,Ai
릴스,#스토리방 릴스 ai 인지 사람인지 헷깔림 dance music 릴스챌린지 뮤직 이쁜여자,https://www.youtube.com/watch?v=tFePzSW3AVE,❤❤❤❤❤❤❤
릴스,#스토리방 릴스 ai 인지 사람인지 헷깔림 dance music 릴스챌린지 뮤직 이쁜여자,https://www.youtube.com/watch?v=tFePzSW3AVE,This young lady is absolutely 💯 Gorgeous
릴스,#스토리방 릴스 ai 인지 사람인지 헷깔림 dance music 릴스챌린지 뮤직 이쁜여자,https://www.youtube.com/watch?v=tFePzSW3AVE,최고입니다❤❤❤❤❤❤❤
릴스,#스토리방 릴스 ai 인지 사람인지 헷깔림 dance music 릴스챌린지 뮤직 이쁜여자,https://www.youtube.com/watch?v=tFePzSW3AVE,최고임 <br>더질하려하면 망침<br>그이상없음요😂
릴스,#스토리방 릴스 ai 인지 사람인지 헷깔림 dance music 릴스챌린지 뮤직 이쁜여자,https://www.youtube.com/watch?v=tFePzSW3AVE,Yup❤😂
릴스,#스토리방 릴스 ai 인지 사람인지 헷깔림 dance music 릴스챌린지 뮤직 이쁜여자,https://www.youtube.com/watch?v=tFePzSW3AVE,Ai임 오른팔에 차고 있던 검정 팔찌가 나중에 사라지는 마법
릴스,#스토리방 릴스 ai 인지 사람인지 헷깔림 dance music 릴스챌린지 뮤직 이쁜여자,https://www.youtube.com/watch?v=tFePzSW3AVE,Perfect  dance and beautiful girl ❤❤
릴스,#스토리방 릴스 ai 인지 사람인지 헷깔림 dance music 릴스챌린지 뮤직 이쁜여자,https://www.youtube.com/watch?v=tFePzSW3AVE,🌹🇷🇺
릴스,#스토리방 릴스 ai 인지 사람인지 헷깔림 dance music 릴스챌린지 뮤직 이쁜여자,https://www.youtube.com/watch?v=tFePzSW3AVE,En ese lugar que firmastes te quedo ermoso.Saludos desde Aguadilla Puerto Rico eres una Coreana bonita❤🎉😮
릴스,#스토리방 릴스 ai 인지 사람인지 헷깔림 dance music 릴스챌린지 뮤직 이쁜여자,https://www.youtube.com/watch?v=tFePzSW3AVE,First video that I saw this lovely lady dance - love her !
릴스,#스토리방 릴스 ai 인지 사람인지 헷깔림 dance music 릴스챌린지 뮤직 이쁜여자,https://www.youtube.com/watch?v=tFePzSW3AVE,❤❤❤❤
릴스,#스토리방 릴스 ai 인지 사람인지 헷깔림 dance music 릴스챌린지 뮤직 이쁜여자,https://www.youtube.com/watch?v=tFePzSW3AVE,영상이 너무 짧은게  아쉬움
릴스,#스토리방 릴스 ai 인지 사람인지 헷깔림 dance music 릴스챌린지 뮤직 이쁜여자,https://www.youtube.com/watch?v=tFePzSW3AVE,이쁜모델과 시원한 바다 배경 잘어울리는 음악 듣기좋고 보기좋은 명작
릴스,#스토리방 릴스 ai 인지 사람인지 헷깔림 dance music 릴스챌린지 뮤직 이쁜여자,https://www.youtube.com/watch?v=tFePzSW3AVE,매력 이쁨
릴스,#스토리방 릴스 ai 인지 사람인지 헷깔림 dance music 릴스챌린지 뮤직 이쁜여자,https://www.youtube.com/watch?v=tFePzSW3AVE,わぁ❗かわいい🎀ねーミルクちゃんたべちやうぞーお姉さんアイラブユーです❤
릴스,#스토리방 릴스 ai 인지 사람인지 헷깔림 dance music 릴스챌린지 뮤직 이쁜여자,https://www.youtube.com/watch?v=tFePzSW3AVE,"<a href=""https://www.youtube.com/shorts/RWQZDrvNICU"">https://www.youtube.com/shorts/RWQZDrvNICU</a><br><br>이름: 두진위<br>실물과 그나마 가장 가까운 영상이다.<br>나도 덕분에 확 빠졌던 마음 다행히 다잡았다. <br>그 정도 아니야."
릴스,#스토리방 릴스 ai 인지 사람인지 헷깔림 dance music 릴스챌린지 뮤직 이쁜여자,https://www.youtube.com/watch?v=tFePzSW3AVE,Yeh bhi original nahin hai I guess।। Face is changed।😊
릴스,#스토리방 릴스 ai 인지 사람인지 헷깔림 dance music 릴스챌린지 뮤직 이쁜여자,https://www.youtube.com/watch?v=tFePzSW3AVE,두진희 좋아요
릴스,#스토리방 릴스 ai 인지 사람인지 헷깔림 dance music 릴스챌린지 뮤직 이쁜여자,https://www.youtube.com/watch?v=tFePzSW3AVE,이뻐
릴스,#스토리방 릴스 ai 인지 사람인지 헷깔림 dance music 릴스챌린지 뮤직 이쁜여자,https://www.youtube.com/watch?v=tFePzSW3AVE,好有氣質，好性感😅<br>So classy😅So graceful
릴스,#스토리방 릴스 ai 인지 사람인지 헷깔림 dance music 릴스챌린지 뮤직 이쁜여자,https://www.youtube.com/watch?v=tFePzSW3AVE,두진위  ❤❤❤❤❤
릴스,#스토리방 릴스 ai 인지 사람인지 헷깔림 dance music 릴스챌린지 뮤직 이쁜여자,https://www.youtube.com/watch?v=tFePzSW3AVE,What a beautiful lady and gorgeous love this smile❤❤❤❤❤❤
릴스,#스토리방 릴스 ai 인지 사람인지 헷깔림 dance music 릴스챌린지 뮤직 이쁜여자,https://www.youtube.com/watch?v=tFePzSW3AVE,AI
릴스,#스토리방 릴스 ai 인지 사람인지 헷깔림 dance music 릴스챌린지 뮤직 이쁜여자,https://www.youtube.com/watch?v=tFePzSW3AVE,"이 여자 한참 유행할때 딕톡계정까지 찾아서 봤었는데 ,<br>딕톡에선 매력적이지 않았음 ㅎㅎ<br>딱 중국스러운 느낌이라 왕실망 했었지 ㅎㅎ"
릴스,#스토리방 릴스 ai 인지 사람인지 헷깔림 dance music 릴스챌린지 뮤직 이쁜여자,https://www.youtube.com/watch?v=tFePzSW3AVE,🥰
릴스,#스토리방 릴스 ai 인지 사람인지 헷깔림 dance music 릴스챌린지 뮤직 이쁜여자,https://www.youtube.com/watch?v=tFePzSW3AVE,Adoranilă ! ❤ !
릴스,#스토리방 릴스 ai 인지 사람인지 헷깔림 dance music 릴스챌린지 뮤직 이쁜여자,https://www.youtube.com/watch?v=tFePzSW3AVE,Super super super SCANDAL super sexy Congratulations 🎉🎉🎉🎉🎉🎉🎉🎉🎉🎉🎉🎉🎉🎉🎉🎉🎉🎉🎉🎉🎉🎉🎉🎉🎉🎉🎉🎉🎉🎉🎉🎉🎉🎉🎉🎉
릴스,#스토리방 릴스 ai 인지 사람인지 헷깔림 dance music 릴스챌린지 뮤직 이쁜여자,https://www.youtube.com/watch?v=tFePzSW3AVE,Delightful  😊😊🎉
릴스,#스토리방 릴스 ai 인지 사람인지 헷깔림 dance music 릴스챌린지 뮤직 이쁜여자,https://www.youtube.com/watch?v=tFePzSW3AVE,"오, 이 친구 진짜 매력적이네? ^^"
릴스,#스토리방 릴스 ai 인지 사람인지 헷깔림 dance music 릴스챌린지 뮤직 이쁜여자,https://www.youtube.com/watch?v=tFePzSW3AVE,"Everything is perfect—the dancing, the smiles, the scenery, and the music ❤️"
릴스,#스토리방 릴스 ai 인지 사람인지 헷깔림 dance music 릴스챌린지 뮤직 이쁜여자,https://www.youtube.com/watch?v=tFePzSW3AVE,N.1 Original
릴스,#스토리방 릴스 ai 인지 사람인지 헷깔림 dance music 릴스챌린지 뮤직 이쁜여자,https://www.youtube.com/watch?v=tFePzSW3AVE,두진위❤
릴스,#스토리방 릴스 ai 인지 사람인지 헷깔림 dance music 릴스챌린지 뮤직 이쁜여자,https://www.youtube.com/watch?v=tFePzSW3AVE,"역시 원조가 짱이야, 요즘 유행하는 ai 와 질이 달라"
릴스,#스토리방 릴스 ai 인지 사람인지 헷깔림 dance music 릴스챌린지 뮤직 이쁜여자,https://www.youtube.com/watch?v=tFePzSW3AVE,진짜이고 중국인입니다
릴스,#스토리방 릴스 ai 인지 사람인지 헷깔림 dance music 릴스챌린지 뮤직 이쁜여자,https://www.youtube.com/watch?v=tFePzSW3AVE,❤😻🇧🇷🥰⚘️💍🎎😚
릴스,#스토리방 릴스 ai 인지 사람인지 헷깔림 dance music 릴스챌린지 뮤직 이쁜여자,https://www.youtube.com/watch?v=tFePzSW3AVE,The original is back!
릴스,#스토리방 릴스 ai 인지 사람인지 헷깔림 dance music 릴스챌린지 뮤직 이쁜여자,https://www.youtube.com/watch?v=tFePzSW3AVE,Sei il Sole ☀️💛💛💛💛💛💛💛❣️😊
릴스,#스토리방 릴스 ai 인지 사람인지 헷깔림 dance music 릴스챌린지 뮤직 이쁜여자,https://www.youtube.com/watch?v=tFePzSW3AVE,四眼仔由第一句到最后一句都像是癈話。戰后只有一个國家掉完X彈后。可亨駐军，军妓，产场協議。無所不用其極吃其他國的肉。不見你去说那个萬恶之始者。😂
릴스,#스토리방 릴스 ai 인지 사람인지 헷깔림 dance music 릴스챌린지 뮤직 이쁜여자,https://www.youtube.com/watch?v=tFePzSW3AVE,ไม่ใช่Aiใช่ไหม❤❤❤
릴스,#스토리방 릴스 ai 인지 사람인지 헷깔림 dance music 릴스챌린지 뮤직 이쁜여자,https://www.youtube.com/watch?v=tFePzSW3AVE,❤❤❤❤
릴스,#스토리방 릴스 ai 인지 사람인지 헷깔림 dance music 릴스챌린지 뮤직 이쁜여자,https://www.youtube.com/watch?v=tFePzSW3AVE,❤❤❤❤❤
릴스,#스토리방 릴스 ai 인지 사람인지 헷깔림 dance music 릴스챌린지 뮤직 이쁜여자,https://www.youtube.com/watch?v=tFePzSW3AVE,Filipino version is better
릴스,#스토리방 릴스 ai 인지 사람인지 헷깔림 dance music 릴스챌린지 뮤직 이쁜여자,https://www.youtube.com/watch?v=tFePzSW3AVE,Qué bonita eres ❤❤❤❤
릴스,#스토리방 릴스 ai 인지 사람인지 헷깔림 dance music 릴스챌린지 뮤직 이쁜여자,https://www.youtube.com/watch?v=tFePzSW3AVE,🥰🥰🥰🥰🥰💓💓💓💓💓🤗😘😘😘😘
릴스,#스토리방 릴스 ai 인지 사람인지 헷깔림 dance music 릴스챌린지 뮤직 이쁜여자,https://www.youtube.com/watch?v=tFePzSW3AVE,❤
릴스,#스토리방 릴스 ai 인지 사람인지 헷깔림 dance music 릴스챌린지 뮤직 이쁜여자,https://www.youtube.com/watch?v=tFePzSW3AVE,超正的.但黑色衣服不對.白色才好!
릴스,#스토리방 릴스 ai 인지 사람인지 헷깔림 dance music 릴스챌린지 뮤직 이쁜여자,https://www.youtube.com/watch?v=tFePzSW3AVE,bella...
릴스,#스토리방 릴스 ai 인지 사람인지 헷깔림 dance music 릴스챌린지 뮤직 이쁜여자,https://www.youtube.com/watch?v=tFePzSW3AVE,이노래제목뭐예요
릴스,#스토리방 릴스 ai 인지 사람인지 헷깔림 dance music 릴스챌린지 뮤직 이쁜여자,https://www.youtube.com/watch?v=tFePzSW3AVE,우리조카 닯았구만 ~ㅋㅋ
릴스,#스토리방 릴스 ai 인지 사람인지 헷깔림 dance music 릴스챌린지 뮤직 이쁜여자,https://www.youtube.com/watch?v=tFePzSW3AVE,ხომ არ ვიცი
릴스,#스토리방 릴스 ai 인지 사람인지 헷깔림 dance music 릴스챌린지 뮤직 이쁜여자,https://www.youtube.com/watch?v=tFePzSW3AVE,❤❤❤
릴스,#스토리방 릴스 ai 인지 사람인지 헷깔림 dance music 릴스챌린지 뮤직 이쁜여자,https://www.youtube.com/watch?v=tFePzSW3AVE,Love the bounce and smile
릴스,#스토리방 릴스 ai 인지 사람인지 헷깔림 dance music 릴스챌린지 뮤직 이쁜여자,https://www.youtube.com/watch?v=tFePzSW3AVE,이게 뮤직 챌린지 원본인가요?
릴스,#스토리방 릴스 ai 인지 사람인지 헷깔림 dance music 릴스챌린지 뮤직 이쁜여자,https://www.youtube.com/watch?v=tFePzSW3AVE,Ai에요? Ai라는 사람도 있고 아니라는 사람도 있는데
릴스,#스토리방 릴스 ai 인지 사람인지 헷깔림 dance music 릴스챌린지 뮤직 이쁜여자,https://www.youtube.com/watch?v=tFePzSW3AVE,Cum ..nuuu???😗
릴스,#스토리방 릴스 ai 인지 사람인지 헷깔림 dance music 릴스챌린지 뮤직 이쁜여자,https://www.youtube.com/watch?v=tFePzSW3AVE,ㅎㅎ잘한다😅😅😅
릴스,#스토리방 릴스 ai 인지 사람인지 헷깔림 dance music 릴스챌린지 뮤직 이쁜여자,https://www.youtube.com/watch?v=tFePzSW3AVE,니가 개보지라도 난 좋아
릴스,#스토리방 릴스 ai 인지 사람인지 헷깔림 dance music 릴스챌린지 뮤직 이쁜여자,https://www.youtube.com/watch?v=tFePzSW3AVE,حقيقة أم ذكاء اصطناعي؟ 😂
릴스,#스토리방 릴스 ai 인지 사람인지 헷깔림 dance music 릴스챌린지 뮤직 이쁜여자,https://www.youtube.com/watch?v=tFePzSW3AVE,Great hair!
릴스,#스토리방 릴스 ai 인지 사람인지 헷깔림 dance music 릴스챌린지 뮤직 이쁜여자,https://www.youtube.com/watch?v=tFePzSW3AVE,거 한번 묵기  딱 좋은 날씨네
릴스,#스토리방 릴스 ai 인지 사람인지 헷깔림 dance music 릴스챌린지 뮤직 이쁜여자,https://www.youtube.com/watch?v=tFePzSW3AVE,이런게 만들려고 캄보디아 범죄단지가 있는 겁니다
릴스,#스토리방 릴스 ai 인지 사람인지 헷깔림 dance music 릴스챌린지 뮤직 이쁜여자,https://www.youtube.com/watch?v=tFePzSW3AVE,중국이 미래다
릴스,#스토리방 릴스 ai 인지 사람인지 헷깔림 dance music 릴스챌린지 뮤직 이쁜여자,https://www.youtube.com/watch?v=tFePzSW3AVE,I like these dances the girls and the dance are more classy I like classy
릴스,#스토리방 릴스 ai 인지 사람인지 헷깔림 dance music 릴스챌린지 뮤직 이쁜여자,https://www.youtube.com/watch?v=tFePzSW3AVE,The Best of the Best ❤
릴스,#스토리방 릴스 ai 인지 사람인지 헷깔림 dance music 릴스챌린지 뮤직 이쁜여자,https://www.youtube.com/watch?v=tFePzSW3AVE,Mica del fin
릴스,#스토리방 릴스 ai 인지 사람인지 헷깔림 dance music 릴스챌린지 뮤직 이쁜여자,https://www.youtube.com/watch?v=tFePzSW3AVE,남자들이 좋아하는 모든 매력을 갖추었다 심지어 저 수수하게 입은 패션도...
릴스,#스토리방 릴스 ai 인지 사람인지 헷깔림 dance music 릴스챌린지 뮤직 이쁜여자,https://www.youtube.com/watch?v=tFePzSW3AVE,역시 원본이 최고임
릴스,#스토리방 릴스 ai 인지 사람인지 헷깔림 dance music 릴스챌린지 뮤직 이쁜여자,https://www.youtube.com/watch?v=tFePzSW3AVE,❤❤❤❤❤❤❤❤❤❤❤Bellizima ❤❤❤❤❤❤
릴스,#스토리방 릴스 ai 인지 사람인지 헷깔림 dance music 릴스챌린지 뮤직 이쁜여자,https://www.youtube.com/watch?v=tFePzSW3AVE,Dam..oh boy..she&#39;s got it..personality and good looks..very rare combination ❤❤..
릴스,#스토리방 릴스 ai 인지 사람인지 헷깔림 dance music 릴스챌린지 뮤직 이쁜여자,https://www.youtube.com/watch?v=tFePzSW3AVE,이게 오리지날 원본임 이 이후로 허접한 초창기 ai로 많은 영상들이 나왔고 지금은 퀄리티 지리는 영상들이 많이 나오고있는 상황임
릴스,#스토리방 릴스 ai 인지 사람인지 헷깔림 dance music 릴스챌린지 뮤직 이쁜여자,https://www.youtube.com/watch?v=tFePzSW3AVE,사람.
릴스,#스토리방 릴스 ai 인지 사람인지 헷깔림 dance music 릴스챌린지 뮤직 이쁜여자,https://www.youtube.com/watch?v=tFePzSW3AVE,누구죠?
릴스,#스토리방 릴스 ai 인지 사람인지 헷깔림 dance music 릴스챌린지 뮤직 이쁜여자,https://www.youtube.com/watch?v=tFePzSW3AVE,"Viele machen dir nach ,du bist die beste"
릴스,#스토리방 릴스 ai 인지 사람인지 헷깔림 dance music 릴스챌린지 뮤직 이쁜여자,https://www.youtube.com/watch?v=tFePzSW3AVE,she got your credit card...Dance
릴스,#스토리방 릴스 ai 인지 사람인지 헷깔림 dance music 릴스챌린지 뮤직 이쁜여자,https://www.youtube.com/watch?v=tFePzSW3AVE,🥰💕🥰
릴스,#스토리방 릴스 ai 인지 사람인지 헷깔림 dance music 릴스챌린지 뮤직 이쁜여자,https://www.youtube.com/watch?v=tFePzSW3AVE,Жәнім сен сол жағалауда тұрасыңба
릴스,#스토리방 릴스 ai 인지 사람인지 헷깔림 dance music 릴스챌린지 뮤직 이쁜여자,https://www.youtube.com/watch?v=tFePzSW3AVE,중국인 인플루언서 &quot;두진위&quot;입니다. 사람이어요.
릴스,인스타 400만 조회수 찍은 소주잔녀 영상,https://www.youtube.com/watch?v=I36kdsiJEQg,술 많이 드시길
릴스,인스타 400만 조회수 찍은 소주잔녀 영상,https://www.youtube.com/watch?v=I36kdsiJEQg,유니닮았다
릴스,인스타 400만 조회수 찍은 소주잔녀 영상,https://www.youtube.com/watch?v=I36kdsiJEQg,한국 사회가 술로 미쳐 가고 있구나😢😢😢😢😢😢
릴스,인스타 400만 조회수 찍은 소주잔녀 영상,https://www.youtube.com/watch?v=I36kdsiJEQg,소주잔이 왜캐 커보이냐
릴스,인스타 400만 조회수 찍은 소주잔녀 영상,https://www.youtube.com/watch?v=I36kdsiJEQg,저게 귀엽냐 ㅋㅋ
릴스,인스타 400만 조회수 찍은 소주잔녀 영상,https://www.youtube.com/watch?v=I36kdsiJEQg,귀엽
릴스,인스타 400만 조회수 찍은 소주잔녀 영상,https://www.youtube.com/watch?v=I36kdsiJEQg,소주잔이 엄청 커보이노
릴스,인스타 400만 조회수 찍은 소주잔녀 영상,https://www.youtube.com/watch?v=I36kdsiJEQg,미성년자 신고
릴스,인스타 400만 조회수 찍은 소주잔녀 영상,https://www.youtube.com/watch?v=I36kdsiJEQg,교회가서 예수님 믿고 구원받으세요<br>하나님 살아계세요<br>현재 하나님께서 말씀대로 세상 다스리고 계세요. 개신교에 오셔서 우상숭배가 무엇인지 배우시고 매일기도 매일찬양 매일말씀 복음의 삶이 가장 귀한 삶이에요<br><br>가정과 친척들 사랑으로 끝까지 지켜내세요<br><br>“근신하라 깨어라 너희 대적 마귀가 우는 사자 같이 두루 다니며 삼킬 자를 찾나니”<br>말씀에 기록되있어요 <br><br>술과 자신의 연약한 부분 조심하셔야 해요~~그것으로 죄지어요~~
릴스,인스타 400만 조회수 찍은 소주잔녀 영상,https://www.youtube.com/watch?v=I36kdsiJEQg,뒤에 사람 모자이크는 해주자 양심상..
릴스,인스타 400만 조회수 찍은 소주잔녀 영상,https://www.youtube.com/watch?v=I36kdsiJEQg,야이 이게 뭔 400만 조회수노
릴스,인스타 400만 조회수 찍은 소주잔녀 영상,https://www.youtube.com/watch?v=I36kdsiJEQg,귀여워 ㅋㅋㅋ
릴스,인스타 400만 조회수 찍은 소주잔녀 영상,https://www.youtube.com/watch?v=I36kdsiJEQg,알코올중독자
릴스,인스타 400만 조회수 찍은 소주잔녀 영상,https://www.youtube.com/watch?v=I36kdsiJEQg,맛대가리 없는 소주를 마시는 게 표정에서 적나라하게 드러나네
릴스,인스타 400만 조회수 찍은 소주잔녀 영상,https://www.youtube.com/watch?v=I36kdsiJEQg,관상이 딱 등쳐먹고 빨대꼽을상임 <br>퐁퐁남 호구잡아서
릴스,인스타 400만 조회수 찍은 소주잔녀 영상,https://www.youtube.com/watch?v=I36kdsiJEQg,뭐하는거임?ㅡㅡ
릴스,인스타 400만 조회수 찍은 소주잔녀 영상,https://www.youtube.com/watch?v=I36kdsiJEQg,귀여움 ㄴㄴ.. 귀여운척 OO
릴스,인스타 400만 조회수 찍은 소주잔녀 영상,https://www.youtube.com/watch?v=I36kdsiJEQg,소주잔에. 먹는건 벌.레도 먹음 별로 건강한사람은 한병 나.발불어도 반응이 없을정도라서
릴스,인스타 400만 조회수 찍은 소주잔녀 영상,https://www.youtube.com/watch?v=I36kdsiJEQg,예수님은 주님 ㅡ기독교인
릴스,인스타 400만 조회수 찍은 소주잔녀 영상,https://www.youtube.com/watch?v=I36kdsiJEQg,술에 잠긴자에게 재앙이 따라 옴 ㅡ잠언23에서 ㅡ기독교인
릴스,인스타 400만 조회수 찍은 소주잔녀 영상,https://www.youtube.com/watch?v=I36kdsiJEQg,포근하게 생겼다
릴스,인스타 400만 조회수 찍은 소주잔녀 영상,https://www.youtube.com/watch?v=I36kdsiJEQg,쇼츠400만 개병싄 어그로 ㅋㅋㅋ ㅇㅁ뒤진영상이네
릴스,인스타 400만 조회수 찍은 소주잔녀 영상,https://www.youtube.com/watch?v=I36kdsiJEQg,아빠 차가지고 앞에 왔다.
릴스,인스타 400만 조회수 찍은 소주잔녀 영상,https://www.youtube.com/watch?v=I36kdsiJEQg,친구들아 술은 강요 하지마라..
릴스,인스타 400만 조회수 찍은 소주잔녀 영상,https://www.youtube.com/watch?v=I36kdsiJEQg,사실 소주만큼 줫나 맛없는술이 세계적으로도 보기힘듬 ㅋㅋ
릴스,인스타 400만 조회수 찍은 소주잔녀 영상,https://www.youtube.com/watch?v=I36kdsiJEQg,절대 술 먹으면 안되는 타입임 몸애 알콜 분해효소가 없는거라 답 없음<br>먹기 싫은것도 싫은거지만 몸이 필사적으로 거부하는거임
릴스,인스타 400만 조회수 찍은 소주잔녀 영상,https://www.youtube.com/watch?v=I36kdsiJEQg,14-16년대 감성ㅋㅋ
릴스,인스타 400만 조회수 찍은 소주잔녀 영상,https://www.youtube.com/watch?v=I36kdsiJEQg,인생을 10년단위로 나눈다면 10대는 학교에 20대는 직장과 술에 30대는 가정에 40대는 자녀에 50대는 ....좀더살아볼게요
릴스,인스타 400만 조회수 찍은 소주잔녀 영상,https://www.youtube.com/watch?v=I36kdsiJEQg,젊음이란 술이 전부지ㅋ
릴스,인스타 400만 조회수 찍은 소주잔녀 영상,https://www.youtube.com/watch?v=I36kdsiJEQg,흑기사😅손
릴스,인스타 400만 조회수 찍은 소주잔녀 영상,https://www.youtube.com/watch?v=I36kdsiJEQg,그만 처먹어.젊음이 특권은 아니잖아.
릴스,인스타 400만 조회수 찍은 소주잔녀 영상,https://www.youtube.com/watch?v=I36kdsiJEQg,왜?
릴스,인스타 400만 조회수 찍은 소주잔녀 영상,https://www.youtube.com/watch?v=I36kdsiJEQg,소줏잔만녀
릴스,인스타 400만 조회수 찍은 소주잔녀 영상,https://www.youtube.com/watch?v=I36kdsiJEQg,취하면잘주겠네
릴스,인스타 400만 조회수 찍은 소주잔녀 영상,https://www.youtube.com/watch?v=I36kdsiJEQg,개 깜찍 하누 ??
릴스,인스타 400만 조회수 찍은 소주잔녀 영상,https://www.youtube.com/watch?v=I36kdsiJEQg,인스타그램 가서놀아 쇼츠오지말고
릴스,인스타 400만 조회수 찍은 소주잔녀 영상,https://www.youtube.com/watch?v=I36kdsiJEQg,이거 왜 조회수 높음?
릴스,인스타 400만 조회수 찍은 소주잔녀 영상,https://www.youtube.com/watch?v=I36kdsiJEQg,뭔데?
릴스,인스타 400만 조회수 찍은 소주잔녀 영상,https://www.youtube.com/watch?v=I36kdsiJEQg,??? : 애네들 생각보다 지능이 높네?... 안걸릴줄 알았는데..
릴스,인스타 400만 조회수 찍은 소주잔녀 영상,https://www.youtube.com/watch?v=I36kdsiJEQg,술은 주량껏 즐기는 것입니다.<br>억지로  마시게하면 안될것 입니다
릴스,인스타 400만 조회수 찍은 소주잔녀 영상,https://www.youtube.com/watch?v=I36kdsiJEQg,얍삽하네
릴스,인스타 400만 조회수 찍은 소주잔녀 영상,https://www.youtube.com/watch?v=I36kdsiJEQg,ㅋㅋㅋㅋㅋㅋ주ㅏㄴ나웃기네 귀여우ㅑ
릴스,인스타 400만 조회수 찍은 소주잔녀 영상,https://www.youtube.com/watch?v=I36kdsiJEQg,술먹기 싫다는 사람 술먹이지 말아요<br>정말힘들어요ㅜㅜ
릴스,인스타 400만 조회수 찍은 소주잔녀 영상,https://www.youtube.com/watch?v=I36kdsiJEQg,뽐을거 같아서 개쫄았다 ㅋㅋ
릴스,인스타 400만 조회수 찍은 소주잔녀 영상,https://www.youtube.com/watch?v=I36kdsiJEQg,소주잔이 저렇게 큰거였었나? ㅋㅋㅋㅋ
릴스,인스타 400만 조회수 찍은 소주잔녀 영상,https://www.youtube.com/watch?v=I36kdsiJEQg,귀여웡ㅋ
릴스,인스타 400만 조회수 찍은 소주잔녀 영상,https://www.youtube.com/watch?v=I36kdsiJEQg,그립다 나의 20초
릴스,인스타 400만 조회수 찍은 소주잔녀 영상,https://www.youtube.com/watch?v=I36kdsiJEQg,귀여웡~~~~
릴스,인스타 400만 조회수 찍은 소주잔녀 영상,https://www.youtube.com/watch?v=I36kdsiJEQg,술 약하면 이해하는데 빨리 넘겨야 나음. 물고 있으면 더 빨리 흡수되어서 더 힘듬 ㅋㅋㅋㅋㅋㅋ
릴스,인스타 400만 조회수 찍은 소주잔녀 영상,https://www.youtube.com/watch?v=I36kdsiJEQg,우정이야?
릴스,인스타 400만 조회수 찍은 소주잔녀 영상,https://www.youtube.com/watch?v=I36kdsiJEQg,가수나 귀엽고 이쁘네
릴스,인스타 400만 조회수 찍은 소주잔녀 영상,https://www.youtube.com/watch?v=I36kdsiJEQg,저자리에 있는 남자 8할은 쟤 어떻게든 저날 따먹을 생각하고 있음 이건 남자라면 반박못함
릴스,인스타 400만 조회수 찍은 소주잔녀 영상,https://www.youtube.com/watch?v=I36kdsiJEQg,단체 술자리에 사기꾼 조심
릴스,인스타 400만 조회수 찍은 소주잔녀 영상,https://www.youtube.com/watch?v=I36kdsiJEQg,물컵에 물을 3분의1정도만 담은채로 옆에 준비해놔 그리고 소주잔을 입에 한번에 털어넣고 삼키지말고 티안나게 입에 머금은상태로 물마시는척 물컵집어들고 입으로 가져가서 입안에 소주 컵안에 뱉어 어때 감쪽같지? 다연이 귀여워서 알려줬다
릴스,인스타 400만 조회수 찍은 소주잔녀 영상,https://www.youtube.com/watch?v=I36kdsiJEQg,어디가전설이가
릴스,인스타 400만 조회수 찍은 소주잔녀 영상,https://www.youtube.com/watch?v=I36kdsiJEQg,귀여워 ㅋㅋㅋ 게다가 이뻐
릴스,인스타 400만 조회수 찍은 소주잔녀 영상,https://www.youtube.com/watch?v=I36kdsiJEQg,저렇게 소주 써서 못먹으면서 왜 술먹으러 다닐까 소주 맛도 잘 모르는애들이
릴스,인스타 400만 조회수 찍은 소주잔녀 영상,https://www.youtube.com/watch?v=I36kdsiJEQg,걍 쎈척히지말고 못마실정도면 거절하는게 답.
릴스,인스타 400만 조회수 찍은 소주잔녀 영상,https://www.youtube.com/watch?v=I36kdsiJEQg,귀엽내.
릴스,인스타 400만 조회수 찍은 소주잔녀 영상,https://www.youtube.com/watch?v=I36kdsiJEQg,잔이 큰거야 얼굴이 작은거야
릴스,인스타 400만 조회수 찍은 소주잔녀 영상,https://www.youtube.com/watch?v=I36kdsiJEQg,아.. 술을 마시면 좋은가요..?
릴스,인스타 400만 조회수 찍은 소주잔녀 영상,https://www.youtube.com/watch?v=I36kdsiJEQg,이미나 대리님 새내기때 모습같네
릴스,인스타 400만 조회수 찍은 소주잔녀 영상,https://www.youtube.com/watch?v=I36kdsiJEQg,소주잔이 저렇게 컷엇나??
릴스,인스타 400만 조회수 찍은 소주잔녀 영상,https://www.youtube.com/watch?v=I36kdsiJEQg,먹지마 걍 술하다보면 체질따라 꼭 조심해야함
릴스,인스타 400만 조회수 찍은 소주잔녀 영상,https://www.youtube.com/watch?v=I36kdsiJEQg,술 강요가 제일 무식해보임
릴스,인스타 400만 조회수 찍은 소주잔녀 영상,https://www.youtube.com/watch?v=I36kdsiJEQg,MZ세대에 꼰대들 은근 많음
릴스,인스타 400만 조회수 찍은 소주잔녀 영상,https://www.youtube.com/watch?v=I36kdsiJEQg,"<a href=""https://www.youtube.com/shorts/PlHA7k1k11o"">https://youtube.com/shorts/PlHA7k1k11o?si=dyv0DIP9qAF32NmT</a>"
릴스,인스타 400만 조회수 찍은 소주잔녀 영상,https://www.youtube.com/watch?v=I36kdsiJEQg,왜케 예쁨 ㄷㄷ
릴스,인스타 400만 조회수 찍은 소주잔녀 영상,https://www.youtube.com/watch?v=I36kdsiJEQg,"먹기 싫은데 처먹으라는거냐 에휴,,,술을 저따구로들 배워서,,,,잘살것다 ㅋㅋ"
릴스,인스타 400만 조회수 찍은 소주잔녀 영상,https://www.youtube.com/watch?v=I36kdsiJEQg,귀엽네 애기만들고싶다
릴스,인스타 400만 조회수 찍은 소주잔녀 영상,https://www.youtube.com/watch?v=I36kdsiJEQg,아직도 무식하게 강제로 술먹이는 인간들이<br>있구나 요즘은 회사 회식자리에서도 강제로 술먹이는거 완전 다 없어졌는데
릴스,인스타 400만 조회수 찍은 소주잔녀 영상,https://www.youtube.com/watch?v=I36kdsiJEQg,얼굴에붓지..
릴스,인스타 400만 조회수 찍은 소주잔녀 영상,https://www.youtube.com/watch?v=I36kdsiJEQg,대놓고 사기치네~
릴스,인스타 400만 조회수 찍은 소주잔녀 영상,https://www.youtube.com/watch?v=I36kdsiJEQg,옛날 장학생시절 우정잉 느낌 비슷하네 ㅋㅋㅋ 10년대 중후반 그때 그 시절들
릴스,인스타 400만 조회수 찍은 소주잔녀 영상,https://www.youtube.com/watch?v=I36kdsiJEQg,분위기 때문에 술 억지로 마시게 하지마<br>아니 그냥 누구든 술을 쳐마시지마
릴스,인스타 400만 조회수 찍은 소주잔녀 영상,https://www.youtube.com/watch?v=I36kdsiJEQg,술을 먹이는 이유가 있다....<br>조심해라
릴스,인스타 400만 조회수 찍은 소주잔녀 영상,https://www.youtube.com/watch?v=I36kdsiJEQg,진짜 저때가그립다. 정말재밋고 멜랑꼴리햇는데
릴스,인스타 400만 조회수 찍은 소주잔녀 영상,https://www.youtube.com/watch?v=I36kdsiJEQg,…..술많이 먹고 물도 졸라 많이 쳐먹아서 토함
릴스,인스타 400만 조회수 찍은 소주잔녀 영상,https://www.youtube.com/watch?v=I36kdsiJEQg,나중에 술 안마시면 술 아깝다고 마시지말라고 하는 나이가 올겁니다  ㅠ
릴스,인스타 400만 조회수 찍은 소주잔녀 영상,https://www.youtube.com/watch?v=I36kdsiJEQg,?? 뭐지 팬들인가?
릴스,인스타 400만 조회수 찍은 소주잔녀 영상,https://www.youtube.com/watch?v=I36kdsiJEQg,머금다가 토해야 졸잼인데
릴스,인스타 400만 조회수 찍은 소주잔녀 영상,https://www.youtube.com/watch?v=I36kdsiJEQg,꽃다운 10대를 보내고 의외로 많은 20대 초반들이 술로 세상을 떠남.... 마냥 좋아하면 안됨
릴스,인스타 400만 조회수 찍은 소주잔녀 영상,https://www.youtube.com/watch?v=I36kdsiJEQg,술 적당히 마셔라 조진웅 만나면 강1간 당한다
릴스,인스타 400만 조회수 찍은 소주잔녀 영상,https://www.youtube.com/watch?v=I36kdsiJEQg,??? 젊음이 좋다!
릴스,인스타 400만 조회수 찍은 소주잔녀 영상,https://www.youtube.com/watch?v=I36kdsiJEQg,머리가 작은거야 술잔이 큰거야 ㅋㅋ<br>(미안해요 삼촌 대굴빡이 26호 써서 그래요)
릴스,인스타 400만 조회수 찍은 소주잔녀 영상,https://www.youtube.com/watch?v=I36kdsiJEQg,와 얼굴이얼마나 작은겨
릴스,인스타 400만 조회수 찍은 소주잔녀 영상,https://www.youtube.com/watch?v=I36kdsiJEQg,술은 억지로 마시게 하면 안됩니다....<br>못마시는 사람한테는 정말 고역이니깐요...
릴스,인스타 400만 조회수 찍은 소주잔녀 영상,https://www.youtube.com/watch?v=I36kdsiJEQg,얼굴부터 여우상
릴스,인스타 400만 조회수 찍은 소주잔녀 영상,https://www.youtube.com/watch?v=I36kdsiJEQg,피웅쉰 ㅋ
릴스,인스타 400만 조회수 찍은 소주잔녀 영상,https://www.youtube.com/watch?v=I36kdsiJEQg,술 마시는척 연기 잘하시네요
릴스,인스타 400만 조회수 찍은 소주잔녀 영상,https://www.youtube.com/watch?v=I36kdsiJEQg,남친 졸 부럽다
릴스,인스타 400만 조회수 찍은 소주잔녀 영상,https://www.youtube.com/watch?v=I36kdsiJEQg,얘 메이크업 빡쎄게 하면 제니 되겄다
릴스,인스타 400만 조회수 찍은 소주잔녀 영상,https://www.youtube.com/watch?v=I36kdsiJEQg,예쁘고 귀엽기까지 한 생명체라니... 아버님 어머님은 어느정도신거야 ㄷㄷㄷ
릴스,인스타 400만 조회수 찍은 소주잔녀 영상,https://www.youtube.com/watch?v=I36kdsiJEQg,흐... 저놈의 화학물... 40넘으니 혼술로 절대 저 희석소주 못마시겠음... 사람들 만날때나 억지로 마시지
릴스,인스타 400만 조회수 찍은 소주잔녀 영상,https://www.youtube.com/watch?v=I36kdsiJEQg,이렇게귀여워도되나😊
릴스,인스타 400만 조회수 찍은 소주잔녀 영상,https://www.youtube.com/watch?v=I36kdsiJEQg,내가 마셔줄게…
릴스,인스타 400만 조회수 찍은 소주잔녀 영상,https://www.youtube.com/watch?v=I36kdsiJEQg,술 권하는 놈의 새끼들은 속으로 술ㅇ석고 디지라고 주는거다
릴스,인스타 400만 조회수 찍은 소주잔녀 영상,https://www.youtube.com/watch?v=I36kdsiJEQg,그러다 인사불성 됨
릴스,인스타 400만 조회수 찍은 소주잔녀 영상,https://www.youtube.com/watch?v=I36kdsiJEQg,강제로 마시게 하는것도 살인 행위임
릴스,인스타 400만 조회수 찍은 소주잔녀 영상,https://www.youtube.com/watch?v=I36kdsiJEQg,친구시점이면<br>됐고 마시라고 소주병으로 뚝배기 깨버리기전에 가 정상반응
릴스,인스타 400만 조회수 찍은 소주잔녀 영상,https://www.youtube.com/watch?v=I36kdsiJEQg,흑기사 여기 있어요!
릴스,인스타 400만 조회수 찍은 소주잔녀 영상,https://www.youtube.com/watch?v=I36kdsiJEQg,김다미? 암튼 눈 큰 버전
릴스,인스타 400만 조회수 찍은 소주잔녀 영상,https://www.youtube.com/watch?v=I36kdsiJEQg,ㅋ  일리가 있군
릴스,인스타 400만 조회수 찍은 소주잔녀 영상,https://www.youtube.com/watch?v=I36kdsiJEQg,어으 개구리상 개극혐
릴스,인스타 400만 조회수 찍은 소주잔녀 영상,https://www.youtube.com/watch?v=I36kdsiJEQg,ㅋㅋ 커여움 인정.
릴스,인스타 400만 조회수 찍은 소주잔녀 영상,https://www.youtube.com/watch?v=I36kdsiJEQg,못생긴애가 재미라도 있어야지
릴스,인스타 400만 조회수 찍은 소주잔녀 영상,https://www.youtube.com/watch?v=I36kdsiJEQg,모른척안하고 콕짚는 저런애들 꼭있어 노잼에 짜증ㅋ
릴스,인스타 400만 조회수 찍은 소주잔녀 영상,https://www.youtube.com/watch?v=I36kdsiJEQg,귀엽누 ㅋㅋ
릴스,인스타 400만 조회수 찍은 소주잔녀 영상,https://www.youtube.com/watch?v=I36kdsiJEQg,진짜 너무 귀엽다
릴스,인스타 400만 조회수 찍은 소주잔녀 영상,https://www.youtube.com/watch?v=I36kdsiJEQg,"내가 집사람 만나서 술을 조금씩 마시기 시작함<br>그땐 처가를 가거나 회식을 할때 술 먹는게 정말 고역이었음<br>생맥 오백 한잔을 난 죽어라 열심히 먹는데<br>잔을 내려놓고 보면 반뼘도 안먹은게 어이없었음,,,<br>지금은 뭐,, ㅋㅋㅋㅋㅋ"
릴스,인스타 400만 조회수 찍은 소주잔녀 영상,https://www.youtube.com/watch?v=I36kdsiJEQg,술 먹기싫은거면  강요는 그만하자 친구들아
릴스,인스타 400만 조회수 찍은 소주잔녀 영상,https://www.youtube.com/watch?v=I36kdsiJEQg,😢😢😢😢😢
릴스,인스타 400만 조회수 찍은 소주잔녀 영상,https://www.youtube.com/watch?v=I36kdsiJEQg,이걸 누가 못 알아채냐고ㅋㅋ
릴스,인스타 400만 조회수 찍은 소주잔녀 영상,https://www.youtube.com/watch?v=I36kdsiJEQg,토나와 이런것들을 왜 봐야해?
릴스,인스타 400만 조회수 찍은 소주잔녀 영상,https://www.youtube.com/watch?v=I36kdsiJEQg,술이 나라를 망치고 있음..
릴스,인스타 400만 조회수 찍은 소주잔녀 영상,https://www.youtube.com/watch?v=I36kdsiJEQg,이분 혹시 택시3??
릴스,인스타 400만 조회수 찍은 소주잔녀 영상,https://www.youtube.com/watch?v=I36kdsiJEQg,손이 얼마나 작길래 소주잔이 커보이지
릴스,인스타 400만 조회수 찍은 소주잔녀 영상,https://www.youtube.com/watch?v=I36kdsiJEQg,근데 저거 소주잔 맞음? 왤케 커보이냐;; 두손으로 잡을정도면 그냥 물컵아님?
릴스,인스타 400만 조회수 찍은 소주잔녀 영상,https://www.youtube.com/watch?v=I36kdsiJEQg,귀여움이야 말로 이 시대 최고의 피지컬이다
릴스,인스타 400만 조회수 찍은 소주잔녀 영상,https://www.youtube.com/watch?v=I36kdsiJEQg,아니 잘생긴남자 없는데 왜 자꾸 마시게하냐구 개빡치게
릴스,인스타 400만 조회수 찍은 소주잔녀 영상,https://www.youtube.com/watch?v=I36kdsiJEQg,이게 왜 400만이 나온것임?
릴스,인스타 400만 조회수 찍은 소주잔녀 영상,https://www.youtube.com/watch?v=I36kdsiJEQg,소주컵 크기보니깐 진짜 왜소한가본데
릴스,인스타 400만 조회수 찍은 소주잔녀 영상,https://www.youtube.com/watch?v=I36kdsiJEQg,밑장빼기 비리노
릴스,인스타 400만 조회수 찍은 소주잔녀 영상,https://www.youtube.com/watch?v=I36kdsiJEQg,나도 20대때 술 못마실땐 마신척하고 괜히 말걸고 그랬는데 지금은 말술 😢😢
릴스,인스타 400만 조회수 찍은 소주잔녀 영상,https://www.youtube.com/watch?v=I36kdsiJEQg,오냐오냐 하니
릴스,인스타 400만 조회수 찍은 소주잔녀 영상,https://www.youtube.com/watch?v=I36kdsiJEQg,저런애들이 분수 잘터진다 ㅋㅋㅋㅋㅋㅋㅋㅋㅋㅋㅋ
릴스,인스타 400만 조회수 찍은 소주잔녀 영상,https://www.youtube.com/watch?v=I36kdsiJEQg,적당히 못생겨서 더 귀엽다😅
릴스,인스타 400만 조회수 찍은 소주잔녀 영상,https://www.youtube.com/watch?v=I36kdsiJEQg,졸귀탱~~^^
릴스,인스타 400만 조회수 찍은 소주잔녀 영상,https://www.youtube.com/watch?v=I36kdsiJEQg,사기
릴스,인스타 400만 조회수 찍은 소주잔녀 영상,https://www.youtube.com/watch?v=I36kdsiJEQg,입에 오래머금을수록 빨리 취한다는건ㅋㅋㅋ<br>무슨 외계인이냐?ㅋㅋㅋ<br>알콜 분해가 아가리에서함???<br>진짜 이딴 비과학적인 뇌피셜 음모론 좋아하는 색히들보면 꼭 4050이더라~
릴스,인스타 400만 조회수 찍은 소주잔녀 영상,https://www.youtube.com/watch?v=I36kdsiJEQg,"여자분 얼굴,손이 작으니 소주잔이 대빵 커보이네.ㅋㅋㅋ"
릴스,인스타 400만 조회수 찍은 소주잔녀 영상,https://www.youtube.com/watch?v=I36kdsiJEQg,"술 가지고 장난 하지 마라 술취해가지고 몹쓸짓 당하는 여자들 많이 보았고, 때로는 먼저 저세상으로 가더라. 사고로 그리고 또 인하대 학교 사건도 알지 않나 술 가지고 장난 하지 마라."
릴스,인스타 400만 조회수 찍은 소주잔녀 영상,https://www.youtube.com/watch?v=I36kdsiJEQg,마시기 싫은데 왜 하는거에요
릴스,인스타 400만 조회수 찍은 소주잔녀 영상,https://www.youtube.com/watch?v=I36kdsiJEQg,소주잔이 큰거임? 아님 여성분이 작은거임?
릴스,인스타 400만 조회수 찍은 소주잔녀 영상,https://www.youtube.com/watch?v=I36kdsiJEQg,20살들이라 확실히<br>넘나 귀엽다 탱글탱글<br>그립다 내 20대 청춘 ㅜ
릴스,인스타 400만 조회수 찍은 소주잔녀 영상,https://www.youtube.com/watch?v=I36kdsiJEQg,마시기 싫은걸 표현했는데도 옆에서 마시라고 잔까지 들어줘.. 아 너무 싫다.
릴스,인스타 400만 조회수 찍은 소주잔녀 영상,https://www.youtube.com/watch?v=I36kdsiJEQg,뭔데 이 개쳐귀여운 여성분은
릴스,인스타 400만 조회수 찍은 소주잔녀 영상,https://www.youtube.com/watch?v=I36kdsiJEQg,오우야
릴스,인스타 400만 조회수 찍은 소주잔녀 영상,https://www.youtube.com/watch?v=I36kdsiJEQg,소주잔이 커보이는데? 소인국 소녀인가
릴스,인스타 400만 조회수 찍은 소주잔녀 영상,https://www.youtube.com/watch?v=I36kdsiJEQg,페북스타 이한이 닮으셧네
릴스,인스타 400만 조회수 찍은 소주잔녀 영상,https://www.youtube.com/watch?v=I36kdsiJEQg,이걸로 증명이됐다 이쁘면 모든게 용서됨 쿵쾅이가 저랬어봐 댓글 전쟁터됐을듯~
릴스,인스타 400만 조회수 찍은 소주잔녀 영상,https://www.youtube.com/watch?v=I36kdsiJEQg,잘주게생겻당
릴스,인스타 400만 조회수 찍은 소주잔녀 영상,https://www.youtube.com/watch?v=I36kdsiJEQg,귀여운
릴스,인스타 400만 조회수 찍은 소주잔녀 영상,https://www.youtube.com/watch?v=I36kdsiJEQg,소주잔이 저렇게나 큰가 나한테는 정말 소꿉장난에 쓰이는 사이즈인데
릴스,인스타 400만 조회수 찍은 소주잔녀 영상,https://www.youtube.com/watch?v=I36kdsiJEQg,ㅋㅋㅋㅋㅋㅋ
릴스,인스타 400만 조회수 찍은 소주잔녀 영상,https://www.youtube.com/watch?v=I36kdsiJEQg,실감나네
릴스,인스타 400만 조회수 찍은 소주잔녀 영상,https://www.youtube.com/watch?v=I36kdsiJEQg,너무귀엽다
릴스,인스타 400만 조회수 찍은 소주잔녀 영상,https://www.youtube.com/watch?v=I36kdsiJEQg,내가항상 그러잖아 술처먹는것들은 과학이라고
릴스,인스타 400만 조회수 찍은 소주잔녀 영상,https://www.youtube.com/watch?v=I36kdsiJEQg,쪼맨한것들이 쑈를허네
릴스,인스타 400만 조회수 찍은 소주잔녀 영상,https://www.youtube.com/watch?v=I36kdsiJEQg,지금 아저씨나이 50인데 딸 같은 친구하고싶네요^^
릴스,인스타 400만 조회수 찍은 소주잔녀 영상,https://www.youtube.com/watch?v=I36kdsiJEQg,벌컥벌컥 마시면<br>벌컥벌컥 위가 움직이는 경험을 할 수 있습니다.
릴스,인스타 400만 조회수 찍은 소주잔녀 영상,https://www.youtube.com/watch?v=I36kdsiJEQg,뭐하려고 했는데 까먹게 만들정도로 귀여운 그의 외모와 몸짓
릴스,인스타 400만 조회수 찍은 소주잔녀 영상,https://www.youtube.com/watch?v=I36kdsiJEQg,우정잉?
릴스,인스타 400만 조회수 찍은 소주잔녀 영상,https://www.youtube.com/watch?v=I36kdsiJEQg,인생 종치는거 배우는 중이군. 자~~○ㅏㄹ 한다
릴스,인스타 400만 조회수 찍은 소주잔녀 영상,https://www.youtube.com/watch?v=I36kdsiJEQg,18 좋을때다
릴스,인스타 400만 조회수 찍은 소주잔녀 영상,https://www.youtube.com/watch?v=I36kdsiJEQg,입에 댔으면 바로 버려야지<br>밥오😂
릴스,인스타 400만 조회수 찍은 소주잔녀 영상,https://www.youtube.com/watch?v=I36kdsiJEQg,쓰레기 술은 마시지 맙시다. 와인 맥주 위스키 좋은술 많은데 그려.
릴스,인스타 400만 조회수 찍은 소주잔녀 영상,https://www.youtube.com/watch?v=I36kdsiJEQg,잔이 왤케 커보여
릴스,인스타 400만 조회수 찍은 소주잔녀 영상,https://www.youtube.com/watch?v=I36kdsiJEQg,오래 머금으면 ㅈ돼니까 저거 시킨 친구한테 양보해주는 건 어떨까요? 한마디로 그냥 뱉ㅇ..
릴스,인스타 400만 조회수 찍은 소주잔녀 영상,https://www.youtube.com/watch?v=I36kdsiJEQg,구독했어요 힘내요!❤
릴스,인스타 400만 조회수 찍은 소주잔녀 영상,https://www.youtube.com/watch?v=I36kdsiJEQg,청춘은 깡패다  귀엽다
릴스,인스타 400만 조회수 찍은 소주잔녀 영상,https://www.youtube.com/watch?v=I36kdsiJEQg,고만 좀 멕여라  많이 취하면 좋을거 하나 없다.
릴스,인스타 400만 조회수 찍은 소주잔녀 영상,https://www.youtube.com/watch?v=I36kdsiJEQg,저러고 물컵에 물마신척하기ㅋㅋ
릴스,인스타 400만 조회수 찍은 소주잔녀 영상,https://www.youtube.com/watch?v=I36kdsiJEQg,내가볼때 천만이네
릴스,인스타 400만 조회수 찍은 소주잔녀 영상,https://www.youtube.com/watch?v=I36kdsiJEQg,술장빼기냐?
릴스,인스타 400만 조회수 찍은 소주잔녀 영상,https://www.youtube.com/watch?v=I36kdsiJEQg,술 먹지마요
릴스,인스타 400만 조회수 찍은 소주잔녀 영상,https://www.youtube.com/watch?v=I36kdsiJEQg,차라리 못 마신다 해라
릴스,인스타 400만 조회수 찍은 소주잔녀 영상,https://www.youtube.com/watch?v=I36kdsiJEQg,하지만걸렸죠
릴스,인스타 400만 조회수 찍은 소주잔녀 영상,https://www.youtube.com/watch?v=I36kdsiJEQg,저 소주잔 큰거임? 얼굴이 작은거임? 존나 신기하네
릴스,인스타 400만 조회수 찍은 소주잔녀 영상,https://www.youtube.com/watch?v=I36kdsiJEQg,먹기 싫은술 억지로 먹이는 한국 술문화<br>정말싫어요~!!
릴스,인스타 400만 조회수 찍은 소주잔녀 영상,https://www.youtube.com/watch?v=I36kdsiJEQg,이삐네
릴스,인스타 400만 조회수 찍은 소주잔녀 영상,https://www.youtube.com/watch?v=I36kdsiJEQg,안주를 먹은 후 술을 마셔봐요. 더 개운함
릴스,인스타 400만 조회수 찍은 소주잔녀 영상,https://www.youtube.com/watch?v=I36kdsiJEQg,따먹고싶다
릴스,인스타 400만 조회수 찍은 소주잔녀 영상,https://www.youtube.com/watch?v=I36kdsiJEQg,다음소식입니다. 서울의 한유흥가. 주폭으로인해 술을 안먹는지인에게 친구가 게임이라는 이유로  억지로 술을 강요한 뒤 그뒤 폭력성이 폭발해 주변지인을 살해한 안타까운 뉴스입니다.<br><br>라는 뉴스 예전에 본적있음
릴스,인스타 400만 조회수 찍은 소주잔녀 영상,https://www.youtube.com/watch?v=I36kdsiJEQg,3초 엔믹스지우
릴스,인스타 400만 조회수 찍은 소주잔녀 영상,https://www.youtube.com/watch?v=I36kdsiJEQg,귀여워
릴스,인스타 400만 조회수 찍은 소주잔녀 영상,https://www.youtube.com/watch?v=I36kdsiJEQg,참 아이러니한 우리나라 음주문화<br>마시기 싫은데 억지로 먹이고<br>그걸보고 즐거워하고...<br>마실때마다 짠해야되고...참
릴스,인스타 400만 조회수 찍은 소주잔녀 영상,https://www.youtube.com/watch?v=I36kdsiJEQg,흑두각
릴스,인스타 400만 조회수 찍은 소주잔녀 영상,https://www.youtube.com/watch?v=I36kdsiJEQg,저날 개됐다~😂
릴스,인스타 400만 조회수 찍은 소주잔녀 영상,https://www.youtube.com/watch?v=I36kdsiJEQg,이딴걸무슨400만이나보냐
릴스,인스타 400만 조회수 찍은 소주잔녀 영상,https://www.youtube.com/watch?v=I36kdsiJEQg,소주는 꺽어야 덜 쓰다~
릴스,인스타 400만 조회수 찍은 소주잔녀 영상,https://www.youtube.com/watch?v=I36kdsiJEQg,귀여워
릴스,인스타 400만 조회수 찍은 소주잔녀 영상,https://www.youtube.com/watch?v=I36kdsiJEQg,옆친구한테 뿜었다면 100점이었는데
릴스,인스타 400만 조회수 찍은 소주잔녀 영상,https://www.youtube.com/watch?v=I36kdsiJEQg,흑기사... 여기 있는데... 아 나 신고 당하겠네... 노력해 보셔요... 화이팅~~!
릴스,인스타 400만 조회수 찍은 소주잔녀 영상,https://www.youtube.com/watch?v=I36kdsiJEQg,흑기사... 여기 있는데... 아 나 신고 당하겠네... 노력해 보셔요... 화이팅~~!
릴스,인스타 400만 조회수 찍은 소주잔녀 영상,https://www.youtube.com/watch?v=I36kdsiJEQg,흑기사... 여기 있는데... 아 나 신고 당하겠네... 노력해 보셔요... 화이팅~~!
릴스,인스타 400만 조회수 찍은 소주잔녀 영상,https://www.youtube.com/watch?v=I36kdsiJEQg,잔이큰거임?? 손이 작은거임??
릴스,인스타 400만 조회수 찍은 소주잔녀 영상,https://www.youtube.com/watch?v=I36kdsiJEQg,귀엽네요
릴스,인스타 400만 조회수 찍은 소주잔녀 영상,https://www.youtube.com/watch?v=I36kdsiJEQg,여자의 최대 무기는 나이  😊
릴스,인스타 400만 조회수 찍은 소주잔녀 영상,https://www.youtube.com/watch?v=I36kdsiJEQg,귀엽당...❤😂❤
릴스,인스타 400만 조회수 찍은 소주잔녀 영상,https://www.youtube.com/watch?v=I36kdsiJEQg,얼굴졸라 작내 술잔이 커보이네
릴스,인스타 400만 조회수 찍은 소주잔녀 영상,https://www.youtube.com/watch?v=I36kdsiJEQg,옆에 물잔을 갖다 놓는다..<br>술을 다같이 마신다<br>입에 담고 있는 상태로 물을 마시는척 내 뱉는다.<br><br><br>이러면 두세잔은 상대를 먼저 보낼수 있음
릴스,인스타 400만 조회수 찍은 소주잔녀 영상,https://www.youtube.com/watch?v=I36kdsiJEQg,저분이 소주잔 들면 왜케 커보이냐
릴스,인스타 400만 조회수 찍은 소주잔녀 영상,https://www.youtube.com/watch?v=I36kdsiJEQg,진짜 나이가 깡패다 ㅋㅋ
릴스,인스타 400만 조회수 찍은 소주잔녀 영상,https://www.youtube.com/watch?v=I36kdsiJEQg,그만 마셔 곧 토할거같네ㅠㅠ
릴스,인스타 400만 조회수 찍은 소주잔녀 영상,https://www.youtube.com/watch?v=I36kdsiJEQg,여자애들 제발 술 마시는건 좋은데 니 몸 컨트롤 될 정도만 먹어요. 친구들이 주는 술 자기 주량도 모르면서 다 받아 마시는것 만큼 미련한게 없습니다. 취했다 싶으면 술잔 엎어놓고 안마신다고 말하세요. 주변에서 지랄하든 말든 그인간들이 당신 인생 커버 쳐주는게 아닙니다. 지금 세상이 얼마나 위험한데... 술취한 여자애들 길거리에서 볼 때마다 안타까워  미치겠음. 답답하기도 하고
릴스,인스타 400만 조회수 찍은 소주잔녀 영상,https://www.youtube.com/watch?v=I36kdsiJEQg,술 마시는거 저렇게 싫으면서  왜 술술술 먹재???!!!
릴스,인스타 400만 조회수 찍은 소주잔녀 영상,https://www.youtube.com/watch?v=I36kdsiJEQg,소주잔 커보이는거봐
릴스,인스타 400만 조회수 찍은 소주잔녀 영상,https://www.youtube.com/watch?v=I36kdsiJEQg,소주잔이 이렇게 컸던가? 여성분이 작은건가?
릴스,인스타 400만 조회수 찍은 소주잔녀 영상,https://www.youtube.com/watch?v=I36kdsiJEQg,좋을때다~~ 젊음을 즐기세요~~~
릴스,릴스 100만 뷰 터지는 방법!? 알려드립니다.,https://www.youtube.com/watch?v=wfGWCvKZIvg,인스타로만 만드신건가뇨?? 어플 뭐 쓰사는지.. 처음 만들어보려눈데..
릴스,릴스 100만 뷰 터지는 방법!? 알려드립니다.,https://www.youtube.com/watch?v=wfGWCvKZIvg,7-10초 영상도 조회수 높으면 수익화 가능한가요?
릴스,릴스 100만 뷰 터지는 방법!? 알려드립니다.,https://www.youtube.com/watch?v=wfGWCvKZIvg,제일 중요한 답변이 없음... 어떻게 하면 종이비행기 공유수를 높힐 수 있는가?
릴스,릴스 100만 뷰 터지는 방법!? 알려드립니다.,https://www.youtube.com/watch?v=wfGWCvKZIvg,7~10초짜리 릴스를 1개씩 올리시나요 아니면 여러개를 묶어서 올리시나요&gt;?
릴스,릴스 100만 뷰 터지는 방법!? 알려드립니다.,https://www.youtube.com/watch?v=wfGWCvKZIvg,"조회수 95만, 좋아요 3천, 댓글 454, 공유 5.2만<br>뭔가 심하게 공유 수가 많은건 어떤 의미인가요?"
릴스,릴스 100만 뷰 터지는 방법!? 알려드립니다.,https://www.youtube.com/watch?v=wfGWCvKZIvg,릴스가 잘되려면 최대한 짧은시간 안에 자극적인 걸 잘 담아야됨
릴스,릴스 100만 뷰 터지는 방법!? 알려드립니다.,https://www.youtube.com/watch?v=wfGWCvKZIvg,길수님 영상 화질은 왜이렇게 높나요!? 저는 4k로 찍고 추출도 4k로 하는데 영상 업로드하면 700댇 화질인대 어떻게 바꿀수 없나요!?
릴스,릴스 100만 뷰 터지는 방법!? 알려드립니다.,https://www.youtube.com/watch?v=wfGWCvKZIvg,릴스내용도 좋은 거 같아요! 많이많이 올려주세요☺️☺️
릴스,릴스 100만 뷰 터지는 방법!? 알려드립니다.,https://www.youtube.com/watch?v=wfGWCvKZIvg,너무 교과서 적인 답변인대요…
릴스,𝐏𝐥𝐚𝐲𝐥𝐢𝐬𝐭 SNS 대세 노래들 🔥 틱톡·릴스 인기 POP 모음 🎶 2026 트렌드,https://www.youtube.com/watch?v=7tmKQydeIKY,AI 노래 다 똑같음 ;; 진짜 싫다
릴스,𝐏𝐥𝐚𝐲𝐥𝐢𝐬𝐭 SNS 대세 노래들 🔥 틱톡·릴스 인기 POP 모음 🎶 2026 트렌드,https://www.youtube.com/watch?v=7tmKQydeIKY,"<a href=""https://www.youtube.com/watch?v=7tmKQydeIKY&amp;t=2979"">49:39</a> 노래 제목 알 수 있나요"
릴스,𝐏𝐥𝐚𝐲𝐥𝐢𝐬𝐭 SNS 대세 노래들 🔥 틱톡·릴스 인기 POP 모음 🎶 2026 트렌드,https://www.youtube.com/watch?v=7tmKQydeIKY,뭔 노래들이야 다 별로구만
릴스,𝐏𝐥𝐚𝐲𝐥𝐢𝐬𝐭 SNS 대세 노래들 🔥 틱톡·릴스 인기 POP 모음 🎶 2026 트렌드,https://www.youtube.com/watch?v=7tmKQydeIKY,"AI 노래면 AI 사용한다고 좀 써놓아주세요. 제목보고 신나서 들어왔는데, 하나도 안들어본 노래가... AI 표기 및 제목과 영상이 일치하지 않으므로 신고합니다."
릴스,𝐏𝐥𝐚𝐲𝐥𝐢𝐬𝐭 SNS 대세 노래들 🔥 틱톡·릴스 인기 POP 모음 🎶 2026 트렌드,https://www.youtube.com/watch?v=7tmKQydeIKY,그냥 ai 수노 노래들인데요오 ㅠㅜㅜ
릴스,𝐏𝐥𝐚𝐲𝐥𝐢𝐬𝐭 SNS 대세 노래들 🔥 틱톡·릴스 인기 POP 모음 🎶 2026 트렌드,https://www.youtube.com/watch?v=7tmKQydeIKY,릴스인기노래맞나?? 다모르겠네
릴스,𝐏𝐥𝐚𝐲𝐥𝐢𝐬𝐭 SNS 대세 노래들 🔥 틱톡·릴스 인기 POP 모음 🎶 2026 트렌드,https://www.youtube.com/watch?v=7tmKQydeIKY,ai 노래인가요?
릴스,𝐏𝐥𝐚𝐲𝐥𝐢𝐬𝐭 SNS 대세 노래들 🔥 틱톡·릴스 인기 POP 모음 🎶 2026 트렌드,https://www.youtube.com/watch?v=7tmKQydeIKY,제목까지 써줬음 최고였겠다..ㅜ
릴스,𝐏𝐥𝐚𝐲𝐥𝐢𝐬𝐭 SNS 대세 노래들 🔥 틱톡·릴스 인기 POP 모음 🎶 2026 트렌드,https://www.youtube.com/watch?v=7tmKQydeIKY,"제발 <a href=""https://www.youtube.com/watch?v=7tmKQydeIKY&amp;t=227"">3:47</a>부터 나오는 You&#39;re my gift, my heart, my life 이 노래 제목 알수있을까요?ㅠ/ㅠㅠㅠ너무좋아서 저장하고싶은데 아무리 검색해도 안나와요......"
릴스,𝐏𝐥𝐚𝐲𝐥𝐢𝐬𝐭 SNS 대세 노래들 🔥 틱톡·릴스 인기 POP 모음 🎶 2026 트렌드,https://www.youtube.com/watch?v=7tmKQydeIKY,첫 곡부터 걍 느좋
릴스,인별 700만 #인스타 #릴스 #쇼츠 #병원 #챌린지 #웃긴영상 #shorts #reels #challenge #painclinic #instagram,https://www.youtube.com/watch?v=AFCCKUOt4tw,3년 간 연구 끝에 드디어 출시된 최초의 기도개방형베개 에어웨이필로우! (조남룡 베개) 많은 관심 부탁드립니다!<br>구매는 프로필 링크에서 가능합니다❤
릴스,인별 700만 #인스타 #릴스 #쇼츠 #병원 #챌린지 #웃긴영상 #shorts #reels #challenge #painclinic #instagram,https://www.youtube.com/watch?v=AFCCKUOt4tw,저 직원들 안짤리낰ㅋㅋㅋㅋㅋㅋㅋㅋㅋㅋ
릴스,인별 700만 #인스타 #릴스 #쇼츠 #병원 #챌린지 #웃긴영상 #shorts #reels #challenge #painclinic #instagram,https://www.youtube.com/watch?v=AFCCKUOt4tw,저건 한두번당한게아니다ㅋㅋ
릴스,인별 700만 #인스타 #릴스 #쇼츠 #병원 #챌린지 #웃긴영상 #shorts #reels #challenge #painclinic #instagram,https://www.youtube.com/watch?v=AFCCKUOt4tw,간호사 부모님이 건물주다에 한표!
릴스,인별 700만 #인스타 #릴스 #쇼츠 #병원 #챌린지 #웃긴영상 #shorts #reels #challenge #painclinic #instagram,https://www.youtube.com/watch?v=AFCCKUOt4tw,ㅋㅋㅋㅋ 빵 터졌어요ㅋ
릴스,인별 700만 #인스타 #릴스 #쇼츠 #병원 #챌린지 #웃긴영상 #shorts #reels #challenge #painclinic #instagram,https://www.youtube.com/watch?v=AFCCKUOt4tw,진짜 저럼? 컨셉아님?
릴스,인별 700만 #인스타 #릴스 #쇼츠 #병원 #챌린지 #웃긴영상 #shorts #reels #challenge #painclinic #instagram,https://www.youtube.com/watch?v=AFCCKUOt4tw,와아 우리동네 원장님이닷
릴스,인별 700만 #인스타 #릴스 #쇼츠 #병원 #챌린지 #웃긴영상 #shorts #reels #challenge #painclinic #instagram,https://www.youtube.com/watch?v=AFCCKUOt4tw,버릇없는 간호사 . 왜 저래? 원장이라 일부러 ? 장난? 사람한테 저럴수있는거 라 생각하냐? 미친 간호사자격 인간자격없네
릴스,인별 700만 #인스타 #릴스 #쇼츠 #병원 #챌린지 #웃긴영상 #shorts #reels #challenge #painclinic #instagram,https://www.youtube.com/watch?v=AFCCKUOt4tw,복수냣! ㅋㅋㅋㅋㅋㅋㅋㅋ
릴스,인별 700만 #인스타 #릴스 #쇼츠 #병원 #챌린지 #웃긴영상 #shorts #reels #challenge #painclinic #instagram,https://www.youtube.com/watch?v=AFCCKUOt4tw,두사람 키가 아담하다
릴스,인별 700만 #인스타 #릴스 #쇼츠 #병원 #챌린지 #웃긴영상 #shorts #reels #challenge #painclinic #instagram,https://www.youtube.com/watch?v=AFCCKUOt4tw,재미가 없어ㆍ
릴스,인별 700만 #인스타 #릴스 #쇼츠 #병원 #챌린지 #웃긴영상 #shorts #reels #challenge #painclinic #instagram,https://www.youtube.com/watch?v=AFCCKUOt4tw,요즘 병원 진짜 간호사가 원장한테 으름장 놓음
릴스,인별 700만 #인스타 #릴스 #쇼츠 #병원 #챌린지 #웃긴영상 #shorts #reels #challenge #painclinic #instagram,https://www.youtube.com/watch?v=AFCCKUOt4tw,여기 병원 시트콤 찍네~~ 넘 재미ㅎㅎㅎ
릴스,인별 700만 #인스타 #릴스 #쇼츠 #병원 #챌린지 #웃긴영상 #shorts #reels #challenge #painclinic #instagram,https://www.youtube.com/watch?v=AFCCKUOt4tw,환자가없어서 의사를 환자로 만들라카네~~~😂😂😂😂😂😂😂😂
릴스,인별 700만 #인스타 #릴스 #쇼츠 #병원 #챌린지 #웃긴영상 #shorts #reels #challenge #painclinic #instagram,https://www.youtube.com/watch?v=AFCCKUOt4tw,이런건 왜 찍나요?
릴스,인별 700만 #인스타 #릴스 #쇼츠 #병원 #챌린지 #웃긴영상 #shorts #reels #challenge #painclinic #instagram,https://www.youtube.com/watch?v=AFCCKUOt4tw,"마눌님 이시군요,,,ㅋ😊"
릴스,인별 700만 #인스타 #릴스 #쇼츠 #병원 #챌린지 #웃긴영상 #shorts #reels #challenge #painclinic #instagram,https://www.youtube.com/watch?v=AFCCKUOt4tw,짤라   😂
릴스,인별 700만 #인스타 #릴스 #쇼츠 #병원 #챌린지 #웃긴영상 #shorts #reels #challenge #painclinic #instagram,https://www.youtube.com/watch?v=AFCCKUOt4tw,저런 원장님과 근무하면 행복하시겠어요~~
릴스,인별 700만 #인스타 #릴스 #쇼츠 #병원 #챌린지 #웃긴영상 #shorts #reels #challenge #painclinic #instagram,https://www.youtube.com/watch?v=AFCCKUOt4tw,뻥치고있네
릴스,인별 700만 #인스타 #릴스 #쇼츠 #병원 #챌린지 #웃긴영상 #shorts #reels #challenge #painclinic #instagram,https://www.youtube.com/watch?v=AFCCKUOt4tw,저건 100퍼 전날 거시기 했을때<br>맘에 안들었다는건데...
릴스,인별 700만 #인스타 #릴스 #쇼츠 #병원 #챌린지 #웃긴영상 #shorts #reels #challenge #painclinic #instagram,https://www.youtube.com/watch?v=AFCCKUOt4tw,예전에 살던 동네에 한의원이 있었는데 침 맞으러 갔었는데 원장이 간호사한테 무슨말만 하면 안보이게 째려보고 하던데
릴스,인별 700만 #인스타 #릴스 #쇼츠 #병원 #챌린지 #웃긴영상 #shorts #reels #challenge #painclinic #instagram,https://www.youtube.com/watch?v=AFCCKUOt4tw,간호사가 건물주네..
릴스,인별 700만 #인스타 #릴스 #쇼츠 #병원 #챌린지 #웃긴영상 #shorts #reels #challenge #painclinic #instagram,https://www.youtube.com/watch?v=AFCCKUOt4tw,쭈글~^^
릴스,인별 700만 #인스타 #릴스 #쇼츠 #병원 #챌린지 #웃긴영상 #shorts #reels #challenge #painclinic #instagram,https://www.youtube.com/watch?v=AFCCKUOt4tw,😂😂😂😂😂
릴스,인별 700만 #인스타 #릴스 #쇼츠 #병원 #챌린지 #웃긴영상 #shorts #reels #challenge #painclinic #instagram,https://www.youtube.com/watch?v=AFCCKUOt4tw,이건 애정도의 문제가아니자나 ㅋㅋㅋㅋㅋㅋㅋ
릴스,인별 700만 #인스타 #릴스 #쇼츠 #병원 #챌린지 #웃긴영상 #shorts #reels #challenge #painclinic #instagram,https://www.youtube.com/watch?v=AFCCKUOt4tw,오른쪽 이두근과 삼두근 왼쪽에 비해 크실듯
릴스,인별 700만 #인스타 #릴스 #쇼츠 #병원 #챌린지 #웃긴영상 #shorts #reels #challenge #painclinic #instagram,https://www.youtube.com/watch?v=AFCCKUOt4tw,환자가 월급이니까
릴스,인별 700만 #인스타 #릴스 #쇼츠 #병원 #챌린지 #웃긴영상 #shorts #reels #challenge #painclinic #instagram,https://www.youtube.com/watch?v=AFCCKUOt4tw,허허 쩐주한테는 소프트해야하거늘!!!
릴스,인별 700만 #인스타 #릴스 #쇼츠 #병원 #챌린지 #웃긴영상 #shorts #reels #challenge #painclinic #instagram,https://www.youtube.com/watch?v=AFCCKUOt4tw,간호사가동생인가봐 못된
릴스,인별 700만 #인스타 #릴스 #쇼츠 #병원 #챌린지 #웃긴영상 #shorts #reels #challenge #painclinic #instagram,https://www.youtube.com/watch?v=AFCCKUOt4tw,부부사이 좋아요
릴스,인별 700만 #인스타 #릴스 #쇼츠 #병원 #챌린지 #웃긴영상 #shorts #reels #challenge #painclinic #instagram,https://www.youtube.com/watch?v=AFCCKUOt4tw,언제나원장님은불쌍해~ㅋㅋㅋㅋㅋㅋㅋ😂😂😂😂😂😂😂
릴스,인별 700만 #인스타 #릴스 #쇼츠 #병원 #챌린지 #웃긴영상 #shorts #reels #challenge #painclinic #instagram,https://www.youtube.com/watch?v=AFCCKUOt4tw,저 병원은 엠비티아이가 다 Eeeeee
릴스,인별 700만 #인스타 #릴스 #쇼츠 #병원 #챌린지 #웃긴영상 #shorts #reels #challenge #painclinic #instagram,https://www.youtube.com/watch?v=AFCCKUOt4tw,저건 부인이 간호사다 ㅋㅋ
릴스,인별 700만 #인스타 #릴스 #쇼츠 #병원 #챌린지 #웃긴영상 #shorts #reels #challenge #painclinic #instagram,https://www.youtube.com/watch?v=AFCCKUOt4tw,발로 차😅😅
릴스,인별 700만 #인스타 #릴스 #쇼츠 #병원 #챌린지 #웃긴영상 #shorts #reels #challenge #painclinic #instagram,https://www.youtube.com/watch?v=AFCCKUOt4tw,😂😂😂😂😂
릴스,인별 700만 #인스타 #릴스 #쇼츠 #병원 #챌린지 #웃긴영상 #shorts #reels #challenge #painclinic #instagram,https://www.youtube.com/watch?v=AFCCKUOt4tw,당연한 거지만 이것은<br>재미로 위한 것 이지 절대로 상사나<br>윗 사람 에게 이 짓 거리<br><br>하면 짤리고 소문 금방 퍼져서<br>인생 힘들어 집니다.
릴스,인별 700만 #인스타 #릴스 #쇼츠 #병원 #챌린지 #웃긴영상 #shorts #reels #challenge #painclinic #instagram,https://www.youtube.com/watch?v=AFCCKUOt4tw,환자가 곧 돈이요
릴스,인별 700만 #인스타 #릴스 #쇼츠 #병원 #챌린지 #웃긴영상 #shorts #reels #challenge #painclinic #instagram,https://www.youtube.com/watch?v=AFCCKUOt4tw,요즘 병원 과잉진료로 갈때가 없구만...<br>이런 병원이 동네에도 있으면 좋것다
릴스,인별 700만 #인스타 #릴스 #쇼츠 #병원 #챌린지 #웃긴영상 #shorts #reels #challenge #painclinic #instagram,https://www.youtube.com/watch?v=AFCCKUOt4tw,ㅋ_ㅋ
릴스,인별 700만 #인스타 #릴스 #쇼츠 #병원 #챌린지 #웃긴영상 #shorts #reels #challenge #painclinic #instagram,https://www.youtube.com/watch?v=AFCCKUOt4tw,이분 멋지심
릴스,인별 700만 #인스타 #릴스 #쇼츠 #병원 #챌린지 #웃긴영상 #shorts #reels #challenge #painclinic #instagram,https://www.youtube.com/watch?v=AFCCKUOt4tw,왠지 불쌍하다 😂😂😂❤❤❤🎉🎉🎉🎉
릴스,인별 700만 #인스타 #릴스 #쇼츠 #병원 #챌린지 #웃긴영상 #shorts #reels #challenge #painclinic #instagram,https://www.youtube.com/watch?v=AFCCKUOt4tw,와~ 이 병원 함 가보고 싶네요~ㅋㅋㅋ
릴스,인별 700만 #인스타 #릴스 #쇼츠 #병원 #챌린지 #웃긴영상 #shorts #reels #challenge #painclinic #instagram,https://www.youtube.com/watch?v=AFCCKUOt4tw,❤❤❤😂❤❤❤
릴스,인별 700만 #인스타 #릴스 #쇼츠 #병원 #챌린지 #웃긴영상 #shorts #reels #challenge #painclinic #instagram,https://www.youtube.com/watch?v=AFCCKUOt4tw,흠 정말 그런거 아니죠?
릴스,인별 700만 #인스타 #릴스 #쇼츠 #병원 #챌린지 #웃긴영상 #shorts #reels #challenge #painclinic #instagram,https://www.youtube.com/watch?v=AFCCKUOt4tw,원~~~~장~~니~~~임<br>괜....챦으...신..거죠...오<br>ㅎㅎㅎ;;;;;
릴스,인별 700만 #인스타 #릴스 #쇼츠 #병원 #챌린지 #웃긴영상 #shorts #reels #challenge #painclinic #instagram,https://www.youtube.com/watch?v=AFCCKUOt4tw,어디 병원일까요?<br>한번가보고 싶어지네요 ㅎㅎ
릴스,인별 700만 #인스타 #릴스 #쇼츠 #병원 #챌린지 #웃긴영상 #shorts #reels #challenge #painclinic #instagram,https://www.youtube.com/watch?v=AFCCKUOt4tw,분위기 너무 좋아요<br>😂😂😂❤❤❤
릴스,인별 700만 #인스타 #릴스 #쇼츠 #병원 #챌린지 #웃긴영상 #shorts #reels #challenge #painclinic #instagram,https://www.youtube.com/watch?v=AFCCKUOt4tw,쩔뚝 쩔뜍
릴스,인별 700만 #인스타 #릴스 #쇼츠 #병원 #챌린지 #웃긴영상 #shorts #reels #challenge #painclinic #instagram,https://www.youtube.com/watch?v=AFCCKUOt4tw,간호쌤 : 좋아~ 자연스러웠어 ㅋㅋㅋ<br>원장쌤 : 휴 오늘도 잘 막았다 ㅋㅋㅋ
릴스,인별 700만 #인스타 #릴스 #쇼츠 #병원 #챌린지 #웃긴영상 #shorts #reels #challenge #painclinic #instagram,https://www.youtube.com/watch?v=AFCCKUOt4tw,진짜로 이러진 않겠지.?
릴스,인별 700만 #인스타 #릴스 #쇼츠 #병원 #챌린지 #웃긴영상 #shorts #reels #challenge #painclinic #instagram,https://www.youtube.com/watch?v=AFCCKUOt4tw,병원이라는 공간에서 이런 코믹한 컨텐츠 제작에 동참하시는 원장님 마인드에 박수를 보냅니다~ 👏
릴스,인별 700만 #인스타 #릴스 #쇼츠 #병원 #챌린지 #웃긴영상 #shorts #reels #challenge #painclinic #instagram,https://www.youtube.com/watch?v=AFCCKUOt4tw,아프시겠다 ㅎㅎㅎ
릴스,인별 700만 #인스타 #릴스 #쇼츠 #병원 #챌린지 #웃긴영상 #shorts #reels #challenge #painclinic #instagram,https://www.youtube.com/watch?v=AFCCKUOt4tw,불쌍하고   행복한  원장님  ㅎ ㅎ   ❤
릴스,인별 700만 #인스타 #릴스 #쇼츠 #병원 #챌린지 #웃긴영상 #shorts #reels #challenge #painclinic #instagram,https://www.youtube.com/watch?v=AFCCKUOt4tw,아주 자세가 본능적으로 몸에 촥~<br>배였군요.
릴스,인별 700만 #인스타 #릴스 #쇼츠 #병원 #챌린지 #웃긴영상 #shorts #reels #challenge #painclinic #instagram,https://www.youtube.com/watch?v=AFCCKUOt4tw,진뇨진료 진료\~콰앙
릴스,릴스 3000만 영상,https://www.youtube.com/watch?v=nA1nCFlxBHU,@gwangnyeo_fighter
릴스,릴스 3000만 영상,https://www.youtube.com/watch?v=nA1nCFlxBHU,아니 춤추시는분ㅋㅋㅋㅋㅋㅋㅋㅋㅋㅋㅋㅋㅋㅋㅋㅋㅋㅋㅋㅋㅋㅋㅋㅋㅋㅋㅋㅋㅋㅋㅋㅋㅋㅋㅋㅋㅋㅋㅋㅋㅋㅋㅋㅋㅋㅋㅋㅋㅋㅋㅋㅋㅋㅋㅋ
릴스,릴스 3000만 영상,https://www.youtube.com/watch?v=nA1nCFlxBHU,ㅋㅋㅋㅋㅋ
릴스,릴스 3000만 영상,https://www.youtube.com/watch?v=nA1nCFlxBHU,형 춤선이 예술이네요
릴스,릴스 3000만 영상,https://www.youtube.com/watch?v=nA1nCFlxBHU,운동많이 될거야
릴스,릴스 3000만 영상,https://www.youtube.com/watch?v=nA1nCFlxBHU,춤추는사람 윤방관임?
릴스,릴스 3000만 영상,https://www.youtube.com/watch?v=nA1nCFlxBHU,ㅋㅋㅋㅋㅋㅋㅋㅋㅋ대단하시네
릴스,릴스 3000만 영상,https://www.youtube.com/watch?v=nA1nCFlxBHU,광남 진짜 남자네
릴스,릴스 3000만 영상,https://www.youtube.com/watch?v=nA1nCFlxBHU,벨트매신분 표정 너무좋다 ㅋ
릴스,릴스 3000만 영상,https://www.youtube.com/watch?v=nA1nCFlxBHU,벨트 보는 순간 눈 살짝 풀리고 입도 느슨해지는게 포인트 ㅠㅋㅋㅋ
릴스,릴스 3000만 영상,https://www.youtube.com/watch?v=nA1nCFlxBHU,진짜 이건 예술의 경지임 ㅋㅋㅋㅋㅋ<br>스토리 연출 연기 뭐 하나 빠지는게 없다
릴스,릴스 3000만 영상,https://www.youtube.com/watch?v=nA1nCFlxBHU,이분 ㅋㅋㅋㅋㅋ 너무 좋아~  ㅋㅋㅋㅋㅋ
릴스,릴스 3000만 영상,https://www.youtube.com/watch?v=nA1nCFlxBHU,웃는 표정이 ㄹㅇ 가소롭다는 표현이 너무 잘되있어
릴스,릴스 3000만 영상,https://www.youtube.com/watch?v=nA1nCFlxBHU,"미우라 코타 쇼츠 보고 왔는데, 역시 파이터는 이런 와꾸가 맞지"
릴스,릴스 3000만 영상,https://www.youtube.com/watch?v=nA1nCFlxBHU,"그래도 함붙어 봐야지 내뺴는게 어딨습니까.  <br>갈대 가더라도 함 붙고 갑시다! <br><br><br><br>Be a man!<br>Man UP!<br>Like A Man!<br>Be brave!<br>Be bold!"
릴스,릴스 3000만 영상,https://www.youtube.com/watch?v=nA1nCFlxBHU,약간 겁먹은 표정으로 표정연기 만점에 춤 이만점 춤 기깔나네
릴스,릴스 3000만 영상,https://www.youtube.com/watch?v=nA1nCFlxBHU,제발 차단했던 류의 영상은 제발좀  뜨지마 ㅅㅂ
릴스,릴스 3000만 영상,https://www.youtube.com/watch?v=nA1nCFlxBHU,"ㅌ,,ㅌㅌ"
릴스,릴스 3000만 영상,https://www.youtube.com/watch?v=nA1nCFlxBHU,마지막 쓰러지는게 예술이네요😂
릴스,릴스 3000만 영상,https://www.youtube.com/watch?v=nA1nCFlxBHU,ㅋㅋㅋㅋㅋ 정말 저런 상황이면 저렇게 하는 게 용기다!
릴스,릴스 3000만 영상,https://www.youtube.com/watch?v=nA1nCFlxBHU,이딴게 잼있나?존나가짢다
릴스,릴스 3000만 영상,https://www.youtube.com/watch?v=nA1nCFlxBHU,표정 바로 멍청해지는거 겁나 웃김 ㅋㅋㅋ
릴스,릴스 3000만 영상,https://www.youtube.com/watch?v=nA1nCFlxBHU,황영진 vs 윤방관?? ㅋㅋ
릴스,릴스 3000만 영상,https://www.youtube.com/watch?v=nA1nCFlxBHU,That smile seems to wait for this for a lifetime www
릴스,릴스 3000만 영상,https://www.youtube.com/watch?v=nA1nCFlxBHU,댄스학원이군요
릴스,릴스 3000만 영상,https://www.youtube.com/watch?v=nA1nCFlxBHU,axaxaxa
릴스,릴스 3000만 영상,https://www.youtube.com/watch?v=nA1nCFlxBHU,아니 리듬감이랑 박자랑 표정 뭐든게 ㅈㄴ 완벽햌ㅋㅋㅋㅋㅋ
릴스,릴스 3000만 영상,https://www.youtube.com/watch?v=nA1nCFlxBHU,ㅋㅋㅋㅋㅋㅋㅋㅋㅋㅋㅋㅋㅋㅋㅋㅋㅋㅋㅋㅋㅋㅋㅋ😂😂😂😂😂😂
릴스,릴스 3000만 영상,https://www.youtube.com/watch?v=nA1nCFlxBHU,연기가 좋으신데요<br>표현이 좋습니다
릴스,릴스 3000만 영상,https://www.youtube.com/watch?v=nA1nCFlxBHU,진짜 리듬감 좋으시다
릴스,릴스 3000만 영상,https://www.youtube.com/watch?v=nA1nCFlxBHU,이분 춤이 이런 모든 장르영상중 최고이심 ㅋㅋㅋ
릴스,릴스 3000만 영상,https://www.youtube.com/watch?v=nA1nCFlxBHU,"표정,춤선  완벽해요😂"
릴스,릴스 3000만 영상,https://www.youtube.com/watch?v=nA1nCFlxBHU,🤣🤣🤣🤣🤣🥰🥰🥰🥰🥰🥰
릴스,릴스 3000만 영상,https://www.youtube.com/watch?v=nA1nCFlxBHU,노잼쩌노
릴스,릴스 3000만 영상,https://www.youtube.com/watch?v=nA1nCFlxBHU,연기가 넘사벽이네요 ㅋㅋㅋ
릴스,릴스 3000만 영상,https://www.youtube.com/watch?v=nA1nCFlxBHU,오랜만에 또보네요 그래도 재밌어요 ㄷㄷ
릴스,릴스 3000만 영상,https://www.youtube.com/watch?v=nA1nCFlxBHU,UFC챔피언 만나면 챔피언벨트 3개 가지고 있는사람도 춤춰야함ㅋㅋㅋ
릴스,릴스 3000만 영상,https://www.youtube.com/watch?v=nA1nCFlxBHU,한국인임?
릴스,릴스 3000만 영상,https://www.youtube.com/watch?v=nA1nCFlxBHU,😅
릴스,릴스 3000만 영상,https://www.youtube.com/watch?v=nA1nCFlxBHU,Nice Dance
릴스,릴스 3000만 영상,https://www.youtube.com/watch?v=nA1nCFlxBHU,먼가 춤이 잉여춤 같음ㅋㅋ
릴스,릴스 3000만 영상,https://www.youtube.com/watch?v=nA1nCFlxBHU,넘 귀여워 ㅋㅋㅋ 😂
릴스,릴스 3000만 영상,https://www.youtube.com/watch?v=nA1nCFlxBHU,Норм исполнил😂
릴스,릴스 3000만 영상,https://www.youtube.com/watch?v=nA1nCFlxBHU,5555
릴스,릴스 3000만 영상,https://www.youtube.com/watch?v=nA1nCFlxBHU,잘생겻다
릴스,릴스 3000만 영상,https://www.youtube.com/watch?v=nA1nCFlxBHU,좋아요 로 응원합니다 😊
릴스,릴스 3000만 영상,https://www.youtube.com/watch?v=nA1nCFlxBHU,ㅋㅋㅋㅋ 표정이 다살렸다
릴스,릴스 3000만 영상,https://www.youtube.com/watch?v=nA1nCFlxBHU,Lo knockeo sin tocarlo 😦
릴스,릴스 3000만 영상,https://www.youtube.com/watch?v=nA1nCFlxBHU,Congratulations you found a English Comment 🎉
릴스,릴스 3000만 영상,https://www.youtube.com/watch?v=nA1nCFlxBHU,One of self defense skills😅
릴스,릴스 3000만 영상,https://www.youtube.com/watch?v=nA1nCFlxBHU,Shi pa!!!
릴스,릴스 3000만 영상,https://www.youtube.com/watch?v=nA1nCFlxBHU,民進黨協會改革只改半套的後果
릴스,릴스 3000만 영상,https://www.youtube.com/watch?v=nA1nCFlxBHU,자 녹화를 시작하구요
릴스,릴스 3000만 영상,https://www.youtube.com/watch?v=nA1nCFlxBHU,This should go viral
릴스,릴스 3000만 영상,https://www.youtube.com/watch?v=nA1nCFlxBHU,"From fighter, to technoviking, then to fainting goat."
릴스,릴스 3000만 영상,https://www.youtube.com/watch?v=nA1nCFlxBHU,이집이 진짜 맛집입니다b
릴스,릴스 3000만 영상,https://www.youtube.com/watch?v=nA1nCFlxBHU,벨트 ㅈㄴ맛잇게보여줌 ㅋㅋㅋㅋㅋㅋㅋㅋㅋㅋㅋㅋㅋ
릴스,릴스 3000만 영상,https://www.youtube.com/watch?v=nA1nCFlxBHU,이런거찍으니까 탱크한테쳐발리지
릴스,릴스 3000만 영상,https://www.youtube.com/watch?v=nA1nCFlxBHU,Красавчик  👍 красиво съехал.<br>Возьмите на вооружение😅😅😅.
릴스,릴스 3000만 영상,https://www.youtube.com/watch?v=nA1nCFlxBHU,😂
릴스,릴스 3000만 영상,https://www.youtube.com/watch?v=nA1nCFlxBHU,One of the best shorts worldwide xD
릴스,릴스 3000만 영상,https://www.youtube.com/watch?v=nA1nCFlxBHU,춤 노래에 맞게 개잘춰서 진짜 개웃김
릴스,릴스 3000만 영상,https://www.youtube.com/watch?v=nA1nCFlxBHU,진짜 춤을 너무 잘춤 ㅋㅋㅋㅋ 춤이 이 쇼츠 다살림 ㅋㅋㅋㅋㅋ
릴스,릴스 3000만 영상,https://www.youtube.com/watch?v=nA1nCFlxBHU,춤을 진짜 맛깔나게 잘춘다.
릴스,릴스 3000만 영상,https://www.youtube.com/watch?v=nA1nCFlxBHU,JAJAJJAJAJAja break dance xD
릴스,릴스 3000만 영상,https://www.youtube.com/watch?v=nA1nCFlxBHU,"He wanted to “battle dance” after bumping and seeing his champion belt, he had to improvised  😆 🤣 Nice dance moves 😆"
릴스,릴스 3000만 영상,https://www.youtube.com/watch?v=nA1nCFlxBHU,🤣🤣🤣🤣👌👍😂😂
릴스,릴스 3000만 영상,https://www.youtube.com/watch?v=nA1nCFlxBHU,캬캬캬 캬캬캬
릴스,릴스 3000만 영상,https://www.youtube.com/watch?v=nA1nCFlxBHU,개웃김 ㅋㅋㅋㅋㅋㅋ 광남 페밀리 ㅋㅋ
릴스,릴스 3000만 영상,https://www.youtube.com/watch?v=nA1nCFlxBHU,흥미진진..쾌활하시네
릴스,릴스 3000만 영상,https://www.youtube.com/watch?v=nA1nCFlxBHU,중독성 있네 ㅋㅋㅋㅋㅋㅋㅋㅋㅋ
릴스,릴스 3000만 영상,https://www.youtube.com/watch?v=nA1nCFlxBHU,I watch it many times. He is Superb
릴스,릴스 3000만 영상,https://www.youtube.com/watch?v=nA1nCFlxBHU,se paralizo como las cabras cuando les da miedo hahahaha
릴스,릴스 3000만 영상,https://www.youtube.com/watch?v=nA1nCFlxBHU,노래가 너무 웃김 ㅋㅋㅋㅋㅋㅋㅋㅋㅋㅋㅋㅋㅋㅋ
릴스,릴스 3000만 영상,https://www.youtube.com/watch?v=nA1nCFlxBHU,"Ja, ja, ja, ja... Muy rifado el bailecito."
릴스,릴스 3000만 영상,https://www.youtube.com/watch?v=nA1nCFlxBHU,ай хангуки красавчики
릴스,릴스 3000만 영상,https://www.youtube.com/watch?v=nA1nCFlxBHU,🤣🤣🤣 faut bien danser 😂😂😂❤
릴스,릴스 3000만 영상,https://www.youtube.com/watch?v=nA1nCFlxBHU,men to lady....
릴스,릴스 3000만 영상,https://www.youtube.com/watch?v=nA1nCFlxBHU,I watch this over and over and I can&#39;t stop laughing LOL!!
릴스,릴스 3000만 영상,https://www.youtube.com/watch?v=nA1nCFlxBHU,音樂與舞蹈的結合 堪稱完美XD
릴스,릴스 3000만 영상,https://www.youtube.com/watch?v=nA1nCFlxBHU,순간의 선택이 삶을 좌우할지도란 교훈인가 살려면춤도 기만기로 춤도 배워야한다.
릴스,릴스 3000만 영상,https://www.youtube.com/watch?v=nA1nCFlxBHU,챔피온 몇개딴 벨트보면 춤춰야지ㅋㅋㅋㅋㅋ 덤볏다간 송장이지
릴스,릴스 3000만 영상,https://www.youtube.com/watch?v=nA1nCFlxBHU,Северокореец вернулся из России
릴스,릴스 3000만 영상,https://www.youtube.com/watch?v=nA1nCFlxBHU,Awesome 😎
릴스,릴스 3000만 영상,https://www.youtube.com/watch?v=nA1nCFlxBHU,이형이 젤 웃겨 중독되서 계속오네
릴스,릴스 3000만 영상,https://www.youtube.com/watch?v=nA1nCFlxBHU,🤣🤣🤣
릴스,릴스 3000만 영상,https://www.youtube.com/watch?v=nA1nCFlxBHU,😂
릴스,릴스 3000만 영상,https://www.youtube.com/watch?v=nA1nCFlxBHU,It seems like people only care about how well he dances.
릴스,릴스 3000만 영상,https://www.youtube.com/watch?v=nA1nCFlxBHU,Wow ....sorry didn&#39;t see you there
릴스,릴스 3000만 영상,https://www.youtube.com/watch?v=nA1nCFlxBHU,함 싸우까<br>자 녹화를 시작하고요
릴스,릴스 3000만 영상,https://www.youtube.com/watch?v=nA1nCFlxBHU,Excellent <br>I love it 😂
릴스,릴스 3000만 영상,https://www.youtube.com/watch?v=nA1nCFlxBHU,😂😂😂😂
릴스,릴스 3000만 영상,https://www.youtube.com/watch?v=nA1nCFlxBHU,응? 지금 어깨빵 한거야?<br>너 이리와임마(파이트 자세)<br>챔피언벨트를 보고난 이후<br>&#39;난 파이트자세를 취한게 아니라 이거 춤이야^^&#39;
릴스,릴스 3000만 영상,https://www.youtube.com/watch?v=nA1nCFlxBHU,😂😂
릴스,릴스 3000만 영상,https://www.youtube.com/watch?v=nA1nCFlxBHU,본업 번듯한 소방관에 부업 격투기.. 타이틀전까지 하고 아름다운 가정도 있고 진정한 승자..
릴스,릴스 3000만 영상,https://www.youtube.com/watch?v=nA1nCFlxBHU,왜 누었어요? 궁금하네요. 울 초딩 1학년 아들이.. ㅋㅋ
릴스,릴스 3000만 영상,https://www.youtube.com/watch?v=nA1nCFlxBHU,別的不說 這舞跳的挺好的 哈哈哈
릴스,릴스 3000만 영상,https://www.youtube.com/watch?v=nA1nCFlxBHU,Bro become techno viking
릴스,릴스 3000만 영상,https://www.youtube.com/watch?v=nA1nCFlxBHU,Gute Beinarbeit 😅
릴스,릴스 3000만 영상,https://www.youtube.com/watch?v=nA1nCFlxBHU,되게 특이하거나.......특별하다고 할것도 없는데....참....신기하단 말야.
릴스,릴스 3000만 영상,https://www.youtube.com/watch?v=nA1nCFlxBHU,Jajajaja😂😂es buenisimo este corto...al final parece q le esta dando un iptus 😂😂
릴스,릴스 3000만 영상,https://www.youtube.com/watch?v=nA1nCFlxBHU,好煩 看幾次笑幾次😂😂😂
릴스,릴스 3000만 영상,https://www.youtube.com/watch?v=nA1nCFlxBHU,오리지날을 뛰어넘어버린 작품
릴스,릴스 3000만 영상,https://www.youtube.com/watch?v=nA1nCFlxBHU,연기 너무 잘해..
릴스,릴스 3000만 영상,https://www.youtube.com/watch?v=nA1nCFlxBHU,춤이 제일 찰짐 ㅋㅋㅋㅋㅋ
릴스,릴스 3000만 영상,https://www.youtube.com/watch?v=nA1nCFlxBHU,Why is this movie 1 hour long..?
릴스,릴스 3000만 영상,https://www.youtube.com/watch?v=nA1nCFlxBHU,옷에 붙은거 광고임?
릴스,릴스 3000만 영상,https://www.youtube.com/watch?v=nA1nCFlxBHU,이제 4천만 넘음ㅋㅋ
릴스,릴스 3000만 영상,https://www.youtube.com/watch?v=nA1nCFlxBHU,DJ Smash-волна
릴스,릴스 3000만 영상,https://www.youtube.com/watch?v=nA1nCFlxBHU,윤방관 미치겠다 ㅋ
릴스,릴스 3000만 영상,https://www.youtube.com/watch?v=nA1nCFlxBHU,"DJ Smash, Россия 🇷🇺рулит 💪"
릴스,릴스 3000만 영상,https://www.youtube.com/watch?v=nA1nCFlxBHU,CORONAVIRUS MADE IN china
릴스,릴스 3000만 영상,https://www.youtube.com/watch?v=nA1nCFlxBHU,kkkkk Ele foi de lutador a Techno Viking muito rápido!
릴스,릴스 3000만 영상,https://www.youtube.com/watch?v=nA1nCFlxBHU,Good Job. Makes me smile. =)
릴스,릴스 3000만 영상,https://www.youtube.com/watch?v=nA1nCFlxBHU,Play dead 😂😂😂😂😂
릴스,릴스 3000만 영상,https://www.youtube.com/watch?v=nA1nCFlxBHU,😂😂😂😂😂ahuevo!
릴스,릴스 3000만 영상,https://www.youtube.com/watch?v=nA1nCFlxBHU,i would make the same moves
릴스,릴스 3000만 영상,https://www.youtube.com/watch?v=nA1nCFlxBHU,これ好き
릴스,릴스 3000만 영상,https://www.youtube.com/watch?v=nA1nCFlxBHU,Es JET LI?
릴스,릴스 3000만 영상,https://www.youtube.com/watch?v=nA1nCFlxBHU,asi los ratas cuando les quitan sus fierros jajaja
릴스,릴스 3000만 영상,https://www.youtube.com/watch?v=nA1nCFlxBHU,kekw
릴스,릴스 3000만 영상,https://www.youtube.com/watch?v=nA1nCFlxBHU,Love this haha genius
릴스,릴스 3000만 영상,https://www.youtube.com/watch?v=nA1nCFlxBHU,Why do I keep watching this 😅
릴스,릴스 3000만 영상,https://www.youtube.com/watch?v=nA1nCFlxBHU,campeonato de que es ese cinturón?
릴스,릴스 3000만 영상,https://www.youtube.com/watch?v=nA1nCFlxBHU,"Можно было попробовать подраться, титулы актуальны на 100% лишь в момент получения"
릴스,릴스 3000만 영상,https://www.youtube.com/watch?v=nA1nCFlxBHU,Вызываю тебя на поединок<br>Кхм танцевальный батл...
릴스,릴스 3000만 영상,https://www.youtube.com/watch?v=nA1nCFlxBHU,😂😂😂
릴스,릴스 3000만 영상,https://www.youtube.com/watch?v=nA1nCFlxBHU,😂😂😂😂
릴스,릴스 3000만 영상,https://www.youtube.com/watch?v=nA1nCFlxBHU,표정이 180도 바뀌는 연기실력<br>박자감 개쩌는 춤실력<br>마지막 쓰러지는 애드리드 연기실력까지
릴스,릴스 3000만 영상,https://www.youtube.com/watch?v=nA1nCFlxBHU,😅😅😅😅😅😂😂😂
릴스,릴스 3000만 영상,https://www.youtube.com/watch?v=nA1nCFlxBHU,😂
릴스,릴스 3000만 영상,https://www.youtube.com/watch?v=nA1nCFlxBHU,Щиииикарно!
릴스,릴스 3000만 영상,https://www.youtube.com/watch?v=nA1nCFlxBHU,Champion qo&#39;lidan o&#39;lguncha o&#39;zim o&#39;lib qo&#39;yaqolaman😂
릴스,릴스 3000만 영상,https://www.youtube.com/watch?v=nA1nCFlxBHU,"Dancer Great , I&#39;m come from VietNam =))))"
릴스,릴스 3000만 영상,https://www.youtube.com/watch?v=nA1nCFlxBHU,musica ?
릴스,릴스 3000만 영상,https://www.youtube.com/watch?v=nA1nCFlxBHU,"Bro folded like a wet noodle, lol (BTW, the English comment you were looking for. Hi!)."
릴스,릴스 3000만 영상,https://www.youtube.com/watch?v=nA1nCFlxBHU,Brasil..
릴스,릴스 3000만 영상,https://www.youtube.com/watch?v=nA1nCFlxBHU,ㅋㅋㅋㅋ완벽해
릴스,릴스 3000만 영상,https://www.youtube.com/watch?v=nA1nCFlxBHU,Funny😂😂
릴스,릴스 3000만 영상,https://www.youtube.com/watch?v=nA1nCFlxBHU,"From fighter to Techno Viking in 0,1s"
릴스,릴스 3000만 영상,https://www.youtube.com/watch?v=nA1nCFlxBHU,ㅋㅋ존나 찰지게 잘추네 ㅋㅋㅋㅋㅋㅋ
릴스,릴스 3000만 영상,https://www.youtube.com/watch?v=nA1nCFlxBHU,почему я пересматриваю снова и снова ?
릴스,릴스 3000만 영상,https://www.youtube.com/watch?v=nA1nCFlxBHU,"Muy gracioso, saludos desde sud america..!"
릴스,릴스 3000만 영상,https://www.youtube.com/watch?v=nA1nCFlxBHU,난 이 릴스를 계속 찾아본다 ㅋㅋㅋㅋㅋㅋㅋㅋㅋㅋㅋㅋㅋㅋㅋㅋㅋㅋㅋ
릴스,릴스 3000만 영상,https://www.youtube.com/watch?v=nA1nCFlxBHU,살기위해 뇌빠진 표정이 ㅈㄴ웃김ㅋㅋ
릴스,릴스 3000만 영상,https://www.youtube.com/watch?v=nA1nCFlxBHU,Меня занесло сюда ветром ютуба. Привет Корея
릴스,릴스 3000만 영상,https://www.youtube.com/watch?v=nA1nCFlxBHU,респект из России)
릴스,릴스 3000만 영상,https://www.youtube.com/watch?v=nA1nCFlxBHU,"No words needed, just funny"
릴스,릴스 3000만 영상,https://www.youtube.com/watch?v=nA1nCFlxBHU,춤도 개잘추고 벨트햄 표정 개웃김ㅋㅋㅋㅋㅋㅋㅋㅋㅋㅋㅋㅋㅋㅋ 세상 다가진표정
릴스,릴스 3000만 영상,https://www.youtube.com/watch?v=nA1nCFlxBHU,춤 너무 잘 추신다 ㅋㅋ
릴스,릴스 3000만 영상,https://www.youtube.com/watch?v=nA1nCFlxBHU,Hahaha😂
릴스,릴스 3000만 영상,https://www.youtube.com/watch?v=nA1nCFlxBHU,Brasil<br><br>Os senhores da verdade STF
릴스,릴스 3000만 영상,https://www.youtube.com/watch?v=nA1nCFlxBHU,춤추는 사람도 사람인데 벨트 보여주는 사람 표정 연기도 말 안됨 ㅋㅋㅋ 처음에 여유있는 비웃음 섞인 미소가 진짜 건들면 ㅈ될거 같은 미소임 ㅋㅋ
릴스,릴스 3000만 영상,https://www.youtube.com/watch?v=nA1nCFlxBHU,춤이 살렸다 ㅋㅋ
릴스,릴스 3000만 영상,https://www.youtube.com/watch?v=nA1nCFlxBHU,有人中邪了！
릴스,릴스 3000만 영상,https://www.youtube.com/watch?v=nA1nCFlxBHU,😂😂😂😂
릴스,릴스 3000만 영상,https://www.youtube.com/watch?v=nA1nCFlxBHU,🤣🤣🤣🤣🤣🤣🤣
릴스,릴스 3000만 영상,https://www.youtube.com/watch?v=nA1nCFlxBHU,El comentario en español que buscabas 😂😂<br>Es adictivo el video 🎉
릴스,릴스 3000만 영상,https://www.youtube.com/watch?v=nA1nCFlxBHU,От души 😂
릴스,릴스 3000만 영상,https://www.youtube.com/watch?v=nA1nCFlxBHU,Real funny Fonzy 😂
릴스,릴스 3000만 영상,https://www.youtube.com/watch?v=nA1nCFlxBHU,"He obviously go to parties and clubs dancing, like that. lol"
릴스,릴스 3000만 영상,https://www.youtube.com/watch?v=nA1nCFlxBHU,표정살아있다 진짜
릴스,릴스 3000만 영상,https://www.youtube.com/watch?v=nA1nCFlxBHU,"음악과  리듬감  ,   표정  ,  눈빛   , 아우라   모든것이 완벽 그 잡채"
릴스,릴스 3000만 영상,https://www.youtube.com/watch?v=nA1nCFlxBHU,벨트까는분도 너무웃기네 ㅋㅋㅋㅋㅋ
릴스,릴스 3000만 영상,https://www.youtube.com/watch?v=nA1nCFlxBHU,HAHAHAHAHA I DIED WHEN HE DANCED
릴스,릴스 3000만 영상,https://www.youtube.com/watch?v=nA1nCFlxBHU,&quot;mire maestro como me quedaron estos pasitos&quot;
릴스,릴스 3000만 영상,https://www.youtube.com/watch?v=nA1nCFlxBHU,😅😅😅😅😅😅😅😅😅
릴스,릴스 3000만 영상,https://www.youtube.com/watch?v=nA1nCFlxBHU,真的😮丢人现眼😂
릴스,릴스 3000만 영상,https://www.youtube.com/watch?v=nA1nCFlxBHU,倒在地上後還要尿出來，就100分了。
릴스,릴스 3000만 영상,https://www.youtube.com/watch?v=nA1nCFlxBHU,خیلی خندیدم 😅
릴스,릴스 3000만 영상,https://www.youtube.com/watch?v=nA1nCFlxBHU,خیلی خندیدم 😅
릴스,릴스 3000만 영상,https://www.youtube.com/watch?v=nA1nCFlxBHU,خیلی خندیدم 😅
릴스,릴스 3000만 영상,https://www.youtube.com/watch?v=nA1nCFlxBHU,ㅋㅋㅋㅋㅋㅋㅋㅋㅋㅋㅋㅋㅋㅋㅋㅋㅋ
릴스,릴스 3000만 영상,https://www.youtube.com/watch?v=nA1nCFlxBHU,뒤에있는 애들도 웃참하기<br>힘든가본데 ㅋㅋㅋㅋㅋ
릴스,릴스 3000만 영상,https://www.youtube.com/watch?v=nA1nCFlxBHU,улыбка на миллион)
릴스,릴스 3000만 영상,https://www.youtube.com/watch?v=nA1nCFlxBHU,Warga Korea perlu lebih banyak orang-orang yang seperti ini agar kehidupannya lebih bahagia
릴스,릴스 3000만 영상,https://www.youtube.com/watch?v=nA1nCFlxBHU,"Que buen video, no me caso de verlo  saludos dede Chile."
릴스,릴스 3000만 영상,https://www.youtube.com/watch?v=nA1nCFlxBHU,Дайте подсказку что за страна? Откуда родом мем?)
릴스,릴스 3000만 영상,https://www.youtube.com/watch?v=nA1nCFlxBHU,Dança da Galinha ^^<br>Mais um pouco ele botava um ovo. <br>oO
릴스,릴스 3000만 영상,https://www.youtube.com/watch?v=nA1nCFlxBHU,분노조절춤해
릴스,릴스 3000만 영상,https://www.youtube.com/watch?v=nA1nCFlxBHU,The perfect meme doesn&#39;t exi....
릴스,릴스 3000만 영상,https://www.youtube.com/watch?v=nA1nCFlxBHU,"The dance, the music, the ending.......everything&#39;s perfect! 😂"
릴스,릴스 3000만 영상,https://www.youtube.com/watch?v=nA1nCFlxBHU,ㅋㅋㅋㅋ 댄스 스탭이 장난 아닌데?
릴스,릴스 3000만 영상,https://www.youtube.com/watch?v=nA1nCFlxBHU,ㅋㅋㅋㅋㅋㅋㅋㅋ 명작은 봐도봐도 계속맛있네
릴스,릴스 3000만 영상,https://www.youtube.com/watch?v=nA1nCFlxBHU,🤣🤣🤣🤣🤣🤣🤣🤣🎉🎉🎉🎉
릴스,릴스 3000만 영상,https://www.youtube.com/watch?v=nA1nCFlxBHU,원본보다 잘 살림 ㅋ
릴스,릴스 3000만 영상,https://www.youtube.com/watch?v=nA1nCFlxBHU,smooth transition 😅
릴스,릴스 3000만 영상,https://www.youtube.com/watch?v=nA1nCFlxBHU,춤 잘 춘다ㅋ
릴스,릴스 3000만 영상,https://www.youtube.com/watch?v=nA1nCFlxBHU,fell over like 🐟
릴스,릴스 3000만 영상,https://www.youtube.com/watch?v=nA1nCFlxBHU,Here&#39;s that English comment you were looking for
릴스,릴스 3000만 영상,https://www.youtube.com/watch?v=nA1nCFlxBHU,대ㄱ리 ㅈㄴ 비어보이네 이게웃겨..?
릴스,릴스 3000만 영상,https://www.youtube.com/watch?v=nA1nCFlxBHU,Super funniest dance😂
릴스,릴스 3000만 영상,https://www.youtube.com/watch?v=nA1nCFlxBHU,ㅋㅋ
릴스,릴스 3000만 영상,https://www.youtube.com/watch?v=nA1nCFlxBHU,galing sumayaw
릴스,릴스 3000만 영상,https://www.youtube.com/watch?v=nA1nCFlxBHU,This is so funny how he switching to a dance almost the same as his stand
릴스,릴스 3000만 영상,https://www.youtube.com/watch?v=nA1nCFlxBHU,Who is the fighter with golden belt?
릴스,릴스 3000만 영상,https://www.youtube.com/watch?v=nA1nCFlxBHU,UFOチャンピオン😲😲
릴스,릴스 3000만 영상,https://www.youtube.com/watch?v=nA1nCFlxBHU,Chinese letters
릴스,릴스 3000만 영상,https://www.youtube.com/watch?v=nA1nCFlxBHU,Tutis tutis tutis...
릴스,릴스 3000만 영상,https://www.youtube.com/watch?v=nA1nCFlxBHU,ㅋㅋㅋㅋㅋㅋㅋㅋㅋㅋㅋㅋㅋㅋㅋㅋㅋㅋㅋㅋㅋㅋㅋㅋㅋㅋㅋㅋㅋㅋㅋㅋㅋㅋㅋㅋㅋㅋㅋㅋㅋㅋㅋㅋㅋㅋㅋㅋㅋㅋㅋㅋㅋㅋㅋㅋ
릴스,유행하는거🎉 다해보기 우리는 즐겁다🤣😂 #망년회 #뮤직챌린지 #유행 #생일 #댄스 #회식 #music #릴스 #쇼츠,https://www.youtube.com/watch?v=31yZakFDR0g,이 노래제목이 어떻게 될까요?
릴스,유행하는거🎉 다해보기 우리는 즐겁다🤣😂 #망년회 #뮤직챌린지 #유행 #생일 #댄스 #회식 #music #릴스 #쇼츠,https://www.youtube.com/watch?v=31yZakFDR0g,ㅋ ㅋ ㅋ.ㅋ.ㅋ 능력자❤
릴스,유행하는거🎉 다해보기 우리는 즐겁다🤣😂 #망년회 #뮤직챌린지 #유행 #생일 #댄스 #회식 #music #릴스 #쇼츠,https://www.youtube.com/watch?v=31yZakFDR0g,ㅎㅎ청당언니들!!!!안되는게 없네ㅋ
릴스,유행하는거🎉 다해보기 우리는 즐겁다🤣😂 #망년회 #뮤직챌린지 #유행 #생일 #댄스 #회식 #music #릴스 #쇼츠,https://www.youtube.com/watch?v=31yZakFDR0g,지롤을해요
릴스,인스타그램 릴스 만드는 법 (템플릿 활용),https://www.youtube.com/watch?v=39YtBGx0G2A,"⭐무료 영상 편집 앱, Edits 에디츠 사용법｜인스타그램 릴스 촬영부터 업로드, 분석까지<br><a href=""https://www.youtube.com/watch?v=yV0kR9uLcm4"">https://www.youtube.com/watch?v=yV0kR9uLcm4</a><br><br>⭐️인스타그램 시작하기(설치,가입) 영상 🔍<br><a href=""https://www.youtube.com/watch?v=cEmER8bZyJc"">https://youtu.be/cEmER8bZyJc?si=CROsP4Y6fqdIOoHf</a>"
릴스,인스타그램 릴스 만드는 법 (템플릿 활용),https://www.youtube.com/watch?v=39YtBGx0G2A,감사합니다
릴스,인스타그램 릴스 만드는 법 (템플릿 활용),https://www.youtube.com/watch?v=39YtBGx0G2A,인스타그램에 릴스 올렸는데 음악이 누락되었어요. 수정해 오디오 추가하는방법 알려주세요
릴스,인스타그램 릴스 만드는 법 (템플릿 활용),https://www.youtube.com/watch?v=39YtBGx0G2A,영상 감사합니다<br>질문이 하나 있어요<br>릴스를 올리고나서 확인을 해보면 제가 찍었던 원본사진보다 크기가 확대되어 올라가있어서 원래사진처럼 표현이 안되는데 어떤걸 수정해야 하나요?
릴스,인스타그램 릴스 만드는 법 (템플릿 활용),https://www.youtube.com/watch?v=39YtBGx0G2A,좋은 영상 너무 감사합니다^^
릴스,인스타그램 릴스 만드는 법 (템플릿 활용),https://www.youtube.com/watch?v=39YtBGx0G2A,혹시 사진마다 글을 다르게 하려면 어떻게하나요??
릴스,인스타그램 릴스 만드는 법 (템플릿 활용),https://www.youtube.com/watch?v=39YtBGx0G2A,차분하게 잘 가르쳐주셔서 감사합니다~<br>목소리두<br>넘 예뻐요~^^
릴스,인스타그램 릴스 만드는 법 (템플릿 활용),https://www.youtube.com/watch?v=39YtBGx0G2A,많은 도움이 되었습니다<br>고맙습니다❤
릴스,인스타그램 릴스 만드는 법 (템플릿 활용),https://www.youtube.com/watch?v=39YtBGx0G2A,"2024, 5, 12,  <a href=""https://www.youtube.com/watch?v=39YtBGx0G2A&amp;t=567"">09:27</a><br>잘 보고 있습니다"
릴스,인스타그램 릴스 만드는 법 (템플릿 활용),https://www.youtube.com/watch?v=39YtBGx0G2A,디지털거북이들을 위해 항상 좋은 영상 올려 주셔서 감사합니다 <br>남한테 아쉬운 소리 안해서 너무나 좋아요.<br>스마트하신 디지털거북이 선생님의 선하고 예쁜 얼굴은 언제나 편안함을 주시네요<br>~~❤❤
릴스,인스타그램 릴스 만드는 법 (템플릿 활용),https://www.youtube.com/watch?v=39YtBGx0G2A,안녕하세요 영상잘봤습니다 템플릿중에 첫번째 영상은 기존만들어진 그대로 쓰고 다음영상부터 제 사진을 넣고싶을때는 어떻게 해야되나요??
릴스,인스타그램 릴스 만드는 법 (템플릿 활용),https://www.youtube.com/watch?v=39YtBGx0G2A,샘음악은어떻게넣나요
릴스,인스타그램 릴스 만드는 법 (템플릿 활용),https://www.youtube.com/watch?v=39YtBGx0G2A,궁금한게 있는데   인스타 계시물에 자막위치랑..  릴스 자막위치가  차이가  나는것을 왜일까요??   릴스에는 하단에 했는데.. 계시물에 위치는 조금 위로 올가던지 위치가 다른더라구요..<br>궁금하네요~
릴스,인스타그램 릴스 만드는 법 (템플릿 활용),https://www.youtube.com/watch?v=39YtBGx0G2A,안녕하세요?인스타 릴스 피드를 고정시키고 해제하려는데ᆢ해제 하기 메뉴가 없네요ᆞ이럴땐 어떻게 해야 하나요?
릴스,인스타그램 릴스 만드는 법 (템플릿 활용),https://www.youtube.com/watch?v=39YtBGx0G2A,저 템플릿들은 무료 인가요?
릴스,인스타그램 릴스 만드는 법 (템플릿 활용),https://www.youtube.com/watch?v=39YtBGx0G2A,"차분한 설명, Good 👍"
릴스,인스타그램 릴스 만드는 법 (템플릿 활용),https://www.youtube.com/watch?v=39YtBGx0G2A,차분한설명 좋아요.구독합니다❤❤
릴스,인스타그램 릴스 만드는 법 (템플릿 활용),https://www.youtube.com/watch?v=39YtBGx0G2A,동영상은 어떻게하나요?
릴스,인스타그램 릴스 만드는 법 (템플릿 활용),https://www.youtube.com/watch?v=39YtBGx0G2A,거북선생님덕에 잘 올리고있어요 ㅎ 감사해요
릴스,인스타그램 릴스 만드는 법 (템플릿 활용),https://www.youtube.com/watch?v=39YtBGx0G2A,좋은 정보 감사합니다^^
릴스,인스타그램 릴스 만드는 법 (템플릿 활용),https://www.youtube.com/watch?v=39YtBGx0G2A,안녕하세요 ~ 쌤~ 영상 따라서 하는데 템플릿 못 찾아서 완성 못해서요 도와주세요♡
릴스,인스타그램 릴스 만드는 법 (템플릿 활용),https://www.youtube.com/watch?v=39YtBGx0G2A,좋아쒀~
릴스,인스타그램 릴스 만드는 법 (템플릿 활용),https://www.youtube.com/watch?v=39YtBGx0G2A,템플릿이 상단에 없는데 왜 그럴까요?
릴스,인스타그램 릴스 만드는 법 (템플릿 활용),https://www.youtube.com/watch?v=39YtBGx0G2A,안녕하세요 혹시 릴스만들 때 글자를 적으면 글자 주변에 투명한 네모박스가 배경색처럼 생기는데 없애는 방법이 있을까요?ㅠㅠㅠ다른분들 영상에는 그런게 안보이는데ㅠㅠ따로 설정한것도 없고 글자만 적었는데 왜 보이는지 너무 궁금합니다ㅠㅠ
릴스,인스타그램 릴스 만드는 법 (템플릿 활용),https://www.youtube.com/watch?v=39YtBGx0G2A,진짜 유용한 팁 감사합니다❤
릴스,인스타그램 릴스 만드는 법 (템플릿 활용),https://www.youtube.com/watch?v=39YtBGx0G2A,안녕하세요!~  혹시 유튜브오디오보관함에서 다운받은 음악들은 영상에서 중간에 음악을 끊거나 중간부터 써도 되나요?<br>그리고 혹시 눈누에서 다운받은 폰트들은 모두 수익창출에 사용가능할까요? 항상 영상 잘 보고있습니다!!~
릴스,인스타그램 릴스 만드는 법 (템플릿 활용),https://www.youtube.com/watch?v=39YtBGx0G2A,역시~ 거북쌤~!!!<br>오늘 쌤 덕분에 릴스올리는거~ 제대로 배웠어요. 감사합니다~!!<br>새해 복 많이~받으세요~^^
릴스,인스타그램 릴스 만드는 법 (템플릿 활용),https://www.youtube.com/watch?v=39YtBGx0G2A,좋은 정보 너무 감사합니다 .
릴스,인스타그램 릴스 만드는 법 (템플릿 활용),https://www.youtube.com/watch?v=39YtBGx0G2A,좋은 정보 늘 감사합니다
릴스,인스타그램 릴스 만드는 법 (템플릿 활용),https://www.youtube.com/watch?v=39YtBGx0G2A,좋은정보 잘시청 했습니다 엄지척입니다 👍👍👍💕<br>강추위에 감기조심하시고 건강관리잘하세요 ^^
릴스,인스타그램 릴스 만드는 법 (템플릿 활용),https://www.youtube.com/watch?v=39YtBGx0G2A,거북이 님은 모르는게 없으니  ..정보의 바다 지식의 비디  ㅎ
릴스,인스타그램 릴스 만드는 법 (템플릿 활용),https://www.youtube.com/watch?v=39YtBGx0G2A,감사합니다
릴스,인스타그램 릴스 만드는 법 (템플릿 활용),https://www.youtube.com/watch?v=39YtBGx0G2A,또배웠습니다 선생님 😂
릴스,인스타그램 릴스 만드는 법 (템플릿 활용),https://www.youtube.com/watch?v=39YtBGx0G2A,일요일 이른시간<br>유용한 정보 잘~보고배워봅니다<br>선생님감사합니🙇<br>키네마스트 가요노래에 가사넣기 강의한번<br>부탁드려요🌺
릴스,인스타그램 릴스 만드는 법 (템플릿 활용),https://www.youtube.com/watch?v=39YtBGx0G2A,휴일 잘보내세요
